window_id,target_id,window_role,stage,model_id,model_family,horizon_days,forecast_count,lag_in_origin_sequence,residual_acf,residual_bias,residual_skewness,residual_excess_kurtosis,median_absolute_error,q95_absolute_error,ljung_box_lag,ljung_box_statistic,ljung_box_p_value,ljung_box_caveat
middle_stable_2009_2016,mid_E2_B,primary,evaluation,arima_ar1,ARIMA,1,61,0,1.0,-0.003967054831820024,0.21033765480848998,-0.0524894840549881,0.14857437670349705,0.31295544804296355,10,4.034213034510614,0.9457903715520931,approximate_with_skipped_origins_overlap_selection_and_heavy_tails
middle_stable_2009_2016,mid_E2_B,primary,evaluation,arima_ar1,ARIMA,1,61,1,0.09982534322120938,-0.003967054831820024,0.21033765480848998,-0.0524894840549881,0.14857437670349705,0.31295544804296355,10,4.034213034510614,0.9457903715520931,approximate_with_skipped_origins_overlap_selection_and_heavy_tails
middle_stable_2009_2016,mid_E2_B,primary,evaluation,arima_ar1,ARIMA,1,61,2,-0.09630381339442735,-0.003967054831820024,0.21033765480848998,-0.0524894840549881,0.14857437670349705,0.31295544804296355,10,4.034213034510614,0.9457903715520931,approximate_with_skipped_origins_overlap_selection_and_heavy_tails
middle_stable_2009_2016,mid_E2_B,primary,evaluation,arima_ar1,ARIMA,1,61,3,0.1247776873368036,-0.003967054831820024,0.21033765480848998,-0.0524894840549881,0.14857437670349705,0.31295544804296355,10,4.034213034510614,0.9457903715520931,approximate_with_skipped_origins_overlap_selection_and_heavy_tails
middle_stable_2009_2016,mid_E2_B,primary,evaluation,arima_ar1,ARIMA,1,61,4,0.05205010774143814,-0.003967054831820024,0.21033765480848998,-0.0524894840549881,0.14857437670349705,0.31295544804296355,10,4.034213034510614,0.9457903715520931,approximate_with_skipped_origins_overlap_selection_and_heavy_tails
middle_stable_2009_2016,mid_E2_B,primary,evaluation,arima_ar1,ARIMA,1,61,5,0.09158772447667096,-0.003967054831820024,0.21033765480848998,-0.0524894840549881,0.14857437670349705,0.31295544804296355,10,4.034213034510614,0.9457903715520931,approximate_with_skipped_origins_overlap_selection_and_heavy_tails
middle_stable_2009_2016,mid_E2_B,primary,evaluation,arima_ar1,ARIMA,1,61,6,-0.02167999409986455,-0.003967054831820024,0.21033765480848998,-0.0524894840549881,0.14857437670349705,0.31295544804296355,10,4.034213034510614,0.9457903715520931,approximate_with_skipped_origins_overlap_selection_and_heavy_tails
middle_stable_2009_2016,mid_E2_B,primary,evaluation,arima_ar1,ARIMA,1,61,7,-0.05563910580751807,-0.003967054831820024,0.21033765480848998,-0.0524894840549881,0.14857437670349705,0.31295544804296355,10,4.034213034510614,0.9457903715520931,approximate_with_skipped_origins_overlap_selection_and_heavy_tails
middle_stable_2009_2016,mid_E2_B,primary,evaluation,arima_ar1,ARIMA,1,61,8,-0.056997656825293376,-0.003967054831820024,0.21033765480848998,-0.0524894840549881,0.14857437670349705,0.31295544804296355,10,4.034213034510614,0.9457903715520931,approximate_with_skipped_origins_overlap_selection_and_heavy_tails
middle_stable_2009_2016,mid_E2_B,primary,evaluation,arima_ar1,ARIMA,1,61,9,-0.019462326941758135,-0.003967054831820024,0.21033765480848998,-0.0524894840549881,0.14857437670349705,0.31295544804296355,10,4.034213034510614,0.9457903715520931,approximate_with_skipped_origins_overlap_selection_and_heavy_tails
middle_stable_2009_2016,mid_E2_B,primary,evaluation,arima_ar1,ARIMA,1,61,10,-0.08024567647035247,-0.003967054831820024,0.21033765480848998,-0.0524894840549881,0.14857437670349705,0.31295544804296355,10,4.034213034510614,0.9457903715520931,approximate_with_skipped_origins_overlap_selection_and_heavy_tails
middle_stable_2009_2016,mid_E2_B,primary,evaluation,arima_ar1,ARIMA,2,61,0,1.0,0.007301083485533747,0.4107746101287191,1.2127049124452345,0.03972632419676324,0.3160241877708849,10,5.849808977594925,0.8277197870206408,approximate_with_skipped_origins_overlap_selection_and_heavy_tails
middle_stable_2009_2016,mid_E2_B,primary,evaluation,arima_ar1,ARIMA,2,61,1,0.1892871762453926,0.007301083485533747,0.4107746101287191,1.2127049124452345,0.03972632419676324,0.3160241877708849,10,5.849808977594925,0.8277197870206408,approximate_with_skipped_origins_overlap_selection_and_heavy_tails
middle_stable_2009_2016,mid_E2_B,primary,evaluation,arima_ar1,ARIMA,2,61,2,-0.06623297068067373,0.007301083485533747,0.4107746101287191,1.2127049124452345,0.03972632419676324,0.3160241877708849,10,5.849808977594925,0.8277197870206408,approximate_with_skipped_origins_overlap_selection_and_heavy_tails
middle_stable_2009_2016,mid_E2_B,primary,evaluation,arima_ar1,ARIMA,2,61,3,0.04041104833245215,0.007301083485533747,0.4107746101287191,1.2127049124452345,0.03972632419676324,0.3160241877708849,10,5.849808977594925,0.8277197870206408,approximate_with_skipped_origins_overlap_selection_and_heavy_tails
middle_stable_2009_2016,mid_E2_B,primary,evaluation,arima_ar1,ARIMA,2,61,4,-0.01750153711674021,0.007301083485533747,0.4107746101287191,1.2127049124452345,0.03972632419676324,0.3160241877708849,10,5.849808977594925,0.8277197870206408,approximate_with_skipped_origins_overlap_selection_and_heavy_tails
middle_stable_2009_2016,mid_E2_B,primary,evaluation,arima_ar1,ARIMA,2,61,5,-0.07820178685426167,0.007301083485533747,0.4107746101287191,1.2127049124452345,0.03972632419676324,0.3160241877708849,10,5.849808977594925,0.8277197870206408,approximate_with_skipped_origins_overlap_selection_and_heavy_tails
middle_stable_2009_2016,mid_E2_B,primary,evaluation,arima_ar1,ARIMA,2,61,6,0.06206532270049,0.007301083485533747,0.4107746101287191,1.2127049124452345,0.03972632419676324,0.3160241877708849,10,5.849808977594925,0.8277197870206408,approximate_with_skipped_origins_overlap_selection_and_heavy_tails
middle_stable_2009_2016,mid_E2_B,primary,evaluation,arima_ar1,ARIMA,2,61,7,0.10844902611409935,0.007301083485533747,0.4107746101287191,1.2127049124452345,0.03972632419676324,0.3160241877708849,10,5.849808977594925,0.8277197870206408,approximate_with_skipped_origins_overlap_selection_and_heavy_tails
middle_stable_2009_2016,mid_E2_B,primary,evaluation,arima_ar1,ARIMA,2,61,8,0.02944474721913129,0.007301083485533747,0.4107746101287191,1.2127049124452345,0.03972632419676324,0.3160241877708849,10,5.849808977594925,0.8277197870206408,approximate_with_skipped_origins_overlap_selection_and_heavy_tails
middle_stable_2009_2016,mid_E2_B,primary,evaluation,arima_ar1,ARIMA,2,61,9,0.1374060198562636,0.007301083485533747,0.4107746101287191,1.2127049124452345,0.03972632419676324,0.3160241877708849,10,5.849808977594925,0.8277197870206408,approximate_with_skipped_origins_overlap_selection_and_heavy_tails
middle_stable_2009_2016,mid_E2_B,primary,evaluation,arima_ar1,ARIMA,2,61,10,-0.04554216797584946,0.007301083485533747,0.4107746101287191,1.2127049124452345,0.03972632419676324,0.3160241877708849,10,5.849808977594925,0.8277197870206408,approximate_with_skipped_origins_overlap_selection_and_heavy_tails
middle_stable_2009_2016,mid_E2_B,primary,evaluation,arima_ar1,ARIMA,7,58,0,1.0,-0.04676245919279833,1.2297040017661205,5.206799428961983,0.06870720056784102,0.31760922016943144,10,7.543667729464487,0.6733136789065876,approximate_with_skipped_origins_overlap_selection_and_heavy_tails
middle_stable_2009_2016,mid_E2_B,primary,evaluation,arima_ar1,ARIMA,7,58,1,-0.11916953096507882,-0.04676245919279833,1.2297040017661205,5.206799428961983,0.06870720056784102,0.31760922016943144,10,7.543667729464487,0.6733136789065876,approximate_with_skipped_origins_overlap_selection_and_heavy_tails
middle_stable_2009_2016,mid_E2_B,primary,evaluation,arima_ar1,ARIMA,7,58,2,-0.02724690695792366,-0.04676245919279833,1.2297040017661205,5.206799428961983,0.06870720056784102,0.31760922016943144,10,7.543667729464487,0.6733136789065876,approximate_with_skipped_origins_overlap_selection_and_heavy_tails
middle_stable_2009_2016,mid_E2_B,primary,evaluation,arima_ar1,ARIMA,7,58,3,0.12252900718939697,-0.04676245919279833,1.2297040017661205,5.206799428961983,0.06870720056784102,0.31760922016943144,10,7.543667729464487,0.6733136789065876,approximate_with_skipped_origins_overlap_selection_and_heavy_tails
middle_stable_2009_2016,mid_E2_B,primary,evaluation,arima_ar1,ARIMA,7,58,4,-0.04983916740663184,-0.04676245919279833,1.2297040017661205,5.206799428961983,0.06870720056784102,0.31760922016943144,10,7.543667729464487,0.6733136789065876,approximate_with_skipped_origins_overlap_selection_and_heavy_tails
middle_stable_2009_2016,mid_E2_B,primary,evaluation,arima_ar1,ARIMA,7,58,5,0.12825229716296602,-0.04676245919279833,1.2297040017661205,5.206799428961983,0.06870720056784102,0.31760922016943144,10,7.543667729464487,0.6733136789065876,approximate_with_skipped_origins_overlap_selection_and_heavy_tails
middle_stable_2009_2016,mid_E2_B,primary,evaluation,arima_ar1,ARIMA,7,58,6,0.15678092046837197,-0.04676245919279833,1.2297040017661205,5.206799428961983,0.06870720056784102,0.31760922016943144,10,7.543667729464487,0.6733136789065876,approximate_with_skipped_origins_overlap_selection_and_heavy_tails
middle_stable_2009_2016,mid_E2_B,primary,evaluation,arima_ar1,ARIMA,7,58,7,-0.023496065609627834,-0.04676245919279833,1.2297040017661205,5.206799428961983,0.06870720056784102,0.31760922016943144,10,7.543667729464487,0.6733136789065876,approximate_with_skipped_origins_overlap_selection_and_heavy_tails
middle_stable_2009_2016,mid_E2_B,primary,evaluation,arima_ar1,ARIMA,7,58,8,-0.03720637078955913,-0.04676245919279833,1.2297040017661205,5.206799428961983,0.06870720056784102,0.31760922016943144,10,7.543667729464487,0.6733136789065876,approximate_with_skipped_origins_overlap_selection_and_heavy_tails
middle_stable_2009_2016,mid_E2_B,primary,evaluation,arima_ar1,ARIMA,7,58,9,0.13150029203170824,-0.04676245919279833,1.2297040017661205,5.206799428961983,0.06870720056784102,0.31760922016943144,10,7.543667729464487,0.6733136789065876,approximate_with_skipped_origins_overlap_selection_and_heavy_tails
middle_stable_2009_2016,mid_E2_B,primary,evaluation,arima_ar1,ARIMA,7,58,10,-0.14060713782067552,-0.04676245919279833,1.2297040017661205,5.206799428961983,0.06870720056784102,0.31760922016943144,10,7.543667729464487,0.6733136789065876,approximate_with_skipped_origins_overlap_selection_and_heavy_tails
middle_stable_2009_2016,mid_E2_B,primary,evaluation,arima_ar1_weekly,ARIMA,1,61,0,1.0,-0.003418968301500684,0.19701589363135652,-0.007084108885067497,0.1468493238727939,0.3113799709583347,10,4.186450304265532,0.9385440991477,approximate_with_skipped_origins_overlap_selection_and_heavy_tails
middle_stable_2009_2016,mid_E2_B,primary,evaluation,arima_ar1_weekly,ARIMA,1,61,1,0.10177791862359432,-0.003418968301500684,0.19701589363135652,-0.007084108885067497,0.1468493238727939,0.3113799709583347,10,4.186450304265532,0.9385440991477,approximate_with_skipped_origins_overlap_selection_and_heavy_tails
middle_stable_2009_2016,mid_E2_B,primary,evaluation,arima_ar1_weekly,ARIMA,1,61,2,-0.09650964613422583,-0.003418968301500684,0.19701589363135652,-0.007084108885067497,0.1468493238727939,0.3113799709583347,10,4.186450304265532,0.9385440991477,approximate_with_skipped_origins_overlap_selection_and_heavy_tails
middle_stable_2009_2016,mid_E2_B,primary,evaluation,arima_ar1_weekly,ARIMA,1,61,3,0.12999421144635917,-0.003418968301500684,0.19701589363135652,-0.007084108885067497,0.1468493238727939,0.3113799709583347,10,4.186450304265532,0.9385440991477,approximate_with_skipped_origins_overlap_selection_and_heavy_tails
middle_stable_2009_2016,mid_E2_B,primary,evaluation,arima_ar1_weekly,ARIMA,1,61,4,0.05405940935893166,-0.003418968301500684,0.19701589363135652,-0.007084108885067497,0.1468493238727939,0.3113799709583347,10,4.186450304265532,0.9385440991477,approximate_with_skipped_origins_overlap_selection_and_heavy_tails
middle_stable_2009_2016,mid_E2_B,primary,evaluation,arima_ar1_weekly,ARIMA,1,61,5,0.0946846900710253,-0.003418968301500684,0.19701589363135652,-0.007084108885067497,0.1468493238727939,0.3113799709583347,10,4.186450304265532,0.9385440991477,approximate_with_skipped_origins_overlap_selection_and_heavy_tails
middle_stable_2009_2016,mid_E2_B,primary,evaluation,arima_ar1_weekly,ARIMA,1,61,6,-0.02119472352438648,-0.003418968301500684,0.19701589363135652,-0.007084108885067497,0.1468493238727939,0.3113799709583347,10,4.186450304265532,0.9385440991477,approximate_with_skipped_origins_overlap_selection_and_heavy_tails
middle_stable_2009_2016,mid_E2_B,primary,evaluation,arima_ar1_weekly,ARIMA,1,61,7,-0.050336093936263634,-0.003418968301500684,0.19701589363135652,-0.007084108885067497,0.1468493238727939,0.3113799709583347,10,4.186450304265532,0.9385440991477,approximate_with_skipped_origins_overlap_selection_and_heavy_tails
middle_stable_2009_2016,mid_E2_B,primary,evaluation,arima_ar1_weekly,ARIMA,1,61,8,-0.06173853179717204,-0.003418968301500684,0.19701589363135652,-0.007084108885067497,0.1468493238727939,0.3113799709583347,10,4.186450304265532,0.9385440991477,approximate_with_skipped_origins_overlap_selection_and_heavy_tails
middle_stable_2009_2016,mid_E2_B,primary,evaluation,arima_ar1_weekly,ARIMA,1,61,9,-0.022158287430743218,-0.003418968301500684,0.19701589363135652,-0.007084108885067497,0.1468493238727939,0.3113799709583347,10,4.186450304265532,0.9385440991477,approximate_with_skipped_origins_overlap_selection_and_heavy_tails
middle_stable_2009_2016,mid_E2_B,primary,evaluation,arima_ar1_weekly,ARIMA,1,61,10,-0.07813043396563343,-0.003418968301500684,0.19701589363135652,-0.007084108885067497,0.1468493238727939,0.3113799709583347,10,4.186450304265532,0.9385440991477,approximate_with_skipped_origins_overlap_selection_and_heavy_tails
middle_stable_2009_2016,mid_E2_B,primary,evaluation,arima_ar1_weekly,ARIMA,2,61,0,1.0,0.00805304696887114,0.4131359463554334,1.3433393558917492,0.03609640525897033,0.31420371407262915,10,5.680419175347632,0.8413604685352867,approximate_with_skipped_origins_overlap_selection_and_heavy_tails
middle_stable_2009_2016,mid_E2_B,primary,evaluation,arima_ar1_weekly,ARIMA,2,61,1,0.19399498154847356,0.00805304696887114,0.4131359463554334,1.3433393558917492,0.03609640525897033,0.31420371407262915,10,5.680419175347632,0.8413604685352867,approximate_with_skipped_origins_overlap_selection_and_heavy_tails
middle_stable_2009_2016,mid_E2_B,primary,evaluation,arima_ar1_weekly,ARIMA,2,61,2,-0.05894901892724028,0.00805304696887114,0.4131359463554334,1.3433393558917492,0.03609640525897033,0.31420371407262915,10,5.680419175347632,0.8413604685352867,approximate_with_skipped_origins_overlap_selection_and_heavy_tails
middle_stable_2009_2016,mid_E2_B,primary,evaluation,arima_ar1_weekly,ARIMA,2,61,3,0.03180497869694552,0.00805304696887114,0.4131359463554334,1.3433393558917492,0.03609640525897033,0.31420371407262915,10,5.680419175347632,0.8413604685352867,approximate_with_skipped_origins_overlap_selection_and_heavy_tails
middle_stable_2009_2016,mid_E2_B,primary,evaluation,arima_ar1_weekly,ARIMA,2,61,4,-0.010985323860738192,0.00805304696887114,0.4131359463554334,1.3433393558917492,0.03609640525897033,0.31420371407262915,10,5.680419175347632,0.8413604685352867,approximate_with_skipped_origins_overlap_selection_and_heavy_tails
middle_stable_2009_2016,mid_E2_B,primary,evaluation,arima_ar1_weekly,ARIMA,2,61,5,-0.07606430265111119,0.00805304696887114,0.4131359463554334,1.3433393558917492,0.03609640525897033,0.31420371407262915,10,5.680419175347632,0.8413604685352867,approximate_with_skipped_origins_overlap_selection_and_heavy_tails
middle_stable_2009_2016,mid_E2_B,primary,evaluation,arima_ar1_weekly,ARIMA,2,61,6,0.058744145176311456,0.00805304696887114,0.4131359463554334,1.3433393558917492,0.03609640525897033,0.31420371407262915,10,5.680419175347632,0.8413604685352867,approximate_with_skipped_origins_overlap_selection_and_heavy_tails
middle_stable_2009_2016,mid_E2_B,primary,evaluation,arima_ar1_weekly,ARIMA,2,61,7,0.10865101744604369,0.00805304696887114,0.4131359463554334,1.3433393558917492,0.03609640525897033,0.31420371407262915,10,5.680419175347632,0.8413604685352867,approximate_with_skipped_origins_overlap_selection_and_heavy_tails
middle_stable_2009_2016,mid_E2_B,primary,evaluation,arima_ar1_weekly,ARIMA,2,61,8,0.02973229903730638,0.00805304696887114,0.4131359463554334,1.3433393558917492,0.03609640525897033,0.31420371407262915,10,5.680419175347632,0.8413604685352867,approximate_with_skipped_origins_overlap_selection_and_heavy_tails
middle_stable_2009_2016,mid_E2_B,primary,evaluation,arima_ar1_weekly,ARIMA,2,61,9,0.1319309063275797,0.00805304696887114,0.4131359463554334,1.3433393558917492,0.03609640525897033,0.31420371407262915,10,5.680419175347632,0.8413604685352867,approximate_with_skipped_origins_overlap_selection_and_heavy_tails
middle_stable_2009_2016,mid_E2_B,primary,evaluation,arima_ar1_weekly,ARIMA,2,61,10,-0.04305798840629968,0.00805304696887114,0.4131359463554334,1.3433393558917492,0.03609640525897033,0.31420371407262915,10,5.680419175347632,0.8413604685352867,approximate_with_skipped_origins_overlap_selection_and_heavy_tails
middle_stable_2009_2016,mid_E2_B,primary,evaluation,arima_ar1_weekly,ARIMA,7,58,0,1.0,-0.04572419732064088,1.2226463164268058,5.152942071734087,0.06749686802823075,0.3196858945253535,10,7.407748527806913,0.6864712593191169,approximate_with_skipped_origins_overlap_selection_and_heavy_tails
middle_stable_2009_2016,mid_E2_B,primary,evaluation,arima_ar1_weekly,ARIMA,7,58,1,-0.11384248311626291,-0.04572419732064088,1.2226463164268058,5.152942071734087,0.06749686802823075,0.3196858945253535,10,7.407748527806913,0.6864712593191169,approximate_with_skipped_origins_overlap_selection_and_heavy_tails
middle_stable_2009_2016,mid_E2_B,primary,evaluation,arima_ar1_weekly,ARIMA,7,58,2,-0.026183790453300018,-0.04572419732064088,1.2226463164268058,5.152942071734087,0.06749686802823075,0.3196858945253535,10,7.407748527806913,0.6864712593191169,approximate_with_skipped_origins_overlap_selection_and_heavy_tails
middle_stable_2009_2016,mid_E2_B,primary,evaluation,arima_ar1_weekly,ARIMA,7,58,3,0.1224665915625971,-0.04572419732064088,1.2226463164268058,5.152942071734087,0.06749686802823075,0.3196858945253535,10,7.407748527806913,0.6864712593191169,approximate_with_skipped_origins_overlap_selection_and_heavy_tails
middle_stable_2009_2016,mid_E2_B,primary,evaluation,arima_ar1_weekly,ARIMA,7,58,4,-0.0475089221846953,-0.04572419732064088,1.2226463164268058,5.152942071734087,0.06749686802823075,0.3196858945253535,10,7.407748527806913,0.6864712593191169,approximate_with_skipped_origins_overlap_selection_and_heavy_tails
middle_stable_2009_2016,mid_E2_B,primary,evaluation,arima_ar1_weekly,ARIMA,7,58,5,0.12746660861229614,-0.04572419732064088,1.2226463164268058,5.152942071734087,0.06749686802823075,0.3196858945253535,10,7.407748527806913,0.6864712593191169,approximate_with_skipped_origins_overlap_selection_and_heavy_tails
middle_stable_2009_2016,mid_E2_B,primary,evaluation,arima_ar1_weekly,ARIMA,7,58,6,0.154110997961269,-0.04572419732064088,1.2226463164268058,5.152942071734087,0.06749686802823075,0.3196858945253535,10,7.407748527806913,0.6864712593191169,approximate_with_skipped_origins_overlap_selection_and_heavy_tails
middle_stable_2009_2016,mid_E2_B,primary,evaluation,arima_ar1_weekly,ARIMA,7,58,7,-0.020028909385212595,-0.04572419732064088,1.2226463164268058,5.152942071734087,0.06749686802823075,0.3196858945253535,10,7.407748527806913,0.6864712593191169,approximate_with_skipped_origins_overlap_selection_and_heavy_tails
middle_stable_2009_2016,mid_E2_B,primary,evaluation,arima_ar1_weekly,ARIMA,7,58,8,-0.03481835283395108,-0.04572419732064088,1.2226463164268058,5.152942071734087,0.06749686802823075,0.3196858945253535,10,7.407748527806913,0.6864712593191169,approximate_with_skipped_origins_overlap_selection_and_heavy_tails
middle_stable_2009_2016,mid_E2_B,primary,evaluation,arima_ar1_weekly,ARIMA,7,58,9,0.13182707447904304,-0.04572419732064088,1.2226463164268058,5.152942071734087,0.06749686802823075,0.3196858945253535,10,7.407748527806913,0.6864712593191169,approximate_with_skipped_origins_overlap_selection_and_heavy_tails
middle_stable_2009_2016,mid_E2_B,primary,evaluation,arima_ar1_weekly,ARIMA,7,58,10,-0.14274309328787949,-0.04572419732064088,1.2226463164268058,5.152942071734087,0.06749686802823075,0.3196858945253535,10,7.407748527806913,0.6864712593191169,approximate_with_skipped_origins_overlap_selection_and_heavy_tails
middle_stable_2009_2016,mid_E2_B,primary,evaluation,arima_ar2,ARIMA,1,58,0,1.0,-0.012852299609910042,0.05258179464860536,0.47808462998821266,0.11313380773604831,0.3011486054613786,10,2.9905343829201225,0.9816459428759183,approximate_with_skipped_origins_overlap_selection_and_heavy_tails
middle_stable_2009_2016,mid_E2_B,primary,evaluation,arima_ar2,ARIMA,1,58,1,0.08063129963814579,-0.012852299609910042,0.05258179464860536,0.47808462998821266,0.11313380773604831,0.3011486054613786,10,2.9905343829201225,0.9816459428759183,approximate_with_skipped_origins_overlap_selection_and_heavy_tails
middle_stable_2009_2016,mid_E2_B,primary,evaluation,arima_ar2,ARIMA,1,58,2,-0.05991442523695924,-0.012852299609910042,0.05258179464860536,0.47808462998821266,0.11313380773604831,0.3011486054613786,10,2.9905343829201225,0.9816459428759183,approximate_with_skipped_origins_overlap_selection_and_heavy_tails
middle_stable_2009_2016,mid_E2_B,primary,evaluation,arima_ar2,ARIMA,1,58,3,0.11815551769468996,-0.012852299609910042,0.05258179464860536,0.47808462998821266,0.11313380773604831,0.3011486054613786,10,2.9905343829201225,0.9816459428759183,approximate_with_skipped_origins_overlap_selection_and_heavy_tails
middle_stable_2009_2016,mid_E2_B,primary,evaluation,arima_ar2,ARIMA,1,58,4,0.05896443630829441,-0.012852299609910042,0.05258179464860536,0.47808462998821266,0.11313380773604831,0.3011486054613786,10,2.9905343829201225,0.9816459428759183,approximate_with_skipped_origins_overlap_selection_and_heavy_tails
middle_stable_2009_2016,mid_E2_B,primary,evaluation,arima_ar2,ARIMA,1,58,5,0.018975238186419354,-0.012852299609910042,0.05258179464860536,0.47808462998821266,0.11313380773604831,0.3011486054613786,10,2.9905343829201225,0.9816459428759183,approximate_with_skipped_origins_overlap_selection_and_heavy_tails
middle_stable_2009_2016,mid_E2_B,primary,evaluation,arima_ar2,ARIMA,1,58,6,-0.06979586652092201,-0.012852299609910042,0.05258179464860536,0.47808462998821266,0.11313380773604831,0.3011486054613786,10,2.9905343829201225,0.9816459428759183,approximate_with_skipped_origins_overlap_selection_and_heavy_tails
middle_stable_2009_2016,mid_E2_B,primary,evaluation,arima_ar2,ARIMA,1,58,7,-0.030729298121290837,-0.012852299609910042,0.05258179464860536,0.47808462998821266,0.11313380773604831,0.3011486054613786,10,2.9905343829201225,0.9816459428759183,approximate_with_skipped_origins_overlap_selection_and_heavy_tails
middle_stable_2009_2016,mid_E2_B,primary,evaluation,arima_ar2,ARIMA,1,58,8,-0.005281841063553919,-0.012852299609910042,0.05258179464860536,0.47808462998821266,0.11313380773604831,0.3011486054613786,10,2.9905343829201225,0.9816459428759183,approximate_with_skipped_origins_overlap_selection_and_heavy_tails
middle_stable_2009_2016,mid_E2_B,primary,evaluation,arima_ar2,ARIMA,1,58,9,-0.09804833170797862,-0.012852299609910042,0.05258179464860536,0.47808462998821266,0.11313380773604831,0.3011486054613786,10,2.9905343829201225,0.9816459428759183,approximate_with_skipped_origins_overlap_selection_and_heavy_tails
middle_stable_2009_2016,mid_E2_B,primary,evaluation,arima_ar2,ARIMA,1,58,10,-0.04761227894468933,-0.012852299609910042,0.05258179464860536,0.47808462998821266,0.11313380773604831,0.3011486054613786,10,2.9905343829201225,0.9816459428759183,approximate_with_skipped_origins_overlap_selection_and_heavy_tails
middle_stable_2009_2016,mid_E2_B,primary,evaluation,arima_ar2,ARIMA,2,58,0,1.0,0.004921587142500957,0.4311643576208288,1.3346478086623823,0.054393057703255726,0.33146644632396205,10,3.5994560258466892,0.9636130008675403,approximate_with_skipped_origins_overlap_selection_and_heavy_tails
middle_stable_2009_2016,mid_E2_B,primary,evaluation,arima_ar2,ARIMA,2,58,1,0.18502906963138666,0.004921587142500957,0.4311643576208288,1.3346478086623823,0.054393057703255726,0.33146644632396205,10,3.5994560258466892,0.9636130008675403,approximate_with_skipped_origins_overlap_selection_and_heavy_tails
middle_stable_2009_2016,mid_E2_B,primary,evaluation,arima_ar2,ARIMA,2,58,2,-0.06445657735945923,0.004921587142500957,0.4311643576208288,1.3346478086623823,0.054393057703255726,0.33146644632396205,10,3.5994560258466892,0.9636130008675403,approximate_with_skipped_origins_overlap_selection_and_heavy_tails
middle_stable_2009_2016,mid_E2_B,primary,evaluation,arima_ar2,ARIMA,2,58,3,-0.05371058369155994,0.004921587142500957,0.4311643576208288,1.3346478086623823,0.054393057703255726,0.33146644632396205,10,3.5994560258466892,0.9636130008675403,approximate_with_skipped_origins_overlap_selection_and_heavy_tails
middle_stable_2009_2016,mid_E2_B,primary,evaluation,arima_ar2,ARIMA,2,58,4,-0.05638947975425667,0.004921587142500957,0.4311643576208288,1.3346478086623823,0.054393057703255726,0.33146644632396205,10,3.5994560258466892,0.9636130008675403,approximate_with_skipped_origins_overlap_selection_and_heavy_tails
middle_stable_2009_2016,mid_E2_B,primary,evaluation,arima_ar2,ARIMA,2,58,5,-0.026619719726771147,0.004921587142500957,0.4311643576208288,1.3346478086623823,0.054393057703255726,0.33146644632396205,10,3.5994560258466892,0.9636130008675403,approximate_with_skipped_origins_overlap_selection_and_heavy_tails
middle_stable_2009_2016,mid_E2_B,primary,evaluation,arima_ar2,ARIMA,2,58,6,-0.015014848762102118,0.004921587142500957,0.4311643576208288,1.3346478086623823,0.054393057703255726,0.33146644632396205,10,3.5994560258466892,0.9636130008675403,approximate_with_skipped_origins_overlap_selection_and_heavy_tails
middle_stable_2009_2016,mid_E2_B,primary,evaluation,arima_ar2,ARIMA,2,58,7,-0.045626223782021955,0.004921587142500957,0.4311643576208288,1.3346478086623823,0.054393057703255726,0.33146644632396205,10,3.5994560258466892,0.9636130008675403,approximate_with_skipped_origins_overlap_selection_and_heavy_tails
middle_stable_2009_2016,mid_E2_B,primary,evaluation,arima_ar2,ARIMA,2,58,8,-0.0021134575555390987,0.004921587142500957,0.4311643576208288,1.3346478086623823,0.054393057703255726,0.33146644632396205,10,3.5994560258466892,0.9636130008675403,approximate_with_skipped_origins_overlap_selection_and_heavy_tails
middle_stable_2009_2016,mid_E2_B,primary,evaluation,arima_ar2,ARIMA,2,58,9,0.06255049302855617,0.004921587142500957,0.4311643576208288,1.3346478086623823,0.054393057703255726,0.33146644632396205,10,3.5994560258466892,0.9636130008675403,approximate_with_skipped_origins_overlap_selection_and_heavy_tails
middle_stable_2009_2016,mid_E2_B,primary,evaluation,arima_ar2,ARIMA,2,58,10,-0.07256813237557373,0.004921587142500957,0.4311643576208288,1.3346478086623823,0.054393057703255726,0.33146644632396205,10,3.5994560258466892,0.9636130008675403,approximate_with_skipped_origins_overlap_selection_and_heavy_tails
middle_stable_2009_2016,mid_E2_B,primary,evaluation,arima_ar2,ARIMA,7,55,0,1.0,-0.03248992769058491,1.1867854878424684,4.642731513722984,0.06319987444741493,0.33414418884714625,10,4.021847469571724,0.9463560217868628,approximate_with_skipped_origins_overlap_selection_and_heavy_tails
middle_stable_2009_2016,mid_E2_B,primary,evaluation,arima_ar2,ARIMA,7,55,1,-0.09671758509352664,-0.03248992769058491,1.1867854878424684,4.642731513722984,0.06319987444741493,0.33414418884714625,10,4.021847469571724,0.9463560217868628,approximate_with_skipped_origins_overlap_selection_and_heavy_tails
middle_stable_2009_2016,mid_E2_B,primary,evaluation,arima_ar2,ARIMA,7,55,2,-0.05482652805037521,-0.03248992769058491,1.1867854878424684,4.642731513722984,0.06319987444741493,0.33414418884714625,10,4.021847469571724,0.9463560217868628,approximate_with_skipped_origins_overlap_selection_and_heavy_tails
middle_stable_2009_2016,mid_E2_B,primary,evaluation,arima_ar2,ARIMA,7,55,3,0.12988815800688813,-0.03248992769058491,1.1867854878424684,4.642731513722984,0.06319987444741493,0.33414418884714625,10,4.021847469571724,0.9463560217868628,approximate_with_skipped_origins_overlap_selection_and_heavy_tails
middle_stable_2009_2016,mid_E2_B,primary,evaluation,arima_ar2,ARIMA,7,55,4,-0.06393457220963651,-0.03248992769058491,1.1867854878424684,4.642731513722984,0.06319987444741493,0.33414418884714625,10,4.021847469571724,0.9463560217868628,approximate_with_skipped_origins_overlap_selection_and_heavy_tails
middle_stable_2009_2016,mid_E2_B,primary,evaluation,arima_ar2,ARIMA,7,55,5,0.10761424685033899,-0.03248992769058491,1.1867854878424684,4.642731513722984,0.06319987444741493,0.33414418884714625,10,4.021847469571724,0.9463560217868628,approximate_with_skipped_origins_overlap_selection_and_heavy_tails
middle_stable_2009_2016,mid_E2_B,primary,evaluation,arima_ar2,ARIMA,7,55,6,0.10550582592703935,-0.03248992769058491,1.1867854878424684,4.642731513722984,0.06319987444741493,0.33414418884714625,10,4.021847469571724,0.9463560217868628,approximate_with_skipped_origins_overlap_selection_and_heavy_tails
middle_stable_2009_2016,mid_E2_B,primary,evaluation,arima_ar2,ARIMA,7,55,7,0.031730627840132794,-0.03248992769058491,1.1867854878424684,4.642731513722984,0.06319987444741493,0.33414418884714625,10,4.021847469571724,0.9463560217868628,approximate_with_skipped_origins_overlap_selection_and_heavy_tails
middle_stable_2009_2016,mid_E2_B,primary,evaluation,arima_ar2,ARIMA,7,55,8,-0.015020258755832596,-0.03248992769058491,1.1867854878424684,4.642731513722984,0.06319987444741493,0.33414418884714625,10,4.021847469571724,0.9463560217868628,approximate_with_skipped_origins_overlap_selection_and_heavy_tails
middle_stable_2009_2016,mid_E2_B,primary,evaluation,arima_ar2,ARIMA,7,55,9,0.04960967620928693,-0.03248992769058491,1.1867854878424684,4.642731513722984,0.06319987444741493,0.33414418884714625,10,4.021847469571724,0.9463560217868628,approximate_with_skipped_origins_overlap_selection_and_heavy_tails
middle_stable_2009_2016,mid_E2_B,primary,evaluation,arima_ar2,ARIMA,7,55,10,-0.07044689692031267,-0.03248992769058491,1.1867854878424684,4.642731513722984,0.06319987444741493,0.33414418884714625,10,4.021847469571724,0.9463560217868628,approximate_with_skipped_origins_overlap_selection_and_heavy_tails
middle_stable_2009_2016,mid_E2_B,primary,evaluation,arima_arma11,ARIMA,1,61,0,1.0,-0.009226238374295733,0.0638624444977879,0.7778609235405005,0.09458932752281815,0.2872074497402723,10,2.990003421974461,0.9816583369387946,approximate_with_skipped_origins_overlap_selection_and_heavy_tails
middle_stable_2009_2016,mid_E2_B,primary,evaluation,arima_arma11,ARIMA,1,61,1,0.07646045487301603,-0.009226238374295733,0.0638624444977879,0.7778609235405005,0.09458932752281815,0.2872074497402723,10,2.990003421974461,0.9816583369387946,approximate_with_skipped_origins_overlap_selection_and_heavy_tails
middle_stable_2009_2016,mid_E2_B,primary,evaluation,arima_arma11,ARIMA,1,61,2,-0.038389745216274175,-0.009226238374295733,0.0638624444977879,0.7778609235405005,0.09458932752281815,0.2872074497402723,10,2.990003421974461,0.9816583369387946,approximate_with_skipped_origins_overlap_selection_and_heavy_tails
middle_stable_2009_2016,mid_E2_B,primary,evaluation,arima_arma11,ARIMA,1,61,3,0.08979589749807922,-0.009226238374295733,0.0638624444977879,0.7778609235405005,0.09458932752281815,0.2872074497402723,10,2.990003421974461,0.9816583369387946,approximate_with_skipped_origins_overlap_selection_and_heavy_tails
middle_stable_2009_2016,mid_E2_B,primary,evaluation,arima_arma11,ARIMA,1,61,4,0.07981616166663706,-0.009226238374295733,0.0638624444977879,0.7778609235405005,0.09458932752281815,0.2872074497402723,10,2.990003421974461,0.9816583369387946,approximate_with_skipped_origins_overlap_selection_and_heavy_tails
middle_stable_2009_2016,mid_E2_B,primary,evaluation,arima_arma11,ARIMA,1,61,5,0.06777011492053056,-0.009226238374295733,0.0638624444977879,0.7778609235405005,0.09458932752281815,0.2872074497402723,10,2.990003421974461,0.9816583369387946,approximate_with_skipped_origins_overlap_selection_and_heavy_tails
middle_stable_2009_2016,mid_E2_B,primary,evaluation,arima_arma11,ARIMA,1,61,6,0.005004244033275866,-0.009226238374295733,0.0638624444977879,0.7778609235405005,0.09458932752281815,0.2872074497402723,10,2.990003421974461,0.9816583369387946,approximate_with_skipped_origins_overlap_selection_and_heavy_tails
middle_stable_2009_2016,mid_E2_B,primary,evaluation,arima_arma11,ARIMA,1,61,7,-0.05078237908105292,-0.009226238374295733,0.0638624444977879,0.7778609235405005,0.09458932752281815,0.2872074497402723,10,2.990003421974461,0.9816583369387946,approximate_with_skipped_origins_overlap_selection_and_heavy_tails
middle_stable_2009_2016,mid_E2_B,primary,evaluation,arima_arma11,ARIMA,1,61,8,-0.03571367213886307,-0.009226238374295733,0.0638624444977879,0.7778609235405005,0.09458932752281815,0.2872074497402723,10,2.990003421974461,0.9816583369387946,approximate_with_skipped_origins_overlap_selection_and_heavy_tails
middle_stable_2009_2016,mid_E2_B,primary,evaluation,arima_arma11,ARIMA,1,61,9,-0.06373889194365104,-0.009226238374295733,0.0638624444977879,0.7778609235405005,0.09458932752281815,0.2872074497402723,10,2.990003421974461,0.9816583369387946,approximate_with_skipped_origins_overlap_selection_and_heavy_tails
middle_stable_2009_2016,mid_E2_B,primary,evaluation,arima_arma11,ARIMA,1,61,10,-0.09377219743441506,-0.009226238374295733,0.0638624444977879,0.7778609235405005,0.09458932752281815,0.2872074497402723,10,2.990003421974461,0.9816583369387946,approximate_with_skipped_origins_overlap_selection_and_heavy_tails
middle_stable_2009_2016,mid_E2_B,primary,evaluation,arima_arma11,ARIMA,2,61,0,1.0,0.01211145977540902,0.1236651076056427,1.264593923182316,0.07240528256762147,0.3311942194528258,10,5.7225066786759475,0.8380133000273089,approximate_with_skipped_origins_overlap_selection_and_heavy_tails
middle_stable_2009_2016,mid_E2_B,primary,evaluation,arima_arma11,ARIMA,2,61,1,0.204296000654446,0.01211145977540902,0.1236651076056427,1.264593923182316,0.07240528256762147,0.3311942194528258,10,5.7225066786759475,0.8380133000273089,approximate_with_skipped_origins_overlap_selection_and_heavy_tails
middle_stable_2009_2016,mid_E2_B,primary,evaluation,arima_arma11,ARIMA,2,61,2,-0.049072306688984824,0.01211145977540902,0.1236651076056427,1.264593923182316,0.07240528256762147,0.3311942194528258,10,5.7225066786759475,0.8380133000273089,approximate_with_skipped_origins_overlap_selection_and_heavy_tails
middle_stable_2009_2016,mid_E2_B,primary,evaluation,arima_arma11,ARIMA,2,61,3,-0.05007006829063024,0.01211145977540902,0.1236651076056427,1.264593923182316,0.07240528256762147,0.3311942194528258,10,5.7225066786759475,0.8380133000273089,approximate_with_skipped_origins_overlap_selection_and_heavy_tails
middle_stable_2009_2016,mid_E2_B,primary,evaluation,arima_arma11,ARIMA,2,61,4,-0.08691412802576637,0.01211145977540902,0.1236651076056427,1.264593923182316,0.07240528256762147,0.3311942194528258,10,5.7225066786759475,0.8380133000273089,approximate_with_skipped_origins_overlap_selection_and_heavy_tails
middle_stable_2009_2016,mid_E2_B,primary,evaluation,arima_arma11,ARIMA,2,61,5,-0.10997018013357968,0.01211145977540902,0.1236651076056427,1.264593923182316,0.07240528256762147,0.3311942194528258,10,5.7225066786759475,0.8380133000273089,approximate_with_skipped_origins_overlap_selection_and_heavy_tails
middle_stable_2009_2016,mid_E2_B,primary,evaluation,arima_arma11,ARIMA,2,61,6,0.01742209459168676,0.01211145977540902,0.1236651076056427,1.264593923182316,0.07240528256762147,0.3311942194528258,10,5.7225066786759475,0.8380133000273089,approximate_with_skipped_origins_overlap_selection_and_heavy_tails
middle_stable_2009_2016,mid_E2_B,primary,evaluation,arima_arma11,ARIMA,2,61,7,0.08605765152219444,0.01211145977540902,0.1236651076056427,1.264593923182316,0.07240528256762147,0.3311942194528258,10,5.7225066786759475,0.8380133000273089,approximate_with_skipped_origins_overlap_selection_and_heavy_tails
middle_stable_2009_2016,mid_E2_B,primary,evaluation,arima_arma11,ARIMA,2,61,8,0.029185311094276103,0.01211145977540902,0.1236651076056427,1.264593923182316,0.07240528256762147,0.3311942194528258,10,5.7225066786759475,0.8380133000273089,approximate_with_skipped_origins_overlap_selection_and_heavy_tails
middle_stable_2009_2016,mid_E2_B,primary,evaluation,arima_arma11,ARIMA,2,61,9,0.08780590469438106,0.01211145977540902,0.1236651076056427,1.264593923182316,0.07240528256762147,0.3311942194528258,10,5.7225066786759475,0.8380133000273089,approximate_with_skipped_origins_overlap_selection_and_heavy_tails
middle_stable_2009_2016,mid_E2_B,primary,evaluation,arima_arma11,ARIMA,2,61,10,-0.05244634192436002,0.01211145977540902,0.1236651076056427,1.264593923182316,0.07240528256762147,0.3311942194528258,10,5.7225066786759475,0.8380133000273089,approximate_with_skipped_origins_overlap_selection_and_heavy_tails
middle_stable_2009_2016,mid_E2_B,primary,evaluation,arima_arma11,ARIMA,7,58,0,1.0,-0.020633288938216508,1.2709313391717763,4.756153568206882,0.0545425360254415,0.3080304008897981,10,5.59160616000023,0.8483290910712542,approximate_with_skipped_origins_overlap_selection_and_heavy_tails
middle_stable_2009_2016,mid_E2_B,primary,evaluation,arima_arma11,ARIMA,7,58,1,-0.06475486308703028,-0.020633288938216508,1.2709313391717763,4.756153568206882,0.0545425360254415,0.3080304008897981,10,5.59160616000023,0.8483290910712542,approximate_with_skipped_origins_overlap_selection_and_heavy_tails
middle_stable_2009_2016,mid_E2_B,primary,evaluation,arima_arma11,ARIMA,7,58,2,-0.04874262067647703,-0.020633288938216508,1.2709313391717763,4.756153568206882,0.0545425360254415,0.3080304008897981,10,5.59160616000023,0.8483290910712542,approximate_with_skipped_origins_overlap_selection_and_heavy_tails
middle_stable_2009_2016,mid_E2_B,primary,evaluation,arima_arma11,ARIMA,7,58,3,0.10278446540159446,-0.020633288938216508,1.2709313391717763,4.756153568206882,0.0545425360254415,0.3080304008897981,10,5.59160616000023,0.8483290910712542,approximate_with_skipped_origins_overlap_selection_and_heavy_tails
middle_stable_2009_2016,mid_E2_B,primary,evaluation,arima_arma11,ARIMA,7,58,4,-0.04295438201647346,-0.020633288938216508,1.2709313391717763,4.756153568206882,0.0545425360254415,0.3080304008897981,10,5.59160616000023,0.8483290910712542,approximate_with_skipped_origins_overlap_selection_and_heavy_tails
middle_stable_2009_2016,mid_E2_B,primary,evaluation,arima_arma11,ARIMA,7,58,5,0.083804193917546,-0.020633288938216508,1.2709313391717763,4.756153568206882,0.0545425360254415,0.3080304008897981,10,5.59160616000023,0.8483290910712542,approximate_with_skipped_origins_overlap_selection_and_heavy_tails
middle_stable_2009_2016,mid_E2_B,primary,evaluation,arima_arma11,ARIMA,7,58,6,0.15277299802705133,-0.020633288938216508,1.2709313391717763,4.756153568206882,0.0545425360254415,0.3080304008897981,10,5.59160616000023,0.8483290910712542,approximate_with_skipped_origins_overlap_selection_and_heavy_tails
middle_stable_2009_2016,mid_E2_B,primary,evaluation,arima_arma11,ARIMA,7,58,7,0.007575222001609825,-0.020633288938216508,1.2709313391717763,4.756153568206882,0.0545425360254415,0.3080304008897981,10,5.59160616000023,0.8483290910712542,approximate_with_skipped_origins_overlap_selection_and_heavy_tails
middle_stable_2009_2016,mid_E2_B,primary,evaluation,arima_arma11,ARIMA,7,58,8,0.019471501304550276,-0.020633288938216508,1.2709313391717763,4.756153568206882,0.0545425360254415,0.3080304008897981,10,5.59160616000023,0.8483290910712542,approximate_with_skipped_origins_overlap_selection_and_heavy_tails
middle_stable_2009_2016,mid_E2_B,primary,evaluation,arima_arma11,ARIMA,7,58,9,0.1221117314987683,-0.020633288938216508,1.2709313391717763,4.756153568206882,0.0545425360254415,0.3080304008897981,10,5.59160616000023,0.8483290910712542,approximate_with_skipped_origins_overlap_selection_and_heavy_tails
middle_stable_2009_2016,mid_E2_B,primary,evaluation,arima_arma11,ARIMA,7,58,10,-0.13329728867307308,-0.020633288938216508,1.2709313391717763,4.756153568206882,0.0545425360254415,0.3080304008897981,10,5.59160616000023,0.8483290910712542,approximate_with_skipped_origins_overlap_selection_and_heavy_tails
middle_stable_2009_2016,mid_E2_B,primary,evaluation,arima_mean,ARIMA,1,57,0,1.0,-0.0768694240740442,0.7878293985535988,2.8156296566158314,0.0780110495417427,0.27822141526199307,10,5.190742595287863,0.8780772720426447,approximate_with_skipped_origins_overlap_selection_and_heavy_tails
middle_stable_2009_2016,mid_E2_B,primary,evaluation,arima_mean,ARIMA,1,57,1,0.0197634471807104,-0.0768694240740442,0.7878293985535988,2.8156296566158314,0.0780110495417427,0.27822141526199307,10,5.190742595287863,0.8780772720426447,approximate_with_skipped_origins_overlap_selection_and_heavy_tails
middle_stable_2009_2016,mid_E2_B,primary,evaluation,arima_mean,ARIMA,1,57,2,-0.009368907759781499,-0.0768694240740442,0.7878293985535988,2.8156296566158314,0.0780110495417427,0.27822141526199307,10,5.190742595287863,0.8780772720426447,approximate_with_skipped_origins_overlap_selection_and_heavy_tails
middle_stable_2009_2016,mid_E2_B,primary,evaluation,arima_mean,ARIMA,1,57,3,0.13311214283699324,-0.0768694240740442,0.7878293985535988,2.8156296566158314,0.0780110495417427,0.27822141526199307,10,5.190742595287863,0.8780772720426447,approximate_with_skipped_origins_overlap_selection_and_heavy_tails
middle_stable_2009_2016,mid_E2_B,primary,evaluation,arima_mean,ARIMA,1,57,4,0.11478035916322638,-0.0768694240740442,0.7878293985535988,2.8156296566158314,0.0780110495417427,0.27822141526199307,10,5.190742595287863,0.8780772720426447,approximate_with_skipped_origins_overlap_selection_and_heavy_tails
middle_stable_2009_2016,mid_E2_B,primary,evaluation,arima_mean,ARIMA,1,57,5,-0.037518731575051686,-0.0768694240740442,0.7878293985535988,2.8156296566158314,0.0780110495417427,0.27822141526199307,10,5.190742595287863,0.8780772720426447,approximate_with_skipped_origins_overlap_selection_and_heavy_tails
middle_stable_2009_2016,mid_E2_B,primary,evaluation,arima_mean,ARIMA,1,57,6,-0.07209700027718804,-0.0768694240740442,0.7878293985535988,2.8156296566158314,0.0780110495417427,0.27822141526199307,10,5.190742595287863,0.8780772720426447,approximate_with_skipped_origins_overlap_selection_and_heavy_tails
middle_stable_2009_2016,mid_E2_B,primary,evaluation,arima_mean,ARIMA,1,57,7,0.003960850563977718,-0.0768694240740442,0.7878293985535988,2.8156296566158314,0.0780110495417427,0.27822141526199307,10,5.190742595287863,0.8780772720426447,approximate_with_skipped_origins_overlap_selection_and_heavy_tails
middle_stable_2009_2016,mid_E2_B,primary,evaluation,arima_mean,ARIMA,1,57,8,-0.18688592707903237,-0.0768694240740442,0.7878293985535988,2.8156296566158314,0.0780110495417427,0.27822141526199307,10,5.190742595287863,0.8780772720426447,approximate_with_skipped_origins_overlap_selection_and_heavy_tails
middle_stable_2009_2016,mid_E2_B,primary,evaluation,arima_mean,ARIMA,1,57,9,0.026084396396211962,-0.0768694240740442,0.7878293985535988,2.8156296566158314,0.0780110495417427,0.27822141526199307,10,5.190742595287863,0.8780772720426447,approximate_with_skipped_origins_overlap_selection_and_heavy_tails
middle_stable_2009_2016,mid_E2_B,primary,evaluation,arima_mean,ARIMA,1,57,10,-0.0692215473274736,-0.0768694240740442,0.7878293985535988,2.8156296566158314,0.0780110495417427,0.27822141526199307,10,5.190742595287863,0.8780772720426447,approximate_with_skipped_origins_overlap_selection_and_heavy_tails
middle_stable_2009_2016,mid_E2_B,primary,evaluation,arima_mean,ARIMA,2,57,0,1.0,-0.055553634600360315,0.2307477310658813,2.465082246315486,0.08337250293741119,0.274921944809602,10,7.414791837764634,0.6857910395821989,approximate_with_skipped_origins_overlap_selection_and_heavy_tails
middle_stable_2009_2016,mid_E2_B,primary,evaluation,arima_mean,ARIMA,2,57,1,0.15191023715771598,-0.055553634600360315,0.2307477310658813,2.465082246315486,0.08337250293741119,0.274921944809602,10,7.414791837764634,0.6857910395821989,approximate_with_skipped_origins_overlap_selection_and_heavy_tails
middle_stable_2009_2016,mid_E2_B,primary,evaluation,arima_mean,ARIMA,2,57,2,0.14756363827543684,-0.055553634600360315,0.2307477310658813,2.465082246315486,0.08337250293741119,0.274921944809602,10,7.414791837764634,0.6857910395821989,approximate_with_skipped_origins_overlap_selection_and_heavy_tails
middle_stable_2009_2016,mid_E2_B,primary,evaluation,arima_mean,ARIMA,2,57,3,0.02564620716460122,-0.055553634600360315,0.2307477310658813,2.465082246315486,0.08337250293741119,0.274921944809602,10,7.414791837764634,0.6857910395821989,approximate_with_skipped_origins_overlap_selection_and_heavy_tails
middle_stable_2009_2016,mid_E2_B,primary,evaluation,arima_mean,ARIMA,2,57,4,-0.21818162734584665,-0.055553634600360315,0.2307477310658813,2.465082246315486,0.08337250293741119,0.274921944809602,10,7.414791837764634,0.6857910395821989,approximate_with_skipped_origins_overlap_selection_and_heavy_tails
middle_stable_2009_2016,mid_E2_B,primary,evaluation,arima_mean,ARIMA,2,57,5,-0.07509068870470284,-0.055553634600360315,0.2307477310658813,2.465082246315486,0.08337250293741119,0.274921944809602,10,7.414791837764634,0.6857910395821989,approximate_with_skipped_origins_overlap_selection_and_heavy_tails
middle_stable_2009_2016,mid_E2_B,primary,evaluation,arima_mean,ARIMA,2,57,6,0.06077435687329362,-0.055553634600360315,0.2307477310658813,2.465082246315486,0.08337250293741119,0.274921944809602,10,7.414791837764634,0.6857910395821989,approximate_with_skipped_origins_overlap_selection_and_heavy_tails
middle_stable_2009_2016,mid_E2_B,primary,evaluation,arima_mean,ARIMA,2,57,7,0.07006748225091476,-0.055553634600360315,0.2307477310658813,2.465082246315486,0.08337250293741119,0.274921944809602,10,7.414791837764634,0.6857910395821989,approximate_with_skipped_origins_overlap_selection_and_heavy_tails
middle_stable_2009_2016,mid_E2_B,primary,evaluation,arima_mean,ARIMA,2,57,8,0.07801843558030541,-0.055553634600360315,0.2307477310658813,2.465082246315486,0.08337250293741119,0.274921944809602,10,7.414791837764634,0.6857910395821989,approximate_with_skipped_origins_overlap_selection_and_heavy_tails
middle_stable_2009_2016,mid_E2_B,primary,evaluation,arima_mean,ARIMA,2,57,9,0.032586351845488075,-0.055553634600360315,0.2307477310658813,2.465082246315486,0.08337250293741119,0.274921944809602,10,7.414791837764634,0.6857910395821989,approximate_with_skipped_origins_overlap_selection_and_heavy_tails
middle_stable_2009_2016,mid_E2_B,primary,evaluation,arima_mean,ARIMA,2,57,10,-0.0535779457217514,-0.055553634600360315,0.2307477310658813,2.465082246315486,0.08337250293741119,0.274921944809602,10,7.414791837764634,0.6857910395821989,approximate_with_skipped_origins_overlap_selection_and_heavy_tails
middle_stable_2009_2016,mid_E2_B,primary,evaluation,arima_mean,ARIMA,7,54,0,1.0,-0.06190034957948964,1.289120659159234,5.054329334345173,0.0755525435731349,0.29557440150461267,10,7.496343349357893,0.6779019078032655,approximate_with_skipped_origins_overlap_selection_and_heavy_tails
middle_stable_2009_2016,mid_E2_B,primary,evaluation,arima_mean,ARIMA,7,54,1,-0.13998561987757463,-0.06190034957948964,1.289120659159234,5.054329334345173,0.0755525435731349,0.29557440150461267,10,7.496343349357893,0.6779019078032655,approximate_with_skipped_origins_overlap_selection_and_heavy_tails
middle_stable_2009_2016,mid_E2_B,primary,evaluation,arima_mean,ARIMA,7,54,2,-0.009273847061466963,-0.06190034957948964,1.289120659159234,5.054329334345173,0.0755525435731349,0.29557440150461267,10,7.496343349357893,0.6779019078032655,approximate_with_skipped_origins_overlap_selection_and_heavy_tails
middle_stable_2009_2016,mid_E2_B,primary,evaluation,arima_mean,ARIMA,7,54,3,-0.007136092160444107,-0.06190034957948964,1.289120659159234,5.054329334345173,0.0755525435731349,0.29557440150461267,10,7.496343349357893,0.6779019078032655,approximate_with_skipped_origins_overlap_selection_and_heavy_tails
middle_stable_2009_2016,mid_E2_B,primary,evaluation,arima_mean,ARIMA,7,54,4,-0.020613614461147994,-0.06190034957948964,1.289120659159234,5.054329334345173,0.0755525435731349,0.29557440150461267,10,7.496343349357893,0.6779019078032655,approximate_with_skipped_origins_overlap_selection_and_heavy_tails
middle_stable_2009_2016,mid_E2_B,primary,evaluation,arima_mean,ARIMA,7,54,5,0.25077883254184125,-0.06190034957948964,1.289120659159234,5.054329334345173,0.0755525435731349,0.29557440150461267,10,7.496343349357893,0.6779019078032655,approximate_with_skipped_origins_overlap_selection_and_heavy_tails
middle_stable_2009_2016,mid_E2_B,primary,evaluation,arima_mean,ARIMA,7,54,6,0.10732329294176421,-0.06190034957948964,1.289120659159234,5.054329334345173,0.0755525435731349,0.29557440150461267,10,7.496343349357893,0.6779019078032655,approximate_with_skipped_origins_overlap_selection_and_heavy_tails
middle_stable_2009_2016,mid_E2_B,primary,evaluation,arima_mean,ARIMA,7,54,7,-0.12917896738906576,-0.06190034957948964,1.289120659159234,5.054329334345173,0.0755525435731349,0.29557440150461267,10,7.496343349357893,0.6779019078032655,approximate_with_skipped_origins_overlap_selection_and_heavy_tails
middle_stable_2009_2016,mid_E2_B,primary,evaluation,arima_mean,ARIMA,7,54,8,0.018529961462607353,-0.06190034957948964,1.289120659159234,5.054329334345173,0.0755525435731349,0.29557440150461267,10,7.496343349357893,0.6779019078032655,approximate_with_skipped_origins_overlap_selection_and_heavy_tails
middle_stable_2009_2016,mid_E2_B,primary,evaluation,arima_mean,ARIMA,7,54,9,0.08860157199267137,-0.06190034957948964,1.289120659159234,5.054329334345173,0.0755525435731349,0.29557440150461267,10,7.496343349357893,0.6779019078032655,approximate_with_skipped_origins_overlap_selection_and_heavy_tails
middle_stable_2009_2016,mid_E2_B,primary,evaluation,arima_mean,ARIMA,7,54,10,-0.04071112690041365,-0.06190034957948964,1.289120659159234,5.054329334345173,0.0755525435731349,0.29557440150461267,10,7.496343349357893,0.6779019078032655,approximate_with_skipped_origins_overlap_selection_and_heavy_tails
middle_stable_2009_2016,mid_E2_B,primary,evaluation,expanding_median,baseline,1,61,0,1.0,-0.006803278688524283,0.7642623857020536,3.1225043583429652,0.0,0.20500000000000007,10,5.671054391311606,0.8421013603880204,approximate_with_skipped_origins_overlap_selection_and_heavy_tails
middle_stable_2009_2016,mid_E2_B,primary,evaluation,expanding_median,baseline,1,61,1,0.08540688719384401,-0.006803278688524283,0.7642623857020536,3.1225043583429652,0.0,0.20500000000000007,10,5.671054391311606,0.8421013603880204,approximate_with_skipped_origins_overlap_selection_and_heavy_tails
middle_stable_2009_2016,mid_E2_B,primary,evaluation,expanding_median,baseline,1,61,2,-0.00840851466552965,-0.006803278688524283,0.7642623857020536,3.1225043583429652,0.0,0.20500000000000007,10,5.671054391311606,0.8421013603880204,approximate_with_skipped_origins_overlap_selection_and_heavy_tails
middle_stable_2009_2016,mid_E2_B,primary,evaluation,expanding_median,baseline,1,61,3,0.16376049694648345,-0.006803278688524283,0.7642623857020536,3.1225043583429652,0.0,0.20500000000000007,10,5.671054391311606,0.8421013603880204,approximate_with_skipped_origins_overlap_selection_and_heavy_tails
middle_stable_2009_2016,mid_E2_B,primary,evaluation,expanding_median,baseline,1,61,4,0.10417271379266471,-0.006803278688524283,0.7642623857020536,3.1225043583429652,0.0,0.20500000000000007,10,5.671054391311606,0.8421013603880204,approximate_with_skipped_origins_overlap_selection_and_heavy_tails
middle_stable_2009_2016,mid_E2_B,primary,evaluation,expanding_median,baseline,1,61,5,0.005923820080655596,-0.006803278688524283,0.7642623857020536,3.1225043583429652,0.0,0.20500000000000007,10,5.671054391311606,0.8421013603880204,approximate_with_skipped_origins_overlap_selection_and_heavy_tails
middle_stable_2009_2016,mid_E2_B,primary,evaluation,expanding_median,baseline,1,61,6,0.04738812039540386,-0.006803278688524283,0.7642623857020536,3.1225043583429652,0.0,0.20500000000000007,10,5.671054391311606,0.8421013603880204,approximate_with_skipped_origins_overlap_selection_and_heavy_tails
middle_stable_2009_2016,mid_E2_B,primary,evaluation,expanding_median,baseline,1,61,7,-0.09890740885636916,-0.006803278688524283,0.7642623857020536,3.1225043583429652,0.0,0.20500000000000007,10,5.671054391311606,0.8421013603880204,approximate_with_skipped_origins_overlap_selection_and_heavy_tails
middle_stable_2009_2016,mid_E2_B,primary,evaluation,expanding_median,baseline,1,61,8,0.0022717875121212668,-0.006803278688524283,0.7642623857020536,3.1225043583429652,0.0,0.20500000000000007,10,5.671054391311606,0.8421013603880204,approximate_with_skipped_origins_overlap_selection_and_heavy_tails
middle_stable_2009_2016,mid_E2_B,primary,evaluation,expanding_median,baseline,1,61,9,-0.1517414245020159,-0.006803278688524283,0.7642623857020536,3.1225043583429652,0.0,0.20500000000000007,10,5.671054391311606,0.8421013603880204,approximate_with_skipped_origins_overlap_selection_and_heavy_tails
middle_stable_2009_2016,mid_E2_B,primary,evaluation,expanding_median,baseline,1,61,10,-0.04203507286971554,-0.006803278688524283,0.7642623857020536,3.1225043583429652,0.0,0.20500000000000007,10,5.671054391311606,0.8421013603880204,approximate_with_skipped_origins_overlap_selection_and_heavy_tails
middle_stable_2009_2016,mid_E2_B,primary,evaluation,expanding_median,baseline,2,61,0,1.0,0.019754098360655725,0.1348901797865403,2.718680801551887,0.0,0.20500000000000007,10,7.774563652328402,0.6508465064880502,approximate_with_skipped_origins_overlap_selection_and_heavy_tails
middle_stable_2009_2016,mid_E2_B,primary,evaluation,expanding_median,baseline,2,61,1,0.16836037254465844,0.019754098360655725,0.1348901797865403,2.718680801551887,0.0,0.20500000000000007,10,7.774563652328402,0.6508465064880502,approximate_with_skipped_origins_overlap_selection_and_heavy_tails
middle_stable_2009_2016,mid_E2_B,primary,evaluation,expanding_median,baseline,2,61,2,0.08589677248950582,0.019754098360655725,0.1348901797865403,2.718680801551887,0.0,0.20500000000000007,10,7.774563652328402,0.6508465064880502,approximate_with_skipped_origins_overlap_selection_and_heavy_tails
middle_stable_2009_2016,mid_E2_B,primary,evaluation,expanding_median,baseline,2,61,3,0.0646104655111876,0.019754098360655725,0.1348901797865403,2.718680801551887,0.0,0.20500000000000007,10,7.774563652328402,0.6508465064880502,approximate_with_skipped_origins_overlap_selection_and_heavy_tails
middle_stable_2009_2016,mid_E2_B,primary,evaluation,expanding_median,baseline,2,61,4,-0.21391531946103293,0.019754098360655725,0.1348901797865403,2.718680801551887,0.0,0.20500000000000007,10,7.774563652328402,0.6508465064880502,approximate_with_skipped_origins_overlap_selection_and_heavy_tails
middle_stable_2009_2016,mid_E2_B,primary,evaluation,expanding_median,baseline,2,61,5,-0.1392932682699647,0.019754098360655725,0.1348901797865403,2.718680801551887,0.0,0.20500000000000007,10,7.774563652328402,0.6508465064880502,approximate_with_skipped_origins_overlap_selection_and_heavy_tails
middle_stable_2009_2016,mid_E2_B,primary,evaluation,expanding_median,baseline,2,61,6,0.03309514157794757,0.019754098360655725,0.1348901797865403,2.718680801551887,0.0,0.20500000000000007,10,7.774563652328402,0.6508465064880502,approximate_with_skipped_origins_overlap_selection_and_heavy_tails
middle_stable_2009_2016,mid_E2_B,primary,evaluation,expanding_median,baseline,2,61,7,0.08638679985338464,0.019754098360655725,0.1348901797865403,2.718680801551887,0.0,0.20500000000000007,10,7.774563652328402,0.6508465064880502,approximate_with_skipped_origins_overlap_selection_and_heavy_tails
middle_stable_2009_2016,mid_E2_B,primary,evaluation,expanding_median,baseline,2,61,8,0.014427781462169166,0.019754098360655725,0.1348901797865403,2.718680801551887,0.0,0.20500000000000007,10,7.774563652328402,0.6508465064880502,approximate_with_skipped_origins_overlap_selection_and_heavy_tails
middle_stable_2009_2016,mid_E2_B,primary,evaluation,expanding_median,baseline,2,61,9,0.03463289909698553,0.019754098360655725,0.1348901797865403,2.718680801551887,0.0,0.20500000000000007,10,7.774563652328402,0.6508465064880502,approximate_with_skipped_origins_overlap_selection_and_heavy_tails
middle_stable_2009_2016,mid_E2_B,primary,evaluation,expanding_median,baseline,2,61,10,-0.03130175501880818,0.019754098360655725,0.1348901797865403,2.718680801551887,0.0,0.20500000000000007,10,7.774563652328402,0.6508465064880502,approximate_with_skipped_origins_overlap_selection_and_heavy_tails
middle_stable_2009_2016,mid_E2_B,primary,evaluation,expanding_median,baseline,7,58,0,1.0,0.010474137931034182,1.3466586588894982,5.568296356371755,0.0,0.21925000000001535,10,8.381943200923349,0.5915827276869997,approximate_with_skipped_origins_overlap_selection_and_heavy_tails
middle_stable_2009_2016,mid_E2_B,primary,evaluation,expanding_median,baseline,7,58,1,-0.13574836718088193,0.010474137931034182,1.3466586588894982,5.568296356371755,0.0,0.21925000000001535,10,8.381943200923349,0.5915827276869997,approximate_with_skipped_origins_overlap_selection_and_heavy_tails
middle_stable_2009_2016,mid_E2_B,primary,evaluation,expanding_median,baseline,7,58,2,-0.05928503612012226,0.010474137931034182,1.3466586588894982,5.568296356371755,0.0,0.21925000000001535,10,8.381943200923349,0.5915827276869997,approximate_with_skipped_origins_overlap_selection_and_heavy_tails
middle_stable_2009_2016,mid_E2_B,primary,evaluation,expanding_median,baseline,7,58,3,0.10161099441018984,0.010474137931034182,1.3466586588894982,5.568296356371755,0.0,0.21925000000001535,10,8.381943200923349,0.5915827276869997,approximate_with_skipped_origins_overlap_selection_and_heavy_tails
middle_stable_2009_2016,mid_E2_B,primary,evaluation,expanding_median,baseline,7,58,4,-0.0621509014942187,0.010474137931034182,1.3466586588894982,5.568296356371755,0.0,0.21925000000001535,10,8.381943200923349,0.5915827276869997,approximate_with_skipped_origins_overlap_selection_and_heavy_tails
middle_stable_2009_2016,mid_E2_B,primary,evaluation,expanding_median,baseline,7,58,5,0.14689407343086008,0.010474137931034182,1.3466586588894982,5.568296356371755,0.0,0.21925000000001535,10,8.381943200923349,0.5915827276869997,approximate_with_skipped_origins_overlap_selection_and_heavy_tails
middle_stable_2009_2016,mid_E2_B,primary,evaluation,expanding_median,baseline,7,58,6,0.19207498697271477,0.010474137931034182,1.3466586588894982,5.568296356371755,0.0,0.21925000000001535,10,8.381943200923349,0.5915827276869997,approximate_with_skipped_origins_overlap_selection_and_heavy_tails
middle_stable_2009_2016,mid_E2_B,primary,evaluation,expanding_median,baseline,7,58,7,-0.06108720753588541,0.010474137931034182,1.3466586588894982,5.568296356371755,0.0,0.21925000000001535,10,8.381943200923349,0.5915827276869997,approximate_with_skipped_origins_overlap_selection_and_heavy_tails
middle_stable_2009_2016,mid_E2_B,primary,evaluation,expanding_median,baseline,7,58,8,-0.07944110864214103,0.010474137931034182,1.3466586588894982,5.568296356371755,0.0,0.21925000000001535,10,8.381943200923349,0.5915827276869997,approximate_with_skipped_origins_overlap_selection_and_heavy_tails
middle_stable_2009_2016,mid_E2_B,primary,evaluation,expanding_median,baseline,7,58,9,0.1205161541514178,0.010474137931034182,1.3466586588894982,5.568296356371755,0.0,0.21925000000001535,10,8.381943200923349,0.5915827276869997,approximate_with_skipped_origins_overlap_selection_and_heavy_tails
middle_stable_2009_2016,mid_E2_B,primary,evaluation,expanding_median,baseline,7,58,10,-0.08510400415337131,0.010474137931034182,1.3466586588894982,5.568296356371755,0.0,0.21925000000001535,10,8.381943200923349,0.5915827276869997,approximate_with_skipped_origins_overlap_selection_and_heavy_tails
middle_stable_2009_2016,mid_E2_B,primary,evaluation,persistence,baseline,1,61,0,1.0,0.014754098360656042,0.19575295880872887,-0.20988698067373868,0.19999999999999973,0.39999999999999947,10,4.066234387517885,0.9443095610407646,approximate_with_skipped_origins_overlap_selection_and_heavy_tails
middle_stable_2009_2016,mid_E2_B,primary,evaluation,persistence,baseline,1,61,1,0.09812875836812049,0.014754098360656042,0.19575295880872887,-0.20988698067373868,0.19999999999999973,0.39999999999999947,10,4.066234387517885,0.9443095610407646,approximate_with_skipped_origins_overlap_selection_and_heavy_tails
middle_stable_2009_2016,mid_E2_B,primary,evaluation,persistence,baseline,1,61,2,-0.12645524629957713,0.014754098360656042,0.19575295880872887,-0.20988698067373868,0.19999999999999973,0.39999999999999947,10,4.066234387517885,0.9443095610407646,approximate_with_skipped_origins_overlap_selection_and_heavy_tails
middle_stable_2009_2016,mid_E2_B,primary,evaluation,persistence,baseline,1,61,3,0.09709892743531744,0.014754098360656042,0.19575295880872887,-0.20988698067373868,0.19999999999999973,0.39999999999999947,10,4.066234387517885,0.9443095610407646,approximate_with_skipped_origins_overlap_selection_and_heavy_tails
middle_stable_2009_2016,mid_E2_B,primary,evaluation,persistence,baseline,1,61,4,0.053247635671164265,0.014754098360656042,0.19575295880872887,-0.20988698067373868,0.19999999999999973,0.39999999999999947,10,4.066234387517885,0.9443095610407646,approximate_with_skipped_origins_overlap_selection_and_heavy_tails
middle_stable_2009_2016,mid_E2_B,primary,evaluation,persistence,baseline,1,61,5,0.10040638526379364,0.014754098360656042,0.19575295880872887,-0.20988698067373868,0.19999999999999973,0.39999999999999947,10,4.066234387517885,0.9443095610407646,approximate_with_skipped_origins_overlap_selection_and_heavy_tails
middle_stable_2009_2016,mid_E2_B,primary,evaluation,persistence,baseline,1,61,6,-0.037363931003173964,0.014754098360656042,0.19575295880872887,-0.20988698067373868,0.19999999999999973,0.39999999999999947,10,4.066234387517885,0.9443095610407646,approximate_with_skipped_origins_overlap_selection_and_heavy_tails
middle_stable_2009_2016,mid_E2_B,primary,evaluation,persistence,baseline,1,61,7,-0.03859342506513007,0.014754098360656042,0.19575295880872887,-0.20988698067373868,0.19999999999999973,0.39999999999999947,10,4.066234387517885,0.9443095610407646,approximate_with_skipped_origins_overlap_selection_and_heavy_tails
middle_stable_2009_2016,mid_E2_B,primary,evaluation,persistence,baseline,1,61,8,-0.05297870173169158,0.014754098360656042,0.19575295880872887,-0.20988698067373868,0.19999999999999973,0.39999999999999947,10,4.066234387517885,0.9443095610407646,approximate_with_skipped_origins_overlap_selection_and_heavy_tails
middle_stable_2009_2016,mid_E2_B,primary,evaluation,persistence,baseline,1,61,9,-0.004495964566961417,0.014754098360656042,0.19575295880872887,-0.20988698067373868,0.19999999999999973,0.39999999999999947,10,4.066234387517885,0.9443095610407646,approximate_with_skipped_origins_overlap_selection_and_heavy_tails
middle_stable_2009_2016,mid_E2_B,primary,evaluation,persistence,baseline,1,61,10,-0.08077505227820747,0.014754098360656042,0.19575295880872887,-0.20988698067373868,0.19999999999999973,0.39999999999999947,10,4.066234387517885,0.9443095610407646,approximate_with_skipped_origins_overlap_selection_and_heavy_tails
middle_stable_2009_2016,mid_E2_B,primary,evaluation,persistence,baseline,2,61,0,1.0,0.04131147540983605,0.3611304522635476,0.8923505435288854,0.09999999999999998,0.3999999999999999,10,6.0449452935694445,0.8114730981624769,approximate_with_skipped_origins_overlap_selection_and_heavy_tails
middle_stable_2009_2016,mid_E2_B,primary,evaluation,persistence,baseline,2,61,1,0.17034543017896955,0.04131147540983605,0.3611304522635476,0.8923505435288854,0.09999999999999998,0.3999999999999999,10,6.0449452935694445,0.8114730981624769,approximate_with_skipped_origins_overlap_selection_and_heavy_tails
middle_stable_2009_2016,mid_E2_B,primary,evaluation,persistence,baseline,2,61,2,-0.14434518281797626,0.04131147540983605,0.3611304522635476,0.8923505435288854,0.09999999999999998,0.3999999999999999,10,6.0449452935694445,0.8114730981624769,approximate_with_skipped_origins_overlap_selection_and_heavy_tails
middle_stable_2009_2016,mid_E2_B,primary,evaluation,persistence,baseline,2,61,3,0.004426292076716322,0.04131147540983605,0.3611304522635476,0.8923505435288854,0.09999999999999998,0.3999999999999999,10,6.0449452935694445,0.8114730981624769,approximate_with_skipped_origins_overlap_selection_and_heavy_tails
middle_stable_2009_2016,mid_E2_B,primary,evaluation,persistence,baseline,2,61,4,0.037314833221816564,0.04131147540983605,0.3611304522635476,0.8923505435288854,0.09999999999999998,0.3999999999999999,10,6.0449452935694445,0.8114730981624769,approximate_with_skipped_origins_overlap_selection_and_heavy_tails
middle_stable_2009_2016,mid_E2_B,primary,evaluation,persistence,baseline,2,61,5,-0.04416337790138032,0.04131147540983605,0.3611304522635476,0.8923505435288854,0.09999999999999998,0.3999999999999999,10,6.0449452935694445,0.8114730981624769,approximate_with_skipped_origins_overlap_selection_and_heavy_tails
middle_stable_2009_2016,mid_E2_B,primary,evaluation,persistence,baseline,2,61,6,0.034326002037532465,0.04131147540983605,0.3611304522635476,0.8923505435288854,0.09999999999999998,0.3999999999999999,10,6.0449452935694445,0.8114730981624769,approximate_with_skipped_origins_overlap_selection_and_heavy_tails
middle_stable_2009_2016,mid_E2_B,primary,evaluation,persistence,baseline,2,61,7,0.10626887321669105,0.04131147540983605,0.3611304522635476,0.8923505435288854,0.09999999999999998,0.3999999999999999,10,6.0449452935694445,0.8114730981624769,approximate_with_skipped_origins_overlap_selection_and_heavy_tails
middle_stable_2009_2016,mid_E2_B,primary,evaluation,persistence,baseline,2,61,8,0.029762653648634264,0.04131147540983605,0.3611304522635476,0.8923505435288854,0.09999999999999998,0.3999999999999999,10,6.0449452935694445,0.8114730981624769,approximate_with_skipped_origins_overlap_selection_and_heavy_tails
middle_stable_2009_2016,mid_E2_B,primary,evaluation,persistence,baseline,2,61,9,0.13886227907375748,0.04131147540983605,0.3611304522635476,0.8923505435288854,0.09999999999999998,0.3999999999999999,10,6.0449452935694445,0.8114730981624769,approximate_with_skipped_origins_overlap_selection_and_heavy_tails
middle_stable_2009_2016,mid_E2_B,primary,evaluation,persistence,baseline,2,61,10,-0.054631239270261596,0.04131147540983605,0.3611304522635476,0.8923505435288854,0.09999999999999998,0.3999999999999999,10,6.0449452935694445,0.8114730981624769,approximate_with_skipped_origins_overlap_selection_and_heavy_tails
middle_stable_2009_2016,mid_E2_B,primary,evaluation,persistence,baseline,7,58,0,1.0,0.02607758620689625,0.41199437604955064,1.0003890123986507,0.10124999999999995,0.3999999999999999,10,6.902932840380167,0.734575818297783,approximate_with_skipped_origins_overlap_selection_and_heavy_tails
middle_stable_2009_2016,mid_E2_B,primary,evaluation,persistence,baseline,7,58,1,-0.01830178034245894,0.02607758620689625,0.41199437604955064,1.0003890123986507,0.10124999999999995,0.3999999999999999,10,6.902932840380167,0.734575818297783,approximate_with_skipped_origins_overlap_selection_and_heavy_tails
middle_stable_2009_2016,mid_E2_B,primary,evaluation,persistence,baseline,7,58,2,-0.08433729362307427,0.02607758620689625,0.41199437604955064,1.0003890123986507,0.10124999999999995,0.3999999999999999,10,6.902932840380167,0.734575818297783,approximate_with_skipped_origins_overlap_selection_and_heavy_tails
middle_stable_2009_2016,mid_E2_B,primary,evaluation,persistence,baseline,7,58,3,0.06367876316554974,0.02607758620689625,0.41199437604955064,1.0003890123986507,0.10124999999999995,0.3999999999999999,10,6.902932840380167,0.734575818297783,approximate_with_skipped_origins_overlap_selection_and_heavy_tails
middle_stable_2009_2016,mid_E2_B,primary,evaluation,persistence,baseline,7,58,4,0.0606697114673816,0.02607758620689625,0.41199437604955064,1.0003890123986507,0.10124999999999995,0.3999999999999999,10,6.902932840380167,0.734575818297783,approximate_with_skipped_origins_overlap_selection_and_heavy_tails
middle_stable_2009_2016,mid_E2_B,primary,evaluation,persistence,baseline,7,58,5,0.07001238916468043,0.02607758620689625,0.41199437604955064,1.0003890123986507,0.10124999999999995,0.3999999999999999,10,6.902932840380167,0.734575818297783,approximate_with_skipped_origins_overlap_selection_and_heavy_tails
middle_stable_2009_2016,mid_E2_B,primary,evaluation,persistence,baseline,7,58,6,-0.0622773823967923,0.02607758620689625,0.41199437604955064,1.0003890123986507,0.10124999999999995,0.3999999999999999,10,6.902932840380167,0.734575818297783,approximate_with_skipped_origins_overlap_selection_and_heavy_tails
middle_stable_2009_2016,mid_E2_B,primary,evaluation,persistence,baseline,7,58,7,0.08065350649447241,0.02607758620689625,0.41199437604955064,1.0003890123986507,0.10124999999999995,0.3999999999999999,10,6.902932840380167,0.734575818297783,approximate_with_skipped_origins_overlap_selection_and_heavy_tails
middle_stable_2009_2016,mid_E2_B,primary,evaluation,persistence,baseline,7,58,8,0.062185667521400166,0.02607758620689625,0.41199437604955064,1.0003890123986507,0.10124999999999995,0.3999999999999999,10,6.902932840380167,0.734575818297783,approximate_with_skipped_origins_overlap_selection_and_heavy_tails
middle_stable_2009_2016,mid_E2_B,primary,evaluation,persistence,baseline,7,58,9,0.10612657254709436,0.02607758620689625,0.41199437604955064,1.0003890123986507,0.10124999999999995,0.3999999999999999,10,6.902932840380167,0.734575818297783,approximate_with_skipped_origins_overlap_selection_and_heavy_tails
middle_stable_2009_2016,mid_E2_B,primary,evaluation,persistence,baseline,7,58,10,-0.23051302303954901,0.02607758620689625,0.41199437604955064,1.0003890123986507,0.10124999999999995,0.3999999999999999,10,6.902932840380167,0.734575818297783,approximate_with_skipped_origins_overlap_selection_and_heavy_tails
middle_stable_2009_2016,mid_E2_B,primary,evaluation,prior_year_same_date,baseline,1,57,0,1.0,0.006754385964912606,0.9400999981323792,3.1579695763551516,0.09999999999999998,0.32199999999999973,10,5.181257539258178,0.8787454359685626,approximate_with_skipped_origins_overlap_selection_and_heavy_tails
middle_stable_2009_2016,mid_E2_B,primary,evaluation,prior_year_same_date,baseline,1,57,1,0.1404537208410267,0.006754385964912606,0.9400999981323792,3.1579695763551516,0.09999999999999998,0.32199999999999973,10,5.181257539258178,0.8787454359685626,approximate_with_skipped_origins_overlap_selection_and_heavy_tails
middle_stable_2009_2016,mid_E2_B,primary,evaluation,prior_year_same_date,baseline,1,57,2,-0.07275940540870851,0.006754385964912606,0.9400999981323792,3.1579695763551516,0.09999999999999998,0.32199999999999973,10,5.181257539258178,0.8787454359685626,approximate_with_skipped_origins_overlap_selection_and_heavy_tails
middle_stable_2009_2016,mid_E2_B,primary,evaluation,prior_year_same_date,baseline,1,57,3,-0.007043047416059008,0.006754385964912606,0.9400999981323792,3.1579695763551516,0.09999999999999998,0.32199999999999973,10,5.181257539258178,0.8787454359685626,approximate_with_skipped_origins_overlap_selection_and_heavy_tails
middle_stable_2009_2016,mid_E2_B,primary,evaluation,prior_year_same_date,baseline,1,57,4,0.07786494853858913,0.006754385964912606,0.9400999981323792,3.1579695763551516,0.09999999999999998,0.32199999999999973,10,5.181257539258178,0.8787454359685626,approximate_with_skipped_origins_overlap_selection_and_heavy_tails
middle_stable_2009_2016,mid_E2_B,primary,evaluation,prior_year_same_date,baseline,1,57,5,-0.08199964823288962,0.006754385964912606,0.9400999981323792,3.1579695763551516,0.09999999999999998,0.32199999999999973,10,5.181257539258178,0.8787454359685626,approximate_with_skipped_origins_overlap_selection_and_heavy_tails
middle_stable_2009_2016,mid_E2_B,primary,evaluation,prior_year_same_date,baseline,1,57,6,-0.05506323775018645,0.006754385964912606,0.9400999981323792,3.1579695763551516,0.09999999999999998,0.32199999999999973,10,5.181257539258178,0.8787454359685626,approximate_with_skipped_origins_overlap_selection_and_heavy_tails
middle_stable_2009_2016,mid_E2_B,primary,evaluation,prior_year_same_date,baseline,1,57,7,0.07650244165465352,0.006754385964912606,0.9400999981323792,3.1579695763551516,0.09999999999999998,0.32199999999999973,10,5.181257539258178,0.8787454359685626,approximate_with_skipped_origins_overlap_selection_and_heavy_tails
middle_stable_2009_2016,mid_E2_B,primary,evaluation,prior_year_same_date,baseline,1,57,8,-0.03312364361193183,0.006754385964912606,0.9400999981323792,3.1579695763551516,0.09999999999999998,0.32199999999999973,10,5.181257539258178,0.8787454359685626,approximate_with_skipped_origins_overlap_selection_and_heavy_tails
middle_stable_2009_2016,mid_E2_B,primary,evaluation,prior_year_same_date,baseline,1,57,9,0.11872571541019761,0.006754385964912606,0.9400999981323792,3.1579695763551516,0.09999999999999998,0.32199999999999973,10,5.181257539258178,0.8787454359685626,approximate_with_skipped_origins_overlap_selection_and_heavy_tails
middle_stable_2009_2016,mid_E2_B,primary,evaluation,prior_year_same_date,baseline,1,57,10,0.1291636760001694,0.006754385964912606,0.9400999981323792,3.1579695763551516,0.09999999999999998,0.32199999999999973,10,5.181257539258178,0.8787454359685626,approximate_with_skipped_origins_overlap_selection_and_heavy_tails
middle_stable_2009_2016,mid_E2_B,primary,evaluation,prior_year_same_date,baseline,2,57,0,1.0,0.02109649122807016,0.28046718001335474,1.7598543518231748,0.1,0.4010000000000001,10,14.972349458849544,0.13307320189669827,approximate_with_skipped_origins_overlap_selection_and_heavy_tails
middle_stable_2009_2016,mid_E2_B,primary,evaluation,prior_year_same_date,baseline,2,57,1,-0.06256802091792972,0.02109649122807016,0.28046718001335474,1.7598543518231748,0.1,0.4010000000000001,10,14.972349458849544,0.13307320189669827,approximate_with_skipped_origins_overlap_selection_and_heavy_tails
middle_stable_2009_2016,mid_E2_B,primary,evaluation,prior_year_same_date,baseline,2,57,2,-0.04431809083175559,0.02109649122807016,0.28046718001335474,1.7598543518231748,0.1,0.4010000000000001,10,14.972349458849544,0.13307320189669827,approximate_with_skipped_origins_overlap_selection_and_heavy_tails
middle_stable_2009_2016,mid_E2_B,primary,evaluation,prior_year_same_date,baseline,2,57,3,0.09626804620497187,0.02109649122807016,0.28046718001335474,1.7598543518231748,0.1,0.4010000000000001,10,14.972349458849544,0.13307320189669827,approximate_with_skipped_origins_overlap_selection_and_heavy_tails
middle_stable_2009_2016,mid_E2_B,primary,evaluation,prior_year_same_date,baseline,2,57,4,-0.046982877540052426,0.02109649122807016,0.28046718001335474,1.7598543518231748,0.1,0.4010000000000001,10,14.972349458849544,0.13307320189669827,approximate_with_skipped_origins_overlap_selection_and_heavy_tails
middle_stable_2009_2016,mid_E2_B,primary,evaluation,prior_year_same_date,baseline,2,57,5,-0.3196074369085134,0.02109649122807016,0.28046718001335474,1.7598543518231748,0.1,0.4010000000000001,10,14.972349458849544,0.13307320189669827,approximate_with_skipped_origins_overlap_selection_and_heavy_tails
middle_stable_2009_2016,mid_E2_B,primary,evaluation,prior_year_same_date,baseline,2,57,6,0.2746238279105655,0.02109649122807016,0.28046718001335474,1.7598543518231748,0.1,0.4010000000000001,10,14.972349458849544,0.13307320189669827,approximate_with_skipped_origins_overlap_selection_and_heavy_tails
middle_stable_2009_2016,mid_E2_B,primary,evaluation,prior_year_same_date,baseline,2,57,7,0.09707085144553344,0.02109649122807016,0.28046718001335474,1.7598543518231748,0.1,0.4010000000000001,10,14.972349458849544,0.13307320189669827,approximate_with_skipped_origins_overlap_selection_and_heavy_tails
middle_stable_2009_2016,mid_E2_B,primary,evaluation,prior_year_same_date,baseline,2,57,8,0.08504567015534491,0.02109649122807016,0.28046718001335474,1.7598543518231748,0.1,0.4010000000000001,10,14.972349458849544,0.13307320189669827,approximate_with_skipped_origins_overlap_selection_and_heavy_tails
middle_stable_2009_2016,mid_E2_B,primary,evaluation,prior_year_same_date,baseline,2,57,9,0.11770522230437463,0.02109649122807016,0.28046718001335474,1.7598543518231748,0.1,0.4010000000000001,10,14.972349458849544,0.13307320189669827,approximate_with_skipped_origins_overlap_selection_and_heavy_tails
middle_stable_2009_2016,mid_E2_B,primary,evaluation,prior_year_same_date,baseline,2,57,10,0.05540140204924347,0.02109649122807016,0.28046718001335474,1.7598543518231748,0.1,0.4010000000000001,10,14.972349458849544,0.13307320189669827,approximate_with_skipped_origins_overlap_selection_and_heavy_tails
middle_stable_2009_2016,mid_E2_B,primary,evaluation,prior_year_same_date,baseline,7,56,0,1.0,-0.022812500000000315,0.6212576462253082,2.0723139758169324,0.05999999999999994,0.405,10,8.54368216551801,0.5758859740475961,approximate_with_skipped_origins_overlap_selection_and_heavy_tails
middle_stable_2009_2016,mid_E2_B,primary,evaluation,prior_year_same_date,baseline,7,56,1,-0.1107857869395208,-0.022812500000000315,0.6212576462253082,2.0723139758169324,0.05999999999999994,0.405,10,8.54368216551801,0.5758859740475961,approximate_with_skipped_origins_overlap_selection_and_heavy_tails
middle_stable_2009_2016,mid_E2_B,primary,evaluation,prior_year_same_date,baseline,7,56,2,0.16788123387157752,-0.022812500000000315,0.6212576462253082,2.0723139758169324,0.05999999999999994,0.405,10,8.54368216551801,0.5758859740475961,approximate_with_skipped_origins_overlap_selection_and_heavy_tails
middle_stable_2009_2016,mid_E2_B,primary,evaluation,prior_year_same_date,baseline,7,56,3,0.07475834891033781,-0.022812500000000315,0.6212576462253082,2.0723139758169324,0.05999999999999994,0.405,10,8.54368216551801,0.5758859740475961,approximate_with_skipped_origins_overlap_selection_and_heavy_tails
middle_stable_2009_2016,mid_E2_B,primary,evaluation,prior_year_same_date,baseline,7,56,4,-0.10257873676229176,-0.022812500000000315,0.6212576462253082,2.0723139758169324,0.05999999999999994,0.405,10,8.54368216551801,0.5758859740475961,approximate_with_skipped_origins_overlap_selection_and_heavy_tails
middle_stable_2009_2016,mid_E2_B,primary,evaluation,prior_year_same_date,baseline,7,56,5,0.0486489787920883,-0.022812500000000315,0.6212576462253082,2.0723139758169324,0.05999999999999994,0.405,10,8.54368216551801,0.5758859740475961,approximate_with_skipped_origins_overlap_selection_and_heavy_tails
middle_stable_2009_2016,mid_E2_B,primary,evaluation,prior_year_same_date,baseline,7,56,6,0.04709047230737308,-0.022812500000000315,0.6212576462253082,2.0723139758169324,0.05999999999999994,0.405,10,8.54368216551801,0.5758859740475961,approximate_with_skipped_origins_overlap_selection_and_heavy_tails
middle_stable_2009_2016,mid_E2_B,primary,evaluation,prior_year_same_date,baseline,7,56,7,-0.02249669558960555,-0.022812500000000315,0.6212576462253082,2.0723139758169324,0.05999999999999994,0.405,10,8.54368216551801,0.5758859740475961,approximate_with_skipped_origins_overlap_selection_and_heavy_tails
middle_stable_2009_2016,mid_E2_B,primary,evaluation,prior_year_same_date,baseline,7,56,8,-0.1657700542001508,-0.022812500000000315,0.6212576462253082,2.0723139758169324,0.05999999999999994,0.405,10,8.54368216551801,0.5758859740475961,approximate_with_skipped_origins_overlap_selection_and_heavy_tails
middle_stable_2009_2016,mid_E2_B,primary,evaluation,prior_year_same_date,baseline,7,56,9,0.11776827058006659,-0.022812500000000315,0.6212576462253082,2.0723139758169324,0.05999999999999994,0.405,10,8.54368216551801,0.5758859740475961,approximate_with_skipped_origins_overlap_selection_and_heavy_tails
middle_stable_2009_2016,mid_E2_B,primary,evaluation,prior_year_same_date,baseline,7,56,10,-0.16735824995297163,-0.022812500000000315,0.6212576462253082,2.0723139758169324,0.05999999999999994,0.405,10,8.54368216551801,0.5758859740475961,approximate_with_skipped_origins_overlap_selection_and_heavy_tails
middle_stable_2009_2016,mid_E2_B,primary,evaluation,zero_change,baseline,1,61,0,1.0,-0.006803278688524283,0.7642623857020536,3.1225043583429652,0.0,0.20500000000000007,10,5.671054391311606,0.8421013603880204,approximate_with_skipped_origins_overlap_selection_and_heavy_tails
middle_stable_2009_2016,mid_E2_B,primary,evaluation,zero_change,baseline,1,61,1,0.08540688719384401,-0.006803278688524283,0.7642623857020536,3.1225043583429652,0.0,0.20500000000000007,10,5.671054391311606,0.8421013603880204,approximate_with_skipped_origins_overlap_selection_and_heavy_tails
middle_stable_2009_2016,mid_E2_B,primary,evaluation,zero_change,baseline,1,61,2,-0.00840851466552965,-0.006803278688524283,0.7642623857020536,3.1225043583429652,0.0,0.20500000000000007,10,5.671054391311606,0.8421013603880204,approximate_with_skipped_origins_overlap_selection_and_heavy_tails
middle_stable_2009_2016,mid_E2_B,primary,evaluation,zero_change,baseline,1,61,3,0.16376049694648345,-0.006803278688524283,0.7642623857020536,3.1225043583429652,0.0,0.20500000000000007,10,5.671054391311606,0.8421013603880204,approximate_with_skipped_origins_overlap_selection_and_heavy_tails
middle_stable_2009_2016,mid_E2_B,primary,evaluation,zero_change,baseline,1,61,4,0.10417271379266471,-0.006803278688524283,0.7642623857020536,3.1225043583429652,0.0,0.20500000000000007,10,5.671054391311606,0.8421013603880204,approximate_with_skipped_origins_overlap_selection_and_heavy_tails
middle_stable_2009_2016,mid_E2_B,primary,evaluation,zero_change,baseline,1,61,5,0.005923820080655596,-0.006803278688524283,0.7642623857020536,3.1225043583429652,0.0,0.20500000000000007,10,5.671054391311606,0.8421013603880204,approximate_with_skipped_origins_overlap_selection_and_heavy_tails
middle_stable_2009_2016,mid_E2_B,primary,evaluation,zero_change,baseline,1,61,6,0.04738812039540386,-0.006803278688524283,0.7642623857020536,3.1225043583429652,0.0,0.20500000000000007,10,5.671054391311606,0.8421013603880204,approximate_with_skipped_origins_overlap_selection_and_heavy_tails
middle_stable_2009_2016,mid_E2_B,primary,evaluation,zero_change,baseline,1,61,7,-0.09890740885636916,-0.006803278688524283,0.7642623857020536,3.1225043583429652,0.0,0.20500000000000007,10,5.671054391311606,0.8421013603880204,approximate_with_skipped_origins_overlap_selection_and_heavy_tails
middle_stable_2009_2016,mid_E2_B,primary,evaluation,zero_change,baseline,1,61,8,0.0022717875121212668,-0.006803278688524283,0.7642623857020536,3.1225043583429652,0.0,0.20500000000000007,10,5.671054391311606,0.8421013603880204,approximate_with_skipped_origins_overlap_selection_and_heavy_tails
middle_stable_2009_2016,mid_E2_B,primary,evaluation,zero_change,baseline,1,61,9,-0.1517414245020159,-0.006803278688524283,0.7642623857020536,3.1225043583429652,0.0,0.20500000000000007,10,5.671054391311606,0.8421013603880204,approximate_with_skipped_origins_overlap_selection_and_heavy_tails
middle_stable_2009_2016,mid_E2_B,primary,evaluation,zero_change,baseline,1,61,10,-0.04203507286971554,-0.006803278688524283,0.7642623857020536,3.1225043583429652,0.0,0.20500000000000007,10,5.671054391311606,0.8421013603880204,approximate_with_skipped_origins_overlap_selection_and_heavy_tails
middle_stable_2009_2016,mid_E2_B,primary,evaluation,zero_change,baseline,2,61,0,1.0,0.019754098360655725,0.1348901797865403,2.718680801551887,0.0,0.20500000000000007,10,7.774563652328402,0.6508465064880502,approximate_with_skipped_origins_overlap_selection_and_heavy_tails
middle_stable_2009_2016,mid_E2_B,primary,evaluation,zero_change,baseline,2,61,1,0.16836037254465844,0.019754098360655725,0.1348901797865403,2.718680801551887,0.0,0.20500000000000007,10,7.774563652328402,0.6508465064880502,approximate_with_skipped_origins_overlap_selection_and_heavy_tails
middle_stable_2009_2016,mid_E2_B,primary,evaluation,zero_change,baseline,2,61,2,0.08589677248950582,0.019754098360655725,0.1348901797865403,2.718680801551887,0.0,0.20500000000000007,10,7.774563652328402,0.6508465064880502,approximate_with_skipped_origins_overlap_selection_and_heavy_tails
middle_stable_2009_2016,mid_E2_B,primary,evaluation,zero_change,baseline,2,61,3,0.0646104655111876,0.019754098360655725,0.1348901797865403,2.718680801551887,0.0,0.20500000000000007,10,7.774563652328402,0.6508465064880502,approximate_with_skipped_origins_overlap_selection_and_heavy_tails
middle_stable_2009_2016,mid_E2_B,primary,evaluation,zero_change,baseline,2,61,4,-0.21391531946103293,0.019754098360655725,0.1348901797865403,2.718680801551887,0.0,0.20500000000000007,10,7.774563652328402,0.6508465064880502,approximate_with_skipped_origins_overlap_selection_and_heavy_tails
middle_stable_2009_2016,mid_E2_B,primary,evaluation,zero_change,baseline,2,61,5,-0.1392932682699647,0.019754098360655725,0.1348901797865403,2.718680801551887,0.0,0.20500000000000007,10,7.774563652328402,0.6508465064880502,approximate_with_skipped_origins_overlap_selection_and_heavy_tails
middle_stable_2009_2016,mid_E2_B,primary,evaluation,zero_change,baseline,2,61,6,0.03309514157794757,0.019754098360655725,0.1348901797865403,2.718680801551887,0.0,0.20500000000000007,10,7.774563652328402,0.6508465064880502,approximate_with_skipped_origins_overlap_selection_and_heavy_tails
middle_stable_2009_2016,mid_E2_B,primary,evaluation,zero_change,baseline,2,61,7,0.08638679985338464,0.019754098360655725,0.1348901797865403,2.718680801551887,0.0,0.20500000000000007,10,7.774563652328402,0.6508465064880502,approximate_with_skipped_origins_overlap_selection_and_heavy_tails
middle_stable_2009_2016,mid_E2_B,primary,evaluation,zero_change,baseline,2,61,8,0.014427781462169166,0.019754098360655725,0.1348901797865403,2.718680801551887,0.0,0.20500000000000007,10,7.774563652328402,0.6508465064880502,approximate_with_skipped_origins_overlap_selection_and_heavy_tails
middle_stable_2009_2016,mid_E2_B,primary,evaluation,zero_change,baseline,2,61,9,0.03463289909698553,0.019754098360655725,0.1348901797865403,2.718680801551887,0.0,0.20500000000000007,10,7.774563652328402,0.6508465064880502,approximate_with_skipped_origins_overlap_selection_and_heavy_tails
middle_stable_2009_2016,mid_E2_B,primary,evaluation,zero_change,baseline,2,61,10,-0.03130175501880818,0.019754098360655725,0.1348901797865403,2.718680801551887,0.0,0.20500000000000007,10,7.774563652328402,0.6508465064880502,approximate_with_skipped_origins_overlap_selection_and_heavy_tails
middle_stable_2009_2016,mid_E2_B,primary,evaluation,zero_change,baseline,7,58,0,1.0,0.010474137931034182,1.3466586588894982,5.568296356371755,0.0,0.21925000000001535,10,8.381943200923349,0.5915827276869997,approximate_with_skipped_origins_overlap_selection_and_heavy_tails
middle_stable_2009_2016,mid_E2_B,primary,evaluation,zero_change,baseline,7,58,1,-0.13574836718088193,0.010474137931034182,1.3466586588894982,5.568296356371755,0.0,0.21925000000001535,10,8.381943200923349,0.5915827276869997,approximate_with_skipped_origins_overlap_selection_and_heavy_tails
middle_stable_2009_2016,mid_E2_B,primary,evaluation,zero_change,baseline,7,58,2,-0.05928503612012226,0.010474137931034182,1.3466586588894982,5.568296356371755,0.0,0.21925000000001535,10,8.381943200923349,0.5915827276869997,approximate_with_skipped_origins_overlap_selection_and_heavy_tails
middle_stable_2009_2016,mid_E2_B,primary,evaluation,zero_change,baseline,7,58,3,0.10161099441018984,0.010474137931034182,1.3466586588894982,5.568296356371755,0.0,0.21925000000001535,10,8.381943200923349,0.5915827276869997,approximate_with_skipped_origins_overlap_selection_and_heavy_tails
middle_stable_2009_2016,mid_E2_B,primary,evaluation,zero_change,baseline,7,58,4,-0.0621509014942187,0.010474137931034182,1.3466586588894982,5.568296356371755,0.0,0.21925000000001535,10,8.381943200923349,0.5915827276869997,approximate_with_skipped_origins_overlap_selection_and_heavy_tails
middle_stable_2009_2016,mid_E2_B,primary,evaluation,zero_change,baseline,7,58,5,0.14689407343086008,0.010474137931034182,1.3466586588894982,5.568296356371755,0.0,0.21925000000001535,10,8.381943200923349,0.5915827276869997,approximate_with_skipped_origins_overlap_selection_and_heavy_tails
middle_stable_2009_2016,mid_E2_B,primary,evaluation,zero_change,baseline,7,58,6,0.19207498697271477,0.010474137931034182,1.3466586588894982,5.568296356371755,0.0,0.21925000000001535,10,8.381943200923349,0.5915827276869997,approximate_with_skipped_origins_overlap_selection_and_heavy_tails
middle_stable_2009_2016,mid_E2_B,primary,evaluation,zero_change,baseline,7,58,7,-0.06108720753588541,0.010474137931034182,1.3466586588894982,5.568296356371755,0.0,0.21925000000001535,10,8.381943200923349,0.5915827276869997,approximate_with_skipped_origins_overlap_selection_and_heavy_tails
middle_stable_2009_2016,mid_E2_B,primary,evaluation,zero_change,baseline,7,58,8,-0.07944110864214103,0.010474137931034182,1.3466586588894982,5.568296356371755,0.0,0.21925000000001535,10,8.381943200923349,0.5915827276869997,approximate_with_skipped_origins_overlap_selection_and_heavy_tails
middle_stable_2009_2016,mid_E2_B,primary,evaluation,zero_change,baseline,7,58,9,0.1205161541514178,0.010474137931034182,1.3466586588894982,5.568296356371755,0.0,0.21925000000001535,10,8.381943200923349,0.5915827276869997,approximate_with_skipped_origins_overlap_selection_and_heavy_tails
middle_stable_2009_2016,mid_E2_B,primary,evaluation,zero_change,baseline,7,58,10,-0.08510400415337131,0.010474137931034182,1.3466586588894982,5.568296356371755,0.0,0.21925000000001535,10,8.381943200923349,0.5915827276869997,approximate_with_skipped_origins_overlap_selection_and_heavy_tails
middle_stable_2009_2016,mid_E2_B,primary,selection,arima_ar1,ARIMA,1,85,0,1.0,-0.01026296223413635,-4.194903346281778,45.21318403308428,0.149712516546325,0.39387001644734754,10,14.202514733923477,0.1639530855982229,approximate_with_skipped_origins_overlap_selection_and_heavy_tails
middle_stable_2009_2016,mid_E2_B,primary,selection,arima_ar1,ARIMA,1,85,1,-0.06541387235479798,-0.01026296223413635,-4.194903346281778,45.21318403308428,0.149712516546325,0.39387001644734754,10,14.202514733923477,0.1639530855982229,approximate_with_skipped_origins_overlap_selection_and_heavy_tails
middle_stable_2009_2016,mid_E2_B,primary,selection,arima_ar1,ARIMA,1,85,2,-0.38496866883616226,-0.01026296223413635,-4.194903346281778,45.21318403308428,0.149712516546325,0.39387001644734754,10,14.202514733923477,0.1639530855982229,approximate_with_skipped_origins_overlap_selection_and_heavy_tails
middle_stable_2009_2016,mid_E2_B,primary,selection,arima_ar1,ARIMA,1,85,3,0.004634779643508873,-0.01026296223413635,-4.194903346281778,45.21318403308428,0.149712516546325,0.39387001644734754,10,14.202514733923477,0.1639530855982229,approximate_with_skipped_origins_overlap_selection_and_heavy_tails
middle_stable_2009_2016,mid_E2_B,primary,selection,arima_ar1,ARIMA,1,85,4,-0.027826854874654482,-0.01026296223413635,-4.194903346281778,45.21318403308428,0.149712516546325,0.39387001644734754,10,14.202514733923477,0.1639530855982229,approximate_with_skipped_origins_overlap_selection_and_heavy_tails
middle_stable_2009_2016,mid_E2_B,primary,selection,arima_ar1,ARIMA,1,85,5,0.053351832777340395,-0.01026296223413635,-4.194903346281778,45.21318403308428,0.149712516546325,0.39387001644734754,10,14.202514733923477,0.1639530855982229,approximate_with_skipped_origins_overlap_selection_and_heavy_tails
middle_stable_2009_2016,mid_E2_B,primary,selection,arima_ar1,ARIMA,1,85,6,-0.04606882717998148,-0.01026296223413635,-4.194903346281778,45.21318403308428,0.149712516546325,0.39387001644734754,10,14.202514733923477,0.1639530855982229,approximate_with_skipped_origins_overlap_selection_and_heavy_tails
middle_stable_2009_2016,mid_E2_B,primary,selection,arima_ar1,ARIMA,1,85,7,-0.02059386342171002,-0.01026296223413635,-4.194903346281778,45.21318403308428,0.149712516546325,0.39387001644734754,10,14.202514733923477,0.1639530855982229,approximate_with_skipped_origins_overlap_selection_and_heavy_tails
middle_stable_2009_2016,mid_E2_B,primary,selection,arima_ar1,ARIMA,1,85,8,0.012268281336774269,-0.01026296223413635,-4.194903346281778,45.21318403308428,0.149712516546325,0.39387001644734754,10,14.202514733923477,0.1639530855982229,approximate_with_skipped_origins_overlap_selection_and_heavy_tails
middle_stable_2009_2016,mid_E2_B,primary,selection,arima_ar1,ARIMA,1,85,9,0.008328607771960832,-0.01026296223413635,-4.194903346281778,45.21318403308428,0.149712516546325,0.39387001644734754,10,14.202514733923477,0.1639530855982229,approximate_with_skipped_origins_overlap_selection_and_heavy_tails
middle_stable_2009_2016,mid_E2_B,primary,selection,arima_ar1,ARIMA,1,85,10,0.01618325103997501,-0.01026296223413635,-4.194903346281778,45.21318403308428,0.149712516546325,0.39387001644734754,10,14.202514733923477,0.1639530855982229,approximate_with_skipped_origins_overlap_selection_and_heavy_tails
middle_stable_2009_2016,mid_E2_B,primary,selection,arima_ar1,ARIMA,2,85,0,1.0,0.0067029703862292785,2.7289981660654843,40.80922907620766,0.043957144426756974,0.39540167381193625,10,20.508889776714668,0.024790682766284235,approximate_with_skipped_origins_overlap_selection_and_heavy_tails
middle_stable_2009_2016,mid_E2_B,primary,selection,arima_ar1,ARIMA,2,85,1,0.030685222257506427,0.0067029703862292785,2.7289981660654843,40.80922907620766,0.043957144426756974,0.39540167381193625,10,20.508889776714668,0.024790682766284235,approximate_with_skipped_origins_overlap_selection_and_heavy_tails
middle_stable_2009_2016,mid_E2_B,primary,selection,arima_ar1,ARIMA,2,85,2,-0.44767240846773076,0.0067029703862292785,2.7289981660654843,40.80922907620766,0.043957144426756974,0.39540167381193625,10,20.508889776714668,0.024790682766284235,approximate_with_skipped_origins_overlap_selection_and_heavy_tails
middle_stable_2009_2016,mid_E2_B,primary,selection,arima_ar1,ARIMA,2,85,3,-0.11147504719243129,0.0067029703862292785,2.7289981660654843,40.80922907620766,0.043957144426756974,0.39540167381193625,10,20.508889776714668,0.024790682766284235,approximate_with_skipped_origins_overlap_selection_and_heavy_tails
middle_stable_2009_2016,mid_E2_B,primary,selection,arima_ar1,ARIMA,2,85,4,0.005217543505103147,0.0067029703862292785,2.7289981660654843,40.80922907620766,0.043957144426756974,0.39540167381193625,10,20.508889776714668,0.024790682766284235,approximate_with_skipped_origins_overlap_selection_and_heavy_tails
middle_stable_2009_2016,mid_E2_B,primary,selection,arima_ar1,ARIMA,2,85,5,0.11015234945437345,0.0067029703862292785,2.7289981660654843,40.80922907620766,0.043957144426756974,0.39540167381193625,10,20.508889776714668,0.024790682766284235,approximate_with_skipped_origins_overlap_selection_and_heavy_tails
middle_stable_2009_2016,mid_E2_B,primary,selection,arima_ar1,ARIMA,2,85,6,-0.04014467253933528,0.0067029703862292785,2.7289981660654843,40.80922907620766,0.043957144426756974,0.39540167381193625,10,20.508889776714668,0.024790682766284235,approximate_with_skipped_origins_overlap_selection_and_heavy_tails
middle_stable_2009_2016,mid_E2_B,primary,selection,arima_ar1,ARIMA,2,85,7,0.01952061873377128,0.0067029703862292785,2.7289981660654843,40.80922907620766,0.043957144426756974,0.39540167381193625,10,20.508889776714668,0.024790682766284235,approximate_with_skipped_origins_overlap_selection_and_heavy_tails
middle_stable_2009_2016,mid_E2_B,primary,selection,arima_ar1,ARIMA,2,85,8,-0.02123732026415559,0.0067029703862292785,2.7289981660654843,40.80922907620766,0.043957144426756974,0.39540167381193625,10,20.508889776714668,0.024790682766284235,approximate_with_skipped_origins_overlap_selection_and_heavy_tails
middle_stable_2009_2016,mid_E2_B,primary,selection,arima_ar1,ARIMA,2,85,9,-0.01271950736611931,0.0067029703862292785,2.7289981660654843,40.80922907620766,0.043957144426756974,0.39540167381193625,10,20.508889776714668,0.024790682766284235,approximate_with_skipped_origins_overlap_selection_and_heavy_tails
middle_stable_2009_2016,mid_E2_B,primary,selection,arima_ar1,ARIMA,2,85,10,0.028366846657437682,0.0067029703862292785,2.7289981660654843,40.80922907620766,0.043957144426756974,0.39540167381193625,10,20.508889776714668,0.024790682766284235,approximate_with_skipped_origins_overlap_selection_and_heavy_tails
middle_stable_2009_2016,mid_E2_B,primary,selection,arima_ar1,ARIMA,7,81,0,1.0,0.010912490294724441,5.573805362103055,39.09366503127834,0.0921897938095593,0.47887553778449016,10,19.66262336456489,0.032610120102221696,approximate_with_skipped_origins_overlap_selection_and_heavy_tails
middle_stable_2009_2016,mid_E2_B,primary,selection,arima_ar1,ARIMA,7,81,1,0.3297600801239961,0.010912490294724441,5.573805362103055,39.09366503127834,0.0921897938095593,0.47887553778449016,10,19.66262336456489,0.032610120102221696,approximate_with_skipped_origins_overlap_selection_and_heavy_tails
middle_stable_2009_2016,mid_E2_B,primary,selection,arima_ar1,ARIMA,7,81,2,0.30553669822279267,0.010912490294724441,5.573805362103055,39.09366503127834,0.0921897938095593,0.47887553778449016,10,19.66262336456489,0.032610120102221696,approximate_with_skipped_origins_overlap_selection_and_heavy_tails
middle_stable_2009_2016,mid_E2_B,primary,selection,arima_ar1,ARIMA,7,81,3,0.14773936633905746,0.010912490294724441,5.573805362103055,39.09366503127834,0.0921897938095593,0.47887553778449016,10,19.66262336456489,0.032610120102221696,approximate_with_skipped_origins_overlap_selection_and_heavy_tails
middle_stable_2009_2016,mid_E2_B,primary,selection,arima_ar1,ARIMA,7,81,4,-0.04643756368317994,0.010912490294724441,5.573805362103055,39.09366503127834,0.0921897938095593,0.47887553778449016,10,19.66262336456489,0.032610120102221696,approximate_with_skipped_origins_overlap_selection_and_heavy_tails
middle_stable_2009_2016,mid_E2_B,primary,selection,arima_ar1,ARIMA,7,81,5,-0.04940417165455194,0.010912490294724441,5.573805362103055,39.09366503127834,0.0921897938095593,0.47887553778449016,10,19.66262336456489,0.032610120102221696,approximate_with_skipped_origins_overlap_selection_and_heavy_tails
middle_stable_2009_2016,mid_E2_B,primary,selection,arima_ar1,ARIMA,7,81,6,-0.011168221774696481,0.010912490294724441,5.573805362103055,39.09366503127834,0.0921897938095593,0.47887553778449016,10,19.66262336456489,0.032610120102221696,approximate_with_skipped_origins_overlap_selection_and_heavy_tails
middle_stable_2009_2016,mid_E2_B,primary,selection,arima_ar1,ARIMA,7,81,7,0.0037797699317493184,0.010912490294724441,5.573805362103055,39.09366503127834,0.0921897938095593,0.47887553778449016,10,19.66262336456489,0.032610120102221696,approximate_with_skipped_origins_overlap_selection_and_heavy_tails
middle_stable_2009_2016,mid_E2_B,primary,selection,arima_ar1,ARIMA,7,81,8,-0.001308612672442694,0.010912490294724441,5.573805362103055,39.09366503127834,0.0921897938095593,0.47887553778449016,10,19.66262336456489,0.032610120102221696,approximate_with_skipped_origins_overlap_selection_and_heavy_tails
middle_stable_2009_2016,mid_E2_B,primary,selection,arima_ar1,ARIMA,7,81,9,-0.049634125629763166,0.010912490294724441,5.573805362103055,39.09366503127834,0.0921897938095593,0.47887553778449016,10,19.66262336456489,0.032610120102221696,approximate_with_skipped_origins_overlap_selection_and_heavy_tails
middle_stable_2009_2016,mid_E2_B,primary,selection,arima_ar1,ARIMA,7,81,10,-0.02335140818430225,0.010912490294724441,5.573805362103055,39.09366503127834,0.0921897938095593,0.47887553778449016,10,19.66262336456489,0.032610120102221696,approximate_with_skipped_origins_overlap_selection_and_heavy_tails
middle_stable_2009_2016,mid_E2_B,primary,selection,arima_ar1_weekly,ARIMA,1,85,0,1.0,-0.00859354813310616,-4.055958987288319,44.59002853517656,0.1513641010826539,0.3928819530956945,10,14.374324626789482,0.15659189223082653,approximate_with_skipped_origins_overlap_selection_and_heavy_tails
middle_stable_2009_2016,mid_E2_B,primary,selection,arima_ar1_weekly,ARIMA,1,85,1,-0.0628419239018086,-0.00859354813310616,-4.055958987288319,44.59002853517656,0.1513641010826539,0.3928819530956945,10,14.374324626789482,0.15659189223082653,approximate_with_skipped_origins_overlap_selection_and_heavy_tails
middle_stable_2009_2016,mid_E2_B,primary,selection,arima_ar1_weekly,ARIMA,1,85,2,-0.38780128430741045,-0.00859354813310616,-4.055958987288319,44.59002853517656,0.1513641010826539,0.3928819530956945,10,14.374324626789482,0.15659189223082653,approximate_with_skipped_origins_overlap_selection_and_heavy_tails
middle_stable_2009_2016,mid_E2_B,primary,selection,arima_ar1_weekly,ARIMA,1,85,3,0.003022414112753366,-0.00859354813310616,-4.055958987288319,44.59002853517656,0.1513641010826539,0.3928819530956945,10,14.374324626789482,0.15659189223082653,approximate_with_skipped_origins_overlap_selection_and_heavy_tails
middle_stable_2009_2016,mid_E2_B,primary,selection,arima_ar1_weekly,ARIMA,1,85,4,-0.028040667339757675,-0.00859354813310616,-4.055958987288319,44.59002853517656,0.1513641010826539,0.3928819530956945,10,14.374324626789482,0.15659189223082653,approximate_with_skipped_origins_overlap_selection_and_heavy_tails
middle_stable_2009_2016,mid_E2_B,primary,selection,arima_ar1_weekly,ARIMA,1,85,5,0.05377616191380158,-0.00859354813310616,-4.055958987288319,44.59002853517656,0.1513641010826539,0.3928819530956945,10,14.374324626789482,0.15659189223082653,approximate_with_skipped_origins_overlap_selection_and_heavy_tails
middle_stable_2009_2016,mid_E2_B,primary,selection,arima_ar1_weekly,ARIMA,1,85,6,-0.04611039263760974,-0.00859354813310616,-4.055958987288319,44.59002853517656,0.1513641010826539,0.3928819530956945,10,14.374324626789482,0.15659189223082653,approximate_with_skipped_origins_overlap_selection_and_heavy_tails
middle_stable_2009_2016,mid_E2_B,primary,selection,arima_ar1_weekly,ARIMA,1,85,7,-0.020586565664253906,-0.00859354813310616,-4.055958987288319,44.59002853517656,0.1513641010826539,0.3928819530956945,10,14.374324626789482,0.15659189223082653,approximate_with_skipped_origins_overlap_selection_and_heavy_tails
middle_stable_2009_2016,mid_E2_B,primary,selection,arima_ar1_weekly,ARIMA,1,85,8,0.012024937176671817,-0.00859354813310616,-4.055958987288319,44.59002853517656,0.1513641010826539,0.3928819530956945,10,14.374324626789482,0.15659189223082653,approximate_with_skipped_origins_overlap_selection_and_heavy_tails
middle_stable_2009_2016,mid_E2_B,primary,selection,arima_ar1_weekly,ARIMA,1,85,9,0.00864553349401329,-0.00859354813310616,-4.055958987288319,44.59002853517656,0.1513641010826539,0.3928819530956945,10,14.374324626789482,0.15659189223082653,approximate_with_skipped_origins_overlap_selection_and_heavy_tails
middle_stable_2009_2016,mid_E2_B,primary,selection,arima_ar1_weekly,ARIMA,1,85,10,0.016602893852013932,-0.00859354813310616,-4.055958987288319,44.59002853517656,0.1513641010826539,0.3928819530956945,10,14.374324626789482,0.15659189223082653,approximate_with_skipped_origins_overlap_selection_and_heavy_tails
middle_stable_2009_2016,mid_E2_B,primary,selection,arima_ar1_weekly,ARIMA,2,85,0,1.0,0.009262499821328691,3.053057991404581,41.58646970746875,0.04462611152567604,0.395584024201925,10,20.1066257639998,0.028260165427345572,approximate_with_skipped_origins_overlap_selection_and_heavy_tails
middle_stable_2009_2016,mid_E2_B,primary,selection,arima_ar1_weekly,ARIMA,2,85,1,0.03690472342128969,0.009262499821328691,3.053057991404581,41.58646970746875,0.04462611152567604,0.395584024201925,10,20.1066257639998,0.028260165427345572,approximate_with_skipped_origins_overlap_selection_and_heavy_tails
middle_stable_2009_2016,mid_E2_B,primary,selection,arima_ar1_weekly,ARIMA,2,85,2,-0.44123578638357336,0.009262499821328691,3.053057991404581,41.58646970746875,0.04462611152567604,0.395584024201925,10,20.1066257639998,0.028260165427345572,approximate_with_skipped_origins_overlap_selection_and_heavy_tails
middle_stable_2009_2016,mid_E2_B,primary,selection,arima_ar1_weekly,ARIMA,2,85,3,-0.11322633983943517,0.009262499821328691,3.053057991404581,41.58646970746875,0.04462611152567604,0.395584024201925,10,20.1066257639998,0.028260165427345572,approximate_with_skipped_origins_overlap_selection_and_heavy_tails
middle_stable_2009_2016,mid_E2_B,primary,selection,arima_ar1_weekly,ARIMA,2,85,4,0.005109519934999071,0.009262499821328691,3.053057991404581,41.58646970746875,0.04462611152567604,0.395584024201925,10,20.1066257639998,0.028260165427345572,approximate_with_skipped_origins_overlap_selection_and_heavy_tails
middle_stable_2009_2016,mid_E2_B,primary,selection,arima_ar1_weekly,ARIMA,2,85,5,0.11167529129931593,0.009262499821328691,3.053057991404581,41.58646970746875,0.04462611152567604,0.395584024201925,10,20.1066257639998,0.028260165427345572,approximate_with_skipped_origins_overlap_selection_and_heavy_tails
middle_stable_2009_2016,mid_E2_B,primary,selection,arima_ar1_weekly,ARIMA,2,85,6,-0.03980231121328,0.009262499821328691,3.053057991404581,41.58646970746875,0.04462611152567604,0.395584024201925,10,20.1066257639998,0.028260165427345572,approximate_with_skipped_origins_overlap_selection_and_heavy_tails
middle_stable_2009_2016,mid_E2_B,primary,selection,arima_ar1_weekly,ARIMA,2,85,7,0.018602277534958505,0.009262499821328691,3.053057991404581,41.58646970746875,0.04462611152567604,0.395584024201925,10,20.1066257639998,0.028260165427345572,approximate_with_skipped_origins_overlap_selection_and_heavy_tails
middle_stable_2009_2016,mid_E2_B,primary,selection,arima_ar1_weekly,ARIMA,2,85,8,-0.022507081729811293,0.009262499821328691,3.053057991404581,41.58646970746875,0.04462611152567604,0.395584024201925,10,20.1066257639998,0.028260165427345572,approximate_with_skipped_origins_overlap_selection_and_heavy_tails
middle_stable_2009_2016,mid_E2_B,primary,selection,arima_ar1_weekly,ARIMA,2,85,9,-0.013074897439257974,0.009262499821328691,3.053057991404581,41.58646970746875,0.04462611152567604,0.395584024201925,10,20.1066257639998,0.028260165427345572,approximate_with_skipped_origins_overlap_selection_and_heavy_tails
middle_stable_2009_2016,mid_E2_B,primary,selection,arima_ar1_weekly,ARIMA,2,85,10,0.028992533523758395,0.009262499821328691,3.053057991404581,41.58646970746875,0.04462611152567604,0.395584024201925,10,20.1066257639998,0.028260165427345572,approximate_with_skipped_origins_overlap_selection_and_heavy_tails
middle_stable_2009_2016,mid_E2_B,primary,selection,arima_ar1_weekly,ARIMA,7,81,0,1.0,0.0019670338043823996,5.903495166282881,43.88158748209653,0.09215700858970875,0.4645660627123101,10,11.904941563933507,0.2914688034757049,approximate_with_skipped_origins_overlap_selection_and_heavy_tails
middle_stable_2009_2016,mid_E2_B,primary,selection,arima_ar1_weekly,ARIMA,7,81,1,0.229653211135135,0.0019670338043823996,5.903495166282881,43.88158748209653,0.09215700858970875,0.4645660627123101,10,11.904941563933507,0.2914688034757049,approximate_with_skipped_origins_overlap_selection_and_heavy_tails
middle_stable_2009_2016,mid_E2_B,primary,selection,arima_ar1_weekly,ARIMA,7,81,2,0.2317995218756071,0.0019670338043823996,5.903495166282881,43.88158748209653,0.09215700858970875,0.4645660627123101,10,11.904941563933507,0.2914688034757049,approximate_with_skipped_origins_overlap_selection_and_heavy_tails
middle_stable_2009_2016,mid_E2_B,primary,selection,arima_ar1_weekly,ARIMA,7,81,3,0.1621594224865739,0.0019670338043823996,5.903495166282881,43.88158748209653,0.09215700858970875,0.4645660627123101,10,11.904941563933507,0.2914688034757049,approximate_with_skipped_origins_overlap_selection_and_heavy_tails
middle_stable_2009_2016,mid_E2_B,primary,selection,arima_ar1_weekly,ARIMA,7,81,4,-0.04189407391696022,0.0019670338043823996,5.903495166282881,43.88158748209653,0.09215700858970875,0.4645660627123101,10,11.904941563933507,0.2914688034757049,approximate_with_skipped_origins_overlap_selection_and_heavy_tails
middle_stable_2009_2016,mid_E2_B,primary,selection,arima_ar1_weekly,ARIMA,7,81,5,-0.04991271611338779,0.0019670338043823996,5.903495166282881,43.88158748209653,0.09215700858970875,0.4645660627123101,10,11.904941563933507,0.2914688034757049,approximate_with_skipped_origins_overlap_selection_and_heavy_tails
middle_stable_2009_2016,mid_E2_B,primary,selection,arima_ar1_weekly,ARIMA,7,81,6,-0.008044809467348176,0.0019670338043823996,5.903495166282881,43.88158748209653,0.09215700858970875,0.4645660627123101,10,11.904941563933507,0.2914688034757049,approximate_with_skipped_origins_overlap_selection_and_heavy_tails
middle_stable_2009_2016,mid_E2_B,primary,selection,arima_ar1_weekly,ARIMA,7,81,7,0.009080041167297022,0.0019670338043823996,5.903495166282881,43.88158748209653,0.09215700858970875,0.4645660627123101,10,11.904941563933507,0.2914688034757049,approximate_with_skipped_origins_overlap_selection_and_heavy_tails
middle_stable_2009_2016,mid_E2_B,primary,selection,arima_ar1_weekly,ARIMA,7,81,8,0.0037735014095403433,0.0019670338043823996,5.903495166282881,43.88158748209653,0.09215700858970875,0.4645660627123101,10,11.904941563933507,0.2914688034757049,approximate_with_skipped_origins_overlap_selection_and_heavy_tails
middle_stable_2009_2016,mid_E2_B,primary,selection,arima_ar1_weekly,ARIMA,7,81,9,-0.048063302048290034,0.0019670338043823996,5.903495166282881,43.88158748209653,0.09215700858970875,0.4645660627123101,10,11.904941563933507,0.2914688034757049,approximate_with_skipped_origins_overlap_selection_and_heavy_tails
middle_stable_2009_2016,mid_E2_B,primary,selection,arima_ar1_weekly,ARIMA,7,81,10,-0.01772874735100398,0.0019670338043823996,5.903495166282881,43.88158748209653,0.09215700858970875,0.4645660627123101,10,11.904941563933507,0.2914688034757049,approximate_with_skipped_origins_overlap_selection_and_heavy_tails
middle_stable_2009_2016,mid_E2_B,primary,selection,arima_ar2,ARIMA,1,85,0,1.0,-0.01650397282189036,-4.353910033412182,46.07049778563404,0.1410714934513965,0.3963979779650956,10,14.07803431804661,0.1694618878640538,approximate_with_skipped_origins_overlap_selection_and_heavy_tails
middle_stable_2009_2016,mid_E2_B,primary,selection,arima_ar2,ARIMA,1,85,1,-0.07062378147420957,-0.01650397282189036,-4.353910033412182,46.07049778563404,0.1410714934513965,0.3963979779650956,10,14.07803431804661,0.1694618878640538,approximate_with_skipped_origins_overlap_selection_and_heavy_tails
middle_stable_2009_2016,mid_E2_B,primary,selection,arima_ar2,ARIMA,1,85,2,-0.3832719247216868,-0.01650397282189036,-4.353910033412182,46.07049778563404,0.1410714934513965,0.3963979779650956,10,14.07803431804661,0.1694618878640538,approximate_with_skipped_origins_overlap_selection_and_heavy_tails
middle_stable_2009_2016,mid_E2_B,primary,selection,arima_ar2,ARIMA,1,85,3,0.008977454196095438,-0.01650397282189036,-4.353910033412182,46.07049778563404,0.1410714934513965,0.3963979779650956,10,14.07803431804661,0.1694618878640538,approximate_with_skipped_origins_overlap_selection_and_heavy_tails
middle_stable_2009_2016,mid_E2_B,primary,selection,arima_ar2,ARIMA,1,85,4,-0.03086790493320603,-0.01650397282189036,-4.353910033412182,46.07049778563404,0.1410714934513965,0.3963979779650956,10,14.07803431804661,0.1694618878640538,approximate_with_skipped_origins_overlap_selection_and_heavy_tails
middle_stable_2009_2016,mid_E2_B,primary,selection,arima_ar2,ARIMA,1,85,5,0.05201169905052015,-0.01650397282189036,-4.353910033412182,46.07049778563404,0.1410714934513965,0.3963979779650956,10,14.07803431804661,0.1694618878640538,approximate_with_skipped_origins_overlap_selection_and_heavy_tails
middle_stable_2009_2016,mid_E2_B,primary,selection,arima_ar2,ARIMA,1,85,6,-0.03955321623934246,-0.01650397282189036,-4.353910033412182,46.07049778563404,0.1410714934513965,0.3963979779650956,10,14.07803431804661,0.1694618878640538,approximate_with_skipped_origins_overlap_selection_and_heavy_tails
middle_stable_2009_2016,mid_E2_B,primary,selection,arima_ar2,ARIMA,1,85,7,-0.019001217993729724,-0.01650397282189036,-4.353910033412182,46.07049778563404,0.1410714934513965,0.3963979779650956,10,14.07803431804661,0.1694618878640538,approximate_with_skipped_origins_overlap_selection_and_heavy_tails
middle_stable_2009_2016,mid_E2_B,primary,selection,arima_ar2,ARIMA,1,85,8,0.005303683951374658,-0.01650397282189036,-4.353910033412182,46.07049778563404,0.1410714934513965,0.3963979779650956,10,14.07803431804661,0.1694618878640538,approximate_with_skipped_origins_overlap_selection_and_heavy_tails
middle_stable_2009_2016,mid_E2_B,primary,selection,arima_ar2,ARIMA,1,85,9,0.007015902564074392,-0.01650397282189036,-4.353910033412182,46.07049778563404,0.1410714934513965,0.3963979779650956,10,14.07803431804661,0.1694618878640538,approximate_with_skipped_origins_overlap_selection_and_heavy_tails
middle_stable_2009_2016,mid_E2_B,primary,selection,arima_ar2,ARIMA,1,85,10,0.013669901243673187,-0.01650397282189036,-4.353910033412182,46.07049778563404,0.1410714934513965,0.3963979779650956,10,14.07803431804661,0.1694618878640538,approximate_with_skipped_origins_overlap_selection_and_heavy_tails
middle_stable_2009_2016,mid_E2_B,primary,selection,arima_ar2,ARIMA,2,85,0,1.0,-0.010354114974563513,0.4040568569190435,36.688244076593854,0.052422505182657134,0.39347030990659426,10,21.970766336601777,0.01525422226039182,approximate_with_skipped_origins_overlap_selection_and_heavy_tails
middle_stable_2009_2016,mid_E2_B,primary,selection,arima_ar2,ARIMA,2,85,1,0.012507489339470238,-0.010354114974563513,0.4040568569190435,36.688244076593854,0.052422505182657134,0.39347030990659426,10,21.970766336601777,0.01525422226039182,approximate_with_skipped_origins_overlap_selection_and_heavy_tails
middle_stable_2009_2016,mid_E2_B,primary,selection,arima_ar2,ARIMA,2,85,2,-0.4654550141792586,-0.010354114974563513,0.4040568569190435,36.688244076593854,0.052422505182657134,0.39347030990659426,10,21.970766336601777,0.01525422226039182,approximate_with_skipped_origins_overlap_selection_and_heavy_tails
middle_stable_2009_2016,mid_E2_B,primary,selection,arima_ar2,ARIMA,2,85,3,-0.11826051820592635,-0.010354114974563513,0.4040568569190435,36.688244076593854,0.052422505182657134,0.39347030990659426,10,21.970766336601777,0.01525422226039182,approximate_with_skipped_origins_overlap_selection_and_heavy_tails
middle_stable_2009_2016,mid_E2_B,primary,selection,arima_ar2,ARIMA,2,85,4,0.003776130966516942,-0.010354114974563513,0.4040568569190435,36.688244076593854,0.052422505182657134,0.39347030990659426,10,21.970766336601777,0.01525422226039182,approximate_with_skipped_origins_overlap_selection_and_heavy_tails
middle_stable_2009_2016,mid_E2_B,primary,selection,arima_ar2,ARIMA,2,85,5,0.1103978019568828,-0.010354114974563513,0.4040568569190435,36.688244076593854,0.052422505182657134,0.39347030990659426,10,21.970766336601777,0.01525422226039182,approximate_with_skipped_origins_overlap_selection_and_heavy_tails
middle_stable_2009_2016,mid_E2_B,primary,selection,arima_ar2,ARIMA,2,85,6,-0.034361348439246236,-0.010354114974563513,0.4040568569190435,36.688244076593854,0.052422505182657134,0.39347030990659426,10,21.970766336601777,0.01525422226039182,approximate_with_skipped_origins_overlap_selection_and_heavy_tails
middle_stable_2009_2016,mid_E2_B,primary,selection,arima_ar2,ARIMA,2,85,7,0.02609654141797043,-0.010354114974563513,0.4040568569190435,36.688244076593854,0.052422505182657134,0.39347030990659426,10,21.970766336601777,0.01525422226039182,approximate_with_skipped_origins_overlap_selection_and_heavy_tails
middle_stable_2009_2016,mid_E2_B,primary,selection,arima_ar2,ARIMA,2,85,8,-0.01741024097194848,-0.010354114974563513,0.4040568569190435,36.688244076593854,0.052422505182657134,0.39347030990659426,10,21.970766336601777,0.01525422226039182,approximate_with_skipped_origins_overlap_selection_and_heavy_tails
middle_stable_2009_2016,mid_E2_B,primary,selection,arima_ar2,ARIMA,2,85,9,-0.011945882852094102,-0.010354114974563513,0.4040568569190435,36.688244076593854,0.052422505182657134,0.39347030990659426,10,21.970766336601777,0.01525422226039182,approximate_with_skipped_origins_overlap_selection_and_heavy_tails
middle_stable_2009_2016,mid_E2_B,primary,selection,arima_ar2,ARIMA,2,85,10,0.021870841112586165,-0.010354114974563513,0.4040568569190435,36.688244076593854,0.052422505182657134,0.39347030990659426,10,21.970766336601777,0.01525422226039182,approximate_with_skipped_origins_overlap_selection_and_heavy_tails
middle_stable_2009_2016,mid_E2_B,primary,selection,arima_ar2,ARIMA,7,81,0,1.0,-0.011300412957871368,4.8783854793564725,33.90824593250728,0.0812051928536964,0.34791531085117894,10,5.290711701139608,0.8709315266235604,approximate_with_skipped_origins_overlap_selection_and_heavy_tails
middle_stable_2009_2016,mid_E2_B,primary,selection,arima_ar2,ARIMA,7,81,1,0.10079124937018567,-0.011300412957871368,4.8783854793564725,33.90824593250728,0.0812051928536964,0.34791531085117894,10,5.290711701139608,0.8709315266235604,approximate_with_skipped_origins_overlap_selection_and_heavy_tails
middle_stable_2009_2016,mid_E2_B,primary,selection,arima_ar2,ARIMA,7,81,2,-0.074347095883196,-0.011300412957871368,4.8783854793564725,33.90824593250728,0.0812051928536964,0.34791531085117894,10,5.290711701139608,0.8709315266235604,approximate_with_skipped_origins_overlap_selection_and_heavy_tails
middle_stable_2009_2016,mid_E2_B,primary,selection,arima_ar2,ARIMA,7,81,3,0.1781018200636365,-0.011300412957871368,4.8783854793564725,33.90824593250728,0.0812051928536964,0.34791531085117894,10,5.290711701139608,0.8709315266235604,approximate_with_skipped_origins_overlap_selection_and_heavy_tails
middle_stable_2009_2016,mid_E2_B,primary,selection,arima_ar2,ARIMA,7,81,4,-0.02283324215792357,-0.011300412957871368,4.8783854793564725,33.90824593250728,0.0812051928536964,0.34791531085117894,10,5.290711701139608,0.8709315266235604,approximate_with_skipped_origins_overlap_selection_and_heavy_tails
middle_stable_2009_2016,mid_E2_B,primary,selection,arima_ar2,ARIMA,7,81,5,-0.08613022378631385,-0.011300412957871368,4.8783854793564725,33.90824593250728,0.0812051928536964,0.34791531085117894,10,5.290711701139608,0.8709315266235604,approximate_with_skipped_origins_overlap_selection_and_heavy_tails
middle_stable_2009_2016,mid_E2_B,primary,selection,arima_ar2,ARIMA,7,81,6,-0.010212946303598511,-0.011300412957871368,4.8783854793564725,33.90824593250728,0.0812051928536964,0.34791531085117894,10,5.290711701139608,0.8709315266235604,approximate_with_skipped_origins_overlap_selection_and_heavy_tails
middle_stable_2009_2016,mid_E2_B,primary,selection,arima_ar2,ARIMA,7,81,7,0.03469736249970169,-0.011300412957871368,4.8783854793564725,33.90824593250728,0.0812051928536964,0.34791531085117894,10,5.290711701139608,0.8709315266235604,approximate_with_skipped_origins_overlap_selection_and_heavy_tails
middle_stable_2009_2016,mid_E2_B,primary,selection,arima_ar2,ARIMA,7,81,8,0.0006834175548713079,-0.011300412957871368,4.8783854793564725,33.90824593250728,0.0812051928536964,0.34791531085117894,10,5.290711701139608,0.8709315266235604,approximate_with_skipped_origins_overlap_selection_and_heavy_tails
middle_stable_2009_2016,mid_E2_B,primary,selection,arima_ar2,ARIMA,7,81,9,-0.06149575899209391,-0.011300412957871368,4.8783854793564725,33.90824593250728,0.0812051928536964,0.34791531085117894,10,5.290711701139608,0.8709315266235604,approximate_with_skipped_origins_overlap_selection_and_heavy_tails
middle_stable_2009_2016,mid_E2_B,primary,selection,arima_ar2,ARIMA,7,81,10,-0.024940643000833384,-0.011300412957871368,4.8783854793564725,33.90824593250728,0.0812051928536964,0.34791531085117894,10,5.290711701139608,0.8709315266235604,approximate_with_skipped_origins_overlap_selection_and_heavy_tails
middle_stable_2009_2016,mid_E2_B,primary,selection,arima_arma11,ARIMA,1,85,0,1.0,-0.00968183512332477,-3.194962713293693,42.303712945288574,0.12718587672726045,0.38291874038586454,10,16.352637726668142,0.0899729451406026,approximate_with_skipped_origins_overlap_selection_and_heavy_tails
middle_stable_2009_2016,mid_E2_B,primary,selection,arima_arma11,ARIMA,1,85,1,-0.054622003743610564,-0.00968183512332477,-3.194962713293693,42.303712945288574,0.12718587672726045,0.38291874038586454,10,16.352637726668142,0.0899729451406026,approximate_with_skipped_origins_overlap_selection_and_heavy_tails
middle_stable_2009_2016,mid_E2_B,primary,selection,arima_arma11,ARIMA,1,85,2,-0.41884093601295075,-0.00968183512332477,-3.194962713293693,42.303712945288574,0.12718587672726045,0.38291874038586454,10,16.352637726668142,0.0899729451406026,approximate_with_skipped_origins_overlap_selection_and_heavy_tails
middle_stable_2009_2016,mid_E2_B,primary,selection,arima_arma11,ARIMA,1,85,3,0.004872388377654761,-0.00968183512332477,-3.194962713293693,42.303712945288574,0.12718587672726045,0.38291874038586454,10,16.352637726668142,0.0899729451406026,approximate_with_skipped_origins_overlap_selection_and_heavy_tails
middle_stable_2009_2016,mid_E2_B,primary,selection,arima_arma11,ARIMA,1,85,4,-0.025809411215899934,-0.00968183512332477,-3.194962713293693,42.303712945288574,0.12718587672726045,0.38291874038586454,10,16.352637726668142,0.0899729451406026,approximate_with_skipped_origins_overlap_selection_and_heavy_tails
middle_stable_2009_2016,mid_E2_B,primary,selection,arima_arma11,ARIMA,1,85,5,0.047508590207672584,-0.00968183512332477,-3.194962713293693,42.303712945288574,0.12718587672726045,0.38291874038586454,10,16.352637726668142,0.0899729451406026,approximate_with_skipped_origins_overlap_selection_and_heavy_tails
middle_stable_2009_2016,mid_E2_B,primary,selection,arima_arma11,ARIMA,1,85,6,-0.03629111085368817,-0.00968183512332477,-3.194962713293693,42.303712945288574,0.12718587672726045,0.38291874038586454,10,16.352637726668142,0.0899729451406026,approximate_with_skipped_origins_overlap_selection_and_heavy_tails
middle_stable_2009_2016,mid_E2_B,primary,selection,arima_arma11,ARIMA,1,85,7,-0.018908227659800568,-0.00968183512332477,-3.194962713293693,42.303712945288574,0.12718587672726045,0.38291874038586454,10,16.352637726668142,0.0899729451406026,approximate_with_skipped_origins_overlap_selection_and_heavy_tails
middle_stable_2009_2016,mid_E2_B,primary,selection,arima_arma11,ARIMA,1,85,8,0.006515559084388749,-0.00968183512332477,-3.194962713293693,42.303712945288574,0.12718587672726045,0.38291874038586454,10,16.352637726668142,0.0899729451406026,approximate_with_skipped_origins_overlap_selection_and_heavy_tails
middle_stable_2009_2016,mid_E2_B,primary,selection,arima_arma11,ARIMA,1,85,9,0.01201643731680498,-0.00968183512332477,-3.194962713293693,42.303712945288574,0.12718587672726045,0.38291874038586454,10,16.352637726668142,0.0899729451406026,approximate_with_skipped_origins_overlap_selection_and_heavy_tails
middle_stable_2009_2016,mid_E2_B,primary,selection,arima_arma11,ARIMA,1,85,10,0.011526237958997007,-0.00968183512332477,-3.194962713293693,42.303712945288574,0.12718587672726045,0.38291874038586454,10,16.352637726668142,0.0899729451406026,approximate_with_skipped_origins_overlap_selection_and_heavy_tails
middle_stable_2009_2016,mid_E2_B,primary,selection,arima_arma11,ARIMA,2,85,0,1.0,-0.011825983934919609,0.9110003862711579,36.7510947000667,0.056255767835339525,0.3858751591885851,10,21.730639472349754,0.01653719489086326,approximate_with_skipped_origins_overlap_selection_and_heavy_tails
middle_stable_2009_2016,mid_E2_B,primary,selection,arima_arma11,ARIMA,2,85,1,0.007355879322732444,-0.011825983934919609,0.9110003862711579,36.7510947000667,0.056255767835339525,0.3858751591885851,10,21.730639472349754,0.01653719489086326,approximate_with_skipped_origins_overlap_selection_and_heavy_tails
middle_stable_2009_2016,mid_E2_B,primary,selection,arima_arma11,ARIMA,2,85,2,-0.4661122647049524,-0.011825983934919609,0.9110003862711579,36.7510947000667,0.056255767835339525,0.3858751591885851,10,21.730639472349754,0.01653719489086326,approximate_with_skipped_origins_overlap_selection_and_heavy_tails
middle_stable_2009_2016,mid_E2_B,primary,selection,arima_arma11,ARIMA,2,85,3,-0.10977173304532885,-0.011825983934919609,0.9110003862711579,36.7510947000667,0.056255767835339525,0.3858751591885851,10,21.730639472349754,0.01653719489086326,approximate_with_skipped_origins_overlap_selection_and_heavy_tails
middle_stable_2009_2016,mid_E2_B,primary,selection,arima_arma11,ARIMA,2,85,4,-0.0004712586464906972,-0.011825983934919609,0.9110003862711579,36.7510947000667,0.056255767835339525,0.3858751591885851,10,21.730639472349754,0.01653719489086326,approximate_with_skipped_origins_overlap_selection_and_heavy_tails
middle_stable_2009_2016,mid_E2_B,primary,selection,arima_arma11,ARIMA,2,85,5,0.10789319979872314,-0.011825983934919609,0.9110003862711579,36.7510947000667,0.056255767835339525,0.3858751591885851,10,21.730639472349754,0.01653719489086326,approximate_with_skipped_origins_overlap_selection_and_heavy_tails
middle_stable_2009_2016,mid_E2_B,primary,selection,arima_arma11,ARIMA,2,85,6,-0.02959435888665605,-0.011825983934919609,0.9110003862711579,36.7510947000667,0.056255767835339525,0.3858751591885851,10,21.730639472349754,0.01653719489086326,approximate_with_skipped_origins_overlap_selection_and_heavy_tails
middle_stable_2009_2016,mid_E2_B,primary,selection,arima_arma11,ARIMA,2,85,7,0.024907577140843913,-0.011825983934919609,0.9110003862711579,36.7510947000667,0.056255767835339525,0.3858751591885851,10,21.730639472349754,0.01653719489086326,approximate_with_skipped_origins_overlap_selection_and_heavy_tails
middle_stable_2009_2016,mid_E2_B,primary,selection,arima_arma11,ARIMA,2,85,8,-0.013675142455841493,-0.011825983934919609,0.9110003862711579,36.7510947000667,0.056255767835339525,0.3858751591885851,10,21.730639472349754,0.01653719489086326,approximate_with_skipped_origins_overlap_selection_and_heavy_tails
middle_stable_2009_2016,mid_E2_B,primary,selection,arima_arma11,ARIMA,2,85,9,-0.013370206993047794,-0.011825983934919609,0.9110003862711579,36.7510947000667,0.056255767835339525,0.3858751591885851,10,21.730639472349754,0.01653719489086326,approximate_with_skipped_origins_overlap_selection_and_heavy_tails
middle_stable_2009_2016,mid_E2_B,primary,selection,arima_arma11,ARIMA,2,85,10,0.01738860252083408,-0.011825983934919609,0.9110003862711579,36.7510947000667,0.056255767835339525,0.3858751591885851,10,21.730639472349754,0.01653719489086326,approximate_with_skipped_origins_overlap_selection_and_heavy_tails
middle_stable_2009_2016,mid_E2_B,primary,selection,arima_arma11,ARIMA,7,81,0,1.0,-0.04566066423609577,-2.9409361513849297,20.885286218297924,0.06926383593697207,0.40289497722404677,10,19.04920654253033,0.03964211752275142,approximate_with_skipped_origins_overlap_selection_and_heavy_tails
middle_stable_2009_2016,mid_E2_B,primary,selection,arima_arma11,ARIMA,7,81,1,-0.014861339970876313,-0.04566066423609577,-2.9409361513849297,20.885286218297924,0.06926383593697207,0.40289497722404677,10,19.04920654253033,0.03964211752275142,approximate_with_skipped_origins_overlap_selection_and_heavy_tails
middle_stable_2009_2016,mid_E2_B,primary,selection,arima_arma11,ARIMA,7,81,2,-0.41319501617315035,-0.04566066423609577,-2.9409361513849297,20.885286218297924,0.06926383593697207,0.40289497722404677,10,19.04920654253033,0.03964211752275142,approximate_with_skipped_origins_overlap_selection_and_heavy_tails
middle_stable_2009_2016,mid_E2_B,primary,selection,arima_arma11,ARIMA,7,81,3,0.002823701869543651,-0.04566066423609577,-2.9409361513849297,20.885286218297924,0.06926383593697207,0.40289497722404677,10,19.04920654253033,0.03964211752275142,approximate_with_skipped_origins_overlap_selection_and_heavy_tails
middle_stable_2009_2016,mid_E2_B,primary,selection,arima_arma11,ARIMA,7,81,4,0.1474586546131785,-0.04566066423609577,-2.9409361513849297,20.885286218297924,0.06926383593697207,0.40289497722404677,10,19.04920654253033,0.03964211752275142,approximate_with_skipped_origins_overlap_selection_and_heavy_tails
middle_stable_2009_2016,mid_E2_B,primary,selection,arima_arma11,ARIMA,7,81,5,0.009022462357911366,-0.04566066423609577,-2.9409361513849297,20.885286218297924,0.06926383593697207,0.40289497722404677,10,19.04920654253033,0.03964211752275142,approximate_with_skipped_origins_overlap_selection_and_heavy_tails
middle_stable_2009_2016,mid_E2_B,primary,selection,arima_arma11,ARIMA,7,81,6,-0.12759410853221667,-0.04566066423609577,-2.9409361513849297,20.885286218297924,0.06926383593697207,0.40289497722404677,10,19.04920654253033,0.03964211752275142,approximate_with_skipped_origins_overlap_selection_and_heavy_tails
middle_stable_2009_2016,mid_E2_B,primary,selection,arima_arma11,ARIMA,7,81,7,-0.10407270477476827,-0.04566066423609577,-2.9409361513849297,20.885286218297924,0.06926383593697207,0.40289497722404677,10,19.04920654253033,0.03964211752275142,approximate_with_skipped_origins_overlap_selection_and_heavy_tails
middle_stable_2009_2016,mid_E2_B,primary,selection,arima_arma11,ARIMA,7,81,8,0.04051043678523291,-0.04566066423609577,-2.9409361513849297,20.885286218297924,0.06926383593697207,0.40289497722404677,10,19.04920654253033,0.03964211752275142,approximate_with_skipped_origins_overlap_selection_and_heavy_tails
middle_stable_2009_2016,mid_E2_B,primary,selection,arima_arma11,ARIMA,7,81,9,-0.0001961314618681684,-0.04566066423609577,-2.9409361513849297,20.885286218297924,0.06926383593697207,0.40289497722404677,10,19.04920654253033,0.03964211752275142,approximate_with_skipped_origins_overlap_selection_and_heavy_tails
middle_stable_2009_2016,mid_E2_B,primary,selection,arima_arma11,ARIMA,7,81,10,0.001980990012707981,-0.04566066423609577,-2.9409361513849297,20.885286218297924,0.06926383593697207,0.40289497722404677,10,19.04920654253033,0.03964211752275142,approximate_with_skipped_origins_overlap_selection_and_heavy_tails
middle_stable_2009_2016,mid_E2_B,primary,selection,arima_mean,ARIMA,1,82,0,1.0,0.059130421154736434,7.1420953479664275,54.74982199202797,0.11187808346900982,0.4026733761393604,10,11.571125979487242,0.31478392731422206,approximate_with_skipped_origins_overlap_selection_and_heavy_tails
middle_stable_2009_2016,mid_E2_B,primary,selection,arima_mean,ARIMA,1,82,1,0.3596067914072903,0.059130421154736434,7.1420953479664275,54.74982199202797,0.11187808346900982,0.4026733761393604,10,11.571125979487242,0.31478392731422206,approximate_with_skipped_origins_overlap_selection_and_heavy_tails
middle_stable_2009_2016,mid_E2_B,primary,selection,arima_mean,ARIMA,1,82,2,-0.035347909946373594,0.059130421154736434,7.1420953479664275,54.74982199202797,0.11187808346900982,0.4026733761393604,10,11.571125979487242,0.31478392731422206,approximate_with_skipped_origins_overlap_selection_and_heavy_tails
middle_stable_2009_2016,mid_E2_B,primary,selection,arima_mean,ARIMA,1,82,3,-0.023229130759370335,0.059130421154736434,7.1420953479664275,54.74982199202797,0.11187808346900982,0.4026733761393604,10,11.571125979487242,0.31478392731422206,approximate_with_skipped_origins_overlap_selection_and_heavy_tails
middle_stable_2009_2016,mid_E2_B,primary,selection,arima_mean,ARIMA,1,82,4,-0.038154917577352385,0.059130421154736434,7.1420953479664275,54.74982199202797,0.11187808346900982,0.4026733761393604,10,11.571125979487242,0.31478392731422206,approximate_with_skipped_origins_overlap_selection_and_heavy_tails
middle_stable_2009_2016,mid_E2_B,primary,selection,arima_mean,ARIMA,1,82,5,-0.022782593045306117,0.059130421154736434,7.1420953479664275,54.74982199202797,0.11187808346900982,0.4026733761393604,10,11.571125979487242,0.31478392731422206,approximate_with_skipped_origins_overlap_selection_and_heavy_tails
middle_stable_2009_2016,mid_E2_B,primary,selection,arima_mean,ARIMA,1,82,6,-0.006456314636372362,0.059130421154736434,7.1420953479664275,54.74982199202797,0.11187808346900982,0.4026733761393604,10,11.571125979487242,0.31478392731422206,approximate_with_skipped_origins_overlap_selection_and_heavy_tails
middle_stable_2009_2016,mid_E2_B,primary,selection,arima_mean,ARIMA,1,82,7,0.0014159659038136066,0.059130421154736434,7.1420953479664275,54.74982199202797,0.11187808346900982,0.4026733761393604,10,11.571125979487242,0.31478392731422206,approximate_with_skipped_origins_overlap_selection_and_heavy_tails
middle_stable_2009_2016,mid_E2_B,primary,selection,arima_mean,ARIMA,1,82,8,-0.03163373766268924,0.059130421154736434,7.1420953479664275,54.74982199202797,0.11187808346900982,0.4026733761393604,10,11.571125979487242,0.31478392731422206,approximate_with_skipped_origins_overlap_selection_and_heavy_tails
middle_stable_2009_2016,mid_E2_B,primary,selection,arima_mean,ARIMA,1,82,9,-0.02126271583100351,0.059130421154736434,7.1420953479664275,54.74982199202797,0.11187808346900982,0.4026733761393604,10,11.571125979487242,0.31478392731422206,approximate_with_skipped_origins_overlap_selection_and_heavy_tails
middle_stable_2009_2016,mid_E2_B,primary,selection,arima_mean,ARIMA,1,82,10,0.03313030009440307,0.059130421154736434,7.1420953479664275,54.74982199202797,0.11187808346900982,0.4026733761393604,10,11.571125979487242,0.31478392731422206,approximate_with_skipped_origins_overlap_selection_and_heavy_tails
middle_stable_2009_2016,mid_E2_B,primary,selection,arima_mean,ARIMA,2,82,0,1.0,0.059130421154736816,7.72801120486807,64.72073393961544,0.11846679897921311,0.5938611782428358,10,10.612278564705843,0.3885114691342112,approximate_with_skipped_origins_overlap_selection_and_heavy_tails
middle_stable_2009_2016,mid_E2_B,primary,selection,arima_mean,ARIMA,2,82,1,0.2919588187614613,0.059130421154736816,7.72801120486807,64.72073393961544,0.11846679897921311,0.5938611782428358,10,10.612278564705843,0.3885114691342112,approximate_with_skipped_origins_overlap_selection_and_heavy_tails
middle_stable_2009_2016,mid_E2_B,primary,selection,arima_mean,ARIMA,2,82,2,0.17557922337116807,0.059130421154736816,7.72801120486807,64.72073393961544,0.11846679897921311,0.5938611782428358,10,10.612278564705843,0.3885114691342112,approximate_with_skipped_origins_overlap_selection_and_heavy_tails
middle_stable_2009_2016,mid_E2_B,primary,selection,arima_mean,ARIMA,2,82,3,-0.0020877490323259395,0.059130421154736816,7.72801120486807,64.72073393961544,0.11846679897921311,0.5938611782428358,10,10.612278564705843,0.3885114691342112,approximate_with_skipped_origins_overlap_selection_and_heavy_tails
middle_stable_2009_2016,mid_E2_B,primary,selection,arima_mean,ARIMA,2,82,4,-0.03071763994324545,0.059130421154736816,7.72801120486807,64.72073393961544,0.11846679897921311,0.5938611782428358,10,10.612278564705843,0.3885114691342112,approximate_with_skipped_origins_overlap_selection_and_heavy_tails
middle_stable_2009_2016,mid_E2_B,primary,selection,arima_mean,ARIMA,2,82,5,0.04098751792244837,0.059130421154736816,7.72801120486807,64.72073393961544,0.11846679897921311,0.5938611782428358,10,10.612278564705843,0.3885114691342112,approximate_with_skipped_origins_overlap_selection_and_heavy_tails
middle_stable_2009_2016,mid_E2_B,primary,selection,arima_mean,ARIMA,2,82,6,-0.03473523453761367,0.059130421154736816,7.72801120486807,64.72073393961544,0.11846679897921311,0.5938611782428358,10,10.612278564705843,0.3885114691342112,approximate_with_skipped_origins_overlap_selection_and_heavy_tails
middle_stable_2009_2016,mid_E2_B,primary,selection,arima_mean,ARIMA,2,82,7,-0.007846071407598555,0.059130421154736816,7.72801120486807,64.72073393961544,0.11846679897921311,0.5938611782428358,10,10.612278564705843,0.3885114691342112,approximate_with_skipped_origins_overlap_selection_and_heavy_tails
middle_stable_2009_2016,mid_E2_B,primary,selection,arima_mean,ARIMA,2,82,8,-0.02570129483101993,0.059130421154736816,7.72801120486807,64.72073393961544,0.11846679897921311,0.5938611782428358,10,10.612278564705843,0.3885114691342112,approximate_with_skipped_origins_overlap_selection_and_heavy_tails
middle_stable_2009_2016,mid_E2_B,primary,selection,arima_mean,ARIMA,2,82,9,-0.05627034565836599,0.059130421154736816,7.72801120486807,64.72073393961544,0.11846679897921311,0.5938611782428358,10,10.612278564705843,0.3885114691342112,approximate_with_skipped_origins_overlap_selection_and_heavy_tails
middle_stable_2009_2016,mid_E2_B,primary,selection,arima_mean,ARIMA,2,82,10,-0.0014047586944996254,0.059130421154736816,7.72801120486807,64.72073393961544,0.11846679897921311,0.5938611782428358,10,10.612278564705843,0.3885114691342112,approximate_with_skipped_origins_overlap_selection_and_heavy_tails
middle_stable_2009_2016,mid_E2_B,primary,selection,arima_mean,ARIMA,7,78,0,1.0,0.025268230640757505,5.252206004854148,29.504818103659236,0.11503434501206941,0.5599087452416922,10,26.369353415844063,0.0032739318050126224,approximate_with_skipped_origins_overlap_selection_and_heavy_tails
middle_stable_2009_2016,mid_E2_B,primary,selection,arima_mean,ARIMA,7,78,1,0.31782924422916226,0.025268230640757505,5.252206004854148,29.504818103659236,0.11503434501206941,0.5599087452416922,10,26.369353415844063,0.0032739318050126224,approximate_with_skipped_origins_overlap_selection_and_heavy_tails
middle_stable_2009_2016,mid_E2_B,primary,selection,arima_mean,ARIMA,7,78,2,0.4596537872395003,0.025268230640757505,5.252206004854148,29.504818103659236,0.11503434501206941,0.5599087452416922,10,26.369353415844063,0.0032739318050126224,approximate_with_skipped_origins_overlap_selection_and_heavy_tails
middle_stable_2009_2016,mid_E2_B,primary,selection,arima_mean,ARIMA,7,78,3,0.06180830001717952,0.025268230640757505,5.252206004854148,29.504818103659236,0.11503434501206941,0.5599087452416922,10,26.369353415844063,0.0032739318050126224,approximate_with_skipped_origins_overlap_selection_and_heavy_tails
middle_stable_2009_2016,mid_E2_B,primary,selection,arima_mean,ARIMA,7,78,4,0.010547476750881435,0.025268230640757505,5.252206004854148,29.504818103659236,0.11503434501206941,0.5599087452416922,10,26.369353415844063,0.0032739318050126224,approximate_with_skipped_origins_overlap_selection_and_heavy_tails
middle_stable_2009_2016,mid_E2_B,primary,selection,arima_mean,ARIMA,7,78,5,-0.04241625779957275,0.025268230640757505,5.252206004854148,29.504818103659236,0.11503434501206941,0.5599087452416922,10,26.369353415844063,0.0032739318050126224,approximate_with_skipped_origins_overlap_selection_and_heavy_tails
middle_stable_2009_2016,mid_E2_B,primary,selection,arima_mean,ARIMA,7,78,6,-0.01298454215916774,0.025268230640757505,5.252206004854148,29.504818103659236,0.11503434501206941,0.5599087452416922,10,26.369353415844063,0.0032739318050126224,approximate_with_skipped_origins_overlap_selection_and_heavy_tails
middle_stable_2009_2016,mid_E2_B,primary,selection,arima_mean,ARIMA,7,78,7,-0.01844766799010841,0.025268230640757505,5.252206004854148,29.504818103659236,0.11503434501206941,0.5599087452416922,10,26.369353415844063,0.0032739318050126224,approximate_with_skipped_origins_overlap_selection_and_heavy_tails
middle_stable_2009_2016,mid_E2_B,primary,selection,arima_mean,ARIMA,7,78,8,-0.02555334575542735,0.025268230640757505,5.252206004854148,29.504818103659236,0.11503434501206941,0.5599087452416922,10,26.369353415844063,0.0032739318050126224,approximate_with_skipped_origins_overlap_selection_and_heavy_tails
middle_stable_2009_2016,mid_E2_B,primary,selection,arima_mean,ARIMA,7,78,9,-0.04802661219791631,0.025268230640757505,5.252206004854148,29.504818103659236,0.11503434501206941,0.5599087452416922,10,26.369353415844063,0.0032739318050126224,approximate_with_skipped_origins_overlap_selection_and_heavy_tails
middle_stable_2009_2016,mid_E2_B,primary,selection,arima_mean,ARIMA,7,78,10,-0.021771837829175474,0.025268230640757505,5.252206004854148,29.504818103659236,0.11503434501206941,0.5599087452416922,10,26.369353415844063,0.0032739318050126224,approximate_with_skipped_origins_overlap_selection_and_heavy_tails
middle_stable_2009_2016,mid_E2_B,primary,selection,expanding_median,baseline,1,85,0,1.0,0.13764705882352926,7.27998039941987,56.96494965987141,0.0,0.380000000000002,10,12.03301004598811,0.2828533370014171,approximate_with_skipped_origins_overlap_selection_and_heavy_tails
middle_stable_2009_2016,mid_E2_B,primary,selection,expanding_median,baseline,1,85,1,0.36306885186064675,0.13764705882352926,7.27998039941987,56.96494965987141,0.0,0.380000000000002,10,12.03301004598811,0.2828533370014171,approximate_with_skipped_origins_overlap_selection_and_heavy_tails
middle_stable_2009_2016,mid_E2_B,primary,selection,expanding_median,baseline,1,85,2,-0.03237307310470836,0.13764705882352926,7.27998039941987,56.96494965987141,0.0,0.380000000000002,10,12.03301004598811,0.2828533370014171,approximate_with_skipped_origins_overlap_selection_and_heavy_tails
middle_stable_2009_2016,mid_E2_B,primary,selection,expanding_median,baseline,1,85,3,-0.024059102945255165,0.13764705882352926,7.27998039941987,56.96494965987141,0.0,0.380000000000002,10,12.03301004598811,0.2828533370014171,approximate_with_skipped_origins_overlap_selection_and_heavy_tails
middle_stable_2009_2016,mid_E2_B,primary,selection,expanding_median,baseline,1,85,4,-0.019369962230571965,0.13764705882352926,7.27998039941987,56.96494965987141,0.0,0.380000000000002,10,12.03301004598811,0.2828533370014171,approximate_with_skipped_origins_overlap_selection_and_heavy_tails
middle_stable_2009_2016,mid_E2_B,primary,selection,expanding_median,baseline,1,85,5,-0.00636395395733166,0.13764705882352926,7.27998039941987,56.96494965987141,0.0,0.380000000000002,10,12.03301004598811,0.2828533370014171,approximate_with_skipped_origins_overlap_selection_and_heavy_tails
middle_stable_2009_2016,mid_E2_B,primary,selection,expanding_median,baseline,1,85,6,-0.037962738781489196,0.13764705882352926,7.27998039941987,56.96494965987141,0.0,0.380000000000002,10,12.03301004598811,0.2828533370014171,approximate_with_skipped_origins_overlap_selection_and_heavy_tails
middle_stable_2009_2016,mid_E2_B,primary,selection,expanding_median,baseline,1,85,7,-0.03193463334413572,0.13764705882352926,7.27998039941987,56.96494965987141,0.0,0.380000000000002,10,12.03301004598811,0.2828533370014171,approximate_with_skipped_origins_overlap_selection_and_heavy_tails
middle_stable_2009_2016,mid_E2_B,primary,selection,expanding_median,baseline,1,85,8,-0.0013182666359813364,0.13764705882352926,7.27998039941987,56.96494965987141,0.0,0.380000000000002,10,12.03301004598811,0.2828533370014171,approximate_with_skipped_origins_overlap_selection_and_heavy_tails
middle_stable_2009_2016,mid_E2_B,primary,selection,expanding_median,baseline,1,85,9,0.011070628932094918,0.13764705882352926,7.27998039941987,56.96494965987141,0.0,0.380000000000002,10,12.03301004598811,0.2828533370014171,approximate_with_skipped_origins_overlap_selection_and_heavy_tails
middle_stable_2009_2016,mid_E2_B,primary,selection,expanding_median,baseline,1,85,10,-0.0031428454390781692,0.13764705882352926,7.27998039941987,56.96494965987141,0.0,0.380000000000002,10,12.03301004598811,0.2828533370014171,approximate_with_skipped_origins_overlap_selection_and_heavy_tails
middle_stable_2009_2016,mid_E2_B,primary,selection,expanding_median,baseline,2,85,0,1.0,0.1352941176470592,7.93683648220587,67.99677657722101,0.0,0.5599999999999995,10,11.106676334652395,0.3492675836456664,approximate_with_skipped_origins_overlap_selection_and_heavy_tails
middle_stable_2009_2016,mid_E2_B,primary,selection,expanding_median,baseline,2,85,1,0.2942559506826702,0.1352941176470592,7.93683648220587,67.99677657722101,0.0,0.5599999999999995,10,11.106676334652395,0.3492675836456664,approximate_with_skipped_origins_overlap_selection_and_heavy_tails
middle_stable_2009_2016,mid_E2_B,primary,selection,expanding_median,baseline,2,85,2,0.1742306498239291,0.1352941176470592,7.93683648220587,67.99677657722101,0.0,0.5599999999999995,10,11.106676334652395,0.3492675836456664,approximate_with_skipped_origins_overlap_selection_and_heavy_tails
middle_stable_2009_2016,mid_E2_B,primary,selection,expanding_median,baseline,2,85,3,-0.00417086977504789,0.1352941176470592,7.93683648220587,67.99677657722101,0.0,0.5599999999999995,10,11.106676334652395,0.3492675836456664,approximate_with_skipped_origins_overlap_selection_and_heavy_tails
middle_stable_2009_2016,mid_E2_B,primary,selection,expanding_median,baseline,2,85,4,-0.032936572797514746,0.1352941176470592,7.93683648220587,67.99677657722101,0.0,0.5599999999999995,10,11.106676334652395,0.3492675836456664,approximate_with_skipped_origins_overlap_selection_and_heavy_tails
middle_stable_2009_2016,mid_E2_B,primary,selection,expanding_median,baseline,2,85,5,0.03836184676925632,0.1352941176470592,7.93683648220587,67.99677657722101,0.0,0.5599999999999995,10,11.106676334652395,0.3492675836456664,approximate_with_skipped_origins_overlap_selection_and_heavy_tails
middle_stable_2009_2016,mid_E2_B,primary,selection,expanding_median,baseline,2,85,6,-0.03987690010319583,0.1352941176470592,7.93683648220587,67.99677657722101,0.0,0.5599999999999995,10,11.106676334652395,0.3492675836456664,approximate_with_skipped_origins_overlap_selection_and_heavy_tails
middle_stable_2009_2016,mid_E2_B,primary,selection,expanding_median,baseline,2,85,7,-0.03412327591959847,0.1352941176470592,7.93683648220587,67.99677657722101,0.0,0.5599999999999995,10,11.106676334652395,0.3492675836456664,approximate_with_skipped_origins_overlap_selection_and_heavy_tails
middle_stable_2009_2016,mid_E2_B,primary,selection,expanding_median,baseline,2,85,8,-0.029676766055067975,0.1352941176470592,7.93683648220587,67.99677657722101,0.0,0.5599999999999995,10,11.106676334652395,0.3492675836456664,approximate_with_skipped_origins_overlap_selection_and_heavy_tails
middle_stable_2009_2016,mid_E2_B,primary,selection,expanding_median,baseline,2,85,9,-0.04520690899137796,0.1352941176470592,7.93683648220587,67.99677657722101,0.0,0.5599999999999995,10,11.106676334652395,0.3492675836456664,approximate_with_skipped_origins_overlap_selection_and_heavy_tails
middle_stable_2009_2016,mid_E2_B,primary,selection,expanding_median,baseline,2,85,10,-0.00018230932234105748,0.1352941176470592,7.93683648220587,67.99677657722101,0.0,0.5599999999999995,10,11.106676334652395,0.3492675836456664,approximate_with_skipped_origins_overlap_selection_and_heavy_tails
middle_stable_2009_2016,mid_E2_B,primary,selection,expanding_median,baseline,7,81,0,1.0,0.1024691358024691,5.447195441622227,31.62256883772692,0.0,0.4000000000000057,10,27.391466571978622,0.0022574529602340013,approximate_with_skipped_origins_overlap_selection_and_heavy_tails
middle_stable_2009_2016,mid_E2_B,primary,selection,expanding_median,baseline,7,81,1,0.3145323376491597,0.1024691358024691,5.447195441622227,31.62256883772692,0.0,0.4000000000000057,10,27.391466571978622,0.0022574529602340013,approximate_with_skipped_origins_overlap_selection_and_heavy_tails
middle_stable_2009_2016,mid_E2_B,primary,selection,expanding_median,baseline,7,81,2,0.45476079262862873,0.1024691358024691,5.447195441622227,31.62256883772692,0.0,0.4000000000000057,10,27.391466571978622,0.0022574529602340013,approximate_with_skipped_origins_overlap_selection_and_heavy_tails
middle_stable_2009_2016,mid_E2_B,primary,selection,expanding_median,baseline,7,81,3,0.07848081626333725,0.1024691358024691,5.447195441622227,31.62256883772692,0.0,0.4000000000000057,10,27.391466571978622,0.0022574529602340013,approximate_with_skipped_origins_overlap_selection_and_heavy_tails
middle_stable_2009_2016,mid_E2_B,primary,selection,expanding_median,baseline,7,81,4,-0.04707735905335566,0.1024691358024691,5.447195441622227,31.62256883772692,0.0,0.4000000000000057,10,27.391466571978622,0.0022574529602340013,approximate_with_skipped_origins_overlap_selection_and_heavy_tails
middle_stable_2009_2016,mid_E2_B,primary,selection,expanding_median,baseline,7,81,5,-0.03595829900090486,0.1024691358024691,5.447195441622227,31.62256883772692,0.0,0.4000000000000057,10,27.391466571978622,0.0022574529602340013,approximate_with_skipped_origins_overlap_selection_and_heavy_tails
middle_stable_2009_2016,mid_E2_B,primary,selection,expanding_median,baseline,7,81,6,-0.03703457691076316,0.1024691358024691,5.447195441622227,31.62256883772692,0.0,0.4000000000000057,10,27.391466571978622,0.0022574529602340013,approximate_with_skipped_origins_overlap_selection_and_heavy_tails
middle_stable_2009_2016,mid_E2_B,primary,selection,expanding_median,baseline,7,81,7,-0.033842043711086026,0.1024691358024691,5.447195441622227,31.62256883772692,0.0,0.4000000000000057,10,27.391466571978622,0.0022574529602340013,approximate_with_skipped_origins_overlap_selection_and_heavy_tails
middle_stable_2009_2016,mid_E2_B,primary,selection,expanding_median,baseline,7,81,8,-0.010186672194841382,0.1024691358024691,5.447195441622227,31.62256883772692,0.0,0.4000000000000057,10,27.391466571978622,0.0022574529602340013,approximate_with_skipped_origins_overlap_selection_and_heavy_tails
middle_stable_2009_2016,mid_E2_B,primary,selection,expanding_median,baseline,7,81,9,-0.05470828806700934,0.1024691358024691,5.447195441622227,31.62256883772692,0.0,0.4000000000000057,10,27.391466571978622,0.0022574529602340013,approximate_with_skipped_origins_overlap_selection_and_heavy_tails
middle_stable_2009_2016,mid_E2_B,primary,selection,expanding_median,baseline,7,81,10,-0.03607452629995279,0.1024691358024691,5.447195441622227,31.62256883772692,0.0,0.4000000000000057,10,27.391466571978622,0.0022574529602340013,approximate_with_skipped_origins_overlap_selection_and_heavy_tails
middle_stable_2009_2016,mid_E2_B,primary,selection,persistence,baseline,1,85,0,1.0,-0.0364705882352945,-7.013121836768874,62.456608319251494,0.19999999999999996,0.4,10,6.87004706958422,0.7376537194101009,approximate_with_skipped_origins_overlap_selection_and_heavy_tails
middle_stable_2009_2016,mid_E2_B,primary,selection,persistence,baseline,1,85,1,-0.0007641369021564773,-0.0364705882352945,-7.013121836768874,62.456608319251494,0.19999999999999996,0.4,10,6.87004706958422,0.7376537194101009,approximate_with_skipped_origins_overlap_selection_and_heavy_tails
middle_stable_2009_2016,mid_E2_B,primary,selection,persistence,baseline,1,85,2,-0.2647728143362783,-0.0364705882352945,-7.013121836768874,62.456608319251494,0.19999999999999996,0.4,10,6.87004706958422,0.7376537194101009,approximate_with_skipped_origins_overlap_selection_and_heavy_tails
middle_stable_2009_2016,mid_E2_B,primary,selection,persistence,baseline,1,85,3,0.03358173227439938,-0.0364705882352945,-7.013121836768874,62.456608319251494,0.19999999999999996,0.4,10,6.87004706958422,0.7376537194101009,approximate_with_skipped_origins_overlap_selection_and_heavy_tails
middle_stable_2009_2016,mid_E2_B,primary,selection,persistence,baseline,1,85,4,-0.0495967357726775,-0.0364705882352945,-7.013121836768874,62.456608319251494,0.19999999999999996,0.4,10,6.87004706958422,0.7376537194101009,approximate_with_skipped_origins_overlap_selection_and_heavy_tails
middle_stable_2009_2016,mid_E2_B,primary,selection,persistence,baseline,1,85,5,0.029623722468338724,-0.0364705882352945,-7.013121836768874,62.456608319251494,0.19999999999999996,0.4,10,6.87004706958422,0.7376537194101009,approximate_with_skipped_origins_overlap_selection_and_heavy_tails
middle_stable_2009_2016,mid_E2_B,primary,selection,persistence,baseline,1,85,6,-0.042954815660917106,-0.0364705882352945,-7.013121836768874,62.456608319251494,0.19999999999999996,0.4,10,6.87004706958422,0.7376537194101009,approximate_with_skipped_origins_overlap_selection_and_heavy_tails
middle_stable_2009_2016,mid_E2_B,primary,selection,persistence,baseline,1,85,7,-0.020034811631777272,-0.0364705882352945,-7.013121836768874,62.456608319251494,0.19999999999999996,0.4,10,6.87004706958422,0.7376537194101009,approximate_with_skipped_origins_overlap_selection_and_heavy_tails
middle_stable_2009_2016,mid_E2_B,primary,selection,persistence,baseline,1,85,8,-0.0022618810104068745,-0.0364705882352945,-7.013121836768874,62.456608319251494,0.19999999999999996,0.4,10,6.87004706958422,0.7376537194101009,approximate_with_skipped_origins_overlap_selection_and_heavy_tails
middle_stable_2009_2016,mid_E2_B,primary,selection,persistence,baseline,1,85,9,-0.005728479383899929,-0.0364705882352945,-7.013121836768874,62.456608319251494,0.19999999999999996,0.4,10,6.87004706958422,0.7376537194101009,approximate_with_skipped_origins_overlap_selection_and_heavy_tails
middle_stable_2009_2016,mid_E2_B,primary,selection,persistence,baseline,1,85,10,0.004584996423940019,-0.0364705882352945,-7.013121836768874,62.456608319251494,0.19999999999999996,0.4,10,6.87004706958422,0.7376537194101009,approximate_with_skipped_origins_overlap_selection_and_heavy_tails
middle_stable_2009_2016,mid_E2_B,primary,selection,persistence,baseline,2,85,0,1.0,-0.03882352941176455,-5.286468693748702,43.45807709849651,5.551115123125783e-17,0.40000000000000463,10,11.467709894083438,0.3222576654200874,approximate_with_skipped_origins_overlap_selection_and_heavy_tails
middle_stable_2009_2016,mid_E2_B,primary,selection,persistence,baseline,2,85,1,0.15799026803267235,-0.03882352941176455,-5.286468693748702,43.45807709849651,5.551115123125783e-17,0.40000000000000463,10,11.467709894083438,0.3222576654200874,approximate_with_skipped_origins_overlap_selection_and_heavy_tails
middle_stable_2009_2016,mid_E2_B,primary,selection,persistence,baseline,2,85,2,-0.3038234293015183,-0.03882352941176455,-5.286468693748702,43.45807709849651,5.551115123125783e-17,0.40000000000000463,10,11.467709894083438,0.3222576654200874,approximate_with_skipped_origins_overlap_selection_and_heavy_tails
middle_stable_2009_2016,mid_E2_B,primary,selection,persistence,baseline,2,85,3,-0.08651752742708078,-0.03882352941176455,-5.286468693748702,43.45807709849651,5.551115123125783e-17,0.40000000000000463,10,11.467709894083438,0.3222576654200874,approximate_with_skipped_origins_overlap_selection_and_heavy_tails
middle_stable_2009_2016,mid_E2_B,primary,selection,persistence,baseline,2,85,4,-0.014221943164910841,-0.03882352941176455,-5.286468693748702,43.45807709849651,5.551115123125783e-17,0.40000000000000463,10,11.467709894083438,0.3222576654200874,approximate_with_skipped_origins_overlap_selection_and_heavy_tails
middle_stable_2009_2016,mid_E2_B,primary,selection,persistence,baseline,2,85,5,0.03501856419381796,-0.03882352941176455,-5.286468693748702,43.45807709849651,5.551115123125783e-17,0.40000000000000463,10,11.467709894083438,0.3222576654200874,approximate_with_skipped_origins_overlap_selection_and_heavy_tails
middle_stable_2009_2016,mid_E2_B,primary,selection,persistence,baseline,2,85,6,-0.030186649297539978,-0.03882352941176455,-5.286468693748702,43.45807709849651,5.551115123125783e-17,0.40000000000000463,10,11.467709894083438,0.3222576654200874,approximate_with_skipped_origins_overlap_selection_and_heavy_tails
middle_stable_2009_2016,mid_E2_B,primary,selection,persistence,baseline,2,85,7,0.031310011400053135,-0.03882352941176455,-5.286468693748702,43.45807709849651,5.551115123125783e-17,0.40000000000000463,10,11.467709894083438,0.3222576654200874,approximate_with_skipped_origins_overlap_selection_and_heavy_tails
middle_stable_2009_2016,mid_E2_B,primary,selection,persistence,baseline,2,85,8,-0.014972488452905532,-0.03882352941176455,-5.286468693748702,43.45807709849651,5.551115123125783e-17,0.40000000000000463,10,11.467709894083438,0.3222576654200874,approximate_with_skipped_origins_overlap_selection_and_heavy_tails
middle_stable_2009_2016,mid_E2_B,primary,selection,persistence,baseline,2,85,9,-0.020066973754847398,-0.03882352941176455,-5.286468693748702,43.45807709849651,5.551115123125783e-17,0.40000000000000463,10,11.467709894083438,0.3222576654200874,approximate_with_skipped_origins_overlap_selection_and_heavy_tails
middle_stable_2009_2016,mid_E2_B,primary,selection,persistence,baseline,2,85,10,-0.0008379540468940913,-0.03882352941176455,-5.286468693748702,43.45807709849651,5.551115123125783e-17,0.40000000000000463,10,11.467709894083438,0.3222576654200874,approximate_with_skipped_origins_overlap_selection_and_heavy_tails
middle_stable_2009_2016,mid_E2_B,primary,selection,persistence,baseline,7,81,0,1.0,-0.071604938271605,-4.543092889845462,23.98267645609709,0.09999999999999432,0.6999999999999997,10,19.84185086349811,0.030784500559861684,approximate_with_skipped_origins_overlap_selection_and_heavy_tails
middle_stable_2009_2016,mid_E2_B,primary,selection,persistence,baseline,7,81,1,0.42965183088674513,-0.071604938271605,-4.543092889845462,23.98267645609709,0.09999999999999432,0.6999999999999997,10,19.84185086349811,0.030784500559861684,approximate_with_skipped_origins_overlap_selection_and_heavy_tails
middle_stable_2009_2016,mid_E2_B,primary,selection,persistence,baseline,7,81,2,0.14951513245596218,-0.071604938271605,-4.543092889845462,23.98267645609709,0.09999999999999432,0.6999999999999997,10,19.84185086349811,0.030784500559861684,approximate_with_skipped_origins_overlap_selection_and_heavy_tails
middle_stable_2009_2016,mid_E2_B,primary,selection,persistence,baseline,7,81,3,-0.09512012412925543,-0.071604938271605,-4.543092889845462,23.98267645609709,0.09999999999999432,0.6999999999999997,10,19.84185086349811,0.030784500559861684,approximate_with_skipped_origins_overlap_selection_and_heavy_tails
middle_stable_2009_2016,mid_E2_B,primary,selection,persistence,baseline,7,81,4,-0.0012060375552299229,-0.071604938271605,-4.543092889845462,23.98267645609709,0.09999999999999432,0.6999999999999997,10,19.84185086349811,0.030784500559861684,approximate_with_skipped_origins_overlap_selection_and_heavy_tails
middle_stable_2009_2016,mid_E2_B,primary,selection,persistence,baseline,7,81,5,-0.06347586639293283,-0.071604938271605,-4.543092889845462,23.98267645609709,0.09999999999999432,0.6999999999999997,10,19.84185086349811,0.030784500559861684,approximate_with_skipped_origins_overlap_selection_and_heavy_tails
middle_stable_2009_2016,mid_E2_B,primary,selection,persistence,baseline,7,81,6,-0.06193201371830131,-0.071604938271605,-4.543092889845462,23.98267645609709,0.09999999999999432,0.6999999999999997,10,19.84185086349811,0.030784500559861684,approximate_with_skipped_origins_overlap_selection_and_heavy_tails
middle_stable_2009_2016,mid_E2_B,primary,selection,persistence,baseline,7,81,7,-0.0685866551160803,-0.071604938271605,-4.543092889845462,23.98267645609709,0.09999999999999432,0.6999999999999997,10,19.84185086349811,0.030784500559861684,approximate_with_skipped_origins_overlap_selection_and_heavy_tails
middle_stable_2009_2016,mid_E2_B,primary,selection,persistence,baseline,7,81,8,-0.058371703434718425,-0.071604938271605,-4.543092889845462,23.98267645609709,0.09999999999999432,0.6999999999999997,10,19.84185086349811,0.030784500559861684,approximate_with_skipped_origins_overlap_selection_and_heavy_tails
middle_stable_2009_2016,mid_E2_B,primary,selection,persistence,baseline,7,81,9,-0.02678940154508706,-0.071604938271605,-4.543092889845462,23.98267645609709,0.09999999999999432,0.6999999999999997,10,19.84185086349811,0.030784500559861684,approximate_with_skipped_origins_overlap_selection_and_heavy_tails
middle_stable_2009_2016,mid_E2_B,primary,selection,persistence,baseline,7,81,10,-0.03812603589384585,-0.071604938271605,-4.543092889845462,23.98267645609709,0.09999999999999432,0.6999999999999997,10,19.84185086349811,0.030784500559861684,approximate_with_skipped_origins_overlap_selection_and_heavy_tails
middle_stable_2009_2016,mid_E2_B,primary,selection,prior_year_same_date,baseline,1,81,0,1.0,0.01851851851851864,3.6826916141467088,30.26622488378324,0.19999999999999996,2.5000000000000004,10,16.5330914084778,0.08535528578840347,approximate_with_skipped_origins_overlap_selection_and_heavy_tails
middle_stable_2009_2016,mid_E2_B,primary,selection,prior_year_same_date,baseline,1,81,1,0.43247195349033885,0.01851851851851864,3.6826916141467088,30.26622488378324,0.19999999999999996,2.5000000000000004,10,16.5330914084778,0.08535528578840347,approximate_with_skipped_origins_overlap_selection_and_heavy_tails
middle_stable_2009_2016,mid_E2_B,primary,selection,prior_year_same_date,baseline,1,81,2,0.057191874672334754,0.01851851851851864,3.6826916141467088,30.26622488378324,0.19999999999999996,2.5000000000000004,10,16.5330914084778,0.08535528578840347,approximate_with_skipped_origins_overlap_selection_and_heavy_tails
middle_stable_2009_2016,mid_E2_B,primary,selection,prior_year_same_date,baseline,1,81,3,0.01581006165650471,0.01851851851851864,3.6826916141467088,30.26622488378324,0.19999999999999996,2.5000000000000004,10,16.5330914084778,0.08535528578840347,approximate_with_skipped_origins_overlap_selection_and_heavy_tails
middle_stable_2009_2016,mid_E2_B,primary,selection,prior_year_same_date,baseline,1,81,4,0.022931322452722315,0.01851851851851864,3.6826916141467088,30.26622488378324,0.19999999999999996,2.5000000000000004,10,16.5330914084778,0.08535528578840347,approximate_with_skipped_origins_overlap_selection_and_heavy_tails
middle_stable_2009_2016,mid_E2_B,primary,selection,prior_year_same_date,baseline,1,81,5,0.02108029680789999,0.01851851851851864,3.6826916141467088,30.26622488378324,0.19999999999999996,2.5000000000000004,10,16.5330914084778,0.08535528578840347,approximate_with_skipped_origins_overlap_selection_and_heavy_tails
middle_stable_2009_2016,mid_E2_B,primary,selection,prior_year_same_date,baseline,1,81,6,-0.00873343749980095,0.01851851851851864,3.6826916141467088,30.26622488378324,0.19999999999999996,2.5000000000000004,10,16.5330914084778,0.08535528578840347,approximate_with_skipped_origins_overlap_selection_and_heavy_tails
middle_stable_2009_2016,mid_E2_B,primary,selection,prior_year_same_date,baseline,1,81,7,0.02132987571056384,0.01851851851851864,3.6826916141467088,30.26622488378324,0.19999999999999996,2.5000000000000004,10,16.5330914084778,0.08535528578840347,approximate_with_skipped_origins_overlap_selection_and_heavy_tails
middle_stable_2009_2016,mid_E2_B,primary,selection,prior_year_same_date,baseline,1,81,8,0.048171625303739266,0.01851851851851864,3.6826916141467088,30.26622488378324,0.19999999999999996,2.5000000000000004,10,16.5330914084778,0.08535528578840347,approximate_with_skipped_origins_overlap_selection_and_heavy_tails
middle_stable_2009_2016,mid_E2_B,primary,selection,prior_year_same_date,baseline,1,81,9,0.03858247338057505,0.01851851851851864,3.6826916141467088,30.26622488378324,0.19999999999999996,2.5000000000000004,10,16.5330914084778,0.08535528578840347,approximate_with_skipped_origins_overlap_selection_and_heavy_tails
middle_stable_2009_2016,mid_E2_B,primary,selection,prior_year_same_date,baseline,1,81,10,0.017616450661812902,0.01851851851851864,3.6826916141467088,30.26622488378324,0.19999999999999996,2.5000000000000004,10,16.5330914084778,0.08535528578840347,approximate_with_skipped_origins_overlap_selection_and_heavy_tails
middle_stable_2009_2016,mid_E2_B,primary,selection,prior_year_same_date,baseline,2,79,0,1.0,-0.055696202531645284,0.07511660898958283,20.0547094898723,0.10000000000002274,2.1099999999999883,10,24.310450825478227,0.006817648973742297,approximate_with_skipped_origins_overlap_selection_and_heavy_tails
middle_stable_2009_2016,mid_E2_B,primary,selection,prior_year_same_date,baseline,2,79,1,0.42113867754685114,-0.055696202531645284,0.07511660898958283,20.0547094898723,0.10000000000002274,2.1099999999999883,10,24.310450825478227,0.006817648973742297,approximate_with_skipped_origins_overlap_selection_and_heavy_tails
middle_stable_2009_2016,mid_E2_B,primary,selection,prior_year_same_date,baseline,2,79,2,0.33807008181057074,-0.055696202531645284,0.07511660898958283,20.0547094898723,0.10000000000002274,2.1099999999999883,10,24.310450825478227,0.006817648973742297,approximate_with_skipped_origins_overlap_selection_and_heavy_tails
middle_stable_2009_2016,mid_E2_B,primary,selection,prior_year_same_date,baseline,2,79,3,0.027557806574059738,-0.055696202531645284,0.07511660898958283,20.0547094898723,0.10000000000002274,2.1099999999999883,10,24.310450825478227,0.006817648973742297,approximate_with_skipped_origins_overlap_selection_and_heavy_tails
middle_stable_2009_2016,mid_E2_B,primary,selection,prior_year_same_date,baseline,2,79,4,0.0009640133446953096,-0.055696202531645284,0.07511660898958283,20.0547094898723,0.10000000000002274,2.1099999999999883,10,24.310450825478227,0.006817648973742297,approximate_with_skipped_origins_overlap_selection_and_heavy_tails
middle_stable_2009_2016,mid_E2_B,primary,selection,prior_year_same_date,baseline,2,79,5,0.024971423965111508,-0.055696202531645284,0.07511660898958283,20.0547094898723,0.10000000000002274,2.1099999999999883,10,24.310450825478227,0.006817648973742297,approximate_with_skipped_origins_overlap_selection_and_heavy_tails
middle_stable_2009_2016,mid_E2_B,primary,selection,prior_year_same_date,baseline,2,79,6,-0.019558981122201027,-0.055696202531645284,0.07511660898958283,20.0547094898723,0.10000000000002274,2.1099999999999883,10,24.310450825478227,0.006817648973742297,approximate_with_skipped_origins_overlap_selection_and_heavy_tails
middle_stable_2009_2016,mid_E2_B,primary,selection,prior_year_same_date,baseline,2,79,7,-0.03402630955710608,-0.055696202531645284,0.07511660898958283,20.0547094898723,0.10000000000002274,2.1099999999999883,10,24.310450825478227,0.006817648973742297,approximate_with_skipped_origins_overlap_selection_and_heavy_tails
middle_stable_2009_2016,mid_E2_B,primary,selection,prior_year_same_date,baseline,2,79,8,-0.003037781554124238,-0.055696202531645284,0.07511660898958283,20.0547094898723,0.10000000000002274,2.1099999999999883,10,24.310450825478227,0.006817648973742297,approximate_with_skipped_origins_overlap_selection_and_heavy_tails
middle_stable_2009_2016,mid_E2_B,primary,selection,prior_year_same_date,baseline,2,79,9,-0.004916458018135707,-0.055696202531645284,0.07511660898958283,20.0547094898723,0.10000000000002274,2.1099999999999883,10,24.310450825478227,0.006817648973742297,approximate_with_skipped_origins_overlap_selection_and_heavy_tails
middle_stable_2009_2016,mid_E2_B,primary,selection,prior_year_same_date,baseline,2,79,10,0.0072053154473344155,-0.055696202531645284,0.07511660898958283,20.0547094898723,0.10000000000002274,2.1099999999999883,10,24.310450825478227,0.006817648973742297,approximate_with_skipped_origins_overlap_selection_and_heavy_tails
middle_stable_2009_2016,mid_E2_B,primary,selection,prior_year_same_date,baseline,7,76,0,1.0,-0.0802631578947374,-2.5019166268901647,20.678591724719336,0.19999999999999996,2.2499999999999982,10,22.07518141383027,0.014726146535731975,approximate_with_skipped_origins_overlap_selection_and_heavy_tails
middle_stable_2009_2016,mid_E2_B,primary,selection,prior_year_same_date,baseline,7,76,1,0.2797948523589522,-0.0802631578947374,-2.5019166268901647,20.678591724719336,0.19999999999999996,2.2499999999999982,10,22.07518141383027,0.014726146535731975,approximate_with_skipped_origins_overlap_selection_and_heavy_tails
middle_stable_2009_2016,mid_E2_B,primary,selection,prior_year_same_date,baseline,7,76,2,0.4070612374856473,-0.0802631578947374,-2.5019166268901647,20.678591724719336,0.19999999999999996,2.2499999999999982,10,22.07518141383027,0.014726146535731975,approximate_with_skipped_origins_overlap_selection_and_heavy_tails
middle_stable_2009_2016,mid_E2_B,primary,selection,prior_year_same_date,baseline,7,76,3,0.15944627632895855,-0.0802631578947374,-2.5019166268901647,20.678591724719336,0.19999999999999996,2.2499999999999982,10,22.07518141383027,0.014726146535731975,approximate_with_skipped_origins_overlap_selection_and_heavy_tails
middle_stable_2009_2016,mid_E2_B,primary,selection,prior_year_same_date,baseline,7,76,4,0.04205739155628157,-0.0802631578947374,-2.5019166268901647,20.678591724719336,0.19999999999999996,2.2499999999999982,10,22.07518141383027,0.014726146535731975,approximate_with_skipped_origins_overlap_selection_and_heavy_tails
middle_stable_2009_2016,mid_E2_B,primary,selection,prior_year_same_date,baseline,7,76,5,0.03210791772022706,-0.0802631578947374,-2.5019166268901647,20.678591724719336,0.19999999999999996,2.2499999999999982,10,22.07518141383027,0.014726146535731975,approximate_with_skipped_origins_overlap_selection_and_heavy_tails
middle_stable_2009_2016,mid_E2_B,primary,selection,prior_year_same_date,baseline,7,76,6,-0.01642896832495475,-0.0802631578947374,-2.5019166268901647,20.678591724719336,0.19999999999999996,2.2499999999999982,10,22.07518141383027,0.014726146535731975,approximate_with_skipped_origins_overlap_selection_and_heavy_tails
middle_stable_2009_2016,mid_E2_B,primary,selection,prior_year_same_date,baseline,7,76,7,-0.021817760364198708,-0.0802631578947374,-2.5019166268901647,20.678591724719336,0.19999999999999996,2.2499999999999982,10,22.07518141383027,0.014726146535731975,approximate_with_skipped_origins_overlap_selection_and_heavy_tails
middle_stable_2009_2016,mid_E2_B,primary,selection,prior_year_same_date,baseline,7,76,8,-0.03053336434389871,-0.0802631578947374,-2.5019166268901647,20.678591724719336,0.19999999999999996,2.2499999999999982,10,22.07518141383027,0.014726146535731975,approximate_with_skipped_origins_overlap_selection_and_heavy_tails
middle_stable_2009_2016,mid_E2_B,primary,selection,prior_year_same_date,baseline,7,76,9,0.0186411657406085,-0.0802631578947374,-2.5019166268901647,20.678591724719336,0.19999999999999996,2.2499999999999982,10,22.07518141383027,0.014726146535731975,approximate_with_skipped_origins_overlap_selection_and_heavy_tails
middle_stable_2009_2016,mid_E2_B,primary,selection,prior_year_same_date,baseline,7,76,10,-0.039722888367180575,-0.0802631578947374,-2.5019166268901647,20.678591724719336,0.19999999999999996,2.2499999999999982,10,22.07518141383027,0.014726146535731975,approximate_with_skipped_origins_overlap_selection_and_heavy_tails
middle_stable_2009_2016,mid_E2_B,primary,selection,zero_change,baseline,1,85,0,1.0,0.13764705882352926,7.27998039941987,56.96494965987141,0.0,0.380000000000002,10,12.03301004598811,0.2828533370014171,approximate_with_skipped_origins_overlap_selection_and_heavy_tails
middle_stable_2009_2016,mid_E2_B,primary,selection,zero_change,baseline,1,85,1,0.36306885186064675,0.13764705882352926,7.27998039941987,56.96494965987141,0.0,0.380000000000002,10,12.03301004598811,0.2828533370014171,approximate_with_skipped_origins_overlap_selection_and_heavy_tails
middle_stable_2009_2016,mid_E2_B,primary,selection,zero_change,baseline,1,85,2,-0.03237307310470836,0.13764705882352926,7.27998039941987,56.96494965987141,0.0,0.380000000000002,10,12.03301004598811,0.2828533370014171,approximate_with_skipped_origins_overlap_selection_and_heavy_tails
middle_stable_2009_2016,mid_E2_B,primary,selection,zero_change,baseline,1,85,3,-0.024059102945255165,0.13764705882352926,7.27998039941987,56.96494965987141,0.0,0.380000000000002,10,12.03301004598811,0.2828533370014171,approximate_with_skipped_origins_overlap_selection_and_heavy_tails
middle_stable_2009_2016,mid_E2_B,primary,selection,zero_change,baseline,1,85,4,-0.019369962230571965,0.13764705882352926,7.27998039941987,56.96494965987141,0.0,0.380000000000002,10,12.03301004598811,0.2828533370014171,approximate_with_skipped_origins_overlap_selection_and_heavy_tails
middle_stable_2009_2016,mid_E2_B,primary,selection,zero_change,baseline,1,85,5,-0.00636395395733166,0.13764705882352926,7.27998039941987,56.96494965987141,0.0,0.380000000000002,10,12.03301004598811,0.2828533370014171,approximate_with_skipped_origins_overlap_selection_and_heavy_tails
middle_stable_2009_2016,mid_E2_B,primary,selection,zero_change,baseline,1,85,6,-0.037962738781489196,0.13764705882352926,7.27998039941987,56.96494965987141,0.0,0.380000000000002,10,12.03301004598811,0.2828533370014171,approximate_with_skipped_origins_overlap_selection_and_heavy_tails
middle_stable_2009_2016,mid_E2_B,primary,selection,zero_change,baseline,1,85,7,-0.03193463334413572,0.13764705882352926,7.27998039941987,56.96494965987141,0.0,0.380000000000002,10,12.03301004598811,0.2828533370014171,approximate_with_skipped_origins_overlap_selection_and_heavy_tails
middle_stable_2009_2016,mid_E2_B,primary,selection,zero_change,baseline,1,85,8,-0.0013182666359813364,0.13764705882352926,7.27998039941987,56.96494965987141,0.0,0.380000000000002,10,12.03301004598811,0.2828533370014171,approximate_with_skipped_origins_overlap_selection_and_heavy_tails
middle_stable_2009_2016,mid_E2_B,primary,selection,zero_change,baseline,1,85,9,0.011070628932094918,0.13764705882352926,7.27998039941987,56.96494965987141,0.0,0.380000000000002,10,12.03301004598811,0.2828533370014171,approximate_with_skipped_origins_overlap_selection_and_heavy_tails
middle_stable_2009_2016,mid_E2_B,primary,selection,zero_change,baseline,1,85,10,-0.0031428454390781692,0.13764705882352926,7.27998039941987,56.96494965987141,0.0,0.380000000000002,10,12.03301004598811,0.2828533370014171,approximate_with_skipped_origins_overlap_selection_and_heavy_tails
middle_stable_2009_2016,mid_E2_B,primary,selection,zero_change,baseline,2,85,0,1.0,0.1352941176470592,7.93683648220587,67.99677657722101,0.0,0.5599999999999995,10,11.106676334652395,0.3492675836456664,approximate_with_skipped_origins_overlap_selection_and_heavy_tails
middle_stable_2009_2016,mid_E2_B,primary,selection,zero_change,baseline,2,85,1,0.2942559506826702,0.1352941176470592,7.93683648220587,67.99677657722101,0.0,0.5599999999999995,10,11.106676334652395,0.3492675836456664,approximate_with_skipped_origins_overlap_selection_and_heavy_tails
middle_stable_2009_2016,mid_E2_B,primary,selection,zero_change,baseline,2,85,2,0.1742306498239291,0.1352941176470592,7.93683648220587,67.99677657722101,0.0,0.5599999999999995,10,11.106676334652395,0.3492675836456664,approximate_with_skipped_origins_overlap_selection_and_heavy_tails
middle_stable_2009_2016,mid_E2_B,primary,selection,zero_change,baseline,2,85,3,-0.00417086977504789,0.1352941176470592,7.93683648220587,67.99677657722101,0.0,0.5599999999999995,10,11.106676334652395,0.3492675836456664,approximate_with_skipped_origins_overlap_selection_and_heavy_tails
middle_stable_2009_2016,mid_E2_B,primary,selection,zero_change,baseline,2,85,4,-0.032936572797514746,0.1352941176470592,7.93683648220587,67.99677657722101,0.0,0.5599999999999995,10,11.106676334652395,0.3492675836456664,approximate_with_skipped_origins_overlap_selection_and_heavy_tails
middle_stable_2009_2016,mid_E2_B,primary,selection,zero_change,baseline,2,85,5,0.03836184676925632,0.1352941176470592,7.93683648220587,67.99677657722101,0.0,0.5599999999999995,10,11.106676334652395,0.3492675836456664,approximate_with_skipped_origins_overlap_selection_and_heavy_tails
middle_stable_2009_2016,mid_E2_B,primary,selection,zero_change,baseline,2,85,6,-0.03987690010319583,0.1352941176470592,7.93683648220587,67.99677657722101,0.0,0.5599999999999995,10,11.106676334652395,0.3492675836456664,approximate_with_skipped_origins_overlap_selection_and_heavy_tails
middle_stable_2009_2016,mid_E2_B,primary,selection,zero_change,baseline,2,85,7,-0.03412327591959847,0.1352941176470592,7.93683648220587,67.99677657722101,0.0,0.5599999999999995,10,11.106676334652395,0.3492675836456664,approximate_with_skipped_origins_overlap_selection_and_heavy_tails
middle_stable_2009_2016,mid_E2_B,primary,selection,zero_change,baseline,2,85,8,-0.029676766055067975,0.1352941176470592,7.93683648220587,67.99677657722101,0.0,0.5599999999999995,10,11.106676334652395,0.3492675836456664,approximate_with_skipped_origins_overlap_selection_and_heavy_tails
middle_stable_2009_2016,mid_E2_B,primary,selection,zero_change,baseline,2,85,9,-0.04520690899137796,0.1352941176470592,7.93683648220587,67.99677657722101,0.0,0.5599999999999995,10,11.106676334652395,0.3492675836456664,approximate_with_skipped_origins_overlap_selection_and_heavy_tails
middle_stable_2009_2016,mid_E2_B,primary,selection,zero_change,baseline,2,85,10,-0.00018230932234105748,0.1352941176470592,7.93683648220587,67.99677657722101,0.0,0.5599999999999995,10,11.106676334652395,0.3492675836456664,approximate_with_skipped_origins_overlap_selection_and_heavy_tails
middle_stable_2009_2016,mid_E2_B,primary,selection,zero_change,baseline,7,81,0,1.0,0.1024691358024691,5.447195441622227,31.62256883772692,0.0,0.4000000000000057,10,27.391466571978622,0.0022574529602340013,approximate_with_skipped_origins_overlap_selection_and_heavy_tails
middle_stable_2009_2016,mid_E2_B,primary,selection,zero_change,baseline,7,81,1,0.3145323376491597,0.1024691358024691,5.447195441622227,31.62256883772692,0.0,0.4000000000000057,10,27.391466571978622,0.0022574529602340013,approximate_with_skipped_origins_overlap_selection_and_heavy_tails
middle_stable_2009_2016,mid_E2_B,primary,selection,zero_change,baseline,7,81,2,0.45476079262862873,0.1024691358024691,5.447195441622227,31.62256883772692,0.0,0.4000000000000057,10,27.391466571978622,0.0022574529602340013,approximate_with_skipped_origins_overlap_selection_and_heavy_tails
middle_stable_2009_2016,mid_E2_B,primary,selection,zero_change,baseline,7,81,3,0.07848081626333725,0.1024691358024691,5.447195441622227,31.62256883772692,0.0,0.4000000000000057,10,27.391466571978622,0.0022574529602340013,approximate_with_skipped_origins_overlap_selection_and_heavy_tails
middle_stable_2009_2016,mid_E2_B,primary,selection,zero_change,baseline,7,81,4,-0.04707735905335566,0.1024691358024691,5.447195441622227,31.62256883772692,0.0,0.4000000000000057,10,27.391466571978622,0.0022574529602340013,approximate_with_skipped_origins_overlap_selection_and_heavy_tails
middle_stable_2009_2016,mid_E2_B,primary,selection,zero_change,baseline,7,81,5,-0.03595829900090486,0.1024691358024691,5.447195441622227,31.62256883772692,0.0,0.4000000000000057,10,27.391466571978622,0.0022574529602340013,approximate_with_skipped_origins_overlap_selection_and_heavy_tails
middle_stable_2009_2016,mid_E2_B,primary,selection,zero_change,baseline,7,81,6,-0.03703457691076316,0.1024691358024691,5.447195441622227,31.62256883772692,0.0,0.4000000000000057,10,27.391466571978622,0.0022574529602340013,approximate_with_skipped_origins_overlap_selection_and_heavy_tails
middle_stable_2009_2016,mid_E2_B,primary,selection,zero_change,baseline,7,81,7,-0.033842043711086026,0.1024691358024691,5.447195441622227,31.62256883772692,0.0,0.4000000000000057,10,27.391466571978622,0.0022574529602340013,approximate_with_skipped_origins_overlap_selection_and_heavy_tails
middle_stable_2009_2016,mid_E2_B,primary,selection,zero_change,baseline,7,81,8,-0.010186672194841382,0.1024691358024691,5.447195441622227,31.62256883772692,0.0,0.4000000000000057,10,27.391466571978622,0.0022574529602340013,approximate_with_skipped_origins_overlap_selection_and_heavy_tails
middle_stable_2009_2016,mid_E2_B,primary,selection,zero_change,baseline,7,81,9,-0.05470828806700934,0.1024691358024691,5.447195441622227,31.62256883772692,0.0,0.4000000000000057,10,27.391466571978622,0.0022574529602340013,approximate_with_skipped_origins_overlap_selection_and_heavy_tails
middle_stable_2009_2016,mid_E2_B,primary,selection,zero_change,baseline,7,81,10,-0.03607452629995279,0.1024691358024691,5.447195441622227,31.62256883772692,0.0,0.4000000000000057,10,27.391466571978622,0.0022574529602340013,approximate_with_skipped_origins_overlap_selection_and_heavy_tails
toe_pre_topple_long,toe_E5_C,secondary_primary_window,evaluation,arima_ar1,ARIMA,1,76,0,1.0,-0.036408933416086676,1.541685762080309,9.507015076823176,0.17279945616424913,0.4896686654089518,10,12.382990242368635,0.26024164129775706,approximate_with_skipped_origins_overlap_selection_and_heavy_tails
toe_pre_topple_long,toe_E5_C,secondary_primary_window,evaluation,arima_ar1,ARIMA,1,76,1,0.04754144543633174,-0.036408933416086676,1.541685762080309,9.507015076823176,0.17279945616424913,0.4896686654089518,10,12.382990242368635,0.26024164129775706,approximate_with_skipped_origins_overlap_selection_and_heavy_tails
toe_pre_topple_long,toe_E5_C,secondary_primary_window,evaluation,arima_ar1,ARIMA,1,76,2,0.1202272458289926,-0.036408933416086676,1.541685762080309,9.507015076823176,0.17279945616424913,0.4896686654089518,10,12.382990242368635,0.26024164129775706,approximate_with_skipped_origins_overlap_selection_and_heavy_tails
toe_pre_topple_long,toe_E5_C,secondary_primary_window,evaluation,arima_ar1,ARIMA,1,76,3,-0.23650329117831226,-0.036408933416086676,1.541685762080309,9.507015076823176,0.17279945616424913,0.4896686654089518,10,12.382990242368635,0.26024164129775706,approximate_with_skipped_origins_overlap_selection_and_heavy_tails
toe_pre_topple_long,toe_E5_C,secondary_primary_window,evaluation,arima_ar1,ARIMA,1,76,4,-0.004586115447094608,-0.036408933416086676,1.541685762080309,9.507015076823176,0.17279945616424913,0.4896686654089518,10,12.382990242368635,0.26024164129775706,approximate_with_skipped_origins_overlap_selection_and_heavy_tails
toe_pre_topple_long,toe_E5_C,secondary_primary_window,evaluation,arima_ar1,ARIMA,1,76,5,-0.14211317801102386,-0.036408933416086676,1.541685762080309,9.507015076823176,0.17279945616424913,0.4896686654089518,10,12.382990242368635,0.26024164129775706,approximate_with_skipped_origins_overlap_selection_and_heavy_tails
toe_pre_topple_long,toe_E5_C,secondary_primary_window,evaluation,arima_ar1,ARIMA,1,76,6,0.11443753258288263,-0.036408933416086676,1.541685762080309,9.507015076823176,0.17279945616424913,0.4896686654089518,10,12.382990242368635,0.26024164129775706,approximate_with_skipped_origins_overlap_selection_and_heavy_tails
toe_pre_topple_long,toe_E5_C,secondary_primary_window,evaluation,arima_ar1,ARIMA,1,76,7,0.034994474239254586,-0.036408933416086676,1.541685762080309,9.507015076823176,0.17279945616424913,0.4896686654089518,10,12.382990242368635,0.26024164129775706,approximate_with_skipped_origins_overlap_selection_and_heavy_tails
toe_pre_topple_long,toe_E5_C,secondary_primary_window,evaluation,arima_ar1,ARIMA,1,76,8,0.15475235156472036,-0.036408933416086676,1.541685762080309,9.507015076823176,0.17279945616424913,0.4896686654089518,10,12.382990242368635,0.26024164129775706,approximate_with_skipped_origins_overlap_selection_and_heavy_tails
toe_pre_topple_long,toe_E5_C,secondary_primary_window,evaluation,arima_ar1,ARIMA,1,76,9,-0.04801295569412172,-0.036408933416086676,1.541685762080309,9.507015076823176,0.17279945616424913,0.4896686654089518,10,12.382990242368635,0.26024164129775706,approximate_with_skipped_origins_overlap_selection_and_heavy_tails
toe_pre_topple_long,toe_E5_C,secondary_primary_window,evaluation,arima_ar1,ARIMA,1,76,10,-0.12078574346649783,-0.036408933416086676,1.541685762080309,9.507015076823176,0.17279945616424913,0.4896686654089518,10,12.382990242368635,0.26024164129775706,approximate_with_skipped_origins_overlap_selection_and_heavy_tails
toe_pre_topple_long,toe_E5_C,secondary_primary_window,evaluation,arima_ar1,ARIMA,2,76,0,1.0,-0.053457004491604745,2.5156839275150453,15.174515065662828,0.15354400808144536,0.664813419970427,10,3.2867596077797145,0.9738478293867413,approximate_with_skipped_origins_overlap_selection_and_heavy_tails
toe_pre_topple_long,toe_E5_C,secondary_primary_window,evaluation,arima_ar1,ARIMA,2,76,1,0.0010672388677383739,-0.053457004491604745,2.5156839275150453,15.174515065662828,0.15354400808144536,0.664813419970427,10,3.2867596077797145,0.9738478293867413,approximate_with_skipped_origins_overlap_selection_and_heavy_tails
toe_pre_topple_long,toe_E5_C,secondary_primary_window,evaluation,arima_ar1,ARIMA,2,76,2,0.04908817030381662,-0.053457004491604745,2.5156839275150453,15.174515065662828,0.15354400808144536,0.664813419970427,10,3.2867596077797145,0.9738478293867413,approximate_with_skipped_origins_overlap_selection_and_heavy_tails
toe_pre_topple_long,toe_E5_C,secondary_primary_window,evaluation,arima_ar1,ARIMA,2,76,3,0.00880134968742793,-0.053457004491604745,2.5156839275150453,15.174515065662828,0.15354400808144536,0.664813419970427,10,3.2867596077797145,0.9738478293867413,approximate_with_skipped_origins_overlap_selection_and_heavy_tails
toe_pre_topple_long,toe_E5_C,secondary_primary_window,evaluation,arima_ar1,ARIMA,2,76,4,-0.09622402470837163,-0.053457004491604745,2.5156839275150453,15.174515065662828,0.15354400808144536,0.664813419970427,10,3.2867596077797145,0.9738478293867413,approximate_with_skipped_origins_overlap_selection_and_heavy_tails
toe_pre_topple_long,toe_E5_C,secondary_primary_window,evaluation,arima_ar1,ARIMA,2,76,5,-0.08274160660511401,-0.053457004491604745,2.5156839275150453,15.174515065662828,0.15354400808144536,0.664813419970427,10,3.2867596077797145,0.9738478293867413,approximate_with_skipped_origins_overlap_selection_and_heavy_tails
toe_pre_topple_long,toe_E5_C,secondary_primary_window,evaluation,arima_ar1,ARIMA,2,76,6,0.02068387926606871,-0.053457004491604745,2.5156839275150453,15.174515065662828,0.15354400808144536,0.664813419970427,10,3.2867596077797145,0.9738478293867413,approximate_with_skipped_origins_overlap_selection_and_heavy_tails
toe_pre_topple_long,toe_E5_C,secondary_primary_window,evaluation,arima_ar1,ARIMA,2,76,7,0.11955340026863776,-0.053457004491604745,2.5156839275150453,15.174515065662828,0.15354400808144536,0.664813419970427,10,3.2867596077797145,0.9738478293867413,approximate_with_skipped_origins_overlap_selection_and_heavy_tails
toe_pre_topple_long,toe_E5_C,secondary_primary_window,evaluation,arima_ar1,ARIMA,2,76,8,-0.03513663637345361,-0.053457004491604745,2.5156839275150453,15.174515065662828,0.15354400808144536,0.664813419970427,10,3.2867596077797145,0.9738478293867413,approximate_with_skipped_origins_overlap_selection_and_heavy_tails
toe_pre_topple_long,toe_E5_C,secondary_primary_window,evaluation,arima_ar1,ARIMA,2,76,9,-0.004049339221229309,-0.053457004491604745,2.5156839275150453,15.174515065662828,0.15354400808144536,0.664813419970427,10,3.2867596077797145,0.9738478293867413,approximate_with_skipped_origins_overlap_selection_and_heavy_tails
toe_pre_topple_long,toe_E5_C,secondary_primary_window,evaluation,arima_ar1,ARIMA,2,76,10,0.0650568233138854,-0.053457004491604745,2.5156839275150453,15.174515065662828,0.15354400808144536,0.664813419970427,10,3.2867596077797145,0.9738478293867413,approximate_with_skipped_origins_overlap_selection_and_heavy_tails
toe_pre_topple_long,toe_E5_C,secondary_primary_window,evaluation,arima_ar1,ARIMA,7,72,0,1.0,-0.10202940153299583,-0.44227805094335193,2.0247574636336534,0.10955962541940238,0.5075194697482892,10,2.8585495557617517,0.9845595293677145,approximate_with_skipped_origins_overlap_selection_and_heavy_tails
toe_pre_topple_long,toe_E5_C,secondary_primary_window,evaluation,arima_ar1,ARIMA,7,72,1,-0.01990372282802727,-0.10202940153299583,-0.44227805094335193,2.0247574636336534,0.10955962541940238,0.5075194697482892,10,2.8585495557617517,0.9845595293677145,approximate_with_skipped_origins_overlap_selection_and_heavy_tails
toe_pre_topple_long,toe_E5_C,secondary_primary_window,evaluation,arima_ar1,ARIMA,7,72,2,-0.032609694366409855,-0.10202940153299583,-0.44227805094335193,2.0247574636336534,0.10955962541940238,0.5075194697482892,10,2.8585495557617517,0.9845595293677145,approximate_with_skipped_origins_overlap_selection_and_heavy_tails
toe_pre_topple_long,toe_E5_C,secondary_primary_window,evaluation,arima_ar1,ARIMA,7,72,3,-0.14417016139853442,-0.10202940153299583,-0.44227805094335193,2.0247574636336534,0.10955962541940238,0.5075194697482892,10,2.8585495557617517,0.9845595293677145,approximate_with_skipped_origins_overlap_selection_and_heavy_tails
toe_pre_topple_long,toe_E5_C,secondary_primary_window,evaluation,arima_ar1,ARIMA,7,72,4,0.04346429202339007,-0.10202940153299583,-0.44227805094335193,2.0247574636336534,0.10955962541940238,0.5075194697482892,10,2.8585495557617517,0.9845595293677145,approximate_with_skipped_origins_overlap_selection_and_heavy_tails
toe_pre_topple_long,toe_E5_C,secondary_primary_window,evaluation,arima_ar1,ARIMA,7,72,5,0.07996259802279489,-0.10202940153299583,-0.44227805094335193,2.0247574636336534,0.10955962541940238,0.5075194697482892,10,2.8585495557617517,0.9845595293677145,approximate_with_skipped_origins_overlap_selection_and_heavy_tails
toe_pre_topple_long,toe_E5_C,secondary_primary_window,evaluation,arima_ar1,ARIMA,7,72,6,0.0012668110905865169,-0.10202940153299583,-0.44227805094335193,2.0247574636336534,0.10955962541940238,0.5075194697482892,10,2.8585495557617517,0.9845595293677145,approximate_with_skipped_origins_overlap_selection_and_heavy_tails
toe_pre_topple_long,toe_E5_C,secondary_primary_window,evaluation,arima_ar1,ARIMA,7,72,7,-0.04051025207760496,-0.10202940153299583,-0.44227805094335193,2.0247574636336534,0.10955962541940238,0.5075194697482892,10,2.8585495557617517,0.9845595293677145,approximate_with_skipped_origins_overlap_selection_and_heavy_tails
toe_pre_topple_long,toe_E5_C,secondary_primary_window,evaluation,arima_ar1,ARIMA,7,72,8,0.013814042850684542,-0.10202940153299583,-0.44227805094335193,2.0247574636336534,0.10955962541940238,0.5075194697482892,10,2.8585495557617517,0.9845595293677145,approximate_with_skipped_origins_overlap_selection_and_heavy_tails
toe_pre_topple_long,toe_E5_C,secondary_primary_window,evaluation,arima_ar1,ARIMA,7,72,9,-0.025237061730532112,-0.10202940153299583,-0.44227805094335193,2.0247574636336534,0.10955962541940238,0.5075194697482892,10,2.8585495557617517,0.9845595293677145,approximate_with_skipped_origins_overlap_selection_and_heavy_tails
toe_pre_topple_long,toe_E5_C,secondary_primary_window,evaluation,arima_ar1,ARIMA,7,72,10,-0.057287644913126066,-0.10202940153299583,-0.44227805094335193,2.0247574636336534,0.10955962541940238,0.5075194697482892,10,2.8585495557617517,0.9845595293677145,approximate_with_skipped_origins_overlap_selection_and_heavy_tails
toe_pre_topple_long,toe_E5_C,secondary_primary_window,evaluation,arima_ar2,ARIMA,1,76,0,1.0,-0.02542979490995376,1.1305036729892692,5.627032234820237,0.12535939733460838,0.48863444326548644,10,14.379936866324291,0.15635611079374945,approximate_with_skipped_origins_overlap_selection_and_heavy_tails
toe_pre_topple_long,toe_E5_C,secondary_primary_window,evaluation,arima_ar2,ARIMA,1,76,1,0.08396811086388943,-0.02542979490995376,1.1305036729892692,5.627032234820237,0.12535939733460838,0.48863444326548644,10,14.379936866324291,0.15635611079374945,approximate_with_skipped_origins_overlap_selection_and_heavy_tails
toe_pre_topple_long,toe_E5_C,secondary_primary_window,evaluation,arima_ar2,ARIMA,1,76,2,0.2025907686686995,-0.02542979490995376,1.1305036729892692,5.627032234820237,0.12535939733460838,0.48863444326548644,10,14.379936866324291,0.15635611079374945,approximate_with_skipped_origins_overlap_selection_and_heavy_tails
toe_pre_topple_long,toe_E5_C,secondary_primary_window,evaluation,arima_ar2,ARIMA,1,76,3,-0.1942430812328431,-0.02542979490995376,1.1305036729892692,5.627032234820237,0.12535939733460838,0.48863444326548644,10,14.379936866324291,0.15635611079374945,approximate_with_skipped_origins_overlap_selection_and_heavy_tails
toe_pre_topple_long,toe_E5_C,secondary_primary_window,evaluation,arima_ar2,ARIMA,1,76,4,0.037620589729217044,-0.02542979490995376,1.1305036729892692,5.627032234820237,0.12535939733460838,0.48863444326548644,10,14.379936866324291,0.15635611079374945,approximate_with_skipped_origins_overlap_selection_and_heavy_tails
toe_pre_topple_long,toe_E5_C,secondary_primary_window,evaluation,arima_ar2,ARIMA,1,76,5,-0.15293511211793057,-0.02542979490995376,1.1305036729892692,5.627032234820237,0.12535939733460838,0.48863444326548644,10,14.379936866324291,0.15635611079374945,approximate_with_skipped_origins_overlap_selection_and_heavy_tails
toe_pre_topple_long,toe_E5_C,secondary_primary_window,evaluation,arima_ar2,ARIMA,1,76,6,0.13394537505258272,-0.02542979490995376,1.1305036729892692,5.627032234820237,0.12535939733460838,0.48863444326548644,10,14.379936866324291,0.15635611079374945,approximate_with_skipped_origins_overlap_selection_and_heavy_tails
toe_pre_topple_long,toe_E5_C,secondary_primary_window,evaluation,arima_ar2,ARIMA,1,76,7,0.06123375916884726,-0.02542979490995376,1.1305036729892692,5.627032234820237,0.12535939733460838,0.48863444326548644,10,14.379936866324291,0.15635611079374945,approximate_with_skipped_origins_overlap_selection_and_heavy_tails
toe_pre_topple_long,toe_E5_C,secondary_primary_window,evaluation,arima_ar2,ARIMA,1,76,8,0.15575988245639957,-0.02542979490995376,1.1305036729892692,5.627032234820237,0.12535939733460838,0.48863444326548644,10,14.379936866324291,0.15635611079374945,approximate_with_skipped_origins_overlap_selection_and_heavy_tails
toe_pre_topple_long,toe_E5_C,secondary_primary_window,evaluation,arima_ar2,ARIMA,1,76,9,-0.03213636945506212,-0.02542979490995376,1.1305036729892692,5.627032234820237,0.12535939733460838,0.48863444326548644,10,14.379936866324291,0.15635611079374945,approximate_with_skipped_origins_overlap_selection_and_heavy_tails
toe_pre_topple_long,toe_E5_C,secondary_primary_window,evaluation,arima_ar2,ARIMA,1,76,10,-0.12276246362882441,-0.02542979490995376,1.1305036729892692,5.627032234820237,0.12535939733460838,0.48863444326548644,10,14.379936866324291,0.15635611079374945,approximate_with_skipped_origins_overlap_selection_and_heavy_tails
toe_pre_topple_long,toe_E5_C,secondary_primary_window,evaluation,arima_ar2,ARIMA,2,76,0,1.0,-0.03463423305184406,2.4512572810523374,14.578510672493412,0.11633941679505486,0.7079821974032448,10,4.18251159236938,0.9387381479094229,approximate_with_skipped_origins_overlap_selection_and_heavy_tails
toe_pre_topple_long,toe_E5_C,secondary_primary_window,evaluation,arima_ar2,ARIMA,2,76,1,0.021010463597506884,-0.03463423305184406,2.4512572810523374,14.578510672493412,0.11633941679505486,0.7079821974032448,10,4.18251159236938,0.9387381479094229,approximate_with_skipped_origins_overlap_selection_and_heavy_tails
toe_pre_topple_long,toe_E5_C,secondary_primary_window,evaluation,arima_ar2,ARIMA,2,76,2,0.05592254680320819,-0.03463423305184406,2.4512572810523374,14.578510672493412,0.11633941679505486,0.7079821974032448,10,4.18251159236938,0.9387381479094229,approximate_with_skipped_origins_overlap_selection_and_heavy_tails
toe_pre_topple_long,toe_E5_C,secondary_primary_window,evaluation,arima_ar2,ARIMA,2,76,3,0.01567641044902303,-0.03463423305184406,2.4512572810523374,14.578510672493412,0.11633941679505486,0.7079821974032448,10,4.18251159236938,0.9387381479094229,approximate_with_skipped_origins_overlap_selection_and_heavy_tails
toe_pre_topple_long,toe_E5_C,secondary_primary_window,evaluation,arima_ar2,ARIMA,2,76,4,-0.09090139161920018,-0.03463423305184406,2.4512572810523374,14.578510672493412,0.11633941679505486,0.7079821974032448,10,4.18251159236938,0.9387381479094229,approximate_with_skipped_origins_overlap_selection_and_heavy_tails
toe_pre_topple_long,toe_E5_C,secondary_primary_window,evaluation,arima_ar2,ARIMA,2,76,5,-0.07306722069718656,-0.03463423305184406,2.4512572810523374,14.578510672493412,0.11633941679505486,0.7079821974032448,10,4.18251159236938,0.9387381479094229,approximate_with_skipped_origins_overlap_selection_and_heavy_tails
toe_pre_topple_long,toe_E5_C,secondary_primary_window,evaluation,arima_ar2,ARIMA,2,76,6,0.024638078581413363,-0.03463423305184406,2.4512572810523374,14.578510672493412,0.11633941679505486,0.7079821974032448,10,4.18251159236938,0.9387381479094229,approximate_with_skipped_origins_overlap_selection_and_heavy_tails
toe_pre_topple_long,toe_E5_C,secondary_primary_window,evaluation,arima_ar2,ARIMA,2,76,7,0.16834460816765948,-0.03463423305184406,2.4512572810523374,14.578510672493412,0.11633941679505486,0.7079821974032448,10,4.18251159236938,0.9387381479094229,approximate_with_skipped_origins_overlap_selection_and_heavy_tails
toe_pre_topple_long,toe_E5_C,secondary_primary_window,evaluation,arima_ar2,ARIMA,2,76,8,-0.02610319643493899,-0.03463423305184406,2.4512572810523374,14.578510672493412,0.11633941679505486,0.7079821974032448,10,4.18251159236938,0.9387381479094229,approximate_with_skipped_origins_overlap_selection_and_heavy_tails
toe_pre_topple_long,toe_E5_C,secondary_primary_window,evaluation,arima_ar2,ARIMA,2,76,9,0.009279752490122655,-0.03463423305184406,2.4512572810523374,14.578510672493412,0.11633941679505486,0.7079821974032448,10,4.18251159236938,0.9387381479094229,approximate_with_skipped_origins_overlap_selection_and_heavy_tails
toe_pre_topple_long,toe_E5_C,secondary_primary_window,evaluation,arima_ar2,ARIMA,2,76,10,0.046935725007789725,-0.03463423305184406,2.4512572810523374,14.578510672493412,0.11633941679505486,0.7079821974032448,10,4.18251159236938,0.9387381479094229,approximate_with_skipped_origins_overlap_selection_and_heavy_tails
toe_pre_topple_long,toe_E5_C,secondary_primary_window,evaluation,arima_ar2,ARIMA,7,72,0,1.0,-0.07773949455308835,-0.3774661572874998,1.7778306955057523,0.09755026543688583,0.4844626730467092,10,3.056402767940376,0.9800653551934491,approximate_with_skipped_origins_overlap_selection_and_heavy_tails
toe_pre_topple_long,toe_E5_C,secondary_primary_window,evaluation,arima_ar2,ARIMA,7,72,1,-0.02140466362437529,-0.07773949455308835,-0.3774661572874998,1.7778306955057523,0.09755026543688583,0.4844626730467092,10,3.056402767940376,0.9800653551934491,approximate_with_skipped_origins_overlap_selection_and_heavy_tails
toe_pre_topple_long,toe_E5_C,secondary_primary_window,evaluation,arima_ar2,ARIMA,7,72,2,0.013726964301873673,-0.07773949455308835,-0.3774661572874998,1.7778306955057523,0.09755026543688583,0.4844626730467092,10,3.056402767940376,0.9800653551934491,approximate_with_skipped_origins_overlap_selection_and_heavy_tails
toe_pre_topple_long,toe_E5_C,secondary_primary_window,evaluation,arima_ar2,ARIMA,7,72,3,-0.1424899663453031,-0.07773949455308835,-0.3774661572874998,1.7778306955057523,0.09755026543688583,0.4844626730467092,10,3.056402767940376,0.9800653551934491,approximate_with_skipped_origins_overlap_selection_and_heavy_tails
toe_pre_topple_long,toe_E5_C,secondary_primary_window,evaluation,arima_ar2,ARIMA,7,72,4,0.06333341562379734,-0.07773949455308835,-0.3774661572874998,1.7778306955057523,0.09755026543688583,0.4844626730467092,10,3.056402767940376,0.9800653551934491,approximate_with_skipped_origins_overlap_selection_and_heavy_tails
toe_pre_topple_long,toe_E5_C,secondary_primary_window,evaluation,arima_ar2,ARIMA,7,72,5,0.06797007555158721,-0.07773949455308835,-0.3774661572874998,1.7778306955057523,0.09755026543688583,0.4844626730467092,10,3.056402767940376,0.9800653551934491,approximate_with_skipped_origins_overlap_selection_and_heavy_tails
toe_pre_topple_long,toe_E5_C,secondary_primary_window,evaluation,arima_ar2,ARIMA,7,72,6,0.021561183203316008,-0.07773949455308835,-0.3774661572874998,1.7778306955057523,0.09755026543688583,0.4844626730467092,10,3.056402767940376,0.9800653551934491,approximate_with_skipped_origins_overlap_selection_and_heavy_tails
toe_pre_topple_long,toe_E5_C,secondary_primary_window,evaluation,arima_ar2,ARIMA,7,72,7,-0.04787981419168312,-0.07773949455308835,-0.3774661572874998,1.7778306955057523,0.09755026543688583,0.4844626730467092,10,3.056402767940376,0.9800653551934491,approximate_with_skipped_origins_overlap_selection_and_heavy_tails
toe_pre_topple_long,toe_E5_C,secondary_primary_window,evaluation,arima_ar2,ARIMA,7,72,8,0.05053571500279237,-0.07773949455308835,-0.3774661572874998,1.7778306955057523,0.09755026543688583,0.4844626730467092,10,3.056402767940376,0.9800653551934491,approximate_with_skipped_origins_overlap_selection_and_heavy_tails
toe_pre_topple_long,toe_E5_C,secondary_primary_window,evaluation,arima_ar2,ARIMA,7,72,9,-0.024236880385582957,-0.07773949455308835,-0.3774661572874998,1.7778306955057523,0.09755026543688583,0.4844626730467092,10,3.056402767940376,0.9800653551934491,approximate_with_skipped_origins_overlap_selection_and_heavy_tails
toe_pre_topple_long,toe_E5_C,secondary_primary_window,evaluation,arima_ar2,ARIMA,7,72,10,-0.056104837541550524,-0.07773949455308835,-0.3774661572874998,1.7778306955057523,0.09755026543688583,0.4844626730467092,10,3.056402767940376,0.9800653551934491,approximate_with_skipped_origins_overlap_selection_and_heavy_tails
toe_pre_topple_long,toe_E5_C,secondary_primary_window,evaluation,arima_arma11,ARIMA,1,76,0,1.0,-0.023782784805028954,0.7619248499831343,3.931454936747727,0.12012419258935167,0.43284775713526213,10,15.574434487317344,0.11248004683017994,approximate_with_skipped_origins_overlap_selection_and_heavy_tails
toe_pre_topple_long,toe_E5_C,secondary_primary_window,evaluation,arima_arma11,ARIMA,1,76,1,0.08320146489714057,-0.023782784805028954,0.7619248499831343,3.931454936747727,0.12012419258935167,0.43284775713526213,10,15.574434487317344,0.11248004683017994,approximate_with_skipped_origins_overlap_selection_and_heavy_tails
toe_pre_topple_long,toe_E5_C,secondary_primary_window,evaluation,arima_arma11,ARIMA,1,76,2,0.2531114588650239,-0.023782784805028954,0.7619248499831343,3.931454936747727,0.12012419258935167,0.43284775713526213,10,15.574434487317344,0.11248004683017994,approximate_with_skipped_origins_overlap_selection_and_heavy_tails
toe_pre_topple_long,toe_E5_C,secondary_primary_window,evaluation,arima_arma11,ARIMA,1,76,3,-0.15316065603809026,-0.023782784805028954,0.7619248499831343,3.931454936747727,0.12012419258935167,0.43284775713526213,10,15.574434487317344,0.11248004683017994,approximate_with_skipped_origins_overlap_selection_and_heavy_tails
toe_pre_topple_long,toe_E5_C,secondary_primary_window,evaluation,arima_arma11,ARIMA,1,76,4,0.06948767017102861,-0.023782784805028954,0.7619248499831343,3.931454936747727,0.12012419258935167,0.43284775713526213,10,15.574434487317344,0.11248004683017994,approximate_with_skipped_origins_overlap_selection_and_heavy_tails
toe_pre_topple_long,toe_E5_C,secondary_primary_window,evaluation,arima_arma11,ARIMA,1,76,5,-0.13305229842194582,-0.023782784805028954,0.7619248499831343,3.931454936747727,0.12012419258935167,0.43284775713526213,10,15.574434487317344,0.11248004683017994,approximate_with_skipped_origins_overlap_selection_and_heavy_tails
toe_pre_topple_long,toe_E5_C,secondary_primary_window,evaluation,arima_arma11,ARIMA,1,76,6,0.1587714744644249,-0.023782784805028954,0.7619248499831343,3.931454936747727,0.12012419258935167,0.43284775713526213,10,15.574434487317344,0.11248004683017994,approximate_with_skipped_origins_overlap_selection_and_heavy_tails
toe_pre_topple_long,toe_E5_C,secondary_primary_window,evaluation,arima_arma11,ARIMA,1,76,7,0.052738424275546876,-0.023782784805028954,0.7619248499831343,3.931454936747727,0.12012419258935167,0.43284775713526213,10,15.574434487317344,0.11248004683017994,approximate_with_skipped_origins_overlap_selection_and_heavy_tails
toe_pre_topple_long,toe_E5_C,secondary_primary_window,evaluation,arima_arma11,ARIMA,1,76,8,0.1507549966659126,-0.023782784805028954,0.7619248499831343,3.931454936747727,0.12012419258935167,0.43284775713526213,10,15.574434487317344,0.11248004683017994,approximate_with_skipped_origins_overlap_selection_and_heavy_tails
toe_pre_topple_long,toe_E5_C,secondary_primary_window,evaluation,arima_arma11,ARIMA,1,76,9,-0.03234342001213973,-0.023782784805028954,0.7619248499831343,3.931454936747727,0.12012419258935167,0.43284775713526213,10,15.574434487317344,0.11248004683017994,approximate_with_skipped_origins_overlap_selection_and_heavy_tails
toe_pre_topple_long,toe_E5_C,secondary_primary_window,evaluation,arima_arma11,ARIMA,1,76,10,-0.13623429678205315,-0.023782784805028954,0.7619248499831343,3.931454936747727,0.12012419258935167,0.43284775713526213,10,15.574434487317344,0.11248004683017994,approximate_with_skipped_origins_overlap_selection_and_heavy_tails
toe_pre_topple_long,toe_E5_C,secondary_primary_window,evaluation,arima_arma11,ARIMA,2,76,0,1.0,-0.02477555586796315,2.5749216193040785,16.816138390380658,0.09759400642494825,0.680641144622177,10,5.47030052339925,0.857633031738603,approximate_with_skipped_origins_overlap_selection_and_heavy_tails
toe_pre_topple_long,toe_E5_C,secondary_primary_window,evaluation,arima_arma11,ARIMA,2,76,1,0.04135012927395453,-0.02477555586796315,2.5749216193040785,16.816138390380658,0.09759400642494825,0.680641144622177,10,5.47030052339925,0.857633031738603,approximate_with_skipped_origins_overlap_selection_and_heavy_tails
toe_pre_topple_long,toe_E5_C,secondary_primary_window,evaluation,arima_arma11,ARIMA,2,76,2,0.10289989524764047,-0.02477555586796315,2.5749216193040785,16.816138390380658,0.09759400642494825,0.680641144622177,10,5.47030052339925,0.857633031738603,approximate_with_skipped_origins_overlap_selection_and_heavy_tails
toe_pre_topple_long,toe_E5_C,secondary_primary_window,evaluation,arima_arma11,ARIMA,2,76,3,0.06045603368711465,-0.02477555586796315,2.5749216193040785,16.816138390380658,0.09759400642494825,0.680641144622177,10,5.47030052339925,0.857633031738603,approximate_with_skipped_origins_overlap_selection_and_heavy_tails
toe_pre_topple_long,toe_E5_C,secondary_primary_window,evaluation,arima_arma11,ARIMA,2,76,4,-0.06926677861135586,-0.02477555586796315,2.5749216193040785,16.816138390380658,0.09759400642494825,0.680641144622177,10,5.47030052339925,0.857633031738603,approximate_with_skipped_origins_overlap_selection_and_heavy_tails
toe_pre_topple_long,toe_E5_C,secondary_primary_window,evaluation,arima_arma11,ARIMA,2,76,5,-0.06864999415744408,-0.02477555586796315,2.5749216193040785,16.816138390380658,0.09759400642494825,0.680641144622177,10,5.47030052339925,0.857633031738603,approximate_with_skipped_origins_overlap_selection_and_heavy_tails
toe_pre_topple_long,toe_E5_C,secondary_primary_window,evaluation,arima_arma11,ARIMA,2,76,6,0.011147315196021676,-0.02477555586796315,2.5749216193040785,16.816138390380658,0.09759400642494825,0.680641144622177,10,5.47030052339925,0.857633031738603,approximate_with_skipped_origins_overlap_selection_and_heavy_tails
toe_pre_topple_long,toe_E5_C,secondary_primary_window,evaluation,arima_arma11,ARIMA,2,76,7,0.19144434437203237,-0.02477555586796315,2.5749216193040785,16.816138390380658,0.09759400642494825,0.680641144622177,10,5.47030052339925,0.857633031738603,approximate_with_skipped_origins_overlap_selection_and_heavy_tails
toe_pre_topple_long,toe_E5_C,secondary_primary_window,evaluation,arima_arma11,ARIMA,2,76,8,-0.02916972690948114,-0.02477555586796315,2.5749216193040785,16.816138390380658,0.09759400642494825,0.680641144622177,10,5.47030052339925,0.857633031738603,approximate_with_skipped_origins_overlap_selection_and_heavy_tails
toe_pre_topple_long,toe_E5_C,secondary_primary_window,evaluation,arima_arma11,ARIMA,2,76,9,0.017148068367351447,-0.02477555586796315,2.5749216193040785,16.816138390380658,0.09759400642494825,0.680641144622177,10,5.47030052339925,0.857633031738603,approximate_with_skipped_origins_overlap_selection_and_heavy_tails
toe_pre_topple_long,toe_E5_C,secondary_primary_window,evaluation,arima_arma11,ARIMA,2,76,10,0.039777574234501886,-0.02477555586796315,2.5749216193040785,16.816138390380658,0.09759400642494825,0.680641144622177,10,5.47030052339925,0.857633031738603,approximate_with_skipped_origins_overlap_selection_and_heavy_tails
toe_pre_topple_long,toe_E5_C,secondary_primary_window,evaluation,arima_arma11,ARIMA,7,72,0,1.0,-0.043027265986680496,-0.3226296076738307,1.5957059908524256,0.08664421026245034,0.4727657568876189,10,3.908377747826458,0.9513855662216223,approximate_with_skipped_origins_overlap_selection_and_heavy_tails
toe_pre_topple_long,toe_E5_C,secondary_primary_window,evaluation,arima_arma11,ARIMA,7,72,1,-0.013825005134268134,-0.043027265986680496,-0.3226296076738307,1.5957059908524256,0.08664421026245034,0.4727657568876189,10,3.908377747826458,0.9513855662216223,approximate_with_skipped_origins_overlap_selection_and_heavy_tails
toe_pre_topple_long,toe_E5_C,secondary_primary_window,evaluation,arima_arma11,ARIMA,7,72,2,0.07311341232901371,-0.043027265986680496,-0.3226296076738307,1.5957059908524256,0.08664421026245034,0.4727657568876189,10,3.908377747826458,0.9513855662216223,approximate_with_skipped_origins_overlap_selection_and_heavy_tails
toe_pre_topple_long,toe_E5_C,secondary_primary_window,evaluation,arima_arma11,ARIMA,7,72,3,-0.11157729145772809,-0.043027265986680496,-0.3226296076738307,1.5957059908524256,0.08664421026245034,0.4727657568876189,10,3.908377747826458,0.9513855662216223,approximate_with_skipped_origins_overlap_selection_and_heavy_tails
toe_pre_topple_long,toe_E5_C,secondary_primary_window,evaluation,arima_arma11,ARIMA,7,72,4,0.10712295442535609,-0.043027265986680496,-0.3226296076738307,1.5957059908524256,0.08664421026245034,0.4727657568876189,10,3.908377747826458,0.9513855662216223,approximate_with_skipped_origins_overlap_selection_and_heavy_tails
toe_pre_topple_long,toe_E5_C,secondary_primary_window,evaluation,arima_arma11,ARIMA,7,72,5,0.08714667849952666,-0.043027265986680496,-0.3226296076738307,1.5957059908524256,0.08664421026245034,0.4727657568876189,10,3.908377747826458,0.9513855662216223,approximate_with_skipped_origins_overlap_selection_and_heavy_tails
toe_pre_topple_long,toe_E5_C,secondary_primary_window,evaluation,arima_arma11,ARIMA,7,72,6,0.029699635547001602,-0.043027265986680496,-0.3226296076738307,1.5957059908524256,0.08664421026245034,0.4727657568876189,10,3.908377747826458,0.9513855662216223,approximate_with_skipped_origins_overlap_selection_and_heavy_tails
toe_pre_topple_long,toe_E5_C,secondary_primary_window,evaluation,arima_arma11,ARIMA,7,72,7,-0.034304745768353684,-0.043027265986680496,-0.3226296076738307,1.5957059908524256,0.08664421026245034,0.4727657568876189,10,3.908377747826458,0.9513855662216223,approximate_with_skipped_origins_overlap_selection_and_heavy_tails
toe_pre_topple_long,toe_E5_C,secondary_primary_window,evaluation,arima_arma11,ARIMA,7,72,8,0.05067696537766071,-0.043027265986680496,-0.3226296076738307,1.5957059908524256,0.08664421026245034,0.4727657568876189,10,3.908377747826458,0.9513855662216223,approximate_with_skipped_origins_overlap_selection_and_heavy_tails
toe_pre_topple_long,toe_E5_C,secondary_primary_window,evaluation,arima_arma11,ARIMA,7,72,9,-0.03737772118995286,-0.043027265986680496,-0.3226296076738307,1.5957059908524256,0.08664421026245034,0.4727657568876189,10,3.908377747826458,0.9513855662216223,approximate_with_skipped_origins_overlap_selection_and_heavy_tails
toe_pre_topple_long,toe_E5_C,secondary_primary_window,evaluation,arima_arma11,ARIMA,7,72,10,-0.0780243962080646,-0.043027265986680496,-0.3226296076738307,1.5957059908524256,0.08664421026245034,0.4727657568876189,10,3.908377747826458,0.9513855662216223,approximate_with_skipped_origins_overlap_selection_and_heavy_tails
toe_pre_topple_long,toe_E5_C,secondary_primary_window,evaluation,arima_mean,ARIMA,1,70,0,1.0,-0.1282978611598613,-0.016811203604624625,1.692940058967885,0.1239406484994083,0.419633241910942,10,15.231104612435898,0.12386061452665935,approximate_with_skipped_origins_overlap_selection_and_heavy_tails
toe_pre_topple_long,toe_E5_C,secondary_primary_window,evaluation,arima_mean,ARIMA,1,70,1,-0.09573526535716886,-0.1282978611598613,-0.016811203604624625,1.692940058967885,0.1239406484994083,0.419633241910942,10,15.231104612435898,0.12386061452665935,approximate_with_skipped_origins_overlap_selection_and_heavy_tails
toe_pre_topple_long,toe_E5_C,secondary_primary_window,evaluation,arima_mean,ARIMA,1,70,2,0.2800866558864987,-0.1282978611598613,-0.016811203604624625,1.692940058967885,0.1239406484994083,0.419633241910942,10,15.231104612435898,0.12386061452665935,approximate_with_skipped_origins_overlap_selection_and_heavy_tails
toe_pre_topple_long,toe_E5_C,secondary_primary_window,evaluation,arima_mean,ARIMA,1,70,3,-0.162125157561043,-0.1282978611598613,-0.016811203604624625,1.692940058967885,0.1239406484994083,0.419633241910942,10,15.231104612435898,0.12386061452665935,approximate_with_skipped_origins_overlap_selection_and_heavy_tails
toe_pre_topple_long,toe_E5_C,secondary_primary_window,evaluation,arima_mean,ARIMA,1,70,4,0.03641848785777384,-0.1282978611598613,-0.016811203604624625,1.692940058967885,0.1239406484994083,0.419633241910942,10,15.231104612435898,0.12386061452665935,approximate_with_skipped_origins_overlap_selection_and_heavy_tails
toe_pre_topple_long,toe_E5_C,secondary_primary_window,evaluation,arima_mean,ARIMA,1,70,5,-0.16498896969244667,-0.1282978611598613,-0.016811203604624625,1.692940058967885,0.1239406484994083,0.419633241910942,10,15.231104612435898,0.12386061452665935,approximate_with_skipped_origins_overlap_selection_and_heavy_tails
toe_pre_topple_long,toe_E5_C,secondary_primary_window,evaluation,arima_mean,ARIMA,1,70,6,0.18693965479133046,-0.1282978611598613,-0.016811203604624625,1.692940058967885,0.1239406484994083,0.419633241910942,10,15.231104612435898,0.12386061452665935,approximate_with_skipped_origins_overlap_selection_and_heavy_tails
toe_pre_topple_long,toe_E5_C,secondary_primary_window,evaluation,arima_mean,ARIMA,1,70,7,-0.03399056915950511,-0.1282978611598613,-0.016811203604624625,1.692940058967885,0.1239406484994083,0.419633241910942,10,15.231104612435898,0.12386061452665935,approximate_with_skipped_origins_overlap_selection_and_heavy_tails
toe_pre_topple_long,toe_E5_C,secondary_primary_window,evaluation,arima_mean,ARIMA,1,70,8,0.07067997568922917,-0.1282978611598613,-0.016811203604624625,1.692940058967885,0.1239406484994083,0.419633241910942,10,15.231104612435898,0.12386061452665935,approximate_with_skipped_origins_overlap_selection_and_heavy_tails
toe_pre_topple_long,toe_E5_C,secondary_primary_window,evaluation,arima_mean,ARIMA,1,70,9,-0.09029376814174908,-0.1282978611598613,-0.016811203604624625,1.692940058967885,0.1239406484994083,0.419633241910942,10,15.231104612435898,0.12386061452665935,approximate_with_skipped_origins_overlap_selection_and_heavy_tails
toe_pre_topple_long,toe_E5_C,secondary_primary_window,evaluation,arima_mean,ARIMA,1,70,10,-0.0868654206733364,-0.1282978611598613,-0.016811203604624625,1.692940058967885,0.1239406484994083,0.419633241910942,10,15.231104612435898,0.12386061452665935,approximate_with_skipped_origins_overlap_selection_and_heavy_tails
toe_pre_topple_long,toe_E5_C,secondary_primary_window,evaluation,arima_mean,ARIMA,2,70,0,1.0,-0.11686928973128989,3.039404480955132,22.463302374630036,0.12103547555790803,0.53651779665089,10,3.271080129757407,0.9743058508627058,approximate_with_skipped_origins_overlap_selection_and_heavy_tails
toe_pre_topple_long,toe_E5_C,secondary_primary_window,evaluation,arima_mean,ARIMA,2,70,1,0.014674720436421568,-0.11686928973128989,3.039404480955132,22.463302374630036,0.12103547555790803,0.53651779665089,10,3.271080129757407,0.9743058508627058,approximate_with_skipped_origins_overlap_selection_and_heavy_tails
toe_pre_topple_long,toe_E5_C,secondary_primary_window,evaluation,arima_mean,ARIMA,2,70,2,0.14490579180573565,-0.11686928973128989,3.039404480955132,22.463302374630036,0.12103547555790803,0.53651779665089,10,3.271080129757407,0.9743058508627058,approximate_with_skipped_origins_overlap_selection_and_heavy_tails
toe_pre_topple_long,toe_E5_C,secondary_primary_window,evaluation,arima_mean,ARIMA,2,70,3,0.032252060672449234,-0.11686928973128989,3.039404480955132,22.463302374630036,0.12103547555790803,0.53651779665089,10,3.271080129757407,0.9743058508627058,approximate_with_skipped_origins_overlap_selection_and_heavy_tails
toe_pre_topple_long,toe_E5_C,secondary_primary_window,evaluation,arima_mean,ARIMA,2,70,4,-0.03485773936985131,-0.11686928973128989,3.039404480955132,22.463302374630036,0.12103547555790803,0.53651779665089,10,3.271080129757407,0.9743058508627058,approximate_with_skipped_origins_overlap_selection_and_heavy_tails
toe_pre_topple_long,toe_E5_C,secondary_primary_window,evaluation,arima_mean,ARIMA,2,70,5,-0.10255269453157109,-0.11686928973128989,3.039404480955132,22.463302374630036,0.12103547555790803,0.53651779665089,10,3.271080129757407,0.9743058508627058,approximate_with_skipped_origins_overlap_selection_and_heavy_tails
toe_pre_topple_long,toe_E5_C,secondary_primary_window,evaluation,arima_mean,ARIMA,2,70,6,0.00785526497439224,-0.11686928973128989,3.039404480955132,22.463302374630036,0.12103547555790803,0.53651779665089,10,3.271080129757407,0.9743058508627058,approximate_with_skipped_origins_overlap_selection_and_heavy_tails
toe_pre_topple_long,toe_E5_C,secondary_primary_window,evaluation,arima_mean,ARIMA,2,70,7,0.08096865250670028,-0.11686928973128989,3.039404480955132,22.463302374630036,0.12103547555790803,0.53651779665089,10,3.271080129757407,0.9743058508627058,approximate_with_skipped_origins_overlap_selection_and_heavy_tails
toe_pre_topple_long,toe_E5_C,secondary_primary_window,evaluation,arima_mean,ARIMA,2,70,8,-0.02761551425686154,-0.11686928973128989,3.039404480955132,22.463302374630036,0.12103547555790803,0.53651779665089,10,3.271080129757407,0.9743058508627058,approximate_with_skipped_origins_overlap_selection_and_heavy_tails
toe_pre_topple_long,toe_E5_C,secondary_primary_window,evaluation,arima_mean,ARIMA,2,70,9,0.014618106221675219,-0.11686928973128989,3.039404480955132,22.463302374630036,0.12103547555790803,0.53651779665089,10,3.271080129757407,0.9743058508627058,approximate_with_skipped_origins_overlap_selection_and_heavy_tails
toe_pre_topple_long,toe_E5_C,secondary_primary_window,evaluation,arima_mean,ARIMA,2,70,10,0.03511184622941271,-0.11686928973128989,3.039404480955132,22.463302374630036,0.12103547555790803,0.53651779665089,10,3.271080129757407,0.9743058508627058,approximate_with_skipped_origins_overlap_selection_and_heavy_tails
toe_pre_topple_long,toe_E5_C,secondary_primary_window,evaluation,arima_mean,ARIMA,7,66,0,1.0,-0.13028781858549726,-0.29603782046093174,2.251843998332123,0.1210785623258564,0.5210934296425582,10,3.6042283526242187,0.9634402828639305,approximate_with_skipped_origins_overlap_selection_and_heavy_tails
toe_pre_topple_long,toe_E5_C,secondary_primary_window,evaluation,arima_mean,ARIMA,7,66,1,-0.0013263325440159295,-0.13028781858549726,-0.29603782046093174,2.251843998332123,0.1210785623258564,0.5210934296425582,10,3.6042283526242187,0.9634402828639305,approximate_with_skipped_origins_overlap_selection_and_heavy_tails
toe_pre_topple_long,toe_E5_C,secondary_primary_window,evaluation,arima_mean,ARIMA,7,66,2,0.011914376996725746,-0.13028781858549726,-0.29603782046093174,2.251843998332123,0.1210785623258564,0.5210934296425582,10,3.6042283526242187,0.9634402828639305,approximate_with_skipped_origins_overlap_selection_and_heavy_tails
toe_pre_topple_long,toe_E5_C,secondary_primary_window,evaluation,arima_mean,ARIMA,7,66,3,-0.13250633159334654,-0.13028781858549726,-0.29603782046093174,2.251843998332123,0.1210785623258564,0.5210934296425582,10,3.6042283526242187,0.9634402828639305,approximate_with_skipped_origins_overlap_selection_and_heavy_tails
toe_pre_topple_long,toe_E5_C,secondary_primary_window,evaluation,arima_mean,ARIMA,7,66,4,0.04857028215390286,-0.13028781858549726,-0.29603782046093174,2.251843998332123,0.1210785623258564,0.5210934296425582,10,3.6042283526242187,0.9634402828639305,approximate_with_skipped_origins_overlap_selection_and_heavy_tails
toe_pre_topple_long,toe_E5_C,secondary_primary_window,evaluation,arima_mean,ARIMA,7,66,5,0.054953895502759295,-0.13028781858549726,-0.29603782046093174,2.251843998332123,0.1210785623258564,0.5210934296425582,10,3.6042283526242187,0.9634402828639305,approximate_with_skipped_origins_overlap_selection_and_heavy_tails
toe_pre_topple_long,toe_E5_C,secondary_primary_window,evaluation,arima_mean,ARIMA,7,66,6,-0.019993765109075443,-0.13028781858549726,-0.29603782046093174,2.251843998332123,0.1210785623258564,0.5210934296425582,10,3.6042283526242187,0.9634402828639305,approximate_with_skipped_origins_overlap_selection_and_heavy_tails
toe_pre_topple_long,toe_E5_C,secondary_primary_window,evaluation,arima_mean,ARIMA,7,66,7,0.011033085824139406,-0.13028781858549726,-0.29603782046093174,2.251843998332123,0.1210785623258564,0.5210934296425582,10,3.6042283526242187,0.9634402828639305,approximate_with_skipped_origins_overlap_selection_and_heavy_tails
toe_pre_topple_long,toe_E5_C,secondary_primary_window,evaluation,arima_mean,ARIMA,7,66,8,0.0668037714962643,-0.13028781858549726,-0.29603782046093174,2.251843998332123,0.1210785623258564,0.5210934296425582,10,3.6042283526242187,0.9634402828639305,approximate_with_skipped_origins_overlap_selection_and_heavy_tails
toe_pre_topple_long,toe_E5_C,secondary_primary_window,evaluation,arima_mean,ARIMA,7,66,9,-0.11444453931750867,-0.13028781858549726,-0.29603782046093174,2.251843998332123,0.1210785623258564,0.5210934296425582,10,3.6042283526242187,0.9634402828639305,approximate_with_skipped_origins_overlap_selection_and_heavy_tails
toe_pre_topple_long,toe_E5_C,secondary_primary_window,evaluation,arima_mean,ARIMA,7,66,10,-0.08167825858408602,-0.13028781858549726,-0.29603782046093174,2.251843998332123,0.1210785623258564,0.5210934296425582,10,3.6042283526242187,0.9634402828639305,approximate_with_skipped_origins_overlap_selection_and_heavy_tails
toe_pre_topple_long,toe_E5_C,secondary_primary_window,evaluation,arimax_ar1_rain_lag2,conditional_ARIMAX,1,75,0,1.0,-0.028868979406892786,1.0976512445160043,7.179039804217377,0.15027716621934112,0.45433692148757526,10,14.994795008550753,0.13225173616353528,approximate_with_skipped_origins_overlap_selection_and_heavy_tails
toe_pre_topple_long,toe_E5_C,secondary_primary_window,evaluation,arimax_ar1_rain_lag2,conditional_ARIMAX,1,75,1,0.0770639582305702,-0.028868979406892786,1.0976512445160043,7.179039804217377,0.15027716621934112,0.45433692148757526,10,14.994795008550753,0.13225173616353528,approximate_with_skipped_origins_overlap_selection_and_heavy_tails
toe_pre_topple_long,toe_E5_C,secondary_primary_window,evaluation,arimax_ar1_rain_lag2,conditional_ARIMAX,1,75,2,0.08280253176582912,-0.028868979406892786,1.0976512445160043,7.179039804217377,0.15027716621934112,0.45433692148757526,10,14.994795008550753,0.13225173616353528,approximate_with_skipped_origins_overlap_selection_and_heavy_tails
toe_pre_topple_long,toe_E5_C,secondary_primary_window,evaluation,arimax_ar1_rain_lag2,conditional_ARIMAX,1,75,3,-0.2575505889015679,-0.028868979406892786,1.0976512445160043,7.179039804217377,0.15027716621934112,0.45433692148757526,10,14.994795008550753,0.13225173616353528,approximate_with_skipped_origins_overlap_selection_and_heavy_tails
toe_pre_topple_long,toe_E5_C,secondary_primary_window,evaluation,arimax_ar1_rain_lag2,conditional_ARIMAX,1,75,4,0.0074172679292535395,-0.028868979406892786,1.0976512445160043,7.179039804217377,0.15027716621934112,0.45433692148757526,10,14.994795008550753,0.13225173616353528,approximate_with_skipped_origins_overlap_selection_and_heavy_tails
toe_pre_topple_long,toe_E5_C,secondary_primary_window,evaluation,arimax_ar1_rain_lag2,conditional_ARIMAX,1,75,5,-0.1397910006810558,-0.028868979406892786,1.0976512445160043,7.179039804217377,0.15027716621934112,0.45433692148757526,10,14.994795008550753,0.13225173616353528,approximate_with_skipped_origins_overlap_selection_and_heavy_tails
toe_pre_topple_long,toe_E5_C,secondary_primary_window,evaluation,arimax_ar1_rain_lag2,conditional_ARIMAX,1,75,6,0.1452072231162106,-0.028868979406892786,1.0976512445160043,7.179039804217377,0.15027716621934112,0.45433692148757526,10,14.994795008550753,0.13225173616353528,approximate_with_skipped_origins_overlap_selection_and_heavy_tails
toe_pre_topple_long,toe_E5_C,secondary_primary_window,evaluation,arimax_ar1_rain_lag2,conditional_ARIMAX,1,75,7,0.047249285239705445,-0.028868979406892786,1.0976512445160043,7.179039804217377,0.15027716621934112,0.45433692148757526,10,14.994795008550753,0.13225173616353528,approximate_with_skipped_origins_overlap_selection_and_heavy_tails
toe_pre_topple_long,toe_E5_C,secondary_primary_window,evaluation,arimax_ar1_rain_lag2,conditional_ARIMAX,1,75,8,0.22742475439229162,-0.028868979406892786,1.0976512445160043,7.179039804217377,0.15027716621934112,0.45433692148757526,10,14.994795008550753,0.13225173616353528,approximate_with_skipped_origins_overlap_selection_and_heavy_tails
toe_pre_topple_long,toe_E5_C,secondary_primary_window,evaluation,arimax_ar1_rain_lag2,conditional_ARIMAX,1,75,9,-0.07263310278062826,-0.028868979406892786,1.0976512445160043,7.179039804217377,0.15027716621934112,0.45433692148757526,10,14.994795008550753,0.13225173616353528,approximate_with_skipped_origins_overlap_selection_and_heavy_tails
toe_pre_topple_long,toe_E5_C,secondary_primary_window,evaluation,arimax_ar1_rain_lag2,conditional_ARIMAX,1,75,10,-0.04473488861848346,-0.028868979406892786,1.0976512445160043,7.179039804217377,0.15027716621934112,0.45433692148757526,10,14.994795008550753,0.13225173616353528,approximate_with_skipped_origins_overlap_selection_and_heavy_tails
toe_pre_topple_long,toe_E5_C,secondary_primary_window,evaluation,arimax_ar1_rain_lag2,conditional_ARIMAX,2,75,0,1.0,-0.04754141680248786,2.6824578672849984,17.50166863137226,0.11767336667477646,0.6679967194230403,10,3.573181184026372,0.9645549252128692,approximate_with_skipped_origins_overlap_selection_and_heavy_tails
toe_pre_topple_long,toe_E5_C,secondary_primary_window,evaluation,arimax_ar1_rain_lag2,conditional_ARIMAX,2,75,1,0.005178055427243976,-0.04754141680248786,2.6824578672849984,17.50166863137226,0.11767336667477646,0.6679967194230403,10,3.573181184026372,0.9645549252128692,approximate_with_skipped_origins_overlap_selection_and_heavy_tails
toe_pre_topple_long,toe_E5_C,secondary_primary_window,evaluation,arimax_ar1_rain_lag2,conditional_ARIMAX,2,75,2,0.06466333273683915,-0.04754141680248786,2.6824578672849984,17.50166863137226,0.11767336667477646,0.6679967194230403,10,3.573181184026372,0.9645549252128692,approximate_with_skipped_origins_overlap_selection_and_heavy_tails
toe_pre_topple_long,toe_E5_C,secondary_primary_window,evaluation,arimax_ar1_rain_lag2,conditional_ARIMAX,2,75,3,-0.010238578564279234,-0.04754141680248786,2.6824578672849984,17.50166863137226,0.11767336667477646,0.6679967194230403,10,3.573181184026372,0.9645549252128692,approximate_with_skipped_origins_overlap_selection_and_heavy_tails
toe_pre_topple_long,toe_E5_C,secondary_primary_window,evaluation,arimax_ar1_rain_lag2,conditional_ARIMAX,2,75,4,-0.10617739156421575,-0.04754141680248786,2.6824578672849984,17.50166863137226,0.11767336667477646,0.6679967194230403,10,3.573181184026372,0.9645549252128692,approximate_with_skipped_origins_overlap_selection_and_heavy_tails
toe_pre_topple_long,toe_E5_C,secondary_primary_window,evaluation,arimax_ar1_rain_lag2,conditional_ARIMAX,2,75,5,-0.08367338468049416,-0.04754141680248786,2.6824578672849984,17.50166863137226,0.11767336667477646,0.6679967194230403,10,3.573181184026372,0.9645549252128692,approximate_with_skipped_origins_overlap_selection_and_heavy_tails
toe_pre_topple_long,toe_E5_C,secondary_primary_window,evaluation,arimax_ar1_rain_lag2,conditional_ARIMAX,2,75,6,0.009419105624786596,-0.04754141680248786,2.6824578672849984,17.50166863137226,0.11767336667477646,0.6679967194230403,10,3.573181184026372,0.9645549252128692,approximate_with_skipped_origins_overlap_selection_and_heavy_tails
toe_pre_topple_long,toe_E5_C,secondary_primary_window,evaluation,arimax_ar1_rain_lag2,conditional_ARIMAX,2,75,7,0.09451650354730226,-0.04754141680248786,2.6824578672849984,17.50166863137226,0.11767336667477646,0.6679967194230403,10,3.573181184026372,0.9645549252128692,approximate_with_skipped_origins_overlap_selection_and_heavy_tails
toe_pre_topple_long,toe_E5_C,secondary_primary_window,evaluation,arimax_ar1_rain_lag2,conditional_ARIMAX,2,75,8,-0.046272890085722905,-0.04754141680248786,2.6824578672849984,17.50166863137226,0.11767336667477646,0.6679967194230403,10,3.573181184026372,0.9645549252128692,approximate_with_skipped_origins_overlap_selection_and_heavy_tails
toe_pre_topple_long,toe_E5_C,secondary_primary_window,evaluation,arimax_ar1_rain_lag2,conditional_ARIMAX,2,75,9,-0.052021452094701714,-0.04754141680248786,2.6824578672849984,17.50166863137226,0.11767336667477646,0.6679967194230403,10,3.573181184026372,0.9645549252128692,approximate_with_skipped_origins_overlap_selection_and_heavy_tails
toe_pre_topple_long,toe_E5_C,secondary_primary_window,evaluation,arimax_ar1_rain_lag2,conditional_ARIMAX,2,75,10,0.07866966346107285,-0.04754141680248786,2.6824578672849984,17.50166863137226,0.11767336667477646,0.6679967194230403,10,3.573181184026372,0.9645549252128692,approximate_with_skipped_origins_overlap_selection_and_heavy_tails
toe_pre_topple_long,toe_E5_C,secondary_primary_window,evaluation,expanding_median,baseline,1,76,0,1.0,-0.006578947368421047,-0.13132345811684765,1.4791295933403923,0.0,0.4,10,18.69502387174476,0.044311758348556135,approximate_with_skipped_origins_overlap_selection_and_heavy_tails
toe_pre_topple_long,toe_E5_C,secondary_primary_window,evaluation,expanding_median,baseline,1,76,1,-0.018483991077222126,-0.006578947368421047,-0.13132345811684765,1.4791295933403923,0.0,0.4,10,18.69502387174476,0.044311758348556135,approximate_with_skipped_origins_overlap_selection_and_heavy_tails
toe_pre_topple_long,toe_E5_C,secondary_primary_window,evaluation,expanding_median,baseline,1,76,2,0.32680787900223085,-0.006578947368421047,-0.13132345811684765,1.4791295933403923,0.0,0.4,10,18.69502387174476,0.044311758348556135,approximate_with_skipped_origins_overlap_selection_and_heavy_tails
toe_pre_topple_long,toe_E5_C,secondary_primary_window,evaluation,expanding_median,baseline,1,76,3,-0.12762510408515085,-0.006578947368421047,-0.13132345811684765,1.4791295933403923,0.0,0.4,10,18.69502387174476,0.044311758348556135,approximate_with_skipped_origins_overlap_selection_and_heavy_tails
toe_pre_topple_long,toe_E5_C,secondary_primary_window,evaluation,expanding_median,baseline,1,76,4,0.10882502833622504,-0.006578947368421047,-0.13132345811684765,1.4791295933403923,0.0,0.4,10,18.69502387174476,0.044311758348556135,approximate_with_skipped_origins_overlap_selection_and_heavy_tails
toe_pre_topple_long,toe_E5_C,secondary_primary_window,evaluation,expanding_median,baseline,1,76,5,-0.12390310264257934,-0.006578947368421047,-0.13132345811684765,1.4791295933403923,0.0,0.4,10,18.69502387174476,0.044311758348556135,approximate_with_skipped_origins_overlap_selection_and_heavy_tails
toe_pre_topple_long,toe_E5_C,secondary_primary_window,evaluation,expanding_median,baseline,1,76,6,0.1905405744107877,-0.006578947368421047,-0.13132345811684765,1.4791295933403923,0.0,0.4,10,18.69502387174476,0.044311758348556135,approximate_with_skipped_origins_overlap_selection_and_heavy_tails
toe_pre_topple_long,toe_E5_C,secondary_primary_window,evaluation,expanding_median,baseline,1,76,7,-0.009222849440655422,-0.006578947368421047,-0.13132345811684765,1.4791295933403923,0.0,0.4,10,18.69502387174476,0.044311758348556135,approximate_with_skipped_origins_overlap_selection_and_heavy_tails
toe_pre_topple_long,toe_E5_C,secondary_primary_window,evaluation,expanding_median,baseline,1,76,8,0.1435720631278181,-0.006578947368421047,-0.13132345811684765,1.4791295933403923,0.0,0.4,10,18.69502387174476,0.044311758348556135,approximate_with_skipped_origins_overlap_selection_and_heavy_tails
toe_pre_topple_long,toe_E5_C,secondary_primary_window,evaluation,expanding_median,baseline,1,76,9,0.006827846641844064,-0.006578947368421047,-0.13132345811684765,1.4791295933403923,0.0,0.4,10,18.69502387174476,0.044311758348556135,approximate_with_skipped_origins_overlap_selection_and_heavy_tails
toe_pre_topple_long,toe_E5_C,secondary_primary_window,evaluation,expanding_median,baseline,1,76,10,-0.13552513221250925,-0.006578947368421047,-0.13132345811684765,1.4791295933403923,0.0,0.4,10,18.69502387174476,0.044311758348556135,approximate_with_skipped_origins_overlap_selection_and_heavy_tails
toe_pre_topple_long,toe_E5_C,secondary_primary_window,evaluation,expanding_median,baseline,2,76,0,1.0,-0.003947368421052633,2.9837360423220933,22.60737049812301,0.0,0.45000000000000007,10,3.494617964061888,0.9672808078280036,approximate_with_skipped_origins_overlap_selection_and_heavy_tails
toe_pre_topple_long,toe_E5_C,secondary_primary_window,evaluation,expanding_median,baseline,2,76,1,0.007409561914830437,-0.003947368421052633,2.9837360423220933,22.60737049812301,0.0,0.45000000000000007,10,3.494617964061888,0.9672808078280036,approximate_with_skipped_origins_overlap_selection_and_heavy_tails
toe_pre_topple_long,toe_E5_C,secondary_primary_window,evaluation,expanding_median,baseline,2,76,2,0.11785314556352615,-0.003947368421052633,2.9837360423220933,22.60737049812301,0.0,0.45000000000000007,10,3.494617964061888,0.9672808078280036,approximate_with_skipped_origins_overlap_selection_and_heavy_tails
toe_pre_topple_long,toe_E5_C,secondary_primary_window,evaluation,expanding_median,baseline,2,76,3,0.01221754431289831,-0.003947368421052633,2.9837360423220933,22.60737049812301,0.0,0.45000000000000007,10,3.494617964061888,0.9672808078280036,approximate_with_skipped_origins_overlap_selection_and_heavy_tails
toe_pre_topple_long,toe_E5_C,secondary_primary_window,evaluation,expanding_median,baseline,2,76,4,-0.05150043894351006,-0.003947368421052633,2.9837360423220933,22.60737049812301,0.0,0.45000000000000007,10,3.494617964061888,0.9672808078280036,approximate_with_skipped_origins_overlap_selection_and_heavy_tails
toe_pre_topple_long,toe_E5_C,secondary_primary_window,evaluation,expanding_median,baseline,2,76,5,-0.12710261589935817,-0.003947368421052633,2.9837360423220933,22.60737049812301,0.0,0.45000000000000007,10,3.494617964061888,0.9672808078280036,approximate_with_skipped_origins_overlap_selection_and_heavy_tails
toe_pre_topple_long,toe_E5_C,secondary_primary_window,evaluation,expanding_median,baseline,2,76,6,0.005333184894224406,-0.003947368421052633,2.9837360423220933,22.60737049812301,0.0,0.45000000000000007,10,3.494617964061888,0.9672808078280036,approximate_with_skipped_origins_overlap_selection_and_heavy_tails
toe_pre_topple_long,toe_E5_C,secondary_primary_window,evaluation,expanding_median,baseline,2,76,7,0.08160971165703086,-0.003947368421052633,2.9837360423220933,22.60737049812301,0.0,0.45000000000000007,10,3.494617964061888,0.9672808078280036,approximate_with_skipped_origins_overlap_selection_and_heavy_tails
toe_pre_topple_long,toe_E5_C,secondary_primary_window,evaluation,expanding_median,baseline,2,76,8,-0.026286469916859935,-0.003947368421052633,2.9837360423220933,22.60737049812301,0.0,0.45000000000000007,10,3.494617964061888,0.9672808078280036,approximate_with_skipped_origins_overlap_selection_and_heavy_tails
toe_pre_topple_long,toe_E5_C,secondary_primary_window,evaluation,expanding_median,baseline,2,76,9,-0.0017449385521577923,-0.003947368421052633,2.9837360423220933,22.60737049812301,0.0,0.45000000000000007,10,3.494617964061888,0.9672808078280036,approximate_with_skipped_origins_overlap_selection_and_heavy_tails
toe_pre_topple_long,toe_E5_C,secondary_primary_window,evaluation,expanding_median,baseline,2,76,10,0.04262511164802254,-0.003947368421052633,2.9837360423220933,22.60737049812301,0.0,0.45000000000000007,10,3.494617964061888,0.9672808078280036,approximate_with_skipped_origins_overlap_selection_and_heavy_tails
toe_pre_topple_long,toe_E5_C,secondary_primary_window,evaluation,expanding_median,baseline,7,72,0,1.0,-0.004861111111111114,-0.4106026567570609,2.55344150570411,0.0,0.4,10,2.5759115965181305,0.9897227215818432,approximate_with_skipped_origins_overlap_selection_and_heavy_tails
toe_pre_topple_long,toe_E5_C,secondary_primary_window,evaluation,expanding_median,baseline,7,72,1,-0.017288396957996506,-0.004861111111111114,-0.4106026567570609,2.55344150570411,0.0,0.4,10,2.5759115965181305,0.9897227215818432,approximate_with_skipped_origins_overlap_selection_and_heavy_tails
toe_pre_topple_long,toe_E5_C,secondary_primary_window,evaluation,expanding_median,baseline,7,72,2,-0.04735541229940255,-0.004861111111111114,-0.4106026567570609,2.55344150570411,0.0,0.4,10,2.5759115965181305,0.9897227215818432,approximate_with_skipped_origins_overlap_selection_and_heavy_tails
toe_pre_topple_long,toe_E5_C,secondary_primary_window,evaluation,expanding_median,baseline,7,72,3,-0.11622873938823691,-0.004861111111111114,-0.4106026567570609,2.55344150570411,0.0,0.4,10,2.5759115965181305,0.9897227215818432,approximate_with_skipped_origins_overlap_selection_and_heavy_tails
toe_pre_topple_long,toe_E5_C,secondary_primary_window,evaluation,expanding_median,baseline,7,72,4,0.029705872795882524,-0.004861111111111114,-0.4106026567570609,2.55344150570411,0.0,0.4,10,2.5759115965181305,0.9897227215818432,approximate_with_skipped_origins_overlap_selection_and_heavy_tails
toe_pre_topple_long,toe_E5_C,secondary_primary_window,evaluation,expanding_median,baseline,7,72,5,0.09749382967210736,-0.004861111111111114,-0.4106026567570609,2.55344150570411,0.0,0.4,10,2.5759115965181305,0.9897227215818432,approximate_with_skipped_origins_overlap_selection_and_heavy_tails
toe_pre_topple_long,toe_E5_C,secondary_primary_window,evaluation,expanding_median,baseline,7,72,6,-0.016212739625584303,-0.004861111111111114,-0.4106026567570609,2.55344150570411,0.0,0.4,10,2.5759115965181305,0.9897227215818432,approximate_with_skipped_origins_overlap_selection_and_heavy_tails
toe_pre_topple_long,toe_E5_C,secondary_primary_window,evaluation,expanding_median,baseline,7,72,7,-0.02283321536598841,-0.004861111111111114,-0.4106026567570609,2.55344150570411,0.0,0.4,10,2.5759115965181305,0.9897227215818432,approximate_with_skipped_origins_overlap_selection_and_heavy_tails
toe_pre_topple_long,toe_E5_C,secondary_primary_window,evaluation,expanding_median,baseline,7,72,8,-0.015161982586041952,-0.004861111111111114,-0.4106026567570609,2.55344150570411,0.0,0.4,10,2.5759115965181305,0.9897227215818432,approximate_with_skipped_origins_overlap_selection_and_heavy_tails
toe_pre_topple_long,toe_E5_C,secondary_primary_window,evaluation,expanding_median,baseline,7,72,9,-0.04044814169644116,-0.004861111111111114,-0.4106026567570609,2.55344150570411,0.0,0.4,10,2.5759115965181305,0.9897227215818432,approximate_with_skipped_origins_overlap_selection_and_heavy_tails
toe_pre_topple_long,toe_E5_C,secondary_primary_window,evaluation,expanding_median,baseline,7,72,10,-0.05841043594231887,-0.004861111111111114,-0.4106026567570609,2.55344150570411,0.0,0.4,10,2.5759115965181305,0.9897227215818432,approximate_with_skipped_origins_overlap_selection_and_heavy_tails
toe_pre_topple_long,toe_E5_C,secondary_primary_window,evaluation,persistence,baseline,1,76,0,1.0,-0.010526315789473675,1.881294655495756,11.11417192548058,0.19999999999999996,0.6000000000000001,10,11.115548701773202,0.3485868753857582,approximate_with_skipped_origins_overlap_selection_and_heavy_tails
toe_pre_topple_long,toe_E5_C,secondary_primary_window,evaluation,persistence,baseline,1,76,1,0.05030448833504861,-0.010526315789473675,1.881294655495756,11.11417192548058,0.19999999999999996,0.6000000000000001,10,11.115548701773202,0.3485868753857582,approximate_with_skipped_origins_overlap_selection_and_heavy_tails
toe_pre_topple_long,toe_E5_C,secondary_primary_window,evaluation,persistence,baseline,1,76,2,0.0881541255055686,-0.010526315789473675,1.881294655495756,11.11417192548058,0.19999999999999996,0.6000000000000001,10,11.115548701773202,0.3485868753857582,approximate_with_skipped_origins_overlap_selection_and_heavy_tails
toe_pre_topple_long,toe_E5_C,secondary_primary_window,evaluation,persistence,baseline,1,76,3,-0.23580966365346678,-0.010526315789473675,1.881294655495756,11.11417192548058,0.19999999999999996,0.6000000000000001,10,11.115548701773202,0.3485868753857582,approximate_with_skipped_origins_overlap_selection_and_heavy_tails
toe_pre_topple_long,toe_E5_C,secondary_primary_window,evaluation,persistence,baseline,1,76,4,-0.03019318129674666,-0.010526315789473675,1.881294655495756,11.11417192548058,0.19999999999999996,0.6000000000000001,10,11.115548701773202,0.3485868753857582,approximate_with_skipped_origins_overlap_selection_and_heavy_tails
toe_pre_topple_long,toe_E5_C,secondary_primary_window,evaluation,persistence,baseline,1,76,5,-0.13358155633198082,-0.010526315789473675,1.881294655495756,11.11417192548058,0.19999999999999996,0.6000000000000001,10,11.115548701773202,0.3485868753857582,approximate_with_skipped_origins_overlap_selection_and_heavy_tails
toe_pre_topple_long,toe_E5_C,secondary_primary_window,evaluation,persistence,baseline,1,76,6,0.0966955313305059,-0.010526315789473675,1.881294655495756,11.11417192548058,0.19999999999999996,0.6000000000000001,10,11.115548701773202,0.3485868753857582,approximate_with_skipped_origins_overlap_selection_and_heavy_tails
toe_pre_topple_long,toe_E5_C,secondary_primary_window,evaluation,persistence,baseline,1,76,7,0.04063559072048038,-0.010526315789473675,1.881294655495756,11.11417192548058,0.19999999999999996,0.6000000000000001,10,11.115548701773202,0.3485868753857582,approximate_with_skipped_origins_overlap_selection_and_heavy_tails
toe_pre_topple_long,toe_E5_C,secondary_primary_window,evaluation,persistence,baseline,1,76,8,0.1494778795288133,-0.010526315789473675,1.881294655495756,11.11417192548058,0.19999999999999996,0.6000000000000001,10,11.115548701773202,0.3485868753857582,approximate_with_skipped_origins_overlap_selection_and_heavy_tails
toe_pre_topple_long,toe_E5_C,secondary_primary_window,evaluation,persistence,baseline,1,76,9,-0.04956375245000033,-0.010526315789473675,1.881294655495756,11.11417192548058,0.19999999999999996,0.6000000000000001,10,11.115548701773202,0.3485868753857582,approximate_with_skipped_origins_overlap_selection_and_heavy_tails
toe_pre_topple_long,toe_E5_C,secondary_primary_window,evaluation,persistence,baseline,1,76,10,-0.11135292459570902,-0.010526315789473675,1.881294655495756,11.11417192548058,0.19999999999999996,0.6000000000000001,10,11.115548701773202,0.3485868753857582,approximate_with_skipped_origins_overlap_selection_and_heavy_tails
toe_pre_topple_long,toe_E5_C,secondary_primary_window,evaluation,persistence,baseline,2,76,0,1.0,-0.00789473684210526,2.3578565602391324,11.229735355248675,0.19999999999999996,0.8,10,3.330606449025626,0.9725394577230178,approximate_with_skipped_origins_overlap_selection_and_heavy_tails
toe_pre_topple_long,toe_E5_C,secondary_primary_window,evaluation,persistence,baseline,2,76,1,-0.003507037805730669,-0.00789473684210526,2.3578565602391324,11.229735355248675,0.19999999999999996,0.8,10,3.330606449025626,0.9725394577230178,approximate_with_skipped_origins_overlap_selection_and_heavy_tails
toe_pre_topple_long,toe_E5_C,secondary_primary_window,evaluation,persistence,baseline,2,76,2,0.015043982863203157,-0.00789473684210526,2.3578565602391324,11.229735355248675,0.19999999999999996,0.8,10,3.330606449025626,0.9725394577230178,approximate_with_skipped_origins_overlap_selection_and_heavy_tails
toe_pre_topple_long,toe_E5_C,secondary_primary_window,evaluation,persistence,baseline,2,76,3,-0.013295711967464159,-0.00789473684210526,2.3578565602391324,11.229735355248675,0.19999999999999996,0.8,10,3.330606449025626,0.9725394577230178,approximate_with_skipped_origins_overlap_selection_and_heavy_tails
toe_pre_topple_long,toe_E5_C,secondary_primary_window,evaluation,persistence,baseline,2,76,4,-0.12055539431243799,-0.00789473684210526,2.3578565602391324,11.229735355248675,0.19999999999999996,0.8,10,3.330606449025626,0.9725394577230178,approximate_with_skipped_origins_overlap_selection_and_heavy_tails
toe_pre_topple_long,toe_E5_C,secondary_primary_window,evaluation,persistence,baseline,2,76,5,-0.06513689540676158,-0.00789473684210526,2.3578565602391324,11.229735355248675,0.19999999999999996,0.8,10,3.330606449025626,0.9725394577230178,approximate_with_skipped_origins_overlap_selection_and_heavy_tails
toe_pre_topple_long,toe_E5_C,secondary_primary_window,evaluation,persistence,baseline,2,76,6,0.02387158719814832,-0.00789473684210526,2.3578565602391324,11.229735355248675,0.19999999999999996,0.8,10,3.330606449025626,0.9725394577230178,approximate_with_skipped_origins_overlap_selection_and_heavy_tails
toe_pre_topple_long,toe_E5_C,secondary_primary_window,evaluation,persistence,baseline,2,76,7,0.12429060634105293,-0.00789473684210526,2.3578565602391324,11.229735355248675,0.19999999999999996,0.8,10,3.330606449025626,0.9725394577230178,approximate_with_skipped_origins_overlap_selection_and_heavy_tails
toe_pre_topple_long,toe_E5_C,secondary_primary_window,evaluation,persistence,baseline,2,76,8,-0.025194997690876877,-0.00789473684210526,2.3578565602391324,11.229735355248675,0.19999999999999996,0.8,10,3.330606449025626,0.9725394577230178,approximate_with_skipped_origins_overlap_selection_and_heavy_tails
toe_pre_topple_long,toe_E5_C,secondary_primary_window,evaluation,persistence,baseline,2,76,9,-0.007511039068903136,-0.00789473684210526,2.3578565602391324,11.229735355248675,0.19999999999999996,0.8,10,3.330606449025626,0.9725394577230178,approximate_with_skipped_origins_overlap_selection_and_heavy_tails
toe_pre_topple_long,toe_E5_C,secondary_primary_window,evaluation,persistence,baseline,2,76,10,0.058797759146591896,-0.00789473684210526,2.3578565602391324,11.229735355248675,0.19999999999999996,0.8,10,3.330606449025626,0.9725394577230178,approximate_with_skipped_origins_overlap_selection_and_heavy_tails
toe_pre_topple_long,toe_E5_C,secondary_primary_window,evaluation,persistence,baseline,7,72,0,1.0,-0.014583333333333337,1.3270533188674225,6.704600496731426,0.19999999999999996,0.6,10,5.682088470551237,0.8412282537269515,approximate_with_skipped_origins_overlap_selection_and_heavy_tails
toe_pre_topple_long,toe_E5_C,secondary_primary_window,evaluation,persistence,baseline,7,72,1,0.019364790537018412,-0.014583333333333337,1.3270533188674225,6.704600496731426,0.19999999999999996,0.6,10,5.682088470551237,0.8412282537269515,approximate_with_skipped_origins_overlap_selection_and_heavy_tails
toe_pre_topple_long,toe_E5_C,secondary_primary_window,evaluation,persistence,baseline,7,72,2,0.02769495720124914,-0.014583333333333337,1.3270533188674225,6.704600496731426,0.19999999999999996,0.6,10,5.682088470551237,0.8412282537269515,approximate_with_skipped_origins_overlap_selection_and_heavy_tails
toe_pre_topple_long,toe_E5_C,secondary_primary_window,evaluation,persistence,baseline,7,72,3,-0.17917196474766522,-0.014583333333333337,1.3270533188674225,6.704600496731426,0.19999999999999996,0.6,10,5.682088470551237,0.8412282537269515,approximate_with_skipped_origins_overlap_selection_and_heavy_tails
toe_pre_topple_long,toe_E5_C,secondary_primary_window,evaluation,persistence,baseline,7,72,4,0.02284142782673934,-0.014583333333333337,1.3270533188674225,6.704600496731426,0.19999999999999996,0.6,10,5.682088470551237,0.8412282537269515,approximate_with_skipped_origins_overlap_selection_and_heavy_tails
toe_pre_topple_long,toe_E5_C,secondary_primary_window,evaluation,persistence,baseline,7,72,5,-0.030125375737468492,-0.014583333333333337,1.3270533188674225,6.704600496731426,0.19999999999999996,0.6,10,5.682088470551237,0.8412282537269515,approximate_with_skipped_origins_overlap_selection_and_heavy_tails
toe_pre_topple_long,toe_E5_C,secondary_primary_window,evaluation,persistence,baseline,7,72,6,0.07206486312681783,-0.014583333333333337,1.3270533188674225,6.704600496731426,0.19999999999999996,0.6,10,5.682088470551237,0.8412282537269515,approximate_with_skipped_origins_overlap_selection_and_heavy_tails
toe_pre_topple_long,toe_E5_C,secondary_primary_window,evaluation,persistence,baseline,7,72,7,-0.11875435417001605,-0.014583333333333337,1.3270533188674225,6.704600496731426,0.19999999999999996,0.6,10,5.682088470551237,0.8412282537269515,approximate_with_skipped_origins_overlap_selection_and_heavy_tails
toe_pre_topple_long,toe_E5_C,secondary_primary_window,evaluation,persistence,baseline,7,72,8,0.11874521954760484,-0.014583333333333337,1.3270533188674225,6.704600496731426,0.19999999999999996,0.6,10,5.682088470551237,0.8412282537269515,approximate_with_skipped_origins_overlap_selection_and_heavy_tails
toe_pre_topple_long,toe_E5_C,secondary_primary_window,evaluation,persistence,baseline,7,72,9,0.029736849797576757,-0.014583333333333337,1.3270533188674225,6.704600496731426,0.19999999999999996,0.6,10,5.682088470551237,0.8412282537269515,approximate_with_skipped_origins_overlap_selection_and_heavy_tails
toe_pre_topple_long,toe_E5_C,secondary_primary_window,evaluation,persistence,baseline,7,72,10,-0.045737663387946166,-0.014583333333333337,1.3270533188674225,6.704600496731426,0.19999999999999996,0.6,10,5.682088470551237,0.8412282537269515,approximate_with_skipped_origins_overlap_selection_and_heavy_tails
toe_pre_topple_long,toe_E5_C,secondary_primary_window,evaluation,prior_year_same_date,baseline,1,70,0,1.0,-0.007142857142857138,-0.10991811367673418,1.4570217826171268,0.19999999999999996,0.6000000000000001,10,23.586524975413784,0.008776862612717174,approximate_with_skipped_origins_overlap_selection_and_heavy_tails
toe_pre_topple_long,toe_E5_C,secondary_primary_window,evaluation,prior_year_same_date,baseline,1,70,1,-0.26052026277903734,-0.007142857142857138,-0.10991811367673418,1.4570217826171268,0.19999999999999996,0.6000000000000001,10,23.586524975413784,0.008776862612717174,approximate_with_skipped_origins_overlap_selection_and_heavy_tails
toe_pre_topple_long,toe_E5_C,secondary_primary_window,evaluation,prior_year_same_date,baseline,1,70,2,0.26628717049196604,-0.007142857142857138,-0.10991811367673418,1.4570217826171268,0.19999999999999996,0.6000000000000001,10,23.586524975413784,0.008776862612717174,approximate_with_skipped_origins_overlap_selection_and_heavy_tails
toe_pre_topple_long,toe_E5_C,secondary_primary_window,evaluation,prior_year_same_date,baseline,1,70,3,-0.2510383743442936,-0.007142857142857138,-0.10991811367673418,1.4570217826171268,0.19999999999999996,0.6000000000000001,10,23.586524975413784,0.008776862612717174,approximate_with_skipped_origins_overlap_selection_and_heavy_tails
toe_pre_topple_long,toe_E5_C,secondary_primary_window,evaluation,prior_year_same_date,baseline,1,70,4,0.003673611226026374,-0.007142857142857138,-0.10991811367673418,1.4570217826171268,0.19999999999999996,0.6000000000000001,10,23.586524975413784,0.008776862612717174,approximate_with_skipped_origins_overlap_selection_and_heavy_tails
toe_pre_topple_long,toe_E5_C,secondary_primary_window,evaluation,prior_year_same_date,baseline,1,70,5,-0.23402723767602723,-0.007142857142857138,-0.10991811367673418,1.4570217826171268,0.19999999999999996,0.6000000000000001,10,23.586524975413784,0.008776862612717174,approximate_with_skipped_origins_overlap_selection_and_heavy_tails
toe_pre_topple_long,toe_E5_C,secondary_primary_window,evaluation,prior_year_same_date,baseline,1,70,6,0.026708146481110657,-0.007142857142857138,-0.10991811367673418,1.4570217826171268,0.19999999999999996,0.6000000000000001,10,23.586524975413784,0.008776862612717174,approximate_with_skipped_origins_overlap_selection_and_heavy_tails
toe_pre_topple_long,toe_E5_C,secondary_primary_window,evaluation,prior_year_same_date,baseline,1,70,7,-0.0005212556469361314,-0.007142857142857138,-0.10991811367673418,1.4570217826171268,0.19999999999999996,0.6000000000000001,10,23.586524975413784,0.008776862612717174,approximate_with_skipped_origins_overlap_selection_and_heavy_tails
toe_pre_topple_long,toe_E5_C,secondary_primary_window,evaluation,prior_year_same_date,baseline,1,70,8,-0.03527990600850564,-0.007142857142857138,-0.10991811367673418,1.4570217826171268,0.19999999999999996,0.6000000000000001,10,23.586524975413784,0.008776862612717174,approximate_with_skipped_origins_overlap_selection_and_heavy_tails
toe_pre_topple_long,toe_E5_C,secondary_primary_window,evaluation,prior_year_same_date,baseline,1,70,9,0.19499098144991817,-0.007142857142857138,-0.10991811367673418,1.4570217826171268,0.19999999999999996,0.6000000000000001,10,23.586524975413784,0.008776862612717174,approximate_with_skipped_origins_overlap_selection_and_heavy_tails
toe_pre_topple_long,toe_E5_C,secondary_primary_window,evaluation,prior_year_same_date,baseline,1,70,10,-0.11371647002366338,-0.007142857142857138,-0.10991811367673418,1.4570217826171268,0.19999999999999996,0.6000000000000001,10,23.586524975413784,0.008776862612717174,approximate_with_skipped_origins_overlap_selection_and_heavy_tails
toe_pre_topple_long,toe_E5_C,secondary_primary_window,evaluation,prior_year_same_date,baseline,2,71,0,1.0,-0.01126760563380282,1.473706404782512,10.783887791767546,0.19999999999999996,0.5499999999999999,10,10.222422737229103,0.42120099445411546,approximate_with_skipped_origins_overlap_selection_and_heavy_tails
toe_pre_topple_long,toe_E5_C,secondary_primary_window,evaluation,prior_year_same_date,baseline,2,71,1,-0.02400675700352761,-0.01126760563380282,1.473706404782512,10.783887791767546,0.19999999999999996,0.5499999999999999,10,10.222422737229103,0.42120099445411546,approximate_with_skipped_origins_overlap_selection_and_heavy_tails
toe_pre_topple_long,toe_E5_C,secondary_primary_window,evaluation,prior_year_same_date,baseline,2,71,2,-0.040949641097156694,-0.01126760563380282,1.473706404782512,10.783887791767546,0.19999999999999996,0.5499999999999999,10,10.222422737229103,0.42120099445411546,approximate_with_skipped_origins_overlap_selection_and_heavy_tails
toe_pre_topple_long,toe_E5_C,secondary_primary_window,evaluation,prior_year_same_date,baseline,2,71,3,0.1316100231684285,-0.01126760563380282,1.473706404782512,10.783887791767546,0.19999999999999996,0.5499999999999999,10,10.222422737229103,0.42120099445411546,approximate_with_skipped_origins_overlap_selection_and_heavy_tails
toe_pre_topple_long,toe_E5_C,secondary_primary_window,evaluation,prior_year_same_date,baseline,2,71,4,0.16146157143151002,-0.01126760563380282,1.473706404782512,10.783887791767546,0.19999999999999996,0.5499999999999999,10,10.222422737229103,0.42120099445411546,approximate_with_skipped_origins_overlap_selection_and_heavy_tails
toe_pre_topple_long,toe_E5_C,secondary_primary_window,evaluation,prior_year_same_date,baseline,2,71,5,0.01662384068651426,-0.01126760563380282,1.473706404782512,10.783887791767546,0.19999999999999996,0.5499999999999999,10,10.222422737229103,0.42120099445411546,approximate_with_skipped_origins_overlap_selection_and_heavy_tails
toe_pre_topple_long,toe_E5_C,secondary_primary_window,evaluation,prior_year_same_date,baseline,2,71,6,-0.011376836021343989,-0.01126760563380282,1.473706404782512,10.783887791767546,0.19999999999999996,0.5499999999999999,10,10.222422737229103,0.42120099445411546,approximate_with_skipped_origins_overlap_selection_and_heavy_tails
toe_pre_topple_long,toe_E5_C,secondary_primary_window,evaluation,prior_year_same_date,baseline,2,71,7,-0.024325800410642466,-0.01126760563380282,1.473706404782512,10.783887791767546,0.19999999999999996,0.5499999999999999,10,10.222422737229103,0.42120099445411546,approximate_with_skipped_origins_overlap_selection_and_heavy_tails
toe_pre_topple_long,toe_E5_C,secondary_primary_window,evaluation,prior_year_same_date,baseline,2,71,8,-0.27179832594565945,-0.01126760563380282,1.473706404782512,10.783887791767546,0.19999999999999996,0.5499999999999999,10,10.222422737229103,0.42120099445411546,approximate_with_skipped_origins_overlap_selection_and_heavy_tails
toe_pre_topple_long,toe_E5_C,secondary_primary_window,evaluation,prior_year_same_date,baseline,2,71,9,0.0238724229373739,-0.01126760563380282,1.473706404782512,10.783887791767546,0.19999999999999996,0.5499999999999999,10,10.222422737229103,0.42120099445411546,approximate_with_skipped_origins_overlap_selection_and_heavy_tails
toe_pre_topple_long,toe_E5_C,secondary_primary_window,evaluation,prior_year_same_date,baseline,2,71,10,0.07759807331365629,-0.01126760563380282,1.473706404782512,10.783887791767546,0.19999999999999996,0.5499999999999999,10,10.222422737229103,0.42120099445411546,approximate_with_skipped_origins_overlap_selection_and_heavy_tails
toe_pre_topple_long,toe_E5_C,secondary_primary_window,evaluation,prior_year_same_date,baseline,7,66,0,1.0,-0.020454545454545454,0.6091165107950494,0.558626094393643,0.20000000000000004,0.6000000000000001,10,9.212681696583804,0.5120454090820383,approximate_with_skipped_origins_overlap_selection_and_heavy_tails
toe_pre_topple_long,toe_E5_C,secondary_primary_window,evaluation,prior_year_same_date,baseline,7,66,1,-0.09744887224532242,-0.020454545454545454,0.6091165107950494,0.558626094393643,0.20000000000000004,0.6000000000000001,10,9.212681696583804,0.5120454090820383,approximate_with_skipped_origins_overlap_selection_and_heavy_tails
toe_pre_topple_long,toe_E5_C,secondary_primary_window,evaluation,prior_year_same_date,baseline,7,66,2,-0.053087191534385146,-0.020454545454545454,0.6091165107950494,0.558626094393643,0.20000000000000004,0.6000000000000001,10,9.212681696583804,0.5120454090820383,approximate_with_skipped_origins_overlap_selection_and_heavy_tails
toe_pre_topple_long,toe_E5_C,secondary_primary_window,evaluation,prior_year_same_date,baseline,7,66,3,-0.16930094497986078,-0.020454545454545454,0.6091165107950494,0.558626094393643,0.20000000000000004,0.6000000000000001,10,9.212681696583804,0.5120454090820383,approximate_with_skipped_origins_overlap_selection_and_heavy_tails
toe_pre_topple_long,toe_E5_C,secondary_primary_window,evaluation,prior_year_same_date,baseline,7,66,4,-0.014348012333326783,-0.020454545454545454,0.6091165107950494,0.558626094393643,0.20000000000000004,0.6000000000000001,10,9.212681696583804,0.5120454090820383,approximate_with_skipped_origins_overlap_selection_and_heavy_tails
toe_pre_topple_long,toe_E5_C,secondary_primary_window,evaluation,prior_year_same_date,baseline,7,66,5,0.1773354686073846,-0.020454545454545454,0.6091165107950494,0.558626094393643,0.20000000000000004,0.6000000000000001,10,9.212681696583804,0.5120454090820383,approximate_with_skipped_origins_overlap_selection_and_heavy_tails
toe_pre_topple_long,toe_E5_C,secondary_primary_window,evaluation,prior_year_same_date,baseline,7,66,6,-0.003814430961070049,-0.020454545454545454,0.6091165107950494,0.558626094393643,0.20000000000000004,0.6000000000000001,10,9.212681696583804,0.5120454090820383,approximate_with_skipped_origins_overlap_selection_and_heavy_tails
toe_pre_topple_long,toe_E5_C,secondary_primary_window,evaluation,prior_year_same_date,baseline,7,66,7,-0.11769714326366953,-0.020454545454545454,0.6091165107950494,0.558626094393643,0.20000000000000004,0.6000000000000001,10,9.212681696583804,0.5120454090820383,approximate_with_skipped_origins_overlap_selection_and_heavy_tails
toe_pre_topple_long,toe_E5_C,secondary_primary_window,evaluation,prior_year_same_date,baseline,7,66,8,-0.14646355326353327,-0.020454545454545454,0.6091165107950494,0.558626094393643,0.20000000000000004,0.6000000000000001,10,9.212681696583804,0.5120454090820383,approximate_with_skipped_origins_overlap_selection_and_heavy_tails
toe_pre_topple_long,toe_E5_C,secondary_primary_window,evaluation,prior_year_same_date,baseline,7,66,9,0.12630685886151352,-0.020454545454545454,0.6091165107950494,0.558626094393643,0.20000000000000004,0.6000000000000001,10,9.212681696583804,0.5120454090820383,approximate_with_skipped_origins_overlap_selection_and_heavy_tails
toe_pre_topple_long,toe_E5_C,secondary_primary_window,evaluation,prior_year_same_date,baseline,7,66,10,-0.014982237163758717,-0.020454545454545454,0.6091165107950494,0.558626094393643,0.20000000000000004,0.6000000000000001,10,9.212681696583804,0.5120454090820383,approximate_with_skipped_origins_overlap_selection_and_heavy_tails
toe_pre_topple_long,toe_E5_C,secondary_primary_window,evaluation,zero_change,baseline,1,76,0,1.0,-0.006578947368421047,-0.13132345811684765,1.4791295933403923,0.0,0.4,10,18.69502387174476,0.044311758348556135,approximate_with_skipped_origins_overlap_selection_and_heavy_tails
toe_pre_topple_long,toe_E5_C,secondary_primary_window,evaluation,zero_change,baseline,1,76,1,-0.018483991077222126,-0.006578947368421047,-0.13132345811684765,1.4791295933403923,0.0,0.4,10,18.69502387174476,0.044311758348556135,approximate_with_skipped_origins_overlap_selection_and_heavy_tails
toe_pre_topple_long,toe_E5_C,secondary_primary_window,evaluation,zero_change,baseline,1,76,2,0.32680787900223085,-0.006578947368421047,-0.13132345811684765,1.4791295933403923,0.0,0.4,10,18.69502387174476,0.044311758348556135,approximate_with_skipped_origins_overlap_selection_and_heavy_tails
toe_pre_topple_long,toe_E5_C,secondary_primary_window,evaluation,zero_change,baseline,1,76,3,-0.12762510408515085,-0.006578947368421047,-0.13132345811684765,1.4791295933403923,0.0,0.4,10,18.69502387174476,0.044311758348556135,approximate_with_skipped_origins_overlap_selection_and_heavy_tails
toe_pre_topple_long,toe_E5_C,secondary_primary_window,evaluation,zero_change,baseline,1,76,4,0.10882502833622504,-0.006578947368421047,-0.13132345811684765,1.4791295933403923,0.0,0.4,10,18.69502387174476,0.044311758348556135,approximate_with_skipped_origins_overlap_selection_and_heavy_tails
toe_pre_topple_long,toe_E5_C,secondary_primary_window,evaluation,zero_change,baseline,1,76,5,-0.12390310264257934,-0.006578947368421047,-0.13132345811684765,1.4791295933403923,0.0,0.4,10,18.69502387174476,0.044311758348556135,approximate_with_skipped_origins_overlap_selection_and_heavy_tails
toe_pre_topple_long,toe_E5_C,secondary_primary_window,evaluation,zero_change,baseline,1,76,6,0.1905405744107877,-0.006578947368421047,-0.13132345811684765,1.4791295933403923,0.0,0.4,10,18.69502387174476,0.044311758348556135,approximate_with_skipped_origins_overlap_selection_and_heavy_tails
toe_pre_topple_long,toe_E5_C,secondary_primary_window,evaluation,zero_change,baseline,1,76,7,-0.009222849440655422,-0.006578947368421047,-0.13132345811684765,1.4791295933403923,0.0,0.4,10,18.69502387174476,0.044311758348556135,approximate_with_skipped_origins_overlap_selection_and_heavy_tails
toe_pre_topple_long,toe_E5_C,secondary_primary_window,evaluation,zero_change,baseline,1,76,8,0.1435720631278181,-0.006578947368421047,-0.13132345811684765,1.4791295933403923,0.0,0.4,10,18.69502387174476,0.044311758348556135,approximate_with_skipped_origins_overlap_selection_and_heavy_tails
toe_pre_topple_long,toe_E5_C,secondary_primary_window,evaluation,zero_change,baseline,1,76,9,0.006827846641844064,-0.006578947368421047,-0.13132345811684765,1.4791295933403923,0.0,0.4,10,18.69502387174476,0.044311758348556135,approximate_with_skipped_origins_overlap_selection_and_heavy_tails
toe_pre_topple_long,toe_E5_C,secondary_primary_window,evaluation,zero_change,baseline,1,76,10,-0.13552513221250925,-0.006578947368421047,-0.13132345811684765,1.4791295933403923,0.0,0.4,10,18.69502387174476,0.044311758348556135,approximate_with_skipped_origins_overlap_selection_and_heavy_tails
toe_pre_topple_long,toe_E5_C,secondary_primary_window,evaluation,zero_change,baseline,2,76,0,1.0,-0.003947368421052633,2.9837360423220933,22.60737049812301,0.0,0.45000000000000007,10,3.494617964061888,0.9672808078280036,approximate_with_skipped_origins_overlap_selection_and_heavy_tails
toe_pre_topple_long,toe_E5_C,secondary_primary_window,evaluation,zero_change,baseline,2,76,1,0.007409561914830437,-0.003947368421052633,2.9837360423220933,22.60737049812301,0.0,0.45000000000000007,10,3.494617964061888,0.9672808078280036,approximate_with_skipped_origins_overlap_selection_and_heavy_tails
toe_pre_topple_long,toe_E5_C,secondary_primary_window,evaluation,zero_change,baseline,2,76,2,0.11785314556352615,-0.003947368421052633,2.9837360423220933,22.60737049812301,0.0,0.45000000000000007,10,3.494617964061888,0.9672808078280036,approximate_with_skipped_origins_overlap_selection_and_heavy_tails
toe_pre_topple_long,toe_E5_C,secondary_primary_window,evaluation,zero_change,baseline,2,76,3,0.01221754431289831,-0.003947368421052633,2.9837360423220933,22.60737049812301,0.0,0.45000000000000007,10,3.494617964061888,0.9672808078280036,approximate_with_skipped_origins_overlap_selection_and_heavy_tails
toe_pre_topple_long,toe_E5_C,secondary_primary_window,evaluation,zero_change,baseline,2,76,4,-0.05150043894351006,-0.003947368421052633,2.9837360423220933,22.60737049812301,0.0,0.45000000000000007,10,3.494617964061888,0.9672808078280036,approximate_with_skipped_origins_overlap_selection_and_heavy_tails
toe_pre_topple_long,toe_E5_C,secondary_primary_window,evaluation,zero_change,baseline,2,76,5,-0.12710261589935817,-0.003947368421052633,2.9837360423220933,22.60737049812301,0.0,0.45000000000000007,10,3.494617964061888,0.9672808078280036,approximate_with_skipped_origins_overlap_selection_and_heavy_tails
toe_pre_topple_long,toe_E5_C,secondary_primary_window,evaluation,zero_change,baseline,2,76,6,0.005333184894224406,-0.003947368421052633,2.9837360423220933,22.60737049812301,0.0,0.45000000000000007,10,3.494617964061888,0.9672808078280036,approximate_with_skipped_origins_overlap_selection_and_heavy_tails
toe_pre_topple_long,toe_E5_C,secondary_primary_window,evaluation,zero_change,baseline,2,76,7,0.08160971165703086,-0.003947368421052633,2.9837360423220933,22.60737049812301,0.0,0.45000000000000007,10,3.494617964061888,0.9672808078280036,approximate_with_skipped_origins_overlap_selection_and_heavy_tails
toe_pre_topple_long,toe_E5_C,secondary_primary_window,evaluation,zero_change,baseline,2,76,8,-0.026286469916859935,-0.003947368421052633,2.9837360423220933,22.60737049812301,0.0,0.45000000000000007,10,3.494617964061888,0.9672808078280036,approximate_with_skipped_origins_overlap_selection_and_heavy_tails
toe_pre_topple_long,toe_E5_C,secondary_primary_window,evaluation,zero_change,baseline,2,76,9,-0.0017449385521577923,-0.003947368421052633,2.9837360423220933,22.60737049812301,0.0,0.45000000000000007,10,3.494617964061888,0.9672808078280036,approximate_with_skipped_origins_overlap_selection_and_heavy_tails
toe_pre_topple_long,toe_E5_C,secondary_primary_window,evaluation,zero_change,baseline,2,76,10,0.04262511164802254,-0.003947368421052633,2.9837360423220933,22.60737049812301,0.0,0.45000000000000007,10,3.494617964061888,0.9672808078280036,approximate_with_skipped_origins_overlap_selection_and_heavy_tails
toe_pre_topple_long,toe_E5_C,secondary_primary_window,evaluation,zero_change,baseline,7,72,0,1.0,-0.004861111111111114,-0.4106026567570609,2.55344150570411,0.0,0.4,10,2.5759115965181305,0.9897227215818432,approximate_with_skipped_origins_overlap_selection_and_heavy_tails
toe_pre_topple_long,toe_E5_C,secondary_primary_window,evaluation,zero_change,baseline,7,72,1,-0.017288396957996506,-0.004861111111111114,-0.4106026567570609,2.55344150570411,0.0,0.4,10,2.5759115965181305,0.9897227215818432,approximate_with_skipped_origins_overlap_selection_and_heavy_tails
toe_pre_topple_long,toe_E5_C,secondary_primary_window,evaluation,zero_change,baseline,7,72,2,-0.04735541229940255,-0.004861111111111114,-0.4106026567570609,2.55344150570411,0.0,0.4,10,2.5759115965181305,0.9897227215818432,approximate_with_skipped_origins_overlap_selection_and_heavy_tails
toe_pre_topple_long,toe_E5_C,secondary_primary_window,evaluation,zero_change,baseline,7,72,3,-0.11622873938823691,-0.004861111111111114,-0.4106026567570609,2.55344150570411,0.0,0.4,10,2.5759115965181305,0.9897227215818432,approximate_with_skipped_origins_overlap_selection_and_heavy_tails
toe_pre_topple_long,toe_E5_C,secondary_primary_window,evaluation,zero_change,baseline,7,72,4,0.029705872795882524,-0.004861111111111114,-0.4106026567570609,2.55344150570411,0.0,0.4,10,2.5759115965181305,0.9897227215818432,approximate_with_skipped_origins_overlap_selection_and_heavy_tails
toe_pre_topple_long,toe_E5_C,secondary_primary_window,evaluation,zero_change,baseline,7,72,5,0.09749382967210736,-0.004861111111111114,-0.4106026567570609,2.55344150570411,0.0,0.4,10,2.5759115965181305,0.9897227215818432,approximate_with_skipped_origins_overlap_selection_and_heavy_tails
toe_pre_topple_long,toe_E5_C,secondary_primary_window,evaluation,zero_change,baseline,7,72,6,-0.016212739625584303,-0.004861111111111114,-0.4106026567570609,2.55344150570411,0.0,0.4,10,2.5759115965181305,0.9897227215818432,approximate_with_skipped_origins_overlap_selection_and_heavy_tails
toe_pre_topple_long,toe_E5_C,secondary_primary_window,evaluation,zero_change,baseline,7,72,7,-0.02283321536598841,-0.004861111111111114,-0.4106026567570609,2.55344150570411,0.0,0.4,10,2.5759115965181305,0.9897227215818432,approximate_with_skipped_origins_overlap_selection_and_heavy_tails
toe_pre_topple_long,toe_E5_C,secondary_primary_window,evaluation,zero_change,baseline,7,72,8,-0.015161982586041952,-0.004861111111111114,-0.4106026567570609,2.55344150570411,0.0,0.4,10,2.5759115965181305,0.9897227215818432,approximate_with_skipped_origins_overlap_selection_and_heavy_tails
toe_pre_topple_long,toe_E5_C,secondary_primary_window,evaluation,zero_change,baseline,7,72,9,-0.04044814169644116,-0.004861111111111114,-0.4106026567570609,2.55344150570411,0.0,0.4,10,2.5759115965181305,0.9897227215818432,approximate_with_skipped_origins_overlap_selection_and_heavy_tails
toe_pre_topple_long,toe_E5_C,secondary_primary_window,evaluation,zero_change,baseline,7,72,10,-0.05841043594231887,-0.004861111111111114,-0.4106026567570609,2.55344150570411,0.0,0.4,10,2.5759115965181305,0.9897227215818432,approximate_with_skipped_origins_overlap_selection_and_heavy_tails
toe_pre_topple_long,toe_E5_C,secondary_primary_window,selection,arima_ar1,ARIMA,1,120,0,1.0,0.14082238736141184,5.617112660522096,37.256878882076805,0.19457024229355857,1.0454613235323227,10,11.548172857363804,0.3164325192165651,approximate_with_skipped_origins_overlap_selection_and_heavy_tails
toe_pre_topple_long,toe_E5_C,secondary_primary_window,selection,arima_ar1,ARIMA,1,120,1,0.10806466050051641,0.14082238736141184,5.617112660522096,37.256878882076805,0.19457024229355857,1.0454613235323227,10,11.548172857363804,0.3164325192165651,approximate_with_skipped_origins_overlap_selection_and_heavy_tails
toe_pre_topple_long,toe_E5_C,secondary_primary_window,selection,arima_ar1,ARIMA,1,120,2,0.16348413705937295,0.14082238736141184,5.617112660522096,37.256878882076805,0.19457024229355857,1.0454613235323227,10,11.548172857363804,0.3164325192165651,approximate_with_skipped_origins_overlap_selection_and_heavy_tails
toe_pre_topple_long,toe_E5_C,secondary_primary_window,selection,arima_ar1,ARIMA,1,120,3,0.18650731270711493,0.14082238736141184,5.617112660522096,37.256878882076805,0.19457024229355857,1.0454613235323227,10,11.548172857363804,0.3164325192165651,approximate_with_skipped_origins_overlap_selection_and_heavy_tails
toe_pre_topple_long,toe_E5_C,secondary_primary_window,selection,arima_ar1,ARIMA,1,120,4,-0.05654296722124704,0.14082238736141184,5.617112660522096,37.256878882076805,0.19457024229355857,1.0454613235323227,10,11.548172857363804,0.3164325192165651,approximate_with_skipped_origins_overlap_selection_and_heavy_tails
toe_pre_topple_long,toe_E5_C,secondary_primary_window,selection,arima_ar1,ARIMA,1,120,5,-0.018125890829364624,0.14082238736141184,5.617112660522096,37.256878882076805,0.19457024229355857,1.0454613235323227,10,11.548172857363804,0.3164325192165651,approximate_with_skipped_origins_overlap_selection_and_heavy_tails
toe_pre_topple_long,toe_E5_C,secondary_primary_window,selection,arima_ar1,ARIMA,1,120,6,0.0035592427072667666,0.14082238736141184,5.617112660522096,37.256878882076805,0.19457024229355857,1.0454613235323227,10,11.548172857363804,0.3164325192165651,approximate_with_skipped_origins_overlap_selection_and_heavy_tails
toe_pre_topple_long,toe_E5_C,secondary_primary_window,selection,arima_ar1,ARIMA,1,120,7,-0.08556982030239565,0.14082238736141184,5.617112660522096,37.256878882076805,0.19457024229355857,1.0454613235323227,10,11.548172857363804,0.3164325192165651,approximate_with_skipped_origins_overlap_selection_and_heavy_tails
toe_pre_topple_long,toe_E5_C,secondary_primary_window,selection,arima_ar1,ARIMA,1,120,8,-0.059117762296564354,0.14082238736141184,5.617112660522096,37.256878882076805,0.19457024229355857,1.0454613235323227,10,11.548172857363804,0.3164325192165651,approximate_with_skipped_origins_overlap_selection_and_heavy_tails
toe_pre_topple_long,toe_E5_C,secondary_primary_window,selection,arima_ar1,ARIMA,1,120,9,-0.05130179165216706,0.14082238736141184,5.617112660522096,37.256878882076805,0.19457024229355857,1.0454613235323227,10,11.548172857363804,0.3164325192165651,approximate_with_skipped_origins_overlap_selection_and_heavy_tails
toe_pre_topple_long,toe_E5_C,secondary_primary_window,selection,arima_ar1,ARIMA,1,120,10,-0.04276355180260531,0.14082238736141184,5.617112660522096,37.256878882076805,0.19457024229355857,1.0454613235323227,10,11.548172857363804,0.3164325192165651,approximate_with_skipped_origins_overlap_selection_and_heavy_tails
toe_pre_topple_long,toe_E5_C,secondary_primary_window,selection,arima_ar1,ARIMA,2,119,0,1.0,0.0770899198942354,8.778279762456272,88.26215259512904,0.18838784860165414,0.8409056698686206,10,3.592953038067034,0.9638475443731409,approximate_with_skipped_origins_overlap_selection_and_heavy_tails
toe_pre_topple_long,toe_E5_C,secondary_primary_window,selection,arima_ar1,ARIMA,2,119,1,0.07084048791764185,0.0770899198942354,8.778279762456272,88.26215259512904,0.18838784860165414,0.8409056698686206,10,3.592953038067034,0.9638475443731409,approximate_with_skipped_origins_overlap_selection_and_heavy_tails
toe_pre_topple_long,toe_E5_C,secondary_primary_window,selection,arima_ar1,ARIMA,2,119,2,0.038590663034556716,0.0770899198942354,8.778279762456272,88.26215259512904,0.18838784860165414,0.8409056698686206,10,3.592953038067034,0.9638475443731409,approximate_with_skipped_origins_overlap_selection_and_heavy_tails
toe_pre_topple_long,toe_E5_C,secondary_primary_window,selection,arima_ar1,ARIMA,2,119,3,0.056633542516168464,0.0770899198942354,8.778279762456272,88.26215259512904,0.18838784860165414,0.8409056698686206,10,3.592953038067034,0.9638475443731409,approximate_with_skipped_origins_overlap_selection_and_heavy_tails
toe_pre_topple_long,toe_E5_C,secondary_primary_window,selection,arima_ar1,ARIMA,2,119,4,-0.10789626883999502,0.0770899198942354,8.778279762456272,88.26215259512904,0.18838784860165414,0.8409056698686206,10,3.592953038067034,0.9638475443731409,approximate_with_skipped_origins_overlap_selection_and_heavy_tails
toe_pre_topple_long,toe_E5_C,secondary_primary_window,selection,arima_ar1,ARIMA,2,119,5,-0.047608965316685535,0.0770899198942354,8.778279762456272,88.26215259512904,0.18838784860165414,0.8409056698686206,10,3.592953038067034,0.9638475443731409,approximate_with_skipped_origins_overlap_selection_and_heavy_tails
toe_pre_topple_long,toe_E5_C,secondary_primary_window,selection,arima_ar1,ARIMA,2,119,6,-0.015309305613231136,0.0770899198942354,8.778279762456272,88.26215259512904,0.18838784860165414,0.8409056698686206,10,3.592953038067034,0.9638475443731409,approximate_with_skipped_origins_overlap_selection_and_heavy_tails
toe_pre_topple_long,toe_E5_C,secondary_primary_window,selection,arima_ar1,ARIMA,2,119,7,-0.03324844495559659,0.0770899198942354,8.778279762456272,88.26215259512904,0.18838784860165414,0.8409056698686206,10,3.592953038067034,0.9638475443731409,approximate_with_skipped_origins_overlap_selection_and_heavy_tails
toe_pre_topple_long,toe_E5_C,secondary_primary_window,selection,arima_ar1,ARIMA,2,119,8,-0.04230079736329694,0.0770899198942354,8.778279762456272,88.26215259512904,0.18838784860165414,0.8409056698686206,10,3.592953038067034,0.9638475443731409,approximate_with_skipped_origins_overlap_selection_and_heavy_tails
toe_pre_topple_long,toe_E5_C,secondary_primary_window,selection,arima_ar1,ARIMA,2,119,9,-0.027560225479454505,0.0770899198942354,8.778279762456272,88.26215259512904,0.18838784860165414,0.8409056698686206,10,3.592953038067034,0.9638475443731409,approximate_with_skipped_origins_overlap_selection_and_heavy_tails
toe_pre_topple_long,toe_E5_C,secondary_primary_window,selection,arima_ar1,ARIMA,2,119,10,-0.033890797754350756,0.0770899198942354,8.778279762456272,88.26215259512904,0.18838784860165414,0.8409056698686206,10,3.592953038067034,0.9638475443731409,approximate_with_skipped_origins_overlap_selection_and_heavy_tails
toe_pre_topple_long,toe_E5_C,secondary_primary_window,selection,arima_ar1,ARIMA,7,113,0,1.0,0.15898000670266133,7.746696460382701,69.16017379615178,0.18361839921846662,0.8063373040216603,10,25.57150484861577,0.004361303780402633,approximate_with_skipped_origins_overlap_selection_and_heavy_tails
toe_pre_topple_long,toe_E5_C,secondary_primary_window,selection,arima_ar1,ARIMA,7,113,1,0.4206597629939477,0.15898000670266133,7.746696460382701,69.16017379615178,0.18361839921846662,0.8063373040216603,10,25.57150484861577,0.004361303780402633,approximate_with_skipped_origins_overlap_selection_and_heavy_tails
toe_pre_topple_long,toe_E5_C,secondary_primary_window,selection,arima_ar1,ARIMA,7,113,2,0.19879572566300963,0.15898000670266133,7.746696460382701,69.16017379615178,0.18361839921846662,0.8063373040216603,10,25.57150484861577,0.004361303780402633,approximate_with_skipped_origins_overlap_selection_and_heavy_tails
toe_pre_topple_long,toe_E5_C,secondary_primary_window,selection,arima_ar1,ARIMA,7,113,3,0.015956788326460553,0.15898000670266133,7.746696460382701,69.16017379615178,0.18361839921846662,0.8063373040216603,10,25.57150484861577,0.004361303780402633,approximate_with_skipped_origins_overlap_selection_and_heavy_tails
toe_pre_topple_long,toe_E5_C,secondary_primary_window,selection,arima_ar1,ARIMA,7,113,4,-0.01894999964341699,0.15898000670266133,7.746696460382701,69.16017379615178,0.18361839921846662,0.8063373040216603,10,25.57150484861577,0.004361303780402633,approximate_with_skipped_origins_overlap_selection_and_heavy_tails
toe_pre_topple_long,toe_E5_C,secondary_primary_window,selection,arima_ar1,ARIMA,7,113,5,-0.017463931050912613,0.15898000670266133,7.746696460382701,69.16017379615178,0.18361839921846662,0.8063373040216603,10,25.57150484861577,0.004361303780402633,approximate_with_skipped_origins_overlap_selection_and_heavy_tails
toe_pre_topple_long,toe_E5_C,secondary_primary_window,selection,arima_ar1,ARIMA,7,113,6,-0.023881627253959238,0.15898000670266133,7.746696460382701,69.16017379615178,0.18361839921846662,0.8063373040216603,10,25.57150484861577,0.004361303780402633,approximate_with_skipped_origins_overlap_selection_and_heavy_tails
toe_pre_topple_long,toe_E5_C,secondary_primary_window,selection,arima_ar1,ARIMA,7,113,7,-0.0077551413132361776,0.15898000670266133,7.746696460382701,69.16017379615178,0.18361839921846662,0.8063373040216603,10,25.57150484861577,0.004361303780402633,approximate_with_skipped_origins_overlap_selection_and_heavy_tails
toe_pre_topple_long,toe_E5_C,secondary_primary_window,selection,arima_ar1,ARIMA,7,113,8,-0.033364070061658604,0.15898000670266133,7.746696460382701,69.16017379615178,0.18361839921846662,0.8063373040216603,10,25.57150484861577,0.004361303780402633,approximate_with_skipped_origins_overlap_selection_and_heavy_tails
toe_pre_topple_long,toe_E5_C,secondary_primary_window,selection,arima_ar1,ARIMA,7,113,9,-0.017615069055558343,0.15898000670266133,7.746696460382701,69.16017379615178,0.18361839921846662,0.8063373040216603,10,25.57150484861577,0.004361303780402633,approximate_with_skipped_origins_overlap_selection_and_heavy_tails
toe_pre_topple_long,toe_E5_C,secondary_primary_window,selection,arima_ar1,ARIMA,7,113,10,-0.02002697495529937,0.15898000670266133,7.746696460382701,69.16017379615178,0.18361839921846662,0.8063373040216603,10,25.57150484861577,0.004361303780402633,approximate_with_skipped_origins_overlap_selection_and_heavy_tails
toe_pre_topple_long,toe_E5_C,secondary_primary_window,selection,arima_ar2,ARIMA,1,119,0,1.0,0.13253315475442085,4.537898901442487,28.026718809294426,0.17593758129989856,1.2253374897768488,10,17.345244853231005,0.06706521345627307,approximate_with_skipped_origins_overlap_selection_and_heavy_tails
toe_pre_topple_long,toe_E5_C,secondary_primary_window,selection,arima_ar2,ARIMA,1,119,1,0.09601769627364314,0.13253315475442085,4.537898901442487,28.026718809294426,0.17593758129989856,1.2253374897768488,10,17.345244853231005,0.06706521345627307,approximate_with_skipped_origins_overlap_selection_and_heavy_tails
toe_pre_topple_long,toe_E5_C,secondary_primary_window,selection,arima_ar2,ARIMA,1,119,2,0.2341119056269289,0.13253315475442085,4.537898901442487,28.026718809294426,0.17593758129989856,1.2253374897768488,10,17.345244853231005,0.06706521345627307,approximate_with_skipped_origins_overlap_selection_and_heavy_tails
toe_pre_topple_long,toe_E5_C,secondary_primary_window,selection,arima_ar2,ARIMA,1,119,3,0.21553141537352877,0.13253315475442085,4.537898901442487,28.026718809294426,0.17593758129989856,1.2253374897768488,10,17.345244853231005,0.06706521345627307,approximate_with_skipped_origins_overlap_selection_and_heavy_tails
toe_pre_topple_long,toe_E5_C,secondary_primary_window,selection,arima_ar2,ARIMA,1,119,4,-0.004631779442596556,0.13253315475442085,4.537898901442487,28.026718809294426,0.17593758129989856,1.2253374897768488,10,17.345244853231005,0.06706521345627307,approximate_with_skipped_origins_overlap_selection_and_heavy_tails
toe_pre_topple_long,toe_E5_C,secondary_primary_window,selection,arima_ar2,ARIMA,1,119,5,-0.025605469025960673,0.13253315475442085,4.537898901442487,28.026718809294426,0.17593758129989856,1.2253374897768488,10,17.345244853231005,0.06706521345627307,approximate_with_skipped_origins_overlap_selection_and_heavy_tails
toe_pre_topple_long,toe_E5_C,secondary_primary_window,selection,arima_ar2,ARIMA,1,119,6,0.04415332351039777,0.13253315475442085,4.537898901442487,28.026718809294426,0.17593758129989856,1.2253374897768488,10,17.345244853231005,0.06706521345627307,approximate_with_skipped_origins_overlap_selection_and_heavy_tails
toe_pre_topple_long,toe_E5_C,secondary_primary_window,selection,arima_ar2,ARIMA,1,119,7,-0.11712768116264147,0.13253315475442085,4.537898901442487,28.026718809294426,0.17593758129989856,1.2253374897768488,10,17.345244853231005,0.06706521345627307,approximate_with_skipped_origins_overlap_selection_and_heavy_tails
toe_pre_topple_long,toe_E5_C,secondary_primary_window,selection,arima_ar2,ARIMA,1,119,8,-0.07455083857089505,0.13253315475442085,4.537898901442487,28.026718809294426,0.17593758129989856,1.2253374897768488,10,17.345244853231005,0.06706521345627307,approximate_with_skipped_origins_overlap_selection_and_heavy_tails
toe_pre_topple_long,toe_E5_C,secondary_primary_window,selection,arima_ar2,ARIMA,1,119,9,-0.05723115464218854,0.13253315475442085,4.537898901442487,28.026718809294426,0.17593758129989856,1.2253374897768488,10,17.345244853231005,0.06706521345627307,approximate_with_skipped_origins_overlap_selection_and_heavy_tails
toe_pre_topple_long,toe_E5_C,secondary_primary_window,selection,arima_ar2,ARIMA,1,119,10,-0.05910119664353571,0.13253315475442085,4.537898901442487,28.026718809294426,0.17593758129989856,1.2253374897768488,10,17.345244853231005,0.06706521345627307,approximate_with_skipped_origins_overlap_selection_and_heavy_tails
toe_pre_topple_long,toe_E5_C,secondary_primary_window,selection,arima_ar2,ARIMA,2,118,0,1.0,0.07007818515593266,7.41956703584389,70.08645010304082,0.19131311455569974,1.1507940139331667,10,5.524527639791334,0.8535050619822082,approximate_with_skipped_origins_overlap_selection_and_heavy_tails
toe_pre_topple_long,toe_E5_C,secondary_primary_window,selection,arima_ar2,ARIMA,2,118,1,0.007838087123090531,0.07007818515593266,7.41956703584389,70.08645010304082,0.19131311455569974,1.1507940139331667,10,5.524527639791334,0.8535050619822082,approximate_with_skipped_origins_overlap_selection_and_heavy_tails
toe_pre_topple_long,toe_E5_C,secondary_primary_window,selection,arima_ar2,ARIMA,2,118,2,0.026929828988708854,0.07007818515593266,7.41956703584389,70.08645010304082,0.19131311455569974,1.1507940139331667,10,5.524527639791334,0.8535050619822082,approximate_with_skipped_origins_overlap_selection_and_heavy_tails
toe_pre_topple_long,toe_E5_C,secondary_primary_window,selection,arima_ar2,ARIMA,2,118,3,0.13600896502085974,0.07007818515593266,7.41956703584389,70.08645010304082,0.19131311455569974,1.1507940139331667,10,5.524527639791334,0.8535050619822082,approximate_with_skipped_origins_overlap_selection_and_heavy_tails
toe_pre_topple_long,toe_E5_C,secondary_primary_window,selection,arima_ar2,ARIMA,2,118,4,-0.11594911884693561,0.07007818515593266,7.41956703584389,70.08645010304082,0.19131311455569974,1.1507940139331667,10,5.524527639791334,0.8535050619822082,approximate_with_skipped_origins_overlap_selection_and_heavy_tails
toe_pre_topple_long,toe_E5_C,secondary_primary_window,selection,arima_ar2,ARIMA,2,118,5,-0.067846284666542,0.07007818515593266,7.41956703584389,70.08645010304082,0.19131311455569974,1.1507940139331667,10,5.524527639791334,0.8535050619822082,approximate_with_skipped_origins_overlap_selection_and_heavy_tails
toe_pre_topple_long,toe_E5_C,secondary_primary_window,selection,arima_ar2,ARIMA,2,118,6,-0.005740017912015867,0.07007818515593266,7.41956703584389,70.08645010304082,0.19131311455569974,1.1507940139331667,10,5.524527639791334,0.8535050619822082,approximate_with_skipped_origins_overlap_selection_and_heavy_tails
toe_pre_topple_long,toe_E5_C,secondary_primary_window,selection,arima_ar2,ARIMA,2,118,7,-0.03591342128733359,0.07007818515593266,7.41956703584389,70.08645010304082,0.19131311455569974,1.1507940139331667,10,5.524527639791334,0.8535050619822082,approximate_with_skipped_origins_overlap_selection_and_heavy_tails
toe_pre_topple_long,toe_E5_C,secondary_primary_window,selection,arima_ar2,ARIMA,2,118,8,-0.055404935881063856,0.07007818515593266,7.41956703584389,70.08645010304082,0.19131311455569974,1.1507940139331667,10,5.524527639791334,0.8535050619822082,approximate_with_skipped_origins_overlap_selection_and_heavy_tails
toe_pre_topple_long,toe_E5_C,secondary_primary_window,selection,arima_ar2,ARIMA,2,118,9,-0.0292572216255298,0.07007818515593266,7.41956703584389,70.08645010304082,0.19131311455569974,1.1507940139331667,10,5.524527639791334,0.8535050619822082,approximate_with_skipped_origins_overlap_selection_and_heavy_tails
toe_pre_topple_long,toe_E5_C,secondary_primary_window,selection,arima_ar2,ARIMA,2,118,10,-0.04179843286419326,0.07007818515593266,7.41956703584389,70.08645010304082,0.19131311455569974,1.1507940139331667,10,5.524527639791334,0.8535050619822082,approximate_with_skipped_origins_overlap_selection_and_heavy_tails
toe_pre_topple_long,toe_E5_C,secondary_primary_window,selection,arima_ar2,ARIMA,7,112,0,1.0,0.1499653352901536,7.389044867016822,63.49884857712195,0.18808645681106556,0.8259119593512275,10,20.901465325939043,0.021791229265955957,approximate_with_skipped_origins_overlap_selection_and_heavy_tails
toe_pre_topple_long,toe_E5_C,secondary_primary_window,selection,arima_ar2,ARIMA,7,112,1,0.37127344108250393,0.1499653352901536,7.389044867016822,63.49884857712195,0.18808645681106556,0.8259119593512275,10,20.901465325939043,0.021791229265955957,approximate_with_skipped_origins_overlap_selection_and_heavy_tails
toe_pre_topple_long,toe_E5_C,secondary_primary_window,selection,arima_ar2,ARIMA,7,112,2,0.19450360529601465,0.1499653352901536,7.389044867016822,63.49884857712195,0.18808645681106556,0.8259119593512275,10,20.901465325939043,0.021791229265955957,approximate_with_skipped_origins_overlap_selection_and_heavy_tails
toe_pre_topple_long,toe_E5_C,secondary_primary_window,selection,arima_ar2,ARIMA,7,112,3,0.04257086731379776,0.1499653352901536,7.389044867016822,63.49884857712195,0.18808645681106556,0.8259119593512275,10,20.901465325939043,0.021791229265955957,approximate_with_skipped_origins_overlap_selection_and_heavy_tails
toe_pre_topple_long,toe_E5_C,secondary_primary_window,selection,arima_ar2,ARIMA,7,112,4,-0.012235002257489096,0.1499653352901536,7.389044867016822,63.49884857712195,0.18808645681106556,0.8259119593512275,10,20.901465325939043,0.021791229265955957,approximate_with_skipped_origins_overlap_selection_and_heavy_tails
toe_pre_topple_long,toe_E5_C,secondary_primary_window,selection,arima_ar2,ARIMA,7,112,5,-0.01905249626831334,0.1499653352901536,7.389044867016822,63.49884857712195,0.18808645681106556,0.8259119593512275,10,20.901465325939043,0.021791229265955957,approximate_with_skipped_origins_overlap_selection_and_heavy_tails
toe_pre_topple_long,toe_E5_C,secondary_primary_window,selection,arima_ar2,ARIMA,7,112,6,-0.028667714139312465,0.1499653352901536,7.389044867016822,63.49884857712195,0.18808645681106556,0.8259119593512275,10,20.901465325939043,0.021791229265955957,approximate_with_skipped_origins_overlap_selection_and_heavy_tails
toe_pre_topple_long,toe_E5_C,secondary_primary_window,selection,arima_ar2,ARIMA,7,112,7,-0.004145204750160048,0.1499653352901536,7.389044867016822,63.49884857712195,0.18808645681106556,0.8259119593512275,10,20.901465325939043,0.021791229265955957,approximate_with_skipped_origins_overlap_selection_and_heavy_tails
toe_pre_topple_long,toe_E5_C,secondary_primary_window,selection,arima_ar2,ARIMA,7,112,8,-0.04024616082803366,0.1499653352901536,7.389044867016822,63.49884857712195,0.18808645681106556,0.8259119593512275,10,20.901465325939043,0.021791229265955957,approximate_with_skipped_origins_overlap_selection_and_heavy_tails
toe_pre_topple_long,toe_E5_C,secondary_primary_window,selection,arima_ar2,ARIMA,7,112,9,-0.014664483746310979,0.1499653352901536,7.389044867016822,63.49884857712195,0.18808645681106556,0.8259119593512275,10,20.901465325939043,0.021791229265955957,approximate_with_skipped_origins_overlap_selection_and_heavy_tails
toe_pre_topple_long,toe_E5_C,secondary_primary_window,selection,arima_ar2,ARIMA,7,112,10,-0.020878548668642107,0.1499653352901536,7.389044867016822,63.49884857712195,0.18808645681106556,0.8259119593512275,10,20.901465325939043,0.021791229265955957,approximate_with_skipped_origins_overlap_selection_and_heavy_tails
toe_pre_topple_long,toe_E5_C,secondary_primary_window,selection,arima_arma11,ARIMA,1,120,0,1.0,0.11222639404913745,4.421675009988841,30.806986990754233,0.14829233126042624,1.2433209700635455,10,13.249869206724592,0.21003498139409169,approximate_with_skipped_origins_overlap_selection_and_heavy_tails
toe_pre_topple_long,toe_E5_C,secondary_primary_window,selection,arima_arma11,ARIMA,1,120,1,0.04636773296754561,0.11222639404913745,4.421675009988841,30.806986990754233,0.14829233126042624,1.2433209700635455,10,13.249869206724592,0.21003498139409169,approximate_with_skipped_origins_overlap_selection_and_heavy_tails
toe_pre_topple_long,toe_E5_C,secondary_primary_window,selection,arima_arma11,ARIMA,1,120,2,0.1659790071355018,0.11222639404913745,4.421675009988841,30.806986990754233,0.14829233126042624,1.2433209700635455,10,13.249869206724592,0.21003498139409169,approximate_with_skipped_origins_overlap_selection_and_heavy_tails
toe_pre_topple_long,toe_E5_C,secondary_primary_window,selection,arima_arma11,ARIMA,1,120,3,0.21356024504091017,0.11222639404913745,4.421675009988841,30.806986990754233,0.14829233126042624,1.2433209700635455,10,13.249869206724592,0.21003498139409169,approximate_with_skipped_origins_overlap_selection_and_heavy_tails
toe_pre_topple_long,toe_E5_C,secondary_primary_window,selection,arima_arma11,ARIMA,1,120,4,-0.06883968104927905,0.11222639404913745,4.421675009988841,30.806986990754233,0.14829233126042624,1.2433209700635455,10,13.249869206724592,0.21003498139409169,approximate_with_skipped_origins_overlap_selection_and_heavy_tails
toe_pre_topple_long,toe_E5_C,secondary_primary_window,selection,arima_arma11,ARIMA,1,120,5,-0.005688940628517481,0.11222639404913745,4.421675009988841,30.806986990754233,0.14829233126042624,1.2433209700635455,10,13.249869206724592,0.21003498139409169,approximate_with_skipped_origins_overlap_selection_and_heavy_tails
toe_pre_topple_long,toe_E5_C,secondary_primary_window,selection,arima_arma11,ARIMA,1,120,6,0.04546492101230823,0.11222639404913745,4.421675009988841,30.806986990754233,0.14829233126042624,1.2433209700635455,10,13.249869206724592,0.21003498139409169,approximate_with_skipped_origins_overlap_selection_and_heavy_tails
toe_pre_topple_long,toe_E5_C,secondary_primary_window,selection,arima_arma11,ARIMA,1,120,7,-0.11536226338286111,0.11222639404913745,4.421675009988841,30.806986990754233,0.14829233126042624,1.2433209700635455,10,13.249869206724592,0.21003498139409169,approximate_with_skipped_origins_overlap_selection_and_heavy_tails
toe_pre_topple_long,toe_E5_C,secondary_primary_window,selection,arima_arma11,ARIMA,1,120,8,-0.06323332013168152,0.11222639404913745,4.421675009988841,30.806986990754233,0.14829233126042624,1.2433209700635455,10,13.249869206724592,0.21003498139409169,approximate_with_skipped_origins_overlap_selection_and_heavy_tails
toe_pre_topple_long,toe_E5_C,secondary_primary_window,selection,arima_arma11,ARIMA,1,120,9,-0.046297298948282904,0.11222639404913745,4.421675009988841,30.806986990754233,0.14829233126042624,1.2433209700635455,10,13.249869206724592,0.21003498139409169,approximate_with_skipped_origins_overlap_selection_and_heavy_tails
toe_pre_topple_long,toe_E5_C,secondary_primary_window,selection,arima_arma11,ARIMA,1,120,10,-0.059004094403291865,0.11222639404913745,4.421675009988841,30.806986990754233,0.14829233126042624,1.2433209700635455,10,13.249869206724592,0.21003498139409169,approximate_with_skipped_origins_overlap_selection_and_heavy_tails
toe_pre_topple_long,toe_E5_C,secondary_primary_window,selection,arima_arma11,ARIMA,2,119,0,1.0,0.03881479983595607,4.92025641180257,46.12131935046215,0.16755062167732904,0.915478854387427,10,9.353881474159822,0.4988802872453686,approximate_with_skipped_origins_overlap_selection_and_heavy_tails
toe_pre_topple_long,toe_E5_C,secondary_primary_window,selection,arima_arma11,ARIMA,2,119,1,-0.11726967272329643,0.03881479983595607,4.92025641180257,46.12131935046215,0.16755062167732904,0.915478854387427,10,9.353881474159822,0.4988802872453686,approximate_with_skipped_origins_overlap_selection_and_heavy_tails
toe_pre_topple_long,toe_E5_C,secondary_primary_window,selection,arima_arma11,ARIMA,2,119,2,-0.03151605052244504,0.03881479983595607,4.92025641180257,46.12131935046215,0.16755062167732904,0.915478854387427,10,9.353881474159822,0.4988802872453686,approximate_with_skipped_origins_overlap_selection_and_heavy_tails
toe_pre_topple_long,toe_E5_C,secondary_primary_window,selection,arima_arma11,ARIMA,2,119,3,0.16701381300860335,0.03881479983595607,4.92025641180257,46.12131935046215,0.16755062167732904,0.915478854387427,10,9.353881474159822,0.4988802872453686,approximate_with_skipped_origins_overlap_selection_and_heavy_tails
toe_pre_topple_long,toe_E5_C,secondary_primary_window,selection,arima_arma11,ARIMA,2,119,4,-0.13495087871250472,0.03881479983595607,4.92025641180257,46.12131935046215,0.16755062167732904,0.915478854387427,10,9.353881474159822,0.4988802872453686,approximate_with_skipped_origins_overlap_selection_and_heavy_tails
toe_pre_topple_long,toe_E5_C,secondary_primary_window,selection,arima_arma11,ARIMA,2,119,5,-0.0817781524042438,0.03881479983595607,4.92025641180257,46.12131935046215,0.16755062167732904,0.915478854387427,10,9.353881474159822,0.4988802872453686,approximate_with_skipped_origins_overlap_selection_and_heavy_tails
toe_pre_topple_long,toe_E5_C,secondary_primary_window,selection,arima_arma11,ARIMA,2,119,6,0.015592497508812688,0.03881479983595607,4.92025641180257,46.12131935046215,0.16755062167732904,0.915478854387427,10,9.353881474159822,0.4988802872453686,approximate_with_skipped_origins_overlap_selection_and_heavy_tails
toe_pre_topple_long,toe_E5_C,secondary_primary_window,selection,arima_arma11,ARIMA,2,119,7,-0.03455308507926886,0.03881479983595607,4.92025641180257,46.12131935046215,0.16755062167732904,0.915478854387427,10,9.353881474159822,0.4988802872453686,approximate_with_skipped_origins_overlap_selection_and_heavy_tails
toe_pre_topple_long,toe_E5_C,secondary_primary_window,selection,arima_arma11,ARIMA,2,119,8,-0.06690326243144905,0.03881479983595607,4.92025641180257,46.12131935046215,0.16755062167732904,0.915478854387427,10,9.353881474159822,0.4988802872453686,approximate_with_skipped_origins_overlap_selection_and_heavy_tails
toe_pre_topple_long,toe_E5_C,secondary_primary_window,selection,arima_arma11,ARIMA,2,119,9,-0.02391627006379954,0.03881479983595607,4.92025641180257,46.12131935046215,0.16755062167732904,0.915478854387427,10,9.353881474159822,0.4988802872453686,approximate_with_skipped_origins_overlap_selection_and_heavy_tails
toe_pre_topple_long,toe_E5_C,secondary_primary_window,selection,arima_arma11,ARIMA,2,119,10,-0.030903840956809855,0.03881479983595607,4.92025641180257,46.12131935046215,0.16755062167732904,0.915478854387427,10,9.353881474159822,0.4988802872453686,approximate_with_skipped_origins_overlap_selection_and_heavy_tails
toe_pre_topple_long,toe_E5_C,secondary_primary_window,selection,arima_arma11,ARIMA,7,113,0,1.0,0.09213846338156162,4.755613576951074,27.55365869983648,0.18670578747754343,0.7870248393066668,10,4.025260204101838,0.9462002542550122,approximate_with_skipped_origins_overlap_selection_and_heavy_tails
toe_pre_topple_long,toe_E5_C,secondary_primary_window,selection,arima_arma11,ARIMA,7,113,1,0.13608110365807852,0.09213846338156162,4.755613576951074,27.55365869983648,0.18670578747754343,0.7870248393066668,10,4.025260204101838,0.9462002542550122,approximate_with_skipped_origins_overlap_selection_and_heavy_tails
toe_pre_topple_long,toe_E5_C,secondary_primary_window,selection,arima_arma11,ARIMA,7,113,2,0.08799232141928792,0.09213846338156162,4.755613576951074,27.55365869983648,0.18670578747754343,0.7870248393066668,10,4.025260204101838,0.9462002542550122,approximate_with_skipped_origins_overlap_selection_and_heavy_tails
toe_pre_topple_long,toe_E5_C,secondary_primary_window,selection,arima_arma11,ARIMA,7,113,3,0.06449482365637106,0.09213846338156162,4.755613576951074,27.55365869983648,0.18670578747754343,0.7870248393066668,10,4.025260204101838,0.9462002542550122,approximate_with_skipped_origins_overlap_selection_and_heavy_tails
toe_pre_topple_long,toe_E5_C,secondary_primary_window,selection,arima_arma11,ARIMA,7,113,4,0.004487557595753336,0.09213846338156162,4.755613576951074,27.55365869983648,0.18670578747754343,0.7870248393066668,10,4.025260204101838,0.9462002542550122,approximate_with_skipped_origins_overlap_selection_and_heavy_tails
toe_pre_topple_long,toe_E5_C,secondary_primary_window,selection,arima_arma11,ARIMA,7,113,5,-0.009658410987818737,0.09213846338156162,4.755613576951074,27.55365869983648,0.18670578747754343,0.7870248393066668,10,4.025260204101838,0.9462002542550122,approximate_with_skipped_origins_overlap_selection_and_heavy_tails
toe_pre_topple_long,toe_E5_C,secondary_primary_window,selection,arima_arma11,ARIMA,7,113,6,-0.020110205528883093,0.09213846338156162,4.755613576951074,27.55365869983648,0.18670578747754343,0.7870248393066668,10,4.025260204101838,0.9462002542550122,approximate_with_skipped_origins_overlap_selection_and_heavy_tails
toe_pre_topple_long,toe_E5_C,secondary_primary_window,selection,arima_arma11,ARIMA,7,113,7,0.0013910007190846127,0.09213846338156162,4.755613576951074,27.55365869983648,0.18670578747754343,0.7870248393066668,10,4.025260204101838,0.9462002542550122,approximate_with_skipped_origins_overlap_selection_and_heavy_tails
toe_pre_topple_long,toe_E5_C,secondary_primary_window,selection,arima_arma11,ARIMA,7,113,8,-0.05032184460672665,0.09213846338156162,4.755613576951074,27.55365869983648,0.18670578747754343,0.7870248393066668,10,4.025260204101838,0.9462002542550122,approximate_with_skipped_origins_overlap_selection_and_heavy_tails
toe_pre_topple_long,toe_E5_C,secondary_primary_window,selection,arima_arma11,ARIMA,7,113,9,0.015922148415133664,0.09213846338156162,4.755613576951074,27.55365869983648,0.18670578747754343,0.7870248393066668,10,4.025260204101838,0.9462002542550122,approximate_with_skipped_origins_overlap_selection_and_heavy_tails
toe_pre_topple_long,toe_E5_C,secondary_primary_window,selection,arima_arma11,ARIMA,7,113,10,-0.023683306850151478,0.09213846338156162,4.755613576951074,27.55365869983648,0.18670578747754343,0.7870248393066668,10,4.025260204101838,0.9462002542550122,approximate_with_skipped_origins_overlap_selection_and_heavy_tails
toe_pre_topple_long,toe_E5_C,secondary_primary_window,selection,arima_mean,ARIMA,1,112,0,1.0,0.1896625685747279,5.824619153769734,39.72259924888698,0.18490875750166702,1.2316589240489897,10,27.24618395621701,0.0023806325296985877,approximate_with_skipped_origins_overlap_selection_and_heavy_tails
toe_pre_topple_long,toe_E5_C,secondary_primary_window,selection,arima_mean,ARIMA,1,112,1,0.399760614226279,0.1896625685747279,5.824619153769734,39.72259924888698,0.18490875750166702,1.2316589240489897,10,27.24618395621701,0.0023806325296985877,approximate_with_skipped_origins_overlap_selection_and_heavy_tails
toe_pre_topple_long,toe_E5_C,secondary_primary_window,selection,arima_mean,ARIMA,1,112,2,0.2228696389090127,0.1896625685747279,5.824619153769734,39.72259924888698,0.18490875750166702,1.2316589240489897,10,27.24618395621701,0.0023806325296985877,approximate_with_skipped_origins_overlap_selection_and_heavy_tails
toe_pre_topple_long,toe_E5_C,secondary_primary_window,selection,arima_mean,ARIMA,1,112,3,0.11775744098147395,0.1896625685747279,5.824619153769734,39.72259924888698,0.18490875750166702,1.2316589240489897,10,27.24618395621701,0.0023806325296985877,approximate_with_skipped_origins_overlap_selection_and_heavy_tails
toe_pre_topple_long,toe_E5_C,secondary_primary_window,selection,arima_mean,ARIMA,1,112,4,-0.006650761065494197,0.1896625685747279,5.824619153769734,39.72259924888698,0.18490875750166702,1.2316589240489897,10,27.24618395621701,0.0023806325296985877,approximate_with_skipped_origins_overlap_selection_and_heavy_tails
toe_pre_topple_long,toe_E5_C,secondary_primary_window,selection,arima_mean,ARIMA,1,112,5,-0.031074496389332185,0.1896625685747279,5.824619153769734,39.72259924888698,0.18490875750166702,1.2316589240489897,10,27.24618395621701,0.0023806325296985877,approximate_with_skipped_origins_overlap_selection_and_heavy_tails
toe_pre_topple_long,toe_E5_C,secondary_primary_window,selection,arima_mean,ARIMA,1,112,6,-0.0032464401569787626,0.1896625685747279,5.824619153769734,39.72259924888698,0.18490875750166702,1.2316589240489897,10,27.24618395621701,0.0023806325296985877,approximate_with_skipped_origins_overlap_selection_and_heavy_tails
toe_pre_topple_long,toe_E5_C,secondary_primary_window,selection,arima_mean,ARIMA,1,112,7,-0.06709150987019244,0.1896625685747279,5.824619153769734,39.72259924888698,0.18490875750166702,1.2316589240489897,10,27.24618395621701,0.0023806325296985877,approximate_with_skipped_origins_overlap_selection_and_heavy_tails
toe_pre_topple_long,toe_E5_C,secondary_primary_window,selection,arima_mean,ARIMA,1,112,8,-0.04969107806398815,0.1896625685747279,5.824619153769734,39.72259924888698,0.18490875750166702,1.2316589240489897,10,27.24618395621701,0.0023806325296985877,approximate_with_skipped_origins_overlap_selection_and_heavy_tails
toe_pre_topple_long,toe_E5_C,secondary_primary_window,selection,arima_mean,ARIMA,1,112,9,-0.04134940807850588,0.1896625685747279,5.824619153769734,39.72259924888698,0.18490875750166702,1.2316589240489897,10,27.24618395621701,0.0023806325296985877,approximate_with_skipped_origins_overlap_selection_and_heavy_tails
toe_pre_topple_long,toe_E5_C,secondary_primary_window,selection,arima_mean,ARIMA,1,112,10,-0.04812875454172754,0.1896625685747279,5.824619153769734,39.72259924888698,0.18490875750166702,1.2316589240489897,10,27.24618395621701,0.0023806325296985877,approximate_with_skipped_origins_overlap_selection_and_heavy_tails
toe_pre_topple_long,toe_E5_C,secondary_primary_window,selection,arima_mean,ARIMA,2,111,0,1.0,0.11347667913541365,8.680636034472855,84.56054781074886,0.17383124287343224,1.3580709586466393,10,12.510432255638836,0.2523457230328467,approximate_with_skipped_origins_overlap_selection_and_heavy_tails
toe_pre_topple_long,toe_E5_C,secondary_primary_window,selection,arima_mean,ARIMA,2,111,1,0.28253631418616804,0.11347667913541365,8.680636034472855,84.56054781074886,0.17383124287343224,1.3580709586466393,10,12.510432255638836,0.2523457230328467,approximate_with_skipped_origins_overlap_selection_and_heavy_tails
toe_pre_topple_long,toe_E5_C,secondary_primary_window,selection,arima_mean,ARIMA,2,111,2,0.08776548647240844,0.11347667913541365,8.680636034472855,84.56054781074886,0.17383124287343224,1.3580709586466393,10,12.510432255638836,0.2523457230328467,approximate_with_skipped_origins_overlap_selection_and_heavy_tails
toe_pre_topple_long,toe_E5_C,secondary_primary_window,selection,arima_mean,ARIMA,2,111,3,0.0435721908534803,0.11347667913541365,8.680636034472855,84.56054781074886,0.17383124287343224,1.3580709586466393,10,12.510432255638836,0.2523457230328467,approximate_with_skipped_origins_overlap_selection_and_heavy_tails
toe_pre_topple_long,toe_E5_C,secondary_primary_window,selection,arima_mean,ARIMA,2,111,4,-0.1014822866548534,0.11347667913541365,8.680636034472855,84.56054781074886,0.17383124287343224,1.3580709586466393,10,12.510432255638836,0.2523457230328467,approximate_with_skipped_origins_overlap_selection_and_heavy_tails
toe_pre_topple_long,toe_E5_C,secondary_primary_window,selection,arima_mean,ARIMA,2,111,5,-0.034549591046393845,0.11347667913541365,8.680636034472855,84.56054781074886,0.17383124287343224,1.3580709586466393,10,12.510432255638836,0.2523457230328467,approximate_with_skipped_origins_overlap_selection_and_heavy_tails
toe_pre_topple_long,toe_E5_C,secondary_primary_window,selection,arima_mean,ARIMA,2,111,6,-0.002546542319424568,0.11347667913541365,8.680636034472855,84.56054781074886,0.17383124287343224,1.3580709586466393,10,12.510432255638836,0.2523457230328467,approximate_with_skipped_origins_overlap_selection_and_heavy_tails
toe_pre_topple_long,toe_E5_C,secondary_primary_window,selection,arima_mean,ARIMA,2,111,7,-0.056748105346893285,0.11347667913541365,8.680636034472855,84.56054781074886,0.17383124287343224,1.3580709586466393,10,12.510432255638836,0.2523457230328467,approximate_with_skipped_origins_overlap_selection_and_heavy_tails
toe_pre_topple_long,toe_E5_C,secondary_primary_window,selection,arima_mean,ARIMA,2,111,8,-0.03795397201388748,0.11347667913541365,8.680636034472855,84.56054781074886,0.17383124287343224,1.3580709586466393,10,12.510432255638836,0.2523457230328467,approximate_with_skipped_origins_overlap_selection_and_heavy_tails
toe_pre_topple_long,toe_E5_C,secondary_primary_window,selection,arima_mean,ARIMA,2,111,9,-0.033344611616747996,0.11347667913541365,8.680636034472855,84.56054781074886,0.17383124287343224,1.3580709586466393,10,12.510432255638836,0.2523457230328467,approximate_with_skipped_origins_overlap_selection_and_heavy_tails
toe_pre_topple_long,toe_E5_C,secondary_primary_window,selection,arima_mean,ARIMA,2,111,10,-0.04498478186518671,0.11347667913541365,8.680636034472855,84.56054781074886,0.17383124287343224,1.3580709586466393,10,12.510432255638836,0.2523457230328467,approximate_with_skipped_origins_overlap_selection_and_heavy_tails
toe_pre_topple_long,toe_E5_C,secondary_primary_window,selection,arima_mean,ARIMA,7,105,0,1.0,0.1735779296699864,7.250264352583409,60.92018758919924,0.18387358220334024,0.937843171545837,10,30.871171453588747,0.0006161661181120194,approximate_with_skipped_origins_overlap_selection_and_heavy_tails
toe_pre_topple_long,toe_E5_C,secondary_primary_window,selection,arima_mean,ARIMA,7,105,1,0.480696000478707,0.1735779296699864,7.250264352583409,60.92018758919924,0.18387358220334024,0.937843171545837,10,30.871171453588747,0.0006161661181120194,approximate_with_skipped_origins_overlap_selection_and_heavy_tails
toe_pre_topple_long,toe_E5_C,secondary_primary_window,selection,arima_mean,ARIMA,7,105,2,0.21755164028347154,0.1735779296699864,7.250264352583409,60.92018758919924,0.18387358220334024,0.937843171545837,10,30.871171453588747,0.0006161661181120194,approximate_with_skipped_origins_overlap_selection_and_heavy_tails
toe_pre_topple_long,toe_E5_C,secondary_primary_window,selection,arima_mean,ARIMA,7,105,3,0.018919438961307006,0.1735779296699864,7.250264352583409,60.92018758919924,0.18387358220334024,0.937843171545837,10,30.871171453588747,0.0006161661181120194,approximate_with_skipped_origins_overlap_selection_and_heavy_tails
toe_pre_topple_long,toe_E5_C,secondary_primary_window,selection,arima_mean,ARIMA,7,105,4,-0.019499869798154802,0.1735779296699864,7.250264352583409,60.92018758919924,0.18387358220334024,0.937843171545837,10,30.871171453588747,0.0006161661181120194,approximate_with_skipped_origins_overlap_selection_and_heavy_tails
toe_pre_topple_long,toe_E5_C,secondary_primary_window,selection,arima_mean,ARIMA,7,105,5,-0.03061360161016809,0.1735779296699864,7.250264352583409,60.92018758919924,0.18387358220334024,0.937843171545837,10,30.871171453588747,0.0006161661181120194,approximate_with_skipped_origins_overlap_selection_and_heavy_tails
toe_pre_topple_long,toe_E5_C,secondary_primary_window,selection,arima_mean,ARIMA,7,105,6,-0.028802901252598583,0.1735779296699864,7.250264352583409,60.92018758919924,0.18387358220334024,0.937843171545837,10,30.871171453588747,0.0006161661181120194,approximate_with_skipped_origins_overlap_selection_and_heavy_tails
toe_pre_topple_long,toe_E5_C,secondary_primary_window,selection,arima_mean,ARIMA,7,105,7,-0.028758521175049352,0.1735779296699864,7.250264352583409,60.92018758919924,0.18387358220334024,0.937843171545837,10,30.871171453588747,0.0006161661181120194,approximate_with_skipped_origins_overlap_selection_and_heavy_tails
toe_pre_topple_long,toe_E5_C,secondary_primary_window,selection,arima_mean,ARIMA,7,105,8,-0.02578501411848798,0.1735779296699864,7.250264352583409,60.92018758919924,0.18387358220334024,0.937843171545837,10,30.871171453588747,0.0006161661181120194,approximate_with_skipped_origins_overlap_selection_and_heavy_tails
toe_pre_topple_long,toe_E5_C,secondary_primary_window,selection,arima_mean,ARIMA,7,105,9,-0.03727632236113553,0.1735779296699864,7.250264352583409,60.92018758919924,0.18387358220334024,0.937843171545837,10,30.871171453588747,0.0006161661181120194,approximate_with_skipped_origins_overlap_selection_and_heavy_tails
toe_pre_topple_long,toe_E5_C,secondary_primary_window,selection,arima_mean,ARIMA,7,105,10,-0.033279477654924526,0.1735779296699864,7.250264352583409,60.92018758919924,0.18387358220334024,0.937843171545837,10,30.871171453588747,0.0006161661181120194,approximate_with_skipped_origins_overlap_selection_and_heavy_tails
toe_pre_topple_long,toe_E5_C,secondary_primary_window,selection,arimax_ar1_rain_lag2,conditional_ARIMAX,1,119,0,1.0,0.14793825000146238,5.713120636703257,38.741029209340795,0.19215068744382832,1.0426384333684202,10,11.891643669376249,0.29237386651206587,approximate_with_skipped_origins_overlap_selection_and_heavy_tails
toe_pre_topple_long,toe_E5_C,secondary_primary_window,selection,arimax_ar1_rain_lag2,conditional_ARIMAX,1,119,1,0.11712696131327197,0.14793825000146238,5.713120636703257,38.741029209340795,0.19215068744382832,1.0426384333684202,10,11.891643669376249,0.29237386651206587,approximate_with_skipped_origins_overlap_selection_and_heavy_tails
toe_pre_topple_long,toe_E5_C,secondary_primary_window,selection,arimax_ar1_rain_lag2,conditional_ARIMAX,1,119,2,0.1520145263858987,0.14793825000146238,5.713120636703257,38.741029209340795,0.19215068744382832,1.0426384333684202,10,11.891643669376249,0.29237386651206587,approximate_with_skipped_origins_overlap_selection_and_heavy_tails
toe_pre_topple_long,toe_E5_C,secondary_primary_window,selection,arimax_ar1_rain_lag2,conditional_ARIMAX,1,119,3,0.2071081141700345,0.14793825000146238,5.713120636703257,38.741029209340795,0.19215068744382832,1.0426384333684202,10,11.891643669376249,0.29237386651206587,approximate_with_skipped_origins_overlap_selection_and_heavy_tails
toe_pre_topple_long,toe_E5_C,secondary_primary_window,selection,arimax_ar1_rain_lag2,conditional_ARIMAX,1,119,4,-0.05428441470108104,0.14793825000146238,5.713120636703257,38.741029209340795,0.19215068744382832,1.0426384333684202,10,11.891643669376249,0.29237386651206587,approximate_with_skipped_origins_overlap_selection_and_heavy_tails
toe_pre_topple_long,toe_E5_C,secondary_primary_window,selection,arimax_ar1_rain_lag2,conditional_ARIMAX,1,119,5,-0.023843668388490863,0.14793825000146238,5.713120636703257,38.741029209340795,0.19215068744382832,1.0426384333684202,10,11.891643669376249,0.29237386651206587,approximate_with_skipped_origins_overlap_selection_and_heavy_tails
toe_pre_topple_long,toe_E5_C,secondary_primary_window,selection,arimax_ar1_rain_lag2,conditional_ARIMAX,1,119,6,0.012525715912573671,0.14793825000146238,5.713120636703257,38.741029209340795,0.19215068744382832,1.0426384333684202,10,11.891643669376249,0.29237386651206587,approximate_with_skipped_origins_overlap_selection_and_heavy_tails
toe_pre_topple_long,toe_E5_C,secondary_primary_window,selection,arimax_ar1_rain_lag2,conditional_ARIMAX,1,119,7,-0.07985320069269064,0.14793825000146238,5.713120636703257,38.741029209340795,0.19215068744382832,1.0426384333684202,10,11.891643669376249,0.29237386651206587,approximate_with_skipped_origins_overlap_selection_and_heavy_tails
toe_pre_topple_long,toe_E5_C,secondary_primary_window,selection,arimax_ar1_rain_lag2,conditional_ARIMAX,1,119,8,-0.0522752811699047,0.14793825000146238,5.713120636703257,38.741029209340795,0.19215068744382832,1.0426384333684202,10,11.891643669376249,0.29237386651206587,approximate_with_skipped_origins_overlap_selection_and_heavy_tails
toe_pre_topple_long,toe_E5_C,secondary_primary_window,selection,arimax_ar1_rain_lag2,conditional_ARIMAX,1,119,9,-0.03701702713557881,0.14793825000146238,5.713120636703257,38.741029209340795,0.19215068744382832,1.0426384333684202,10,11.891643669376249,0.29237386651206587,approximate_with_skipped_origins_overlap_selection_and_heavy_tails
toe_pre_topple_long,toe_E5_C,secondary_primary_window,selection,arimax_ar1_rain_lag2,conditional_ARIMAX,1,119,10,-0.04217010123406836,0.14793825000146238,5.713120636703257,38.741029209340795,0.19215068744382832,1.0426384333684202,10,11.891643669376249,0.29237386651206587,approximate_with_skipped_origins_overlap_selection_and_heavy_tails
toe_pre_topple_long,toe_E5_C,secondary_primary_window,selection,arimax_ar1_rain_lag2,conditional_ARIMAX,2,117,0,1.0,0.08885344256082912,8.773282186676536,87.85793815128608,0.15975089969061246,1.0016383200637604,10,3.491627188826233,0.9673819089424739,approximate_with_skipped_origins_overlap_selection_and_heavy_tails
toe_pre_topple_long,toe_E5_C,secondary_primary_window,selection,arimax_ar1_rain_lag2,conditional_ARIMAX,2,117,1,0.0793833110362005,0.08885344256082912,8.773282186676536,87.85793815128608,0.15975089969061246,1.0016383200637604,10,3.491627188826233,0.9673819089424739,approximate_with_skipped_origins_overlap_selection_and_heavy_tails
toe_pre_topple_long,toe_E5_C,secondary_primary_window,selection,arimax_ar1_rain_lag2,conditional_ARIMAX,2,117,2,0.04349021811159402,0.08885344256082912,8.773282186676536,87.85793815128608,0.15975089969061246,1.0016383200637604,10,3.491627188826233,0.9673819089424739,approximate_with_skipped_origins_overlap_selection_and_heavy_tails
toe_pre_topple_long,toe_E5_C,secondary_primary_window,selection,arimax_ar1_rain_lag2,conditional_ARIMAX,2,117,3,0.06715086651706263,0.08885344256082912,8.773282186676536,87.85793815128608,0.15975089969061246,1.0016383200637604,10,3.491627188826233,0.9673819089424739,approximate_with_skipped_origins_overlap_selection_and_heavy_tails
toe_pre_topple_long,toe_E5_C,secondary_primary_window,selection,arimax_ar1_rain_lag2,conditional_ARIMAX,2,117,4,-0.10177300011546309,0.08885344256082912,8.773282186676536,87.85793815128608,0.15975089969061246,1.0016383200637604,10,3.491627188826233,0.9673819089424739,approximate_with_skipped_origins_overlap_selection_and_heavy_tails
toe_pre_topple_long,toe_E5_C,secondary_primary_window,selection,arimax_ar1_rain_lag2,conditional_ARIMAX,2,117,5,-0.044169500039626386,0.08885344256082912,8.773282186676536,87.85793815128608,0.15975089969061246,1.0016383200637604,10,3.491627188826233,0.9673819089424739,approximate_with_skipped_origins_overlap_selection_and_heavy_tails
toe_pre_topple_long,toe_E5_C,secondary_primary_window,selection,arimax_ar1_rain_lag2,conditional_ARIMAX,2,117,6,-0.015964947843445605,0.08885344256082912,8.773282186676536,87.85793815128608,0.15975089969061246,1.0016383200637604,10,3.491627188826233,0.9673819089424739,approximate_with_skipped_origins_overlap_selection_and_heavy_tails
toe_pre_topple_long,toe_E5_C,secondary_primary_window,selection,arimax_ar1_rain_lag2,conditional_ARIMAX,2,117,7,-0.02447548416437364,0.08885344256082912,8.773282186676536,87.85793815128608,0.15975089969061246,1.0016383200637604,10,3.491627188826233,0.9673819089424739,approximate_with_skipped_origins_overlap_selection_and_heavy_tails
toe_pre_topple_long,toe_E5_C,secondary_primary_window,selection,arimax_ar1_rain_lag2,conditional_ARIMAX,2,117,8,-0.03370689451423634,0.08885344256082912,8.773282186676536,87.85793815128608,0.15975089969061246,1.0016383200637604,10,3.491627188826233,0.9673819089424739,approximate_with_skipped_origins_overlap_selection_and_heavy_tails
toe_pre_topple_long,toe_E5_C,secondary_primary_window,selection,arimax_ar1_rain_lag2,conditional_ARIMAX,2,117,9,-0.02447821382852586,0.08885344256082912,8.773282186676536,87.85793815128608,0.15975089969061246,1.0016383200637604,10,3.491627188826233,0.9673819089424739,approximate_with_skipped_origins_overlap_selection_and_heavy_tails
toe_pre_topple_long,toe_E5_C,secondary_primary_window,selection,arimax_ar1_rain_lag2,conditional_ARIMAX,2,117,10,-0.02862963490796973,0.08885344256082912,8.773282186676536,87.85793815128608,0.15975089969061246,1.0016383200637604,10,3.491627188826233,0.9673819089424739,approximate_with_skipped_origins_overlap_selection_and_heavy_tails
toe_pre_topple_long,toe_E5_C,secondary_primary_window,selection,expanding_median,baseline,1,122,0,1.0,0.2422131147540984,6.0764220100111945,43.378694389585796,0.19999999999999996,1.1899999999999868,10,28.63655504436747,0.0014264463282405195,approximate_with_skipped_origins_overlap_selection_and_heavy_tails
toe_pre_topple_long,toe_E5_C,secondary_primary_window,selection,expanding_median,baseline,1,122,1,0.3944652406526964,0.2422131147540984,6.0764220100111945,43.378694389585796,0.19999999999999996,1.1899999999999868,10,28.63655504436747,0.0014264463282405195,approximate_with_skipped_origins_overlap_selection_and_heavy_tails
toe_pre_topple_long,toe_E5_C,secondary_primary_window,selection,expanding_median,baseline,1,122,2,0.2201417530549693,0.2422131147540984,6.0764220100111945,43.378694389585796,0.19999999999999996,1.1899999999999868,10,28.63655504436747,0.0014264463282405195,approximate_with_skipped_origins_overlap_selection_and_heavy_tails
toe_pre_topple_long,toe_E5_C,secondary_primary_window,selection,expanding_median,baseline,1,122,3,0.12575279934260794,0.2422131147540984,6.0764220100111945,43.378694389585796,0.19999999999999996,1.1899999999999868,10,28.63655504436747,0.0014264463282405195,approximate_with_skipped_origins_overlap_selection_and_heavy_tails
toe_pre_topple_long,toe_E5_C,secondary_primary_window,selection,expanding_median,baseline,1,122,4,-0.011861755673696229,0.2422131147540984,6.0764220100111945,43.378694389585796,0.19999999999999996,1.1899999999999868,10,28.63655504436747,0.0014264463282405195,approximate_with_skipped_origins_overlap_selection_and_heavy_tails
toe_pre_topple_long,toe_E5_C,secondary_primary_window,selection,expanding_median,baseline,1,122,5,-0.01803896039692567,0.2422131147540984,6.0764220100111945,43.378694389585796,0.19999999999999996,1.1899999999999868,10,28.63655504436747,0.0014264463282405195,approximate_with_skipped_origins_overlap_selection_and_heavy_tails
toe_pre_topple_long,toe_E5_C,secondary_primary_window,selection,expanding_median,baseline,1,122,6,-0.0035886542287518588,0.2422131147540984,6.0764220100111945,43.378694389585796,0.19999999999999996,1.1899999999999868,10,28.63655504436747,0.0014264463282405195,approximate_with_skipped_origins_overlap_selection_and_heavy_tails
toe_pre_topple_long,toe_E5_C,secondary_primary_window,selection,expanding_median,baseline,1,122,7,-0.04720600194809562,0.2422131147540984,6.0764220100111945,43.378694389585796,0.19999999999999996,1.1899999999999868,10,28.63655504436747,0.0014264463282405195,approximate_with_skipped_origins_overlap_selection_and_heavy_tails
toe_pre_topple_long,toe_E5_C,secondary_primary_window,selection,expanding_median,baseline,1,122,8,-0.048046021573218585,0.2422131147540984,6.0764220100111945,43.378694389585796,0.19999999999999996,1.1899999999999868,10,28.63655504436747,0.0014264463282405195,approximate_with_skipped_origins_overlap_selection_and_heavy_tails
toe_pre_topple_long,toe_E5_C,secondary_primary_window,selection,expanding_median,baseline,1,122,9,-0.0372999362357984,0.2422131147540984,6.0764220100111945,43.378694389585796,0.19999999999999996,1.1899999999999868,10,28.63655504436747,0.0014264463282405195,approximate_with_skipped_origins_overlap_selection_and_heavy_tails
toe_pre_topple_long,toe_E5_C,secondary_primary_window,selection,expanding_median,baseline,1,122,10,-0.03989529480895265,0.2422131147540984,6.0764220100111945,43.378694389585796,0.19999999999999996,1.1899999999999868,10,28.63655504436747,0.0014264463282405195,approximate_with_skipped_origins_overlap_selection_and_heavy_tails
toe_pre_topple_long,toe_E5_C,secondary_primary_window,selection,expanding_median,baseline,2,121,0,1.0,0.16446280991735532,9.055047701827979,92.09477736305111,0.19999999999998863,1.3000000000000114,10,13.342906843874761,0.20512634492937049,approximate_with_skipped_origins_overlap_selection_and_heavy_tails
toe_pre_topple_long,toe_E5_C,secondary_primary_window,selection,expanding_median,baseline,2,121,1,0.28848914951734816,0.16446280991735532,9.055047701827979,92.09477736305111,0.19999999999998863,1.3000000000000114,10,13.342906843874761,0.20512634492937049,approximate_with_skipped_origins_overlap_selection_and_heavy_tails
toe_pre_topple_long,toe_E5_C,secondary_primary_window,selection,expanding_median,baseline,2,121,2,0.09258849382692885,0.16446280991735532,9.055047701827979,92.09477736305111,0.19999999999998863,1.3000000000000114,10,13.342906843874761,0.20512634492937049,approximate_with_skipped_origins_overlap_selection_and_heavy_tails
toe_pre_topple_long,toe_E5_C,secondary_primary_window,selection,expanding_median,baseline,2,121,3,0.04571920537392906,0.16446280991735532,9.055047701827979,92.09477736305111,0.19999999999998863,1.3000000000000114,10,13.342906843874761,0.20512634492937049,approximate_with_skipped_origins_overlap_selection_and_heavy_tails
toe_pre_topple_long,toe_E5_C,secondary_primary_window,selection,expanding_median,baseline,2,121,4,-0.0809875735858951,0.16446280991735532,9.055047701827979,92.09477736305111,0.19999999999998863,1.3000000000000114,10,13.342906843874761,0.20512634492937049,approximate_with_skipped_origins_overlap_selection_and_heavy_tails
toe_pre_topple_long,toe_E5_C,secondary_primary_window,selection,expanding_median,baseline,2,121,5,-0.04020868408595075,0.16446280991735532,9.055047701827979,92.09477736305111,0.19999999999998863,1.3000000000000114,10,13.342906843874761,0.20512634492937049,approximate_with_skipped_origins_overlap_selection_and_heavy_tails
toe_pre_topple_long,toe_E5_C,secondary_primary_window,selection,expanding_median,baseline,2,121,6,-0.014692771946547861,0.16446280991735532,9.055047701827979,92.09477736305111,0.19999999999998863,1.3000000000000114,10,13.342906843874761,0.20512634492937049,approximate_with_skipped_origins_overlap_selection_and_heavy_tails
toe_pre_topple_long,toe_E5_C,secondary_primary_window,selection,expanding_median,baseline,2,121,7,-0.022126596773485493,0.16446280991735532,9.055047701827979,92.09477736305111,0.19999999999998863,1.3000000000000114,10,13.342906843874761,0.20512634492937049,approximate_with_skipped_origins_overlap_selection_and_heavy_tails
toe_pre_topple_long,toe_E5_C,secondary_primary_window,selection,expanding_median,baseline,2,121,8,-0.036843979225592835,0.16446280991735532,9.055047701827979,92.09477736305111,0.19999999999998863,1.3000000000000114,10,13.342906843874761,0.20512634492937049,approximate_with_skipped_origins_overlap_selection_and_heavy_tails
toe_pre_topple_long,toe_E5_C,secondary_primary_window,selection,expanding_median,baseline,2,121,9,-0.03380236752513005,0.16446280991735532,9.055047701827979,92.09477736305111,0.19999999999998863,1.3000000000000114,10,13.342906843874761,0.20512634492937049,approximate_with_skipped_origins_overlap_selection_and_heavy_tails
toe_pre_topple_long,toe_E5_C,secondary_primary_window,selection,expanding_median,baseline,2,121,10,-0.04057720078440016,0.16446280991735532,9.055047701827979,92.09477736305111,0.19999999999998863,1.3000000000000114,10,13.342906843874761,0.20512634492937049,approximate_with_skipped_origins_overlap_selection_and_heavy_tails
toe_pre_topple_long,toe_E5_C,secondary_primary_window,selection,expanding_median,baseline,7,115,0,1.0,0.2243478260869566,7.575726103738484,66.56860623279836,0.19999999999999973,0.7199999999999989,10,33.814075194708444,0.0001985786415029963,approximate_with_skipped_origins_overlap_selection_and_heavy_tails
toe_pre_topple_long,toe_E5_C,secondary_primary_window,selection,expanding_median,baseline,7,115,1,0.4843839856788286,0.2243478260869566,7.575726103738484,66.56860623279836,0.19999999999999973,0.7199999999999989,10,33.814075194708444,0.0001985786415029963,approximate_with_skipped_origins_overlap_selection_and_heavy_tails
toe_pre_topple_long,toe_E5_C,secondary_primary_window,selection,expanding_median,baseline,7,115,2,0.2211019076824177,0.2243478260869566,7.575726103738484,66.56860623279836,0.19999999999999973,0.7199999999999989,10,33.814075194708444,0.0001985786415029963,approximate_with_skipped_origins_overlap_selection_and_heavy_tails
toe_pre_topple_long,toe_E5_C,secondary_primary_window,selection,expanding_median,baseline,7,115,3,0.02756256968558088,0.2243478260869566,7.575726103738484,66.56860623279836,0.19999999999999973,0.7199999999999989,10,33.814075194708444,0.0001985786415029963,approximate_with_skipped_origins_overlap_selection_and_heavy_tails
toe_pre_topple_long,toe_E5_C,secondary_primary_window,selection,expanding_median,baseline,7,115,4,-0.008826417546729597,0.2243478260869566,7.575726103738484,66.56860623279836,0.19999999999999973,0.7199999999999989,10,33.814075194708444,0.0001985786415029963,approximate_with_skipped_origins_overlap_selection_and_heavy_tails
toe_pre_topple_long,toe_E5_C,secondary_primary_window,selection,expanding_median,baseline,7,115,5,-0.008885171377239263,0.2243478260869566,7.575726103738484,66.56860623279836,0.19999999999999973,0.7199999999999989,10,33.814075194708444,0.0001985786415029963,approximate_with_skipped_origins_overlap_selection_and_heavy_tails
toe_pre_topple_long,toe_E5_C,secondary_primary_window,selection,expanding_median,baseline,7,115,6,-0.01691926302184749,0.2243478260869566,7.575726103738484,66.56860623279836,0.19999999999999973,0.7199999999999989,10,33.814075194708444,0.0001985786415029963,approximate_with_skipped_origins_overlap_selection_and_heavy_tails
toe_pre_topple_long,toe_E5_C,secondary_primary_window,selection,expanding_median,baseline,7,115,7,-0.0018158056223355964,0.2243478260869566,7.575726103738484,66.56860623279836,0.19999999999999973,0.7199999999999989,10,33.814075194708444,0.0001985786415029963,approximate_with_skipped_origins_overlap_selection_and_heavy_tails
toe_pre_topple_long,toe_E5_C,secondary_primary_window,selection,expanding_median,baseline,7,115,8,-0.028243586937160805,0.2243478260869566,7.575726103738484,66.56860623279836,0.19999999999999973,0.7199999999999989,10,33.814075194708444,0.0001985786415029963,approximate_with_skipped_origins_overlap_selection_and_heavy_tails
toe_pre_topple_long,toe_E5_C,secondary_primary_window,selection,expanding_median,baseline,7,115,9,-0.014691729425874876,0.2243478260869566,7.575726103738484,66.56860623279836,0.19999999999999973,0.7199999999999989,10,33.814075194708444,0.0001985786415029963,approximate_with_skipped_origins_overlap_selection_and_heavy_tails
toe_pre_topple_long,toe_E5_C,secondary_primary_window,selection,expanding_median,baseline,7,115,10,-0.014540906968162943,0.2243478260869566,7.575726103738484,66.56860623279836,0.19999999999999973,0.7199999999999989,10,33.814075194708444,0.0001985786415029963,approximate_with_skipped_origins_overlap_selection_and_heavy_tails
toe_pre_topple_long,toe_E5_C,secondary_primary_window,selection,persistence,baseline,1,122,0,1.0,0.06270491803278677,4.744096587512228,29.740152331015693,0.2,0.8949999999999988,10,24.586697692649462,0.006186463703868739,approximate_with_skipped_origins_overlap_selection_and_heavy_tails
toe_pre_topple_long,toe_E5_C,secondary_primary_window,selection,persistence,baseline,1,122,1,-0.1252213564273294,0.06270491803278677,4.744096587512228,29.740152331015693,0.2,0.8949999999999988,10,24.586697692649462,0.006186463703868739,approximate_with_skipped_origins_overlap_selection_and_heavy_tails
toe_pre_topple_long,toe_E5_C,secondary_primary_window,selection,persistence,baseline,1,122,2,0.042669790834599416,0.06270491803278677,4.744096587512228,29.740152331015693,0.2,0.8949999999999988,10,24.586697692649462,0.006186463703868739,approximate_with_skipped_origins_overlap_selection_and_heavy_tails
toe_pre_topple_long,toe_E5_C,secondary_primary_window,selection,persistence,baseline,1,122,3,0.36827174094911047,0.06270491803278677,4.744096587512228,29.740152331015693,0.2,0.8949999999999988,10,24.586697692649462,0.006186463703868739,approximate_with_skipped_origins_overlap_selection_and_heavy_tails
toe_pre_topple_long,toe_E5_C,secondary_primary_window,selection,persistence,baseline,1,122,4,-0.1443864861583541,0.06270491803278677,4.744096587512228,29.740152331015693,0.2,0.8949999999999988,10,24.586697692649462,0.006186463703868739,approximate_with_skipped_origins_overlap_selection_and_heavy_tails
toe_pre_topple_long,toe_E5_C,secondary_primary_window,selection,persistence,baseline,1,122,5,0.017207035273922474,0.06270491803278677,4.744096587512228,29.740152331015693,0.2,0.8949999999999988,10,24.586697692649462,0.006186463703868739,approximate_with_skipped_origins_overlap_selection_and_heavy_tails
toe_pre_topple_long,toe_E5_C,secondary_primary_window,selection,persistence,baseline,1,122,6,-0.002506712689030991,0.06270491803278677,4.744096587512228,29.740152331015693,0.2,0.8949999999999988,10,24.586697692649462,0.006186463703868739,approximate_with_skipped_origins_overlap_selection_and_heavy_tails
toe_pre_topple_long,toe_E5_C,secondary_primary_window,selection,persistence,baseline,1,122,7,-0.10314569384782157,0.06270491803278677,4.744096587512228,29.740152331015693,0.2,0.8949999999999988,10,24.586697692649462,0.006186463703868739,approximate_with_skipped_origins_overlap_selection_and_heavy_tails
toe_pre_topple_long,toe_E5_C,secondary_primary_window,selection,persistence,baseline,1,122,8,-0.05895191022037947,0.06270491803278677,4.744096587512228,29.740152331015693,0.2,0.8949999999999988,10,24.586697692649462,0.006186463703868739,approximate_with_skipped_origins_overlap_selection_and_heavy_tails
toe_pre_topple_long,toe_E5_C,secondary_primary_window,selection,persistence,baseline,1,122,9,-0.06580354401175606,0.06270491803278677,4.744096587512228,29.740152331015693,0.2,0.8949999999999988,10,24.586697692649462,0.006186463703868739,approximate_with_skipped_origins_overlap_selection_and_heavy_tails
toe_pre_topple_long,toe_E5_C,secondary_primary_window,selection,persistence,baseline,1,122,10,0.004819512127060943,0.06270491803278677,4.744096587512228,29.740152331015693,0.2,0.8949999999999988,10,24.586697692649462,0.006186463703868739,approximate_with_skipped_origins_overlap_selection_and_heavy_tails
toe_pre_topple_long,toe_E5_C,secondary_primary_window,selection,persistence,baseline,2,121,0,1.0,-0.014876033057851368,6.7879747303453675,63.236616688926276,0.19999999999999996,1.0,10,18.961409366142323,0.040755588588173255,approximate_with_skipped_origins_overlap_selection_and_heavy_tails
toe_pre_topple_long,toe_E5_C,secondary_primary_window,selection,persistence,baseline,2,121,1,-0.2301504096946954,-0.014876033057851368,6.7879747303453675,63.236616688926276,0.19999999999999996,1.0,10,18.961409366142323,0.040755588588173255,approximate_with_skipped_origins_overlap_selection_and_heavy_tails
toe_pre_topple_long,toe_E5_C,secondary_primary_window,selection,persistence,baseline,2,121,2,0.02802477175775912,-0.014876033057851368,6.7879747303453675,63.236616688926276,0.19999999999999996,1.0,10,18.961409366142323,0.040755588588173255,approximate_with_skipped_origins_overlap_selection_and_heavy_tails
toe_pre_topple_long,toe_E5_C,secondary_primary_window,selection,persistence,baseline,2,121,3,0.2519088069716389,-0.014876033057851368,6.7879747303453675,63.236616688926276,0.19999999999999996,1.0,10,18.961409366142323,0.040755588588173255,approximate_with_skipped_origins_overlap_selection_and_heavy_tails
toe_pre_topple_long,toe_E5_C,secondary_primary_window,selection,persistence,baseline,2,121,4,-0.16379815803916323,-0.014876033057851368,6.7879747303453675,63.236616688926276,0.19999999999999996,1.0,10,18.961409366142323,0.040755588588173255,approximate_with_skipped_origins_overlap_selection_and_heavy_tails
toe_pre_topple_long,toe_E5_C,secondary_primary_window,selection,persistence,baseline,2,121,5,-0.0040117027910719074,-0.014876033057851368,6.7879747303453675,63.236616688926276,0.19999999999999996,1.0,10,18.961409366142323,0.040755588588173255,approximate_with_skipped_origins_overlap_selection_and_heavy_tails
toe_pre_topple_long,toe_E5_C,secondary_primary_window,selection,persistence,baseline,2,121,6,-0.04329988514916055,-0.014876033057851368,6.7879747303453675,63.236616688926276,0.19999999999999996,1.0,10,18.961409366142323,0.040755588588173255,approximate_with_skipped_origins_overlap_selection_and_heavy_tails
toe_pre_topple_long,toe_E5_C,secondary_primary_window,selection,persistence,baseline,2,121,7,-0.05424726903698588,-0.014876033057851368,6.7879747303453675,63.236616688926276,0.19999999999999996,1.0,10,18.961409366142323,0.040755588588173255,approximate_with_skipped_origins_overlap_selection_and_heavy_tails
toe_pre_topple_long,toe_E5_C,secondary_primary_window,selection,persistence,baseline,2,121,8,-0.042018231353789764,-0.014876033057851368,6.7879747303453675,63.236616688926276,0.19999999999999996,1.0,10,18.961409366142323,0.040755588588173255,approximate_with_skipped_origins_overlap_selection_and_heavy_tails
toe_pre_topple_long,toe_E5_C,secondary_primary_window,selection,persistence,baseline,2,121,9,0.006353803426820511,-0.014876033057851368,6.7879747303453675,63.236616688926276,0.19999999999999996,1.0,10,18.961409366142323,0.040755588588173255,approximate_with_skipped_origins_overlap_selection_and_heavy_tails
toe_pre_topple_long,toe_E5_C,secondary_primary_window,selection,persistence,baseline,2,121,10,-0.008726797898376475,-0.014876033057851368,6.7879747303453675,63.236616688926276,0.19999999999999996,1.0,10,18.961409366142323,0.040755588588173255,approximate_with_skipped_origins_overlap_selection_and_heavy_tails
toe_pre_topple_long,toe_E5_C,secondary_primary_window,selection,persistence,baseline,7,115,0,1.0,0.03565217391304346,4.2517277885235405,34.968916443350864,0.2,1.5300000000000002,10,6.965850596636893,0.7286648868148766,approximate_with_skipped_origins_overlap_selection_and_heavy_tails
toe_pre_topple_long,toe_E5_C,secondary_primary_window,selection,persistence,baseline,7,115,1,-0.11293375727132324,0.03565217391304346,4.2517277885235405,34.968916443350864,0.2,1.5300000000000002,10,6.965850596636893,0.7286648868148766,approximate_with_skipped_origins_overlap_selection_and_heavy_tails
toe_pre_topple_long,toe_E5_C,secondary_primary_window,selection,persistence,baseline,7,115,2,0.17266464890033556,0.03565217391304346,4.2517277885235405,34.968916443350864,0.2,1.5300000000000002,10,6.965850596636893,0.7286648868148766,approximate_with_skipped_origins_overlap_selection_and_heavy_tails
toe_pre_topple_long,toe_E5_C,secondary_primary_window,selection,persistence,baseline,7,115,3,0.05625740922495747,0.03565217391304346,4.2517277885235405,34.968916443350864,0.2,1.5300000000000002,10,6.965850596636893,0.7286648868148766,approximate_with_skipped_origins_overlap_selection_and_heavy_tails
toe_pre_topple_long,toe_E5_C,secondary_primary_window,selection,persistence,baseline,7,115,4,-0.04896900332023455,0.03565217391304346,4.2517277885235405,34.968916443350864,0.2,1.5300000000000002,10,6.965850596636893,0.7286648868148766,approximate_with_skipped_origins_overlap_selection_and_heavy_tails
toe_pre_topple_long,toe_E5_C,secondary_primary_window,selection,persistence,baseline,7,115,5,0.0627094927164104,0.03565217391304346,4.2517277885235405,34.968916443350864,0.2,1.5300000000000002,10,6.965850596636893,0.7286648868148766,approximate_with_skipped_origins_overlap_selection_and_heavy_tails
toe_pre_topple_long,toe_E5_C,secondary_primary_window,selection,persistence,baseline,7,115,6,-0.024915920213328436,0.03565217391304346,4.2517277885235405,34.968916443350864,0.2,1.5300000000000002,10,6.965850596636893,0.7286648868148766,approximate_with_skipped_origins_overlap_selection_and_heavy_tails
toe_pre_topple_long,toe_E5_C,secondary_primary_window,selection,persistence,baseline,7,115,7,-0.0130926347314986,0.03565217391304346,4.2517277885235405,34.968916443350864,0.2,1.5300000000000002,10,6.965850596636893,0.7286648868148766,approximate_with_skipped_origins_overlap_selection_and_heavy_tails
toe_pre_topple_long,toe_E5_C,secondary_primary_window,selection,persistence,baseline,7,115,8,-0.06305919502258586,0.03565217391304346,4.2517277885235405,34.968916443350864,0.2,1.5300000000000002,10,6.965850596636893,0.7286648868148766,approximate_with_skipped_origins_overlap_selection_and_heavy_tails
toe_pre_topple_long,toe_E5_C,secondary_primary_window,selection,persistence,baseline,7,115,9,0.02951741394006207,0.03565217391304346,4.2517277885235405,34.968916443350864,0.2,1.5300000000000002,10,6.965850596636893,0.7286648868148766,approximate_with_skipped_origins_overlap_selection_and_heavy_tails
toe_pre_topple_long,toe_E5_C,secondary_primary_window,selection,persistence,baseline,7,115,10,-0.019784990576686184,0.03565217391304346,4.2517277885235405,34.968916443350864,0.2,1.5300000000000002,10,6.965850596636893,0.7286648868148766,approximate_with_skipped_origins_overlap_selection_and_heavy_tails
toe_pre_topple_long,toe_E5_C,secondary_primary_window,selection,prior_year_same_date,baseline,1,117,0,1.0,0.025213675213675707,-2.60023509803276,34.77710818793298,0.20000000000000018,3.7400000000000113,10,28.78079277284071,0.0013520060484757603,approximate_with_skipped_origins_overlap_selection_and_heavy_tails
toe_pre_topple_long,toe_E5_C,secondary_primary_window,selection,prior_year_same_date,baseline,1,117,1,0.42422700781538275,0.025213675213675707,-2.60023509803276,34.77710818793298,0.20000000000000018,3.7400000000000113,10,28.78079277284071,0.0013520060484757603,approximate_with_skipped_origins_overlap_selection_and_heavy_tails
toe_pre_topple_long,toe_E5_C,secondary_primary_window,selection,prior_year_same_date,baseline,1,117,2,0.041690322530494546,0.025213675213675707,-2.60023509803276,34.77710818793298,0.20000000000000018,3.7400000000000113,10,28.78079277284071,0.0013520060484757603,approximate_with_skipped_origins_overlap_selection_and_heavy_tails
toe_pre_topple_long,toe_E5_C,secondary_primary_window,selection,prior_year_same_date,baseline,1,117,3,-0.22352819933449308,0.025213675213675707,-2.60023509803276,34.77710818793298,0.20000000000000018,3.7400000000000113,10,28.78079277284071,0.0013520060484757603,approximate_with_skipped_origins_overlap_selection_and_heavy_tails
toe_pre_topple_long,toe_E5_C,secondary_primary_window,selection,prior_year_same_date,baseline,1,117,4,-0.06744251158279811,0.025213675213675707,-2.60023509803276,34.77710818793298,0.20000000000000018,3.7400000000000113,10,28.78079277284071,0.0013520060484757603,approximate_with_skipped_origins_overlap_selection_and_heavy_tails
toe_pre_topple_long,toe_E5_C,secondary_primary_window,selection,prior_year_same_date,baseline,1,117,5,0.01360914862661532,0.025213675213675707,-2.60023509803276,34.77710818793298,0.20000000000000018,3.7400000000000113,10,28.78079277284071,0.0013520060484757603,approximate_with_skipped_origins_overlap_selection_and_heavy_tails
toe_pre_topple_long,toe_E5_C,secondary_primary_window,selection,prior_year_same_date,baseline,1,117,6,0.03767319821742518,0.025213675213675707,-2.60023509803276,34.77710818793298,0.20000000000000018,3.7400000000000113,10,28.78079277284071,0.0013520060484757603,approximate_with_skipped_origins_overlap_selection_and_heavy_tails
toe_pre_topple_long,toe_E5_C,secondary_primary_window,selection,prior_year_same_date,baseline,1,117,7,-0.020901197480319038,0.025213675213675707,-2.60023509803276,34.77710818793298,0.20000000000000018,3.7400000000000113,10,28.78079277284071,0.0013520060484757603,approximate_with_skipped_origins_overlap_selection_and_heavy_tails
toe_pre_topple_long,toe_E5_C,secondary_primary_window,selection,prior_year_same_date,baseline,1,117,8,-0.00510092709462902,0.025213675213675707,-2.60023509803276,34.77710818793298,0.20000000000000018,3.7400000000000113,10,28.78079277284071,0.0013520060484757603,approximate_with_skipped_origins_overlap_selection_and_heavy_tails
toe_pre_topple_long,toe_E5_C,secondary_primary_window,selection,prior_year_same_date,baseline,1,117,9,-0.015209683444881885,0.025213675213675707,-2.60023509803276,34.77710818793298,0.20000000000000018,3.7400000000000113,10,28.78079277284071,0.0013520060484757603,approximate_with_skipped_origins_overlap_selection_and_heavy_tails
toe_pre_topple_long,toe_E5_C,secondary_primary_window,selection,prior_year_same_date,baseline,1,117,10,-0.011523291601299597,0.025213675213675707,-2.60023509803276,34.77710818793298,0.20000000000000018,3.7400000000000113,10,28.78079277284071,0.0013520060484757603,approximate_with_skipped_origins_overlap_selection_and_heavy_tails
toe_pre_topple_long,toe_E5_C,secondary_primary_window,selection,prior_year_same_date,baseline,2,117,0,1.0,-0.00042735042735067254,6.019302681495078,58.805124170520614,0.2,2.120000000000023,10,15.718566337487342,0.1079771757560178,approximate_with_skipped_origins_overlap_selection_and_heavy_tails
toe_pre_topple_long,toe_E5_C,secondary_primary_window,selection,prior_year_same_date,baseline,2,117,1,0.33141957229088004,-0.00042735042735067254,6.019302681495078,58.805124170520614,0.2,2.120000000000023,10,15.718566337487342,0.1079771757560178,approximate_with_skipped_origins_overlap_selection_and_heavy_tails
toe_pre_topple_long,toe_E5_C,secondary_primary_window,selection,prior_year_same_date,baseline,2,117,2,0.12200429400928459,-0.00042735042735067254,6.019302681495078,58.805124170520614,0.2,2.120000000000023,10,15.718566337487342,0.1079771757560178,approximate_with_skipped_origins_overlap_selection_and_heavy_tails
toe_pre_topple_long,toe_E5_C,secondary_primary_window,selection,prior_year_same_date,baseline,2,117,3,-0.028629696456456417,-0.00042735042735067254,6.019302681495078,58.805124170520614,0.2,2.120000000000023,10,15.718566337487342,0.1079771757560178,approximate_with_skipped_origins_overlap_selection_and_heavy_tails
toe_pre_topple_long,toe_E5_C,secondary_primary_window,selection,prior_year_same_date,baseline,2,117,4,-0.06689012767094776,-0.00042735042735067254,6.019302681495078,58.805124170520614,0.2,2.120000000000023,10,15.718566337487342,0.1079771757560178,approximate_with_skipped_origins_overlap_selection_and_heavy_tails
toe_pre_topple_long,toe_E5_C,secondary_primary_window,selection,prior_year_same_date,baseline,2,117,5,-0.010070990457029165,-0.00042735042735067254,6.019302681495078,58.805124170520614,0.2,2.120000000000023,10,15.718566337487342,0.1079771757560178,approximate_with_skipped_origins_overlap_selection_and_heavy_tails
toe_pre_topple_long,toe_E5_C,secondary_primary_window,selection,prior_year_same_date,baseline,2,117,6,0.010982823074938272,-0.00042735042735067254,6.019302681495078,58.805124170520614,0.2,2.120000000000023,10,15.718566337487342,0.1079771757560178,approximate_with_skipped_origins_overlap_selection_and_heavy_tails
toe_pre_topple_long,toe_E5_C,secondary_primary_window,selection,prior_year_same_date,baseline,2,117,7,0.0012625670484229406,-0.00042735042735067254,6.019302681495078,58.805124170520614,0.2,2.120000000000023,10,15.718566337487342,0.1079771757560178,approximate_with_skipped_origins_overlap_selection_and_heavy_tails
toe_pre_topple_long,toe_E5_C,secondary_primary_window,selection,prior_year_same_date,baseline,2,117,8,-0.013341415562736911,-0.00042735042735067254,6.019302681495078,58.805124170520614,0.2,2.120000000000023,10,15.718566337487342,0.1079771757560178,approximate_with_skipped_origins_overlap_selection_and_heavy_tails
toe_pre_topple_long,toe_E5_C,secondary_primary_window,selection,prior_year_same_date,baseline,2,117,9,-0.014732317988387257,-0.00042735042735067254,6.019302681495078,58.805124170520614,0.2,2.120000000000023,10,15.718566337487342,0.1079771757560178,approximate_with_skipped_origins_overlap_selection_and_heavy_tails
toe_pre_topple_long,toe_E5_C,secondary_primary_window,selection,prior_year_same_date,baseline,2,117,10,0.004702276432753413,-0.00042735042735067254,6.019302681495078,58.805124170520614,0.2,2.120000000000023,10,15.718566337487342,0.1079771757560178,approximate_with_skipped_origins_overlap_selection_and_heavy_tails
toe_pre_topple_long,toe_E5_C,secondary_primary_window,selection,prior_year_same_date,baseline,7,113,0,1.0,0.0840707964601774,3.193639472863719,42.63003530085168,0.2,2.3399999999999967,10,22.980916629373326,0.010817237863819206,approximate_with_skipped_origins_overlap_selection_and_heavy_tails
toe_pre_topple_long,toe_E5_C,secondary_primary_window,selection,prior_year_same_date,baseline,7,113,1,0.40987156883508363,0.0840707964601774,3.193639472863719,42.63003530085168,0.2,2.3399999999999967,10,22.980916629373326,0.010817237863819206,approximate_with_skipped_origins_overlap_selection_and_heavy_tails
toe_pre_topple_long,toe_E5_C,secondary_primary_window,selection,prior_year_same_date,baseline,7,113,2,0.15888614119344546,0.0840707964601774,3.193639472863719,42.63003530085168,0.2,2.3399999999999967,10,22.980916629373326,0.010817237863819206,approximate_with_skipped_origins_overlap_selection_and_heavy_tails
toe_pre_topple_long,toe_E5_C,secondary_primary_window,selection,prior_year_same_date,baseline,7,113,3,0.04271072137274258,0.0840707964601774,3.193639472863719,42.63003530085168,0.2,2.3399999999999967,10,22.980916629373326,0.010817237863819206,approximate_with_skipped_origins_overlap_selection_and_heavy_tails
toe_pre_topple_long,toe_E5_C,secondary_primary_window,selection,prior_year_same_date,baseline,7,113,4,-0.015876990939847874,0.0840707964601774,3.193639472863719,42.63003530085168,0.2,2.3399999999999967,10,22.980916629373326,0.010817237863819206,approximate_with_skipped_origins_overlap_selection_and_heavy_tails
toe_pre_topple_long,toe_E5_C,secondary_primary_window,selection,prior_year_same_date,baseline,7,113,5,0.006414807669201968,0.0840707964601774,3.193639472863719,42.63003530085168,0.2,2.3399999999999967,10,22.980916629373326,0.010817237863819206,approximate_with_skipped_origins_overlap_selection_and_heavy_tails
toe_pre_topple_long,toe_E5_C,secondary_primary_window,selection,prior_year_same_date,baseline,7,113,6,0.0008327710476775959,0.0840707964601774,3.193639472863719,42.63003530085168,0.2,2.3399999999999967,10,22.980916629373326,0.010817237863819206,approximate_with_skipped_origins_overlap_selection_and_heavy_tails
toe_pre_topple_long,toe_E5_C,secondary_primary_window,selection,prior_year_same_date,baseline,7,113,7,0.02849667693544831,0.0840707964601774,3.193639472863719,42.63003530085168,0.2,2.3399999999999967,10,22.980916629373326,0.010817237863819206,approximate_with_skipped_origins_overlap_selection_and_heavy_tails
toe_pre_topple_long,toe_E5_C,secondary_primary_window,selection,prior_year_same_date,baseline,7,113,8,0.022478204793485838,0.0840707964601774,3.193639472863719,42.63003530085168,0.2,2.3399999999999967,10,22.980916629373326,0.010817237863819206,approximate_with_skipped_origins_overlap_selection_and_heavy_tails
toe_pre_topple_long,toe_E5_C,secondary_primary_window,selection,prior_year_same_date,baseline,7,113,9,0.030875092367875393,0.0840707964601774,3.193639472863719,42.63003530085168,0.2,2.3399999999999967,10,22.980916629373326,0.010817237863819206,approximate_with_skipped_origins_overlap_selection_and_heavy_tails
toe_pre_topple_long,toe_E5_C,secondary_primary_window,selection,prior_year_same_date,baseline,7,113,10,-0.0037516875528533808,0.0840707964601774,3.193639472863719,42.63003530085168,0.2,2.3399999999999967,10,22.980916629373326,0.010817237863819206,approximate_with_skipped_origins_overlap_selection_and_heavy_tails
toe_pre_topple_long,toe_E5_C,secondary_primary_window,selection,zero_change,baseline,1,122,0,1.0,0.2422131147540984,6.0764220100111945,43.378694389585796,0.19999999999999996,1.1899999999999868,10,28.63655504436747,0.0014264463282405195,approximate_with_skipped_origins_overlap_selection_and_heavy_tails
toe_pre_topple_long,toe_E5_C,secondary_primary_window,selection,zero_change,baseline,1,122,1,0.3944652406526964,0.2422131147540984,6.0764220100111945,43.378694389585796,0.19999999999999996,1.1899999999999868,10,28.63655504436747,0.0014264463282405195,approximate_with_skipped_origins_overlap_selection_and_heavy_tails
toe_pre_topple_long,toe_E5_C,secondary_primary_window,selection,zero_change,baseline,1,122,2,0.2201417530549693,0.2422131147540984,6.0764220100111945,43.378694389585796,0.19999999999999996,1.1899999999999868,10,28.63655504436747,0.0014264463282405195,approximate_with_skipped_origins_overlap_selection_and_heavy_tails
toe_pre_topple_long,toe_E5_C,secondary_primary_window,selection,zero_change,baseline,1,122,3,0.12575279934260794,0.2422131147540984,6.0764220100111945,43.378694389585796,0.19999999999999996,1.1899999999999868,10,28.63655504436747,0.0014264463282405195,approximate_with_skipped_origins_overlap_selection_and_heavy_tails
toe_pre_topple_long,toe_E5_C,secondary_primary_window,selection,zero_change,baseline,1,122,4,-0.011861755673696229,0.2422131147540984,6.0764220100111945,43.378694389585796,0.19999999999999996,1.1899999999999868,10,28.63655504436747,0.0014264463282405195,approximate_with_skipped_origins_overlap_selection_and_heavy_tails
toe_pre_topple_long,toe_E5_C,secondary_primary_window,selection,zero_change,baseline,1,122,5,-0.01803896039692567,0.2422131147540984,6.0764220100111945,43.378694389585796,0.19999999999999996,1.1899999999999868,10,28.63655504436747,0.0014264463282405195,approximate_with_skipped_origins_overlap_selection_and_heavy_tails
toe_pre_topple_long,toe_E5_C,secondary_primary_window,selection,zero_change,baseline,1,122,6,-0.0035886542287518588,0.2422131147540984,6.0764220100111945,43.378694389585796,0.19999999999999996,1.1899999999999868,10,28.63655504436747,0.0014264463282405195,approximate_with_skipped_origins_overlap_selection_and_heavy_tails
toe_pre_topple_long,toe_E5_C,secondary_primary_window,selection,zero_change,baseline,1,122,7,-0.04720600194809562,0.2422131147540984,6.0764220100111945,43.378694389585796,0.19999999999999996,1.1899999999999868,10,28.63655504436747,0.0014264463282405195,approximate_with_skipped_origins_overlap_selection_and_heavy_tails
toe_pre_topple_long,toe_E5_C,secondary_primary_window,selection,zero_change,baseline,1,122,8,-0.048046021573218585,0.2422131147540984,6.0764220100111945,43.378694389585796,0.19999999999999996,1.1899999999999868,10,28.63655504436747,0.0014264463282405195,approximate_with_skipped_origins_overlap_selection_and_heavy_tails
toe_pre_topple_long,toe_E5_C,secondary_primary_window,selection,zero_change,baseline,1,122,9,-0.0372999362357984,0.2422131147540984,6.0764220100111945,43.378694389585796,0.19999999999999996,1.1899999999999868,10,28.63655504436747,0.0014264463282405195,approximate_with_skipped_origins_overlap_selection_and_heavy_tails
toe_pre_topple_long,toe_E5_C,secondary_primary_window,selection,zero_change,baseline,1,122,10,-0.03989529480895265,0.2422131147540984,6.0764220100111945,43.378694389585796,0.19999999999999996,1.1899999999999868,10,28.63655504436747,0.0014264463282405195,approximate_with_skipped_origins_overlap_selection_and_heavy_tails
toe_pre_topple_long,toe_E5_C,secondary_primary_window,selection,zero_change,baseline,2,121,0,1.0,0.16446280991735532,9.055047701827979,92.09477736305111,0.19999999999998863,1.3000000000000114,10,13.342906843874761,0.20512634492937049,approximate_with_skipped_origins_overlap_selection_and_heavy_tails
toe_pre_topple_long,toe_E5_C,secondary_primary_window,selection,zero_change,baseline,2,121,1,0.28848914951734816,0.16446280991735532,9.055047701827979,92.09477736305111,0.19999999999998863,1.3000000000000114,10,13.342906843874761,0.20512634492937049,approximate_with_skipped_origins_overlap_selection_and_heavy_tails
toe_pre_topple_long,toe_E5_C,secondary_primary_window,selection,zero_change,baseline,2,121,2,0.09258849382692885,0.16446280991735532,9.055047701827979,92.09477736305111,0.19999999999998863,1.3000000000000114,10,13.342906843874761,0.20512634492937049,approximate_with_skipped_origins_overlap_selection_and_heavy_tails
toe_pre_topple_long,toe_E5_C,secondary_primary_window,selection,zero_change,baseline,2,121,3,0.04571920537392906,0.16446280991735532,9.055047701827979,92.09477736305111,0.19999999999998863,1.3000000000000114,10,13.342906843874761,0.20512634492937049,approximate_with_skipped_origins_overlap_selection_and_heavy_tails
toe_pre_topple_long,toe_E5_C,secondary_primary_window,selection,zero_change,baseline,2,121,4,-0.0809875735858951,0.16446280991735532,9.055047701827979,92.09477736305111,0.19999999999998863,1.3000000000000114,10,13.342906843874761,0.20512634492937049,approximate_with_skipped_origins_overlap_selection_and_heavy_tails
toe_pre_topple_long,toe_E5_C,secondary_primary_window,selection,zero_change,baseline,2,121,5,-0.04020868408595075,0.16446280991735532,9.055047701827979,92.09477736305111,0.19999999999998863,1.3000000000000114,10,13.342906843874761,0.20512634492937049,approximate_with_skipped_origins_overlap_selection_and_heavy_tails
toe_pre_topple_long,toe_E5_C,secondary_primary_window,selection,zero_change,baseline,2,121,6,-0.014692771946547861,0.16446280991735532,9.055047701827979,92.09477736305111,0.19999999999998863,1.3000000000000114,10,13.342906843874761,0.20512634492937049,approximate_with_skipped_origins_overlap_selection_and_heavy_tails
toe_pre_topple_long,toe_E5_C,secondary_primary_window,selection,zero_change,baseline,2,121,7,-0.022126596773485493,0.16446280991735532,9.055047701827979,92.09477736305111,0.19999999999998863,1.3000000000000114,10,13.342906843874761,0.20512634492937049,approximate_with_skipped_origins_overlap_selection_and_heavy_tails
toe_pre_topple_long,toe_E5_C,secondary_primary_window,selection,zero_change,baseline,2,121,8,-0.036843979225592835,0.16446280991735532,9.055047701827979,92.09477736305111,0.19999999999998863,1.3000000000000114,10,13.342906843874761,0.20512634492937049,approximate_with_skipped_origins_overlap_selection_and_heavy_tails
toe_pre_topple_long,toe_E5_C,secondary_primary_window,selection,zero_change,baseline,2,121,9,-0.03380236752513005,0.16446280991735532,9.055047701827979,92.09477736305111,0.19999999999998863,1.3000000000000114,10,13.342906843874761,0.20512634492937049,approximate_with_skipped_origins_overlap_selection_and_heavy_tails
toe_pre_topple_long,toe_E5_C,secondary_primary_window,selection,zero_change,baseline,2,121,10,-0.04057720078440016,0.16446280991735532,9.055047701827979,92.09477736305111,0.19999999999998863,1.3000000000000114,10,13.342906843874761,0.20512634492937049,approximate_with_skipped_origins_overlap_selection_and_heavy_tails
toe_pre_topple_long,toe_E5_C,secondary_primary_window,selection,zero_change,baseline,7,115,0,1.0,0.2243478260869566,7.575726103738484,66.56860623279836,0.19999999999999973,0.7199999999999989,10,33.814075194708444,0.0001985786415029963,approximate_with_skipped_origins_overlap_selection_and_heavy_tails
toe_pre_topple_long,toe_E5_C,secondary_primary_window,selection,zero_change,baseline,7,115,1,0.4843839856788286,0.2243478260869566,7.575726103738484,66.56860623279836,0.19999999999999973,0.7199999999999989,10,33.814075194708444,0.0001985786415029963,approximate_with_skipped_origins_overlap_selection_and_heavy_tails
toe_pre_topple_long,toe_E5_C,secondary_primary_window,selection,zero_change,baseline,7,115,2,0.2211019076824177,0.2243478260869566,7.575726103738484,66.56860623279836,0.19999999999999973,0.7199999999999989,10,33.814075194708444,0.0001985786415029963,approximate_with_skipped_origins_overlap_selection_and_heavy_tails
toe_pre_topple_long,toe_E5_C,secondary_primary_window,selection,zero_change,baseline,7,115,3,0.02756256968558088,0.2243478260869566,7.575726103738484,66.56860623279836,0.19999999999999973,0.7199999999999989,10,33.814075194708444,0.0001985786415029963,approximate_with_skipped_origins_overlap_selection_and_heavy_tails
toe_pre_topple_long,toe_E5_C,secondary_primary_window,selection,zero_change,baseline,7,115,4,-0.008826417546729597,0.2243478260869566,7.575726103738484,66.56860623279836,0.19999999999999973,0.7199999999999989,10,33.814075194708444,0.0001985786415029963,approximate_with_skipped_origins_overlap_selection_and_heavy_tails
toe_pre_topple_long,toe_E5_C,secondary_primary_window,selection,zero_change,baseline,7,115,5,-0.008885171377239263,0.2243478260869566,7.575726103738484,66.56860623279836,0.19999999999999973,0.7199999999999989,10,33.814075194708444,0.0001985786415029963,approximate_with_skipped_origins_overlap_selection_and_heavy_tails
toe_pre_topple_long,toe_E5_C,secondary_primary_window,selection,zero_change,baseline,7,115,6,-0.01691926302184749,0.2243478260869566,7.575726103738484,66.56860623279836,0.19999999999999973,0.7199999999999989,10,33.814075194708444,0.0001985786415029963,approximate_with_skipped_origins_overlap_selection_and_heavy_tails
toe_pre_topple_long,toe_E5_C,secondary_primary_window,selection,zero_change,baseline,7,115,7,-0.0018158056223355964,0.2243478260869566,7.575726103738484,66.56860623279836,0.19999999999999973,0.7199999999999989,10,33.814075194708444,0.0001985786415029963,approximate_with_skipped_origins_overlap_selection_and_heavy_tails
toe_pre_topple_long,toe_E5_C,secondary_primary_window,selection,zero_change,baseline,7,115,8,-0.028243586937160805,0.2243478260869566,7.575726103738484,66.56860623279836,0.19999999999999973,0.7199999999999989,10,33.814075194708444,0.0001985786415029963,approximate_with_skipped_origins_overlap_selection_and_heavy_tails
toe_pre_topple_long,toe_E5_C,secondary_primary_window,selection,zero_change,baseline,7,115,9,-0.014691729425874876,0.2243478260869566,7.575726103738484,66.56860623279836,0.19999999999999973,0.7199999999999989,10,33.814075194708444,0.0001985786415029963,approximate_with_skipped_origins_overlap_selection_and_heavy_tails
toe_pre_topple_long,toe_E5_C,secondary_primary_window,selection,zero_change,baseline,7,115,10,-0.014540906968162943,0.2243478260869566,7.575726103738484,66.56860623279836,0.19999999999999973,0.7199999999999989,10,33.814075194708444,0.0001985786415029963,approximate_with_skipped_origins_overlap_selection_and_heavy_tails
toe_pre_topple_post_rain_resume,toe_E5_C,external_time_check,external_time_check,arima_ar1,ARIMA,1,26,0,1.0,-0.03317038609274476,-0.983393424710982,1.8898366376233295,0.12740109583808892,0.5862346135998895,5,3.501493565883252,0.6231616442481261,approximate_with_skipped_origins_overlap_selection_and_heavy_tails
toe_pre_topple_post_rain_resume,toe_E5_C,external_time_check,external_time_check,arima_ar1,ARIMA,1,26,1,0.34382472794264174,-0.03317038609274476,-0.983393424710982,1.8898366376233295,0.12740109583808892,0.5862346135998895,5,3.501493565883252,0.6231616442481261,approximate_with_skipped_origins_overlap_selection_and_heavy_tails
toe_pre_topple_post_rain_resume,toe_E5_C,external_time_check,external_time_check,arima_ar1,ARIMA,1,26,2,-0.015531283483630916,-0.03317038609274476,-0.983393424710982,1.8898366376233295,0.12740109583808892,0.5862346135998895,5,3.501493565883252,0.6231616442481261,approximate_with_skipped_origins_overlap_selection_and_heavy_tails
toe_pre_topple_post_rain_resume,toe_E5_C,external_time_check,external_time_check,arima_ar1,ARIMA,1,26,3,-0.03915573737973724,-0.03317038609274476,-0.983393424710982,1.8898366376233295,0.12740109583808892,0.5862346135998895,5,3.501493565883252,0.6231616442481261,approximate_with_skipped_origins_overlap_selection_and_heavy_tails
toe_pre_topple_post_rain_resume,toe_E5_C,external_time_check,external_time_check,arima_ar1,ARIMA,1,26,4,0.009330976603942736,-0.03317038609274476,-0.983393424710982,1.8898366376233295,0.12740109583808892,0.5862346135998895,5,3.501493565883252,0.6231616442481261,approximate_with_skipped_origins_overlap_selection_and_heavy_tails
toe_pre_topple_post_rain_resume,toe_E5_C,external_time_check,external_time_check,arima_ar1,ARIMA,1,26,5,-0.0031015046452523344,-0.03317038609274476,-0.983393424710982,1.8898366376233295,0.12740109583808892,0.5862346135998895,5,3.501493565883252,0.6231616442481261,approximate_with_skipped_origins_overlap_selection_and_heavy_tails
toe_pre_topple_post_rain_resume,toe_E5_C,external_time_check,external_time_check,arima_ar1,ARIMA,1,26,6,-0.09405201453081743,-0.03317038609274476,-0.983393424710982,1.8898366376233295,0.12740109583808892,0.5862346135998895,5,3.501493565883252,0.6231616442481261,approximate_with_skipped_origins_overlap_selection_and_heavy_tails
toe_pre_topple_post_rain_resume,toe_E5_C,external_time_check,external_time_check,arima_ar1,ARIMA,1,26,7,-0.2152523754641169,-0.03317038609274476,-0.983393424710982,1.8898366376233295,0.12740109583808892,0.5862346135998895,5,3.501493565883252,0.6231616442481261,approximate_with_skipped_origins_overlap_selection_and_heavy_tails
toe_pre_topple_post_rain_resume,toe_E5_C,external_time_check,external_time_check,arima_ar1,ARIMA,1,26,8,0.20276942917990892,-0.03317038609274476,-0.983393424710982,1.8898366376233295,0.12740109583808892,0.5862346135998895,5,3.501493565883252,0.6231616442481261,approximate_with_skipped_origins_overlap_selection_and_heavy_tails
toe_pre_topple_post_rain_resume,toe_E5_C,external_time_check,external_time_check,arima_ar1,ARIMA,1,26,9,0.1821221242616251,-0.03317038609274476,-0.983393424710982,1.8898366376233295,0.12740109583808892,0.5862346135998895,5,3.501493565883252,0.6231616442481261,approximate_with_skipped_origins_overlap_selection_and_heavy_tails
toe_pre_topple_post_rain_resume,toe_E5_C,external_time_check,external_time_check,arima_ar1,ARIMA,1,26,10,-0.0641848471627167,-0.03317038609274476,-0.983393424710982,1.8898366376233295,0.12740109583808892,0.5862346135998895,5,3.501493565883252,0.6231616442481261,approximate_with_skipped_origins_overlap_selection_and_heavy_tails
toe_pre_topple_post_rain_resume,toe_E5_C,external_time_check,external_time_check,arima_ar1,ARIMA,2,26,0,1.0,0.13462596085959333,1.9533513295556324,3.648735549816886,0.16115958822501403,1.1268407919857053,5,3.767890380086899,0.5832940678612641,approximate_with_skipped_origins_overlap_selection_and_heavy_tails
toe_pre_topple_post_rain_resume,toe_E5_C,external_time_check,external_time_check,arima_ar1,ARIMA,2,26,1,0.3370175462252724,0.13462596085959333,1.9533513295556324,3.648735549816886,0.16115958822501403,1.1268407919857053,5,3.767890380086899,0.5832940678612641,approximate_with_skipped_origins_overlap_selection_and_heavy_tails
toe_pre_topple_post_rain_resume,toe_E5_C,external_time_check,external_time_check,arima_ar1,ARIMA,2,26,2,-0.07117999296749884,0.13462596085959333,1.9533513295556324,3.648735549816886,0.16115958822501403,1.1268407919857053,5,3.767890380086899,0.5832940678612641,approximate_with_skipped_origins_overlap_selection_and_heavy_tails
toe_pre_topple_post_rain_resume,toe_E5_C,external_time_check,external_time_check,arima_ar1,ARIMA,2,26,3,0.029437453088138613,0.13462596085959333,1.9533513295556324,3.648735549816886,0.16115958822501403,1.1268407919857053,5,3.767890380086899,0.5832940678612641,approximate_with_skipped_origins_overlap_selection_and_heavy_tails
toe_pre_topple_post_rain_resume,toe_E5_C,external_time_check,external_time_check,arima_ar1,ARIMA,2,26,4,-0.09106008025960403,0.13462596085959333,1.9533513295556324,3.648735549816886,0.16115958822501403,1.1268407919857053,5,3.767890380086899,0.5832940678612641,approximate_with_skipped_origins_overlap_selection_and_heavy_tails
toe_pre_topple_post_rain_resume,toe_E5_C,external_time_check,external_time_check,arima_ar1,ARIMA,2,26,5,0.011905530550183549,0.13462596085959333,1.9533513295556324,3.648735549816886,0.16115958822501403,1.1268407919857053,5,3.767890380086899,0.5832940678612641,approximate_with_skipped_origins_overlap_selection_and_heavy_tails
toe_pre_topple_post_rain_resume,toe_E5_C,external_time_check,external_time_check,arima_ar1,ARIMA,2,26,6,0.14224103257451598,0.13462596085959333,1.9533513295556324,3.648735549816886,0.16115958822501403,1.1268407919857053,5,3.767890380086899,0.5832940678612641,approximate_with_skipped_origins_overlap_selection_and_heavy_tails
toe_pre_topple_post_rain_resume,toe_E5_C,external_time_check,external_time_check,arima_ar1,ARIMA,2,26,7,0.2867301986123418,0.13462596085959333,1.9533513295556324,3.648735549816886,0.16115958822501403,1.1268407919857053,5,3.767890380086899,0.5832940678612641,approximate_with_skipped_origins_overlap_selection_and_heavy_tails
toe_pre_topple_post_rain_resume,toe_E5_C,external_time_check,external_time_check,arima_ar1,ARIMA,2,26,8,0.1077263395397412,0.13462596085959333,1.9533513295556324,3.648735549816886,0.16115958822501403,1.1268407919857053,5,3.767890380086899,0.5832940678612641,approximate_with_skipped_origins_overlap_selection_and_heavy_tails
toe_pre_topple_post_rain_resume,toe_E5_C,external_time_check,external_time_check,arima_ar1,ARIMA,2,26,9,-0.12610204365519834,0.13462596085959333,1.9533513295556324,3.648735549816886,0.16115958822501403,1.1268407919857053,5,3.767890380086899,0.5832940678612641,approximate_with_skipped_origins_overlap_selection_and_heavy_tails
toe_pre_topple_post_rain_resume,toe_E5_C,external_time_check,external_time_check,arima_ar1,ARIMA,2,26,10,-0.053866817717474584,0.13462596085959333,1.9533513295556324,3.648735549816886,0.16115958822501403,1.1268407919857053,5,3.767890380086899,0.5832940678612641,approximate_with_skipped_origins_overlap_selection_and_heavy_tails
toe_pre_topple_post_rain_resume,toe_E5_C,external_time_check,external_time_check,arima_ar1,ARIMA,7,25,0,1.0,0.024641863367939235,2.481361217898043,8.124711881224831,0.12223996706834356,0.8852494747026085,5,3.1002488255271854,0.6845336820092311,approximate_with_skipped_origins_overlap_selection_and_heavy_tails
toe_pre_topple_post_rain_resume,toe_E5_C,external_time_check,external_time_check,arima_ar1,ARIMA,7,25,1,0.27444534531560394,0.024641863367939235,2.481361217898043,8.124711881224831,0.12223996706834356,0.8852494747026085,5,3.1002488255271854,0.6845336820092311,approximate_with_skipped_origins_overlap_selection_and_heavy_tails
toe_pre_topple_post_rain_resume,toe_E5_C,external_time_check,external_time_check,arima_ar1,ARIMA,7,25,2,-0.10112736064164053,0.024641863367939235,2.481361217898043,8.124711881224831,0.12223996706834356,0.8852494747026085,5,3.1002488255271854,0.6845336820092311,approximate_with_skipped_origins_overlap_selection_and_heavy_tails
toe_pre_topple_post_rain_resume,toe_E5_C,external_time_check,external_time_check,arima_ar1,ARIMA,7,25,3,0.018310676930949298,0.024641863367939235,2.481361217898043,8.124711881224831,0.12223996706834356,0.8852494747026085,5,3.1002488255271854,0.6845336820092311,approximate_with_skipped_origins_overlap_selection_and_heavy_tails
toe_pre_topple_post_rain_resume,toe_E5_C,external_time_check,external_time_check,arima_ar1,ARIMA,7,25,4,-0.05656871456329911,0.024641863367939235,2.481361217898043,8.124711881224831,0.12223996706834356,0.8852494747026085,5,3.1002488255271854,0.6845336820092311,approximate_with_skipped_origins_overlap_selection_and_heavy_tails
toe_pre_topple_post_rain_resume,toe_E5_C,external_time_check,external_time_check,arima_ar1,ARIMA,7,25,5,-0.12979635214824375,0.024641863367939235,2.481361217898043,8.124711881224831,0.12223996706834356,0.8852494747026085,5,3.1002488255271854,0.6845336820092311,approximate_with_skipped_origins_overlap_selection_and_heavy_tails
toe_pre_topple_post_rain_resume,toe_E5_C,external_time_check,external_time_check,arima_ar1,ARIMA,7,25,6,-0.10114751590019119,0.024641863367939235,2.481361217898043,8.124711881224831,0.12223996706834356,0.8852494747026085,5,3.1002488255271854,0.6845336820092311,approximate_with_skipped_origins_overlap_selection_and_heavy_tails
toe_pre_topple_post_rain_resume,toe_E5_C,external_time_check,external_time_check,arima_ar1,ARIMA,7,25,7,-0.01634749712963044,0.024641863367939235,2.481361217898043,8.124711881224831,0.12223996706834356,0.8852494747026085,5,3.1002488255271854,0.6845336820092311,approximate_with_skipped_origins_overlap_selection_and_heavy_tails
toe_pre_topple_post_rain_resume,toe_E5_C,external_time_check,external_time_check,arima_ar1,ARIMA,7,25,8,-0.035110015523704276,0.024641863367939235,2.481361217898043,8.124711881224831,0.12223996706834356,0.8852494747026085,5,3.1002488255271854,0.6845336820092311,approximate_with_skipped_origins_overlap_selection_and_heavy_tails
toe_pre_topple_post_rain_resume,toe_E5_C,external_time_check,external_time_check,arima_ar1,ARIMA,7,25,9,-0.07478544034882754,0.024641863367939235,2.481361217898043,8.124711881224831,0.12223996706834356,0.8852494747026085,5,3.1002488255271854,0.6845336820092311,approximate_with_skipped_origins_overlap_selection_and_heavy_tails
toe_pre_topple_post_rain_resume,toe_E5_C,external_time_check,external_time_check,arima_ar1,ARIMA,7,25,10,0.06881485847331609,0.024641863367939235,2.481361217898043,8.124711881224831,0.12223996706834356,0.8852494747026085,5,3.1002488255271854,0.6845336820092311,approximate_with_skipped_origins_overlap_selection_and_heavy_tails
toe_pre_topple_post_rain_resume,toe_E5_C,external_time_check,external_time_check,arima_ar2,ARIMA,1,26,0,1.0,-0.08158575659580401,-1.1197747817801882,2.465511525466319,0.12059150622673989,0.7800526531231369,5,3.5818799783484767,0.611035970710325,approximate_with_skipped_origins_overlap_selection_and_heavy_tails
toe_pre_topple_post_rain_resume,toe_E5_C,external_time_check,external_time_check,arima_ar2,ARIMA,1,26,1,0.28792909228361274,-0.08158575659580401,-1.1197747817801882,2.465511525466319,0.12059150622673989,0.7800526531231369,5,3.5818799783484767,0.611035970710325,approximate_with_skipped_origins_overlap_selection_and_heavy_tails
toe_pre_topple_post_rain_resume,toe_E5_C,external_time_check,external_time_check,arima_ar2,ARIMA,1,26,2,-0.009672495245048275,-0.08158575659580401,-1.1197747817801882,2.465511525466319,0.12059150622673989,0.7800526531231369,5,3.5818799783484767,0.611035970710325,approximate_with_skipped_origins_overlap_selection_and_heavy_tails
toe_pre_topple_post_rain_resume,toe_E5_C,external_time_check,external_time_check,arima_ar2,ARIMA,1,26,3,-0.17889152113602497,-0.08158575659580401,-1.1197747817801882,2.465511525466319,0.12059150622673989,0.7800526531231369,5,3.5818799783484767,0.611035970710325,approximate_with_skipped_origins_overlap_selection_and_heavy_tails
toe_pre_topple_post_rain_resume,toe_E5_C,external_time_check,external_time_check,arima_ar2,ARIMA,1,26,4,-0.06740899465413971,-0.08158575659580401,-1.1197747817801882,2.465511525466319,0.12059150622673989,0.7800526531231369,5,3.5818799783484767,0.611035970710325,approximate_with_skipped_origins_overlap_selection_and_heavy_tails
toe_pre_topple_post_rain_resume,toe_E5_C,external_time_check,external_time_check,arima_ar2,ARIMA,1,26,5,0.0067923056456909384,-0.08158575659580401,-1.1197747817801882,2.465511525466319,0.12059150622673989,0.7800526531231369,5,3.5818799783484767,0.611035970710325,approximate_with_skipped_origins_overlap_selection_and_heavy_tails
toe_pre_topple_post_rain_resume,toe_E5_C,external_time_check,external_time_check,arima_ar2,ARIMA,1,26,6,-0.19295455557040495,-0.08158575659580401,-1.1197747817801882,2.465511525466319,0.12059150622673989,0.7800526531231369,5,3.5818799783484767,0.611035970710325,approximate_with_skipped_origins_overlap_selection_and_heavy_tails
toe_pre_topple_post_rain_resume,toe_E5_C,external_time_check,external_time_check,arima_ar2,ARIMA,1,26,7,-0.09978384390154649,-0.08158575659580401,-1.1197747817801882,2.465511525466319,0.12059150622673989,0.7800526531231369,5,3.5818799783484767,0.611035970710325,approximate_with_skipped_origins_overlap_selection_and_heavy_tails
toe_pre_topple_post_rain_resume,toe_E5_C,external_time_check,external_time_check,arima_ar2,ARIMA,1,26,8,-0.1055942498773289,-0.08158575659580401,-1.1197747817801882,2.465511525466319,0.12059150622673989,0.7800526531231369,5,3.5818799783484767,0.611035970710325,approximate_with_skipped_origins_overlap_selection_and_heavy_tails
toe_pre_topple_post_rain_resume,toe_E5_C,external_time_check,external_time_check,arima_ar2,ARIMA,1,26,9,0.11080031236957415,-0.08158575659580401,-1.1197747817801882,2.465511525466319,0.12059150622673989,0.7800526531231369,5,3.5818799783484767,0.611035970710325,approximate_with_skipped_origins_overlap_selection_and_heavy_tails
toe_pre_topple_post_rain_resume,toe_E5_C,external_time_check,external_time_check,arima_ar2,ARIMA,1,26,10,-0.05416684149708984,-0.08158575659580401,-1.1197747817801882,2.465511525466319,0.12059150622673989,0.7800526531231369,5,3.5818799783484767,0.611035970710325,approximate_with_skipped_origins_overlap_selection_and_heavy_tails
toe_pre_topple_post_rain_resume,toe_E5_C,external_time_check,external_time_check,arima_ar2,ARIMA,2,26,0,1.0,0.09366644285717197,2.061334189812545,5.186199119217116,0.17308732732455992,0.7567488035135141,5,0.8186765429642473,0.9758268309039648,approximate_with_skipped_origins_overlap_selection_and_heavy_tails
toe_pre_topple_post_rain_resume,toe_E5_C,external_time_check,external_time_check,arima_ar2,ARIMA,2,26,1,-0.02781616941918254,0.09366644285717197,2.061334189812545,5.186199119217116,0.17308732732455992,0.7567488035135141,5,0.8186765429642473,0.9758268309039648,approximate_with_skipped_origins_overlap_selection_and_heavy_tails
toe_pre_topple_post_rain_resume,toe_E5_C,external_time_check,external_time_check,arima_ar2,ARIMA,2,26,2,-0.06630640761325568,0.09366644285717197,2.061334189812545,5.186199119217116,0.17308732732455992,0.7567488035135141,5,0.8186765429642473,0.9758268309039648,approximate_with_skipped_origins_overlap_selection_and_heavy_tails
toe_pre_topple_post_rain_resume,toe_E5_C,external_time_check,external_time_check,arima_ar2,ARIMA,2,26,3,0.07262975075364697,0.09366644285717197,2.061334189812545,5.186199119217116,0.17308732732455992,0.7567488035135141,5,0.8186765429642473,0.9758268309039648,approximate_with_skipped_origins_overlap_selection_and_heavy_tails
toe_pre_topple_post_rain_resume,toe_E5_C,external_time_check,external_time_check,arima_ar2,ARIMA,2,26,4,-0.11278920812507108,0.09366644285717197,2.061334189812545,5.186199119217116,0.17308732732455992,0.7567488035135141,5,0.8186765429642473,0.9758268309039648,approximate_with_skipped_origins_overlap_selection_and_heavy_tails
toe_pre_topple_post_rain_resume,toe_E5_C,external_time_check,external_time_check,arima_ar2,ARIMA,2,26,5,-0.04646739169987958,0.09366644285717197,2.061334189812545,5.186199119217116,0.17308732732455992,0.7567488035135141,5,0.8186765429642473,0.9758268309039648,approximate_with_skipped_origins_overlap_selection_and_heavy_tails
toe_pre_topple_post_rain_resume,toe_E5_C,external_time_check,external_time_check,arima_ar2,ARIMA,2,26,6,0.11054397564669503,0.09366644285717197,2.061334189812545,5.186199119217116,0.17308732732455992,0.7567488035135141,5,0.8186765429642473,0.9758268309039648,approximate_with_skipped_origins_overlap_selection_and_heavy_tails
toe_pre_topple_post_rain_resume,toe_E5_C,external_time_check,external_time_check,arima_ar2,ARIMA,2,26,7,0.40710214049317506,0.09366644285717197,2.061334189812545,5.186199119217116,0.17308732732455992,0.7567488035135141,5,0.8186765429642473,0.9758268309039648,approximate_with_skipped_origins_overlap_selection_and_heavy_tails
toe_pre_topple_post_rain_resume,toe_E5_C,external_time_check,external_time_check,arima_ar2,ARIMA,2,26,8,-0.1518021618776212,0.09366644285717197,2.061334189812545,5.186199119217116,0.17308732732455992,0.7567488035135141,5,0.8186765429642473,0.9758268309039648,approximate_with_skipped_origins_overlap_selection_and_heavy_tails
toe_pre_topple_post_rain_resume,toe_E5_C,external_time_check,external_time_check,arima_ar2,ARIMA,2,26,9,-0.09515851428393901,0.09366644285717197,2.061334189812545,5.186199119217116,0.17308732732455992,0.7567488035135141,5,0.8186765429642473,0.9758268309039648,approximate_with_skipped_origins_overlap_selection_and_heavy_tails
toe_pre_topple_post_rain_resume,toe_E5_C,external_time_check,external_time_check,arima_ar2,ARIMA,2,26,10,0.07935064621181745,0.09366644285717197,2.061334189812545,5.186199119217116,0.17308732732455992,0.7567488035135141,5,0.8186765429642473,0.9758268309039648,approximate_with_skipped_origins_overlap_selection_and_heavy_tails
toe_pre_topple_post_rain_resume,toe_E5_C,external_time_check,external_time_check,arima_ar2,ARIMA,7,25,0,1.0,-0.01714608516546701,2.7448834621408644,11.63307307380992,0.14158486957348274,0.6022278963015364,5,2.6000773827826387,0.7613535104355911,approximate_with_skipped_origins_overlap_selection_and_heavy_tails
toe_pre_topple_post_rain_resume,toe_E5_C,external_time_check,external_time_check,arima_ar2,ARIMA,7,25,1,-0.26916789952588055,-0.01714608516546701,2.7448834621408644,11.63307307380992,0.14158486957348274,0.6022278963015364,5,2.6000773827826387,0.7613535104355911,approximate_with_skipped_origins_overlap_selection_and_heavy_tails
toe_pre_topple_post_rain_resume,toe_E5_C,external_time_check,external_time_check,arima_ar2,ARIMA,7,25,2,-0.04782075208752803,-0.01714608516546701,2.7448834621408644,11.63307307380992,0.14158486957348274,0.6022278963015364,5,2.6000773827826387,0.7613535104355911,approximate_with_skipped_origins_overlap_selection_and_heavy_tails
toe_pre_topple_post_rain_resume,toe_E5_C,external_time_check,external_time_check,arima_ar2,ARIMA,7,25,3,0.054027602369895525,-0.01714608516546701,2.7448834621408644,11.63307307380992,0.14158486957348274,0.6022278963015364,5,2.6000773827826387,0.7613535104355911,approximate_with_skipped_origins_overlap_selection_and_heavy_tails
toe_pre_topple_post_rain_resume,toe_E5_C,external_time_check,external_time_check,arima_ar2,ARIMA,7,25,4,-0.051526599544795694,-0.01714608516546701,2.7448834621408644,11.63307307380992,0.14158486957348274,0.6022278963015364,5,2.6000773827826387,0.7613535104355911,approximate_with_skipped_origins_overlap_selection_and_heavy_tails
toe_pre_topple_post_rain_resume,toe_E5_C,external_time_check,external_time_check,arima_ar2,ARIMA,7,25,5,-0.09742932313835495,-0.01714608516546701,2.7448834621408644,11.63307307380992,0.14158486957348274,0.6022278963015364,5,2.6000773827826387,0.7613535104355911,approximate_with_skipped_origins_overlap_selection_and_heavy_tails
toe_pre_topple_post_rain_resume,toe_E5_C,external_time_check,external_time_check,arima_ar2,ARIMA,7,25,6,0.0066362515240518,-0.01714608516546701,2.7448834621408644,11.63307307380992,0.14158486957348274,0.6022278963015364,5,2.6000773827826387,0.7613535104355911,approximate_with_skipped_origins_overlap_selection_and_heavy_tails
toe_pre_topple_post_rain_resume,toe_E5_C,external_time_check,external_time_check,arima_ar2,ARIMA,7,25,7,0.005170823923612944,-0.01714608516546701,2.7448834621408644,11.63307307380992,0.14158486957348274,0.6022278963015364,5,2.6000773827826387,0.7613535104355911,approximate_with_skipped_origins_overlap_selection_and_heavy_tails
toe_pre_topple_post_rain_resume,toe_E5_C,external_time_check,external_time_check,arima_ar2,ARIMA,7,25,8,-0.04316199350668383,-0.01714608516546701,2.7448834621408644,11.63307307380992,0.14158486957348274,0.6022278963015364,5,2.6000773827826387,0.7613535104355911,approximate_with_skipped_origins_overlap_selection_and_heavy_tails
toe_pre_topple_post_rain_resume,toe_E5_C,external_time_check,external_time_check,arima_ar2,ARIMA,7,25,9,-0.07641854041257638,-0.01714608516546701,2.7448834621408644,11.63307307380992,0.14158486957348274,0.6022278963015364,5,2.6000773827826387,0.7613535104355911,approximate_with_skipped_origins_overlap_selection_and_heavy_tails
toe_pre_topple_post_rain_resume,toe_E5_C,external_time_check,external_time_check,arima_ar2,ARIMA,7,25,10,0.11119310176058235,-0.01714608516546701,2.7448834621408644,11.63307307380992,0.14158486957348274,0.6022278963015364,5,2.6000773827826387,0.7613535104355911,approximate_with_skipped_origins_overlap_selection_and_heavy_tails
toe_pre_topple_post_rain_resume,toe_E5_C,external_time_check,external_time_check,arima_arma11,ARIMA,1,26,0,1.0,-0.07769386541254361,-1.5949384783944225,3.0553059474395794,0.07167737171462465,0.7850623658394561,5,3.6855293758874317,0.5955188734759953,approximate_with_skipped_origins_overlap_selection_and_heavy_tails
toe_pre_topple_post_rain_resume,toe_E5_C,external_time_check,external_time_check,arima_arma11,ARIMA,1,26,1,0.24453314149083458,-0.07769386541254361,-1.5949384783944225,3.0553059474395794,0.07167737171462465,0.7850623658394561,5,3.6855293758874317,0.5955188734759953,approximate_with_skipped_origins_overlap_selection_and_heavy_tails
toe_pre_topple_post_rain_resume,toe_E5_C,external_time_check,external_time_check,arima_arma11,ARIMA,1,26,2,-0.0694244707682428,-0.07769386541254361,-1.5949384783944225,3.0553059474395794,0.07167737171462465,0.7850623658394561,5,3.6855293758874317,0.5955188734759953,approximate_with_skipped_origins_overlap_selection_and_heavy_tails
toe_pre_topple_post_rain_resume,toe_E5_C,external_time_check,external_time_check,arima_arma11,ARIMA,1,26,3,-0.232904116961098,-0.07769386541254361,-1.5949384783944225,3.0553059474395794,0.07167737171462465,0.7850623658394561,5,3.6855293758874317,0.5955188734759953,approximate_with_skipped_origins_overlap_selection_and_heavy_tails
toe_pre_topple_post_rain_resume,toe_E5_C,external_time_check,external_time_check,arima_arma11,ARIMA,1,26,4,-0.046529296418891766,-0.07769386541254361,-1.5949384783944225,3.0553059474395794,0.07167737171462465,0.7850623658394561,5,3.6855293758874317,0.5955188734759953,approximate_with_skipped_origins_overlap_selection_and_heavy_tails
toe_pre_topple_post_rain_resume,toe_E5_C,external_time_check,external_time_check,arima_arma11,ARIMA,1,26,5,0.01652388190036318,-0.07769386541254361,-1.5949384783944225,3.0553059474395794,0.07167737171462465,0.7850623658394561,5,3.6855293758874317,0.5955188734759953,approximate_with_skipped_origins_overlap_selection_and_heavy_tails
toe_pre_topple_post_rain_resume,toe_E5_C,external_time_check,external_time_check,arima_arma11,ARIMA,1,26,6,-0.13493598230622675,-0.07769386541254361,-1.5949384783944225,3.0553059474395794,0.07167737171462465,0.7850623658394561,5,3.6855293758874317,0.5955188734759953,approximate_with_skipped_origins_overlap_selection_and_heavy_tails
toe_pre_topple_post_rain_resume,toe_E5_C,external_time_check,external_time_check,arima_arma11,ARIMA,1,26,7,-0.06103187586245327,-0.07769386541254361,-1.5949384783944225,3.0553059474395794,0.07167737171462465,0.7850623658394561,5,3.6855293758874317,0.5955188734759953,approximate_with_skipped_origins_overlap_selection_and_heavy_tails
toe_pre_topple_post_rain_resume,toe_E5_C,external_time_check,external_time_check,arima_arma11,ARIMA,1,26,8,-0.09716091153891178,-0.07769386541254361,-1.5949384783944225,3.0553059474395794,0.07167737171462465,0.7850623658394561,5,3.6855293758874317,0.5955188734759953,approximate_with_skipped_origins_overlap_selection_and_heavy_tails
toe_pre_topple_post_rain_resume,toe_E5_C,external_time_check,external_time_check,arima_arma11,ARIMA,1,26,9,0.06272576998898702,-0.07769386541254361,-1.5949384783944225,3.0553059474395794,0.07167737171462465,0.7850623658394561,5,3.6855293758874317,0.5955188734759953,approximate_with_skipped_origins_overlap_selection_and_heavy_tails
toe_pre_topple_post_rain_resume,toe_E5_C,external_time_check,external_time_check,arima_arma11,ARIMA,1,26,10,-0.05857424863270674,-0.07769386541254361,-1.5949384783944225,3.0553059474395794,0.07167737171462465,0.7850623658394561,5,3.6855293758874317,0.5955188734759953,approximate_with_skipped_origins_overlap_selection_and_heavy_tails
toe_pre_topple_post_rain_resume,toe_E5_C,external_time_check,external_time_check,arima_arma11,ARIMA,2,26,0,1.0,0.07308607155273703,1.7517723257558968,5.18569084707611,0.18779274779714286,0.7813798187358376,5,3.566731452554273,0.6133152400056967,approximate_with_skipped_origins_overlap_selection_and_heavy_tails
toe_pre_topple_post_rain_resume,toe_E5_C,external_time_check,external_time_check,arima_arma11,ARIMA,2,26,1,-0.31736756690203777,0.07308607155273703,1.7517723257558968,5.18569084707611,0.18779274779714286,0.7813798187358376,5,3.566731452554273,0.6133152400056967,approximate_with_skipped_origins_overlap_selection_and_heavy_tails
toe_pre_topple_post_rain_resume,toe_E5_C,external_time_check,external_time_check,arima_arma11,ARIMA,2,26,2,-0.04375290484036058,0.07308607155273703,1.7517723257558968,5.18569084707611,0.18779274779714286,0.7813798187358376,5,3.566731452554273,0.6133152400056967,approximate_with_skipped_origins_overlap_selection_and_heavy_tails
toe_pre_topple_post_rain_resume,toe_E5_C,external_time_check,external_time_check,arima_arma11,ARIMA,2,26,3,0.05923674775020331,0.07308607155273703,1.7517723257558968,5.18569084707611,0.18779274779714286,0.7813798187358376,5,3.566731452554273,0.6133152400056967,approximate_with_skipped_origins_overlap_selection_and_heavy_tails
toe_pre_topple_post_rain_resume,toe_E5_C,external_time_check,external_time_check,arima_arma11,ARIMA,2,26,4,-0.060534380668725705,0.07308607155273703,1.7517723257558968,5.18569084707611,0.18779274779714286,0.7813798187358376,5,3.566731452554273,0.6133152400056967,approximate_with_skipped_origins_overlap_selection_and_heavy_tails
toe_pre_topple_post_rain_resume,toe_E5_C,external_time_check,external_time_check,arima_arma11,ARIMA,2,26,5,-0.0995144340180446,0.07308607155273703,1.7517723257558968,5.18569084707611,0.18779274779714286,0.7813798187358376,5,3.566731452554273,0.6133152400056967,approximate_with_skipped_origins_overlap_selection_and_heavy_tails
toe_pre_topple_post_rain_resume,toe_E5_C,external_time_check,external_time_check,arima_arma11,ARIMA,2,26,6,0.08244853317838845,0.07308607155273703,1.7517723257558968,5.18569084707611,0.18779274779714286,0.7813798187358376,5,3.566731452554273,0.6133152400056967,approximate_with_skipped_origins_overlap_selection_and_heavy_tails
toe_pre_topple_post_rain_resume,toe_E5_C,external_time_check,external_time_check,arima_arma11,ARIMA,2,26,7,0.30425783926746586,0.07308607155273703,1.7517723257558968,5.18569084707611,0.18779274779714286,0.7813798187358376,5,3.566731452554273,0.6133152400056967,approximate_with_skipped_origins_overlap_selection_and_heavy_tails
toe_pre_topple_post_rain_resume,toe_E5_C,external_time_check,external_time_check,arima_arma11,ARIMA,2,26,8,-0.2654196074031299,0.07308607155273703,1.7517723257558968,5.18569084707611,0.18779274779714286,0.7813798187358376,5,3.566731452554273,0.6133152400056967,approximate_with_skipped_origins_overlap_selection_and_heavy_tails
toe_pre_topple_post_rain_resume,toe_E5_C,external_time_check,external_time_check,arima_arma11,ARIMA,2,26,9,-0.06875657980499973,0.07308607155273703,1.7517723257558968,5.18569084707611,0.18779274779714286,0.7813798187358376,5,3.566731452554273,0.6133152400056967,approximate_with_skipped_origins_overlap_selection_and_heavy_tails
toe_pre_topple_post_rain_resume,toe_E5_C,external_time_check,external_time_check,arima_arma11,ARIMA,2,26,10,0.08758300111298792,0.07308607155273703,1.7517723257558968,5.18569084707611,0.18779274779714286,0.7813798187358376,5,3.566731452554273,0.6133152400056967,approximate_with_skipped_origins_overlap_selection_and_heavy_tails
toe_pre_topple_post_rain_resume,toe_E5_C,external_time_check,external_time_check,arima_arma11,ARIMA,7,25,0,1.0,-0.07298592823324611,-1.873442874287004,10.411933676692518,0.1583283627751635,1.2176387899910066,5,5.5556041516766905,0.35188720152920633,approximate_with_skipped_origins_overlap_selection_and_heavy_tails
toe_pre_topple_post_rain_resume,toe_E5_C,external_time_check,external_time_check,arima_arma11,ARIMA,7,25,1,-0.43837837147782993,-0.07298592823324611,-1.873442874287004,10.411933676692518,0.1583283627751635,1.2176387899910066,5,5.5556041516766905,0.35188720152920633,approximate_with_skipped_origins_overlap_selection_and_heavy_tails
toe_pre_topple_post_rain_resume,toe_E5_C,external_time_check,external_time_check,arima_arma11,ARIMA,7,25,2,0.0436298291440792,-0.07298592823324611,-1.873442874287004,10.411933676692518,0.1583283627751635,1.2176387899910066,5,5.5556041516766905,0.35188720152920633,approximate_with_skipped_origins_overlap_selection_and_heavy_tails
toe_pre_topple_post_rain_resume,toe_E5_C,external_time_check,external_time_check,arima_arma11,ARIMA,7,25,3,0.03315586942549079,-0.07298592823324611,-1.873442874287004,10.411933676692518,0.1583283627751635,1.2176387899910066,5,5.5556041516766905,0.35188720152920633,approximate_with_skipped_origins_overlap_selection_and_heavy_tails
toe_pre_topple_post_rain_resume,toe_E5_C,external_time_check,external_time_check,arima_arma11,ARIMA,7,25,4,-0.035725068231474574,-0.07298592823324611,-1.873442874287004,10.411933676692518,0.1583283627751635,1.2176387899910066,5,5.5556041516766905,0.35188720152920633,approximate_with_skipped_origins_overlap_selection_and_heavy_tails
toe_pre_topple_post_rain_resume,toe_E5_C,external_time_check,external_time_check,arima_arma11,ARIMA,7,25,5,0.024372363714437656,-0.07298592823324611,-1.873442874287004,10.411933676692518,0.1583283627751635,1.2176387899910066,5,5.5556041516766905,0.35188720152920633,approximate_with_skipped_origins_overlap_selection_and_heavy_tails
toe_pre_topple_post_rain_resume,toe_E5_C,external_time_check,external_time_check,arima_arma11,ARIMA,7,25,6,0.07517533227156235,-0.07298592823324611,-1.873442874287004,10.411933676692518,0.1583283627751635,1.2176387899910066,5,5.5556041516766905,0.35188720152920633,approximate_with_skipped_origins_overlap_selection_and_heavy_tails
toe_pre_topple_post_rain_resume,toe_E5_C,external_time_check,external_time_check,arima_arma11,ARIMA,7,25,7,-0.016651734882252172,-0.07298592823324611,-1.873442874287004,10.411933676692518,0.1583283627751635,1.2176387899910066,5,5.5556041516766905,0.35188720152920633,approximate_with_skipped_origins_overlap_selection_and_heavy_tails
toe_pre_topple_post_rain_resume,toe_E5_C,external_time_check,external_time_check,arima_arma11,ARIMA,7,25,8,-0.026958523919199603,-0.07298592823324611,-1.873442874287004,10.411933676692518,0.1583283627751635,1.2176387899910066,5,5.5556041516766905,0.35188720152920633,approximate_with_skipped_origins_overlap_selection_and_heavy_tails
toe_pre_topple_post_rain_resume,toe_E5_C,external_time_check,external_time_check,arima_arma11,ARIMA,7,25,9,-0.03512758792359526,-0.07298592823324611,-1.873442874287004,10.411933676692518,0.1583283627751635,1.2176387899910066,5,5.5556041516766905,0.35188720152920633,approximate_with_skipped_origins_overlap_selection_and_heavy_tails
toe_pre_topple_post_rain_resume,toe_E5_C,external_time_check,external_time_check,arima_arma11,ARIMA,7,25,10,0.04745788402522269,-0.07298592823324611,-1.873442874287004,10.411933676692518,0.1583283627751635,1.2176387899910066,5,5.5556041516766905,0.35188720152920633,approximate_with_skipped_origins_overlap_selection_and_heavy_tails
toe_pre_topple_post_rain_resume,toe_E5_C,external_time_check,external_time_check,arima_mean,ARIMA,1,24,0,1.0,0.06801623551499408,4.047433893714436,18.69326105266921,0.09447050717870178,0.8624564398075786,4,0.9141669697638659,0.9225195968028099,approximate_with_skipped_origins_overlap_selection_and_heavy_tails
toe_pre_topple_post_rain_resume,toe_E5_C,external_time_check,external_time_check,arima_mean,ARIMA,1,24,1,0.16920496165481982,0.06801623551499408,4.047433893714436,18.69326105266921,0.09447050717870178,0.8624564398075786,4,0.9141669697638659,0.9225195968028099,approximate_with_skipped_origins_overlap_selection_and_heavy_tails
toe_pre_topple_post_rain_resume,toe_E5_C,external_time_check,external_time_check,arima_mean,ARIMA,1,24,2,0.011467820175841135,0.06801623551499408,4.047433893714436,18.69326105266921,0.09447050717870178,0.8624564398075786,4,0.9141669697638659,0.9225195968028099,approximate_with_skipped_origins_overlap_selection_and_heavy_tails
toe_pre_topple_post_rain_resume,toe_E5_C,external_time_check,external_time_check,arima_mean,ARIMA,1,24,3,0.06688780810324452,0.06801623551499408,4.047433893714436,18.69326105266921,0.09447050717870178,0.8624564398075786,4,0.9141669697638659,0.9225195968028099,approximate_with_skipped_origins_overlap_selection_and_heavy_tails
toe_pre_topple_post_rain_resume,toe_E5_C,external_time_check,external_time_check,arima_mean,ARIMA,1,24,4,0.004879155588684326,0.06801623551499408,4.047433893714436,18.69326105266921,0.09447050717870178,0.8624564398075786,4,0.9141669697638659,0.9225195968028099,approximate_with_skipped_origins_overlap_selection_and_heavy_tails
toe_pre_topple_post_rain_resume,toe_E5_C,external_time_check,external_time_check,arima_mean,ARIMA,1,24,5,0.013880399259154536,0.06801623551499408,4.047433893714436,18.69326105266921,0.09447050717870178,0.8624564398075786,4,0.9141669697638659,0.9225195968028099,approximate_with_skipped_origins_overlap_selection_and_heavy_tails
toe_pre_topple_post_rain_resume,toe_E5_C,external_time_check,external_time_check,arima_mean,ARIMA,1,24,6,0.045874371676632095,0.06801623551499408,4.047433893714436,18.69326105266921,0.09447050717870178,0.8624564398075786,4,0.9141669697638659,0.9225195968028099,approximate_with_skipped_origins_overlap_selection_and_heavy_tails
toe_pre_topple_post_rain_resume,toe_E5_C,external_time_check,external_time_check,arima_mean,ARIMA,1,24,7,0.003319493796121471,0.06801623551499408,4.047433893714436,18.69326105266921,0.09447050717870178,0.8624564398075786,4,0.9141669697638659,0.9225195968028099,approximate_with_skipped_origins_overlap_selection_and_heavy_tails
toe_pre_topple_post_rain_resume,toe_E5_C,external_time_check,external_time_check,arima_mean,ARIMA,1,24,8,0.04137542966326983,0.06801623551499408,4.047433893714436,18.69326105266921,0.09447050717870178,0.8624564398075786,4,0.9141669697638659,0.9225195968028099,approximate_with_skipped_origins_overlap_selection_and_heavy_tails
toe_pre_topple_post_rain_resume,toe_E5_C,external_time_check,external_time_check,arima_mean,ARIMA,1,24,9,-0.026450503084770823,0.06801623551499408,4.047433893714436,18.69326105266921,0.09447050717870178,0.8624564398075786,4,0.9141669697638659,0.9225195968028099,approximate_with_skipped_origins_overlap_selection_and_heavy_tails
toe_pre_topple_post_rain_resume,toe_E5_C,external_time_check,external_time_check,arima_mean,ARIMA,1,24,10,-0.0735250473633841,0.06801623551499408,4.047433893714436,18.69326105266921,0.09447050717870178,0.8624564398075786,4,0.9141669697638659,0.9225195968028099,approximate_with_skipped_origins_overlap_selection_and_heavy_tails
toe_pre_topple_post_rain_resume,toe_E5_C,external_time_check,external_time_check,arima_mean,ARIMA,2,24,0,1.0,0.20968290218166086,3.502610237631174,13.17035844250036,0.11285826055182199,1.703147977241688,4,3.5211321334717827,0.47467244068263126,approximate_with_skipped_origins_overlap_selection_and_heavy_tails
toe_pre_topple_post_rain_resume,toe_E5_C,external_time_check,external_time_check,arima_mean,ARIMA,2,24,1,0.3579119889260869,0.20968290218166086,3.502610237631174,13.17035844250036,0.11285826055182199,1.703147977241688,4,3.5211321334717827,0.47467244068263126,approximate_with_skipped_origins_overlap_selection_and_heavy_tails
toe_pre_topple_post_rain_resume,toe_E5_C,external_time_check,external_time_check,arima_mean,ARIMA,2,24,2,-0.008245753213128692,0.20968290218166086,3.502610237631174,13.17035844250036,0.11285826055182199,1.703147977241688,4,3.5211321334717827,0.47467244068263126,approximate_with_skipped_origins_overlap_selection_and_heavy_tails
toe_pre_topple_post_rain_resume,toe_E5_C,external_time_check,external_time_check,arima_mean,ARIMA,2,24,3,-0.0002566464773806135,0.20968290218166086,3.502610237631174,13.17035844250036,0.11285826055182199,1.703147977241688,4,3.5211321334717827,0.47467244068263126,approximate_with_skipped_origins_overlap_selection_and_heavy_tails
toe_pre_topple_post_rain_resume,toe_E5_C,external_time_check,external_time_check,arima_mean,ARIMA,2,24,4,-0.037453415156140195,0.20968290218166086,3.502610237631174,13.17035844250036,0.11285826055182199,1.703147977241688,4,3.5211321334717827,0.47467244068263126,approximate_with_skipped_origins_overlap_selection_and_heavy_tails
toe_pre_topple_post_rain_resume,toe_E5_C,external_time_check,external_time_check,arima_mean,ARIMA,2,24,5,0.02994854493849895,0.20968290218166086,3.502610237631174,13.17035844250036,0.11285826055182199,1.703147977241688,4,3.5211321334717827,0.47467244068263126,approximate_with_skipped_origins_overlap_selection_and_heavy_tails
toe_pre_topple_post_rain_resume,toe_E5_C,external_time_check,external_time_check,arima_mean,ARIMA,2,24,6,0.0200697843051929,0.20968290218166086,3.502610237631174,13.17035844250036,0.11285826055182199,1.703147977241688,4,3.5211321334717827,0.47467244068263126,approximate_with_skipped_origins_overlap_selection_and_heavy_tails
toe_pre_topple_post_rain_resume,toe_E5_C,external_time_check,external_time_check,arima_mean,ARIMA,2,24,7,0.049939312875632816,0.20968290218166086,3.502610237631174,13.17035844250036,0.11285826055182199,1.703147977241688,4,3.5211321334717827,0.47467244068263126,approximate_with_skipped_origins_overlap_selection_and_heavy_tails
toe_pre_topple_post_rain_resume,toe_E5_C,external_time_check,external_time_check,arima_mean,ARIMA,2,24,8,0.09171236776223762,0.20968290218166086,3.502610237631174,13.17035844250036,0.11285826055182199,1.703147977241688,4,3.5211321334717827,0.47467244068263126,approximate_with_skipped_origins_overlap_selection_and_heavy_tails
toe_pre_topple_post_rain_resume,toe_E5_C,external_time_check,external_time_check,arima_mean,ARIMA,2,24,9,-0.05293387285172939,0.20968290218166086,3.502610237631174,13.17035844250036,0.11285826055182199,1.703147977241688,4,3.5211321334717827,0.47467244068263126,approximate_with_skipped_origins_overlap_selection_and_heavy_tails
toe_pre_topple_post_rain_resume,toe_E5_C,external_time_check,external_time_check,arima_mean,ARIMA,2,24,10,-0.08285874819083526,0.20968290218166086,3.502610237631174,13.17035844250036,0.11285826055182199,1.703147977241688,4,3.5211321334717827,0.47467244068263126,approximate_with_skipped_origins_overlap_selection_and_heavy_tails
toe_pre_topple_post_rain_resume,toe_E5_C,external_time_check,external_time_check,arima_mean,ARIMA,7,23,0,1.0,0.057354409496414585,2.4329994799731014,6.16329698450919,0.10839350421687549,1.5113850192288467,4,4.244025553336891,0.37398676790714375,approximate_with_skipped_origins_overlap_selection_and_heavy_tails
toe_pre_topple_post_rain_resume,toe_E5_C,external_time_check,external_time_check,arima_mean,ARIMA,7,23,1,0.3892246331932689,0.057354409496414585,2.4329994799731014,6.16329698450919,0.10839350421687549,1.5113850192288467,4,4.244025553336891,0.37398676790714375,approximate_with_skipped_origins_overlap_selection_and_heavy_tails
toe_pre_topple_post_rain_resume,toe_E5_C,external_time_check,external_time_check,arima_mean,ARIMA,7,23,2,-0.06879651097845318,0.057354409496414585,2.4329994799731014,6.16329698450919,0.10839350421687549,1.5113850192288467,4,4.244025553336891,0.37398676790714375,approximate_with_skipped_origins_overlap_selection_and_heavy_tails
toe_pre_topple_post_rain_resume,toe_E5_C,external_time_check,external_time_check,arima_mean,ARIMA,7,23,3,-0.02568364728771433,0.057354409496414585,2.4329994799731014,6.16329698450919,0.10839350421687549,1.5113850192288467,4,4.244025553336891,0.37398676790714375,approximate_with_skipped_origins_overlap_selection_and_heavy_tails
toe_pre_topple_post_rain_resume,toe_E5_C,external_time_check,external_time_check,arima_mean,ARIMA,7,23,4,-0.06701643215355978,0.057354409496414585,2.4329994799731014,6.16329698450919,0.10839350421687549,1.5113850192288467,4,4.244025553336891,0.37398676790714375,approximate_with_skipped_origins_overlap_selection_and_heavy_tails
toe_pre_topple_post_rain_resume,toe_E5_C,external_time_check,external_time_check,arima_mean,ARIMA,7,23,5,-0.1343477131878359,0.057354409496414585,2.4329994799731014,6.16329698450919,0.10839350421687549,1.5113850192288467,4,4.244025553336891,0.37398676790714375,approximate_with_skipped_origins_overlap_selection_and_heavy_tails
toe_pre_topple_post_rain_resume,toe_E5_C,external_time_check,external_time_check,arima_mean,ARIMA,7,23,6,-0.11547448175403649,0.057354409496414585,2.4329994799731014,6.16329698450919,0.10839350421687549,1.5113850192288467,4,4.244025553336891,0.37398676790714375,approximate_with_skipped_origins_overlap_selection_and_heavy_tails
toe_pre_topple_post_rain_resume,toe_E5_C,external_time_check,external_time_check,arima_mean,ARIMA,7,23,7,-0.03991744291926442,0.057354409496414585,2.4329994799731014,6.16329698450919,0.10839350421687549,1.5113850192288467,4,4.244025553336891,0.37398676790714375,approximate_with_skipped_origins_overlap_selection_and_heavy_tails
toe_pre_topple_post_rain_resume,toe_E5_C,external_time_check,external_time_check,arima_mean,ARIMA,7,23,8,-0.025234018877961988,0.057354409496414585,2.4329994799731014,6.16329698450919,0.10839350421687549,1.5113850192288467,4,4.244025553336891,0.37398676790714375,approximate_with_skipped_origins_overlap_selection_and_heavy_tails
toe_pre_topple_post_rain_resume,toe_E5_C,external_time_check,external_time_check,arima_mean,ARIMA,7,23,9,-0.05116577225183092,0.057354409496414585,2.4329994799731014,6.16329698450919,0.10839350421687549,1.5113850192288467,4,4.244025553336891,0.37398676790714375,approximate_with_skipped_origins_overlap_selection_and_heavy_tails
toe_pre_topple_post_rain_resume,toe_E5_C,external_time_check,external_time_check,arima_mean,ARIMA,7,23,10,-0.006232408168192918,0.057354409496414585,2.4329994799731014,6.16329698450919,0.10839350421687549,1.5113850192288467,4,4.244025553336891,0.37398676790714375,approximate_with_skipped_origins_overlap_selection_and_heavy_tails
toe_pre_topple_post_rain_resume,toe_E5_C,external_time_check,external_time_check,arimax_ar1_rain_lag2,conditional_ARIMAX,1,25,0,1.0,-0.054527587386065814,-1.1936724310941844,1.918903092028538,0.052958657596615055,0.7586279964042709,5,3.0226203713636988,0.6964982689455859,approximate_with_skipped_origins_overlap_selection_and_heavy_tails
toe_pre_topple_post_rain_resume,toe_E5_C,external_time_check,external_time_check,arimax_ar1_rain_lag2,conditional_ARIMAX,1,25,1,0.2579502800935006,-0.054527587386065814,-1.1936724310941844,1.918903092028538,0.052958657596615055,0.7586279964042709,5,3.0226203713636988,0.6964982689455859,approximate_with_skipped_origins_overlap_selection_and_heavy_tails
toe_pre_topple_post_rain_resume,toe_E5_C,external_time_check,external_time_check,arimax_ar1_rain_lag2,conditional_ARIMAX,1,25,2,0.0060482800804351,-0.054527587386065814,-1.1936724310941844,1.918903092028538,0.052958657596615055,0.7586279964042709,5,3.0226203713636988,0.6964982689455859,approximate_with_skipped_origins_overlap_selection_and_heavy_tails
toe_pre_topple_post_rain_resume,toe_E5_C,external_time_check,external_time_check,arimax_ar1_rain_lag2,conditional_ARIMAX,1,25,3,-0.12787045248612006,-0.054527587386065814,-1.1936724310941844,1.918903092028538,0.052958657596615055,0.7586279964042709,5,3.0226203713636988,0.6964982689455859,approximate_with_skipped_origins_overlap_selection_and_heavy_tails
toe_pre_topple_post_rain_resume,toe_E5_C,external_time_check,external_time_check,arimax_ar1_rain_lag2,conditional_ARIMAX,1,25,4,-0.04326349872127991,-0.054527587386065814,-1.1936724310941844,1.918903092028538,0.052958657596615055,0.7586279964042709,5,3.0226203713636988,0.6964982689455859,approximate_with_skipped_origins_overlap_selection_and_heavy_tails
toe_pre_topple_post_rain_resume,toe_E5_C,external_time_check,external_time_check,arimax_ar1_rain_lag2,conditional_ARIMAX,1,25,5,-0.13202907887736648,-0.054527587386065814,-1.1936724310941844,1.918903092028538,0.052958657596615055,0.7586279964042709,5,3.0226203713636988,0.6964982689455859,approximate_with_skipped_origins_overlap_selection_and_heavy_tails
toe_pre_topple_post_rain_resume,toe_E5_C,external_time_check,external_time_check,arimax_ar1_rain_lag2,conditional_ARIMAX,1,25,6,-0.06604517802595765,-0.054527587386065814,-1.1936724310941844,1.918903092028538,0.052958657596615055,0.7586279964042709,5,3.0226203713636988,0.6964982689455859,approximate_with_skipped_origins_overlap_selection_and_heavy_tails
toe_pre_topple_post_rain_resume,toe_E5_C,external_time_check,external_time_check,arimax_ar1_rain_lag2,conditional_ARIMAX,1,25,7,-0.22277258894325677,-0.054527587386065814,-1.1936724310941844,1.918903092028538,0.052958657596615055,0.7586279964042709,5,3.0226203713636988,0.6964982689455859,approximate_with_skipped_origins_overlap_selection_and_heavy_tails
toe_pre_topple_post_rain_resume,toe_E5_C,external_time_check,external_time_check,arimax_ar1_rain_lag2,conditional_ARIMAX,1,25,8,0.1813662717479865,-0.054527587386065814,-1.1936724310941844,1.918903092028538,0.052958657596615055,0.7586279964042709,5,3.0226203713636988,0.6964982689455859,approximate_with_skipped_origins_overlap_selection_and_heavy_tails
toe_pre_topple_post_rain_resume,toe_E5_C,external_time_check,external_time_check,arimax_ar1_rain_lag2,conditional_ARIMAX,1,25,9,0.15991661391186754,-0.054527587386065814,-1.1936724310941844,1.918903092028538,0.052958657596615055,0.7586279964042709,5,3.0226203713636988,0.6964982689455859,approximate_with_skipped_origins_overlap_selection_and_heavy_tails
toe_pre_topple_post_rain_resume,toe_E5_C,external_time_check,external_time_check,arimax_ar1_rain_lag2,conditional_ARIMAX,1,25,10,-0.06178050215641285,-0.054527587386065814,-1.1936724310941844,1.918903092028538,0.052958657596615055,0.7586279964042709,5,3.0226203713636988,0.6964982689455859,approximate_with_skipped_origins_overlap_selection_and_heavy_tails
toe_pre_topple_post_rain_resume,toe_E5_C,external_time_check,external_time_check,arimax_ar1_rain_lag2,conditional_ARIMAX,2,25,0,1.0,0.12843455454502428,1.6838243878603234,3.584505347902396,0.19771253513079629,0.7498005665751171,5,3.974695431242216,0.5530649310382318,approximate_with_skipped_origins_overlap_selection_and_heavy_tails
toe_pre_topple_post_rain_resume,toe_E5_C,external_time_check,external_time_check,arimax_ar1_rain_lag2,conditional_ARIMAX,2,25,1,0.19733497840208747,0.12843455454502428,1.6838243878603234,3.584505347902396,0.19771253513079629,0.7498005665751171,5,3.974695431242216,0.5530649310382318,approximate_with_skipped_origins_overlap_selection_and_heavy_tails
toe_pre_topple_post_rain_resume,toe_E5_C,external_time_check,external_time_check,arimax_ar1_rain_lag2,conditional_ARIMAX,2,25,2,-0.1710930595084736,0.12843455454502428,1.6838243878603234,3.584505347902396,0.19771253513079629,0.7498005665751171,5,3.974695431242216,0.5530649310382318,approximate_with_skipped_origins_overlap_selection_and_heavy_tails
toe_pre_topple_post_rain_resume,toe_E5_C,external_time_check,external_time_check,arimax_ar1_rain_lag2,conditional_ARIMAX,2,25,3,-0.11341865794103165,0.12843455454502428,1.6838243878603234,3.584505347902396,0.19771253513079629,0.7498005665751171,5,3.974695431242216,0.5530649310382318,approximate_with_skipped_origins_overlap_selection_and_heavy_tails
toe_pre_topple_post_rain_resume,toe_E5_C,external_time_check,external_time_check,arimax_ar1_rain_lag2,conditional_ARIMAX,2,25,4,-0.17985045084984227,0.12843455454502428,1.6838243878603234,3.584505347902396,0.19771253513079629,0.7498005665751171,5,3.974695431242216,0.5530649310382318,approximate_with_skipped_origins_overlap_selection_and_heavy_tails
toe_pre_topple_post_rain_resume,toe_E5_C,external_time_check,external_time_check,arimax_ar1_rain_lag2,conditional_ARIMAX,2,25,5,-0.13176857160053035,0.12843455454502428,1.6838243878603234,3.584505347902396,0.19771253513079629,0.7498005665751171,5,3.974695431242216,0.5530649310382318,approximate_with_skipped_origins_overlap_selection_and_heavy_tails
toe_pre_topple_post_rain_resume,toe_E5_C,external_time_check,external_time_check,arimax_ar1_rain_lag2,conditional_ARIMAX,2,25,6,0.16064908888266727,0.12843455454502428,1.6838243878603234,3.584505347902396,0.19771253513079629,0.7498005665751171,5,3.974695431242216,0.5530649310382318,approximate_with_skipped_origins_overlap_selection_and_heavy_tails
toe_pre_topple_post_rain_resume,toe_E5_C,external_time_check,external_time_check,arimax_ar1_rain_lag2,conditional_ARIMAX,2,25,7,0.2933423637394223,0.12843455454502428,1.6838243878603234,3.584505347902396,0.19771253513079629,0.7498005665751171,5,3.974695431242216,0.5530649310382318,approximate_with_skipped_origins_overlap_selection_and_heavy_tails
toe_pre_topple_post_rain_resume,toe_E5_C,external_time_check,external_time_check,arimax_ar1_rain_lag2,conditional_ARIMAX,2,25,8,0.20523493103076415,0.12843455454502428,1.6838243878603234,3.584505347902396,0.19771253513079629,0.7498005665751171,5,3.974695431242216,0.5530649310382318,approximate_with_skipped_origins_overlap_selection_and_heavy_tails
toe_pre_topple_post_rain_resume,toe_E5_C,external_time_check,external_time_check,arimax_ar1_rain_lag2,conditional_ARIMAX,2,25,9,-0.0888347342651461,0.12843455454502428,1.6838243878603234,3.584505347902396,0.19771253513079629,0.7498005665751171,5,3.974695431242216,0.5530649310382318,approximate_with_skipped_origins_overlap_selection_and_heavy_tails
toe_pre_topple_post_rain_resume,toe_E5_C,external_time_check,external_time_check,arimax_ar1_rain_lag2,conditional_ARIMAX,2,25,10,-0.014493731460201836,0.12843455454502428,1.6838243878603234,3.584505347902396,0.19771253513079629,0.7498005665751171,5,3.974695431242216,0.5530649310382318,approximate_with_skipped_origins_overlap_selection_and_heavy_tails
toe_pre_topple_post_rain_resume,toe_E5_C,external_time_check,external_time_check,expanding_median,baseline,1,26,0,1.0,0.1461538461538461,4.2299913117035794,20.376552712348765,0.0,0.75,5,1.040648134073743,0.9592210427830286,approximate_with_skipped_origins_overlap_selection_and_heavy_tails
toe_pre_topple_post_rain_resume,toe_E5_C,external_time_check,external_time_check,expanding_median,baseline,1,26,1,0.1770157553290084,0.1461538461538461,4.2299913117035794,20.376552712348765,0.0,0.75,5,1.040648134073743,0.9592210427830286,approximate_with_skipped_origins_overlap_selection_and_heavy_tails
toe_pre_topple_post_rain_resume,toe_E5_C,external_time_check,external_time_check,expanding_median,baseline,1,26,2,0.007316525718257657,0.1461538461538461,4.2299913117035794,20.376552712348765,0.0,0.75,5,1.040648134073743,0.9592210427830286,approximate_with_skipped_origins_overlap_selection_and_heavy_tails
toe_pre_topple_post_rain_resume,toe_E5_C,external_time_check,external_time_check,expanding_median,baseline,1,26,3,0.060461799119555154,0.1461538461538461,4.2299913117035794,20.376552712348765,0.0,0.75,5,1.040648134073743,0.9592210427830286,approximate_with_skipped_origins_overlap_selection_and_heavy_tails
toe_pre_topple_post_rain_resume,toe_E5_C,external_time_check,external_time_check,expanding_median,baseline,1,26,4,-0.0011802015755328972,0.1461538461538461,4.2299913117035794,20.376552712348765,0.0,0.75,5,1.040648134073743,0.9592210427830286,approximate_with_skipped_origins_overlap_selection_and_heavy_tails
toe_pre_topple_post_rain_resume,toe_E5_C,external_time_check,external_time_check,expanding_median,baseline,1,26,5,0.017655960379981475,0.1461538461538461,4.2299913117035794,20.376552712348765,0.0,0.75,5,1.040648134073743,0.9592210427830286,approximate_with_skipped_origins_overlap_selection_and_heavy_tails
toe_pre_topple_post_rain_resume,toe_E5_C,external_time_check,external_time_check,expanding_median,baseline,1,26,6,0.04816380908248381,0.1461538461538461,4.2299913117035794,20.376552712348765,0.0,0.75,5,1.040648134073743,0.9592210427830286,approximate_with_skipped_origins_overlap_selection_and_heavy_tails
toe_pre_topple_post_rain_resume,toe_E5_C,external_time_check,external_time_check,expanding_median,baseline,1,26,7,0.00233506139944393,0.1461538461538461,4.2299913117035794,20.376552712348765,0.0,0.75,5,1.040648134073743,0.9592210427830286,approximate_with_skipped_origins_overlap_selection_and_heavy_tails
toe_pre_topple_post_rain_resume,toe_E5_C,external_time_check,external_time_check,expanding_median,baseline,1,26,8,0.04705601251158481,0.1461538461538461,4.2299913117035794,20.376552712348765,0.0,0.75,5,1.040648134073743,0.9592210427830286,approximate_with_skipped_origins_overlap_selection_and_heavy_tails
toe_pre_topple_post_rain_resume,toe_E5_C,external_time_check,external_time_check,expanding_median,baseline,1,26,9,-0.011762193002780355,0.1461538461538461,4.2299913117035794,20.376552712348765,0.0,0.75,5,1.040648134073743,0.9592210427830286,approximate_with_skipped_origins_overlap_selection_and_heavy_tails
toe_pre_topple_post_rain_resume,toe_E5_C,external_time_check,external_time_check,expanding_median,baseline,1,26,10,-0.06389741658943465,0.1461538461538461,4.2299913117035794,20.376552712348765,0.0,0.75,5,1.040648134073743,0.9592210427830286,approximate_with_skipped_origins_overlap_selection_and_heavy_tails
toe_pre_topple_post_rain_resume,toe_E5_C,external_time_check,external_time_check,expanding_median,baseline,2,26,0,1.0,0.2923076923076924,3.6566525706882906,14.449230698968586,0.19999999999999996,1.65,5,3.8531148847284857,0.570751846237848,approximate_with_skipped_origins_overlap_selection_and_heavy_tails
toe_pre_topple_post_rain_resume,toe_E5_C,external_time_check,external_time_check,expanding_median,baseline,2,26,1,0.3599985625213375,0.2923076923076924,3.6566525706882906,14.449230698968586,0.19999999999999996,1.65,5,3.8531148847284857,0.570751846237848,approximate_with_skipped_origins_overlap_selection_and_heavy_tails
toe_pre_topple_post_rain_resume,toe_E5_C,external_time_check,external_time_check,expanding_median,baseline,2,26,2,-0.028737594259668535,0.2923076923076924,3.6566525706882906,14.449230698968586,0.19999999999999996,1.65,5,3.8531148847284857,0.570751846237848,approximate_with_skipped_origins_overlap_selection_and_heavy_tails
toe_pre_topple_post_rain_resume,toe_E5_C,external_time_check,external_time_check,expanding_median,baseline,2,26,3,0.0038841871357638653,0.2923076923076924,3.6566525706882906,14.449230698968586,0.19999999999999996,1.65,5,3.8531148847284857,0.570751846237848,approximate_with_skipped_origins_overlap_selection_and_heavy_tails
toe_pre_topple_post_rain_resume,toe_E5_C,external_time_check,external_time_check,expanding_median,baseline,2,26,4,-0.03886582933534578,0.2923076923076924,3.6566525706882906,14.449230698968586,0.19999999999999996,1.65,5,3.8531148847284857,0.570751846237848,approximate_with_skipped_origins_overlap_selection_and_heavy_tails
toe_pre_topple_post_rain_resume,toe_E5_C,external_time_check,external_time_check,expanding_median,baseline,2,26,5,0.010301930414053733,0.2923076923076924,3.6566525706882906,14.449230698968586,0.19999999999999996,1.65,5,3.8531148847284857,0.570751846237848,approximate_with_skipped_origins_overlap_selection_and_heavy_tails
toe_pre_topple_post_rain_resume,toe_E5_C,external_time_check,external_time_check,expanding_median,baseline,2,26,6,0.03315185165220202,0.2923076923076924,3.6566525706882906,14.449230698968586,0.19999999999999996,1.65,5,3.8531148847284857,0.570751846237848,approximate_with_skipped_origins_overlap_selection_and_heavy_tails
toe_pre_topple_post_rain_resume,toe_E5_C,external_time_check,external_time_check,expanding_median,baseline,2,26,7,0.062230847094196746,0.2923076923076924,3.6566525706882906,14.449230698968586,0.19999999999999996,1.65,5,3.8531148847284857,0.570751846237848,approximate_with_skipped_origins_overlap_selection_and_heavy_tails
toe_pre_topple_post_rain_resume,toe_E5_C,external_time_check,external_time_check,expanding_median,baseline,2,26,8,0.07386843476542143,0.2923076923076924,3.6566525706882906,14.449230698968586,0.19999999999999996,1.65,5,3.8531148847284857,0.570751846237848,approximate_with_skipped_origins_overlap_selection_and_heavy_tails
toe_pre_topple_post_rain_resume,toe_E5_C,external_time_check,external_time_check,expanding_median,baseline,2,26,9,-0.05519319114273562,0.2923076923076924,3.6566525706882906,14.449230698968586,0.19999999999999996,1.65,5,3.8531148847284857,0.570751846237848,approximate_with_skipped_origins_overlap_selection_and_heavy_tails
toe_pre_topple_post_rain_resume,toe_E5_C,external_time_check,external_time_check,expanding_median,baseline,2,26,10,-0.07462311106319515,0.2923076923076924,3.6566525706882906,14.449230698968586,0.19999999999999996,1.65,5,3.8531148847284857,0.570751846237848,approximate_with_skipped_origins_overlap_selection_and_heavy_tails
toe_pre_topple_post_rain_resume,toe_E5_C,external_time_check,external_time_check,expanding_median,baseline,7,25,0,1.0,0.13199999999999956,2.570693767906048,6.949338681796473,0.10000000000000009,1.4799999999999878,5,5.131073651062836,0.4000942696486422,approximate_with_skipped_origins_overlap_selection_and_heavy_tails
toe_pre_topple_post_rain_resume,toe_E5_C,external_time_check,external_time_check,expanding_median,baseline,7,25,1,0.38811952007383377,0.13199999999999956,2.570693767906048,6.949338681796473,0.10000000000000009,1.4799999999999878,5,5.131073651062836,0.4000942696486422,approximate_with_skipped_origins_overlap_selection_and_heavy_tails
toe_pre_topple_post_rain_resume,toe_E5_C,external_time_check,external_time_check,expanding_median,baseline,7,25,2,-0.08860867558837107,0.13199999999999956,2.570693767906048,6.949338681796473,0.10000000000000009,1.4799999999999878,5,5.131073651062836,0.4000942696486422,approximate_with_skipped_origins_overlap_selection_and_heavy_tails
toe_pre_topple_post_rain_resume,toe_E5_C,external_time_check,external_time_check,expanding_median,baseline,7,25,3,0.0022104291647440143,0.13199999999999956,2.570693767906048,6.949338681796473,0.10000000000000009,1.4799999999999878,5,5.131073651062836,0.4000942696486422,approximate_with_skipped_origins_overlap_selection_and_heavy_tails
toe_pre_topple_post_rain_resume,toe_E5_C,external_time_check,external_time_check,expanding_median,baseline,7,25,4,-0.05902399630826048,0.13199999999999956,2.570693767906048,6.949338681796473,0.10000000000000009,1.4799999999999878,5,5.131073651062836,0.4000942696486422,approximate_with_skipped_origins_overlap_selection_and_heavy_tails
toe_pre_topple_post_rain_resume,toe_E5_C,external_time_check,external_time_check,expanding_median,baseline,7,25,5,-0.1278726349792342,0.13199999999999956,2.570693767906048,6.949338681796473,0.10000000000000009,1.4799999999999878,5,5.131073651062836,0.4000942696486422,approximate_with_skipped_origins_overlap_selection_and_heavy_tails
toe_pre_topple_post_rain_resume,toe_E5_C,external_time_check,external_time_check,expanding_median,baseline,7,25,6,-0.11446469773880956,0.13199999999999956,2.570693767906048,6.949338681796473,0.10000000000000009,1.4799999999999878,5,5.131073651062836,0.4000942696486422,approximate_with_skipped_origins_overlap_selection_and_heavy_tails
toe_pre_topple_post_rain_resume,toe_E5_C,external_time_check,external_time_check,expanding_median,baseline,7,25,7,-0.029010152284263797,0.13199999999999956,2.570693767906048,6.949338681796473,0.10000000000000009,1.4799999999999878,5,5.131073651062836,0.4000942696486422,approximate_with_skipped_origins_overlap_selection_and_heavy_tails
toe_pre_topple_post_rain_resume,toe_E5_C,external_time_check,external_time_check,expanding_median,baseline,7,25,8,-0.02044762344254739,0.13199999999999956,2.570693767906048,6.949338681796473,0.10000000000000009,1.4799999999999878,5,5.131073651062836,0.4000942696486422,approximate_with_skipped_origins_overlap_selection_and_heavy_tails
toe_pre_topple_post_rain_resume,toe_E5_C,external_time_check,external_time_check,expanding_median,baseline,7,25,9,-0.06195431472081231,0.13199999999999956,2.570693767906048,6.949338681796473,0.10000000000000009,1.4799999999999878,5,5.131073651062836,0.4000942696486422,approximate_with_skipped_origins_overlap_selection_and_heavy_tails
toe_pre_topple_post_rain_resume,toe_E5_C,external_time_check,external_time_check,expanding_median,baseline,7,25,10,0.030710659898477523,0.13199999999999956,2.570693767906048,6.949338681796473,0.10000000000000009,1.4799999999999878,5,5.131073651062836,0.4000942696486422,approximate_with_skipped_origins_overlap_selection_and_heavy_tails
toe_pre_topple_post_rain_resume,toe_E5_C,external_time_check,external_time_check,persistence,baseline,1,26,0,1.0,-0.0615384615384617,-0.7724290702906589,0.4927322151566318,0.19999999999999996,0.775,5,7.217841425032793,0.20493673458016184,approximate_with_skipped_origins_overlap_selection_and_heavy_tails
toe_pre_topple_post_rain_resume,toe_E5_C,external_time_check,external_time_check,persistence,baseline,1,26,1,0.46511808879031946,-0.0615384615384617,-0.7724290702906589,0.4927322151566318,0.19999999999999996,0.775,5,7.217841425032793,0.20493673458016184,approximate_with_skipped_origins_overlap_selection_and_heavy_tails
toe_pre_topple_post_rain_resume,toe_E5_C,external_time_check,external_time_check,persistence,baseline,1,26,2,-0.02499902727520326,-0.0615384615384617,-0.7724290702906589,0.4927322151566318,0.19999999999999996,0.775,5,7.217841425032793,0.20493673458016184,approximate_with_skipped_origins_overlap_selection_and_heavy_tails
toe_pre_topple_post_rain_resume,toe_E5_C,external_time_check,external_time_check,persistence,baseline,1,26,3,-0.15446869771604235,-0.0615384615384617,-0.7724290702906589,0.4927322151566318,0.19999999999999996,0.775,5,7.217841425032793,0.20493673458016184,approximate_with_skipped_origins_overlap_selection_and_heavy_tails
toe_pre_topple_post_rain_resume,toe_E5_C,external_time_check,external_time_check,persistence,baseline,1,26,4,0.002606902455157322,-0.0615384615384617,-0.7724290702906589,0.4927322151566318,0.19999999999999996,0.775,5,7.217841425032793,0.20493673458016184,approximate_with_skipped_origins_overlap_selection_and_heavy_tails
toe_pre_topple_post_rain_resume,toe_E5_C,external_time_check,external_time_check,persistence,baseline,1,26,5,-0.0643943815415742,-0.0615384615384617,-0.7724290702906589,0.4927322151566318,0.19999999999999996,0.775,5,7.217841425032793,0.20493673458016184,approximate_with_skipped_origins_overlap_selection_and_heavy_tails
toe_pre_topple_post_rain_resume,toe_E5_C,external_time_check,external_time_check,persistence,baseline,1,26,6,-0.2613906073693632,-0.0615384615384617,-0.7724290702906589,0.4927322151566318,0.19999999999999996,0.775,5,7.217841425032793,0.20493673458016184,approximate_with_skipped_origins_overlap_selection_and_heavy_tails
toe_pre_topple_post_rain_resume,toe_E5_C,external_time_check,external_time_check,persistence,baseline,1,26,7,-0.32029882105754603,-0.0615384615384617,-0.7724290702906589,0.4927322151566318,0.19999999999999996,0.775,5,7.217841425032793,0.20493673458016184,approximate_with_skipped_origins_overlap_selection_and_heavy_tails
toe_pre_topple_post_rain_resume,toe_E5_C,external_time_check,external_time_check,persistence,baseline,1,26,8,-0.05700167308665102,-0.0615384615384617,-0.7724290702906589,0.4927322151566318,0.19999999999999996,0.775,5,7.217841425032793,0.20493673458016184,approximate_with_skipped_origins_overlap_selection_and_heavy_tails
toe_pre_topple_post_rain_resume,toe_E5_C,external_time_check,external_time_check,persistence,baseline,1,26,9,0.22551651686704774,-0.0615384615384617,-0.7724290702906589,0.4927322151566318,0.19999999999999996,0.775,5,7.217841425032793,0.20493673458016184,approximate_with_skipped_origins_overlap_selection_and_heavy_tails
toe_pre_topple_post_rain_resume,toe_E5_C,external_time_check,external_time_check,persistence,baseline,1,26,10,0.027002840356406547,-0.0615384615384617,-0.7724290702906589,0.4927322151566318,0.19999999999999996,0.775,5,7.217841425032793,0.20493673458016184,approximate_with_skipped_origins_overlap_selection_and_heavy_tails
toe_pre_topple_post_rain_resume,toe_E5_C,external_time_check,external_time_check,persistence,baseline,2,26,0,1.0,0.08461538461538455,0.8270038996684523,1.9693954582972437,0.19999999999999998,0.6750000000000003,5,0.7449343165824889,0.9804118670112739,approximate_with_skipped_origins_overlap_selection_and_heavy_tails
toe_pre_topple_post_rain_resume,toe_E5_C,external_time_check,external_time_check,persistence,baseline,2,26,1,-0.10181129665115449,0.08461538461538455,0.8270038996684523,1.9693954582972437,0.19999999999999998,0.6750000000000003,5,0.7449343165824889,0.9804118670112739,approximate_with_skipped_origins_overlap_selection_and_heavy_tails
toe_pre_topple_post_rain_resume,toe_E5_C,external_time_check,external_time_check,persistence,baseline,2,26,2,-0.03932840587644855,0.08461538461538455,0.8270038996684523,1.9693954582972437,0.19999999999999998,0.6750000000000003,5,0.7449343165824889,0.9804118670112739,approximate_with_skipped_origins_overlap_selection_and_heavy_tails
toe_pre_topple_post_rain_resume,toe_E5_C,external_time_check,external_time_check,persistence,baseline,2,26,3,0.023451044803357926,0.08461538461538455,0.8270038996684523,1.9693954582972437,0.19999999999999998,0.6750000000000003,5,0.7449343165824889,0.9804118670112739,approximate_with_skipped_origins_overlap_selection_and_heavy_tails
toe_pre_topple_post_rain_resume,toe_E5_C,external_time_check,external_time_check,persistence,baseline,2,26,4,-0.059676977826443905,0.08461538461538455,0.8270038996684523,1.9693954582972437,0.19999999999999998,0.6750000000000003,5,0.7449343165824889,0.9804118670112739,approximate_with_skipped_origins_overlap_selection_and_heavy_tails
toe_pre_topple_post_rain_resume,toe_E5_C,external_time_check,external_time_check,persistence,baseline,2,26,5,-0.08675517839218903,0.08461538461538455,0.8270038996684523,1.9693954582972437,0.19999999999999998,0.6750000000000003,5,0.7449343165824889,0.9804118670112739,approximate_with_skipped_origins_overlap_selection_and_heavy_tails
toe_pre_topple_post_rain_resume,toe_E5_C,external_time_check,external_time_check,persistence,baseline,2,26,6,0.018432338717036086,0.08461538461538455,0.8270038996684523,1.9693954582972437,0.19999999999999998,0.6750000000000003,5,0.7449343165824889,0.9804118670112739,approximate_with_skipped_origins_overlap_selection_and_heavy_tails
toe_pre_topple_post_rain_resume,toe_E5_C,external_time_check,external_time_check,persistence,baseline,2,26,7,0.19953919153207375,0.08461538461538455,0.8270038996684523,1.9693954582972437,0.19999999999999998,0.6750000000000003,5,0.7449343165824889,0.9804118670112739,approximate_with_skipped_origins_overlap_selection_and_heavy_tails
toe_pre_topple_post_rain_resume,toe_E5_C,external_time_check,external_time_check,persistence,baseline,2,26,8,-0.41710010037412193,0.08461538461538455,0.8270038996684523,1.9693954582972437,0.19999999999999998,0.6750000000000003,5,0.7449343165824889,0.9804118670112739,approximate_with_skipped_origins_overlap_selection_and_heavy_tails
toe_pre_topple_post_rain_resume,toe_E5_C,external_time_check,external_time_check,persistence,baseline,2,26,9,0.05107674057852003,0.08461538461538455,0.8270038996684523,1.9693954582972437,0.19999999999999998,0.6750000000000003,5,0.7449343165824889,0.9804118670112739,approximate_with_skipped_origins_overlap_selection_and_heavy_tails
toe_pre_topple_post_rain_resume,toe_E5_C,external_time_check,external_time_check,persistence,baseline,2,26,10,0.21261063965690308,0.08461538461538455,0.8270038996684523,1.9693954582972437,0.19999999999999998,0.6750000000000003,5,0.7449343165824889,0.9804118670112739,approximate_with_skipped_origins_overlap_selection_and_heavy_tails
toe_pre_topple_post_rain_resume,toe_E5_C,external_time_check,external_time_check,persistence,baseline,7,25,0,1.0,-0.08400000000000057,-3.7295292503159683,16.516973259598856,0.19999999999999996,0.6000000000000002,5,1.1395724693130118,0.950541525789372,approximate_with_skipped_origins_overlap_selection_and_heavy_tails
toe_pre_topple_post_rain_resume,toe_E5_C,external_time_check,external_time_check,persistence,baseline,7,25,1,-0.1939262832592139,-0.08400000000000057,-3.7295292503159683,16.516973259598856,0.19999999999999996,0.6000000000000002,5,1.1395724693130118,0.950541525789372,approximate_with_skipped_origins_overlap_selection_and_heavy_tails
toe_pre_topple_post_rain_resume,toe_E5_C,external_time_check,external_time_check,persistence,baseline,7,25,2,0.030591693676038346,-0.08400000000000057,-3.7295292503159683,16.516973259598856,0.19999999999999996,0.6000000000000002,5,1.1395724693130118,0.950541525789372,approximate_with_skipped_origins_overlap_selection_and_heavy_tails
toe_pre_topple_post_rain_resume,toe_E5_C,external_time_check,external_time_check,persistence,baseline,7,25,3,0.027439511570060873,-0.08400000000000057,-3.7295292503159683,16.516973259598856,0.19999999999999996,0.6000000000000002,5,1.1395724693130118,0.950541525789372,approximate_with_skipped_origins_overlap_selection_and_heavy_tails
toe_pre_topple_post_rain_resume,toe_E5_C,external_time_check,external_time_check,persistence,baseline,7,25,4,0.03114645360669306,-0.08400000000000057,-3.7295292503159683,16.516973259598856,0.19999999999999996,0.6000000000000002,5,1.1395724693130118,0.950541525789372,approximate_with_skipped_origins_overlap_selection_and_heavy_tails
toe_pre_topple_post_rain_resume,toe_E5_C,external_time_check,external_time_check,persistence,baseline,7,25,5,-0.0018542247682219132,-0.08400000000000057,-3.7295292503159683,16.516973259598856,0.19999999999999996,0.6000000000000002,5,1.1395724693130118,0.950541525789372,approximate_with_skipped_origins_overlap_selection_and_heavy_tails
toe_pre_topple_post_rain_resume,toe_E5_C,external_time_check,external_time_check,persistence,baseline,7,25,6,0.01651315293585578,-0.08400000000000057,-3.7295292503159683,16.516973259598856,0.19999999999999996,0.6000000000000002,5,1.1395724693130118,0.950541525789372,approximate_with_skipped_origins_overlap_selection_and_heavy_tails
toe_pre_topple_post_rain_resume,toe_E5_C,external_time_check,external_time_check,persistence,baseline,7,25,7,-0.08749076656365384,-0.08400000000000057,-3.7295292503159683,16.516973259598856,0.19999999999999996,0.6000000000000002,5,1.1395724693130118,0.950541525789372,approximate_with_skipped_origins_overlap_selection_and_heavy_tails
toe_pre_topple_post_rain_resume,toe_E5_C,external_time_check,external_time_check,persistence,baseline,7,25,8,0.011226351096706156,-0.08400000000000057,-3.7295292503159683,16.516973259598856,0.19999999999999996,0.6000000000000002,5,1.1395724693130118,0.950541525789372,approximate_with_skipped_origins_overlap_selection_and_heavy_tails
toe_pre_topple_post_rain_resume,toe_E5_C,external_time_check,external_time_check,persistence,baseline,7,25,9,-0.016309640461294864,-0.08400000000000057,-3.7295292503159683,16.516973259598856,0.19999999999999996,0.6000000000000002,5,1.1395724693130118,0.950541525789372,approximate_with_skipped_origins_overlap_selection_and_heavy_tails
toe_pre_topple_post_rain_resume,toe_E5_C,external_time_check,external_time_check,persistence,baseline,7,25,10,0.03767242029094711,-0.08400000000000057,-3.7295292503159683,16.516973259598856,0.19999999999999996,0.6000000000000002,5,1.1395724693130118,0.950541525789372,approximate_with_skipped_origins_overlap_selection_and_heavy_tails
toe_pre_topple_post_rain_resume,toe_E5_C,external_time_check,external_time_check,prior_year_same_date,baseline,1,25,0,1.0,0.15199999999999997,4.0283978879966345,18.520646869623356,0.19999999999999996,0.6799999999999997,5,1.8027148878613368,0.8757137660484335,approximate_with_skipped_origins_overlap_selection_and_heavy_tails
toe_pre_topple_post_rain_resume,toe_E5_C,external_time_check,external_time_check,prior_year_same_date,baseline,1,25,1,0.1750580918239538,0.15199999999999997,4.0283978879966345,18.520646869623356,0.19999999999999996,0.6799999999999997,5,1.8027148878613368,0.8757137660484335,approximate_with_skipped_origins_overlap_selection_and_heavy_tails
toe_pre_topple_post_rain_resume,toe_E5_C,external_time_check,external_time_check,prior_year_same_date,baseline,1,25,2,0.1112486502829007,0.15199999999999997,4.0283978879966345,18.520646869623356,0.19999999999999996,0.6799999999999997,5,1.8027148878613368,0.8757137660484335,approximate_with_skipped_origins_overlap_selection_and_heavy_tails
toe_pre_topple_post_rain_resume,toe_E5_C,external_time_check,external_time_check,prior_year_same_date,baseline,1,25,3,-0.06779423832764653,0.15199999999999997,4.0283978879966345,18.520646869623356,0.19999999999999996,0.6799999999999997,5,1.8027148878613368,0.8757137660484335,approximate_with_skipped_origins_overlap_selection_and_heavy_tails
toe_pre_topple_post_rain_resume,toe_E5_C,external_time_check,external_time_check,prior_year_same_date,baseline,1,25,4,-0.11495356973178424,0.15199999999999997,4.0283978879966345,18.520646869623356,0.19999999999999996,0.6799999999999997,5,1.8027148878613368,0.8757137660484335,approximate_with_skipped_origins_overlap_selection_and_heavy_tails
toe_pre_topple_post_rain_resume,toe_E5_C,external_time_check,external_time_check,prior_year_same_date,baseline,1,25,5,0.018727594696151723,0.15199999999999997,4.0283978879966345,18.520646869623356,0.19999999999999996,0.6799999999999997,5,1.8027148878613368,0.8757137660484335,approximate_with_skipped_origins_overlap_selection_and_heavy_tails
toe_pre_topple_post_rain_resume,toe_E5_C,external_time_check,external_time_check,prior_year_same_date,baseline,1,25,6,0.0439562907614564,0.15199999999999997,4.0283978879966345,18.520646869623356,0.19999999999999996,0.6799999999999997,5,1.8027148878613368,0.8757137660484335,approximate_with_skipped_origins_overlap_selection_and_heavy_tails
toe_pre_topple_post_rain_resume,toe_E5_C,external_time_check,external_time_check,prior_year_same_date,baseline,1,25,7,-0.008083617673735577,0.15199999999999997,4.0283978879966345,18.520646869623356,0.19999999999999996,0.6799999999999997,5,1.8027148878613368,0.8757137660484335,approximate_with_skipped_origins_overlap_selection_and_heavy_tails
toe_pre_topple_post_rain_resume,toe_E5_C,external_time_check,external_time_check,prior_year_same_date,baseline,1,25,8,-0.006696324450395196,0.15199999999999997,4.0283978879966345,18.520646869623356,0.19999999999999996,0.6799999999999997,5,1.8027148878613368,0.8757137660484335,approximate_with_skipped_origins_overlap_selection_and_heavy_tails
toe_pre_topple_post_rain_resume,toe_E5_C,external_time_check,external_time_check,prior_year_same_date,baseline,1,25,9,-0.040898371701291396,0.15199999999999997,4.0283978879966345,18.520646869623356,0.19999999999999996,0.6799999999999997,5,1.8027148878613368,0.8757137660484335,approximate_with_skipped_origins_overlap_selection_and_heavy_tails
toe_pre_topple_post_rain_resume,toe_E5_C,external_time_check,external_time_check,prior_year_same_date,baseline,1,25,10,-0.012991836910983462,0.15199999999999997,4.0283978879966345,18.520646869623356,0.19999999999999996,0.6799999999999997,5,1.8027148878613368,0.8757137660484335,approximate_with_skipped_origins_overlap_selection_and_heavy_tails
toe_pre_topple_post_rain_resume,toe_E5_C,external_time_check,external_time_check,prior_year_same_date,baseline,2,26,0,1.0,0.2961538461538462,3.5841776113578336,13.971497110710482,0.19999999999999996,1.7,5,4.091344364106015,0.5363410405908808,approximate_with_skipped_origins_overlap_selection_and_heavy_tails
toe_pre_topple_post_rain_resume,toe_E5_C,external_time_check,external_time_check,prior_year_same_date,baseline,2,26,1,0.3705378088326926,0.2961538461538462,3.5841776113578336,13.971497110710482,0.19999999999999996,1.7,5,4.091344364106015,0.5363410405908808,approximate_with_skipped_origins_overlap_selection_and_heavy_tails
toe_pre_topple_post_rain_resume,toe_E5_C,external_time_check,external_time_check,prior_year_same_date,baseline,2,26,2,0.015583535237971178,0.2961538461538462,3.5841776113578336,13.971497110710482,0.19999999999999996,1.7,5,4.091344364106015,0.5363410405908808,approximate_with_skipped_origins_overlap_selection_and_heavy_tails
toe_pre_topple_post_rain_resume,toe_E5_C,external_time_check,external_time_check,prior_year_same_date,baseline,2,26,3,0.0396722262594927,0.2961538461538462,3.5841776113578336,13.971497110710482,0.19999999999999996,1.7,5,4.091344364106015,0.5363410405908808,approximate_with_skipped_origins_overlap_selection_and_heavy_tails
toe_pre_topple_post_rain_resume,toe_E5_C,external_time_check,external_time_check,prior_year_same_date,baseline,2,26,4,-0.0017923507620080774,0.2961538461538462,3.5841776113578336,13.971497110710482,0.19999999999999996,1.7,5,4.091344364106015,0.5363410405908808,approximate_with_skipped_origins_overlap_selection_and_heavy_tails
toe_pre_topple_post_rain_resume,toe_E5_C,external_time_check,external_time_check,prior_year_same_date,baseline,2,26,5,-0.03219349099902462,0.2961538461538462,3.5841776113578336,13.971497110710482,0.19999999999999996,1.7,5,4.091344364106015,0.5363410405908808,approximate_with_skipped_origins_overlap_selection_and_heavy_tails
toe_pre_topple_post_rain_resume,toe_E5_C,external_time_check,external_time_check,prior_year_same_date,baseline,2,26,6,-0.056629995752232286,0.2961538461538462,3.5841776113578336,13.971497110710482,0.19999999999999996,1.7,5,4.091344364106015,0.5363410405908808,approximate_with_skipped_origins_overlap_selection_and_heavy_tails
toe_pre_topple_post_rain_resume,toe_E5_C,external_time_check,external_time_check,prior_year_same_date,baseline,2,26,7,0.03206916609067727,0.2961538461538462,3.5841776113578336,13.971497110710482,0.19999999999999996,1.7,5,4.091344364106015,0.5363410405908808,approximate_with_skipped_origins_overlap_selection_and_heavy_tails
toe_pre_topple_post_rain_resume,toe_E5_C,external_time_check,external_time_check,prior_year_same_date,baseline,2,26,8,0.025988346019900868,0.2961538461538462,3.5841776113578336,13.971497110710482,0.19999999999999996,1.7,5,4.091344364106015,0.5363410405908808,approximate_with_skipped_origins_overlap_selection_and_heavy_tails
toe_pre_topple_post_rain_resume,toe_E5_C,external_time_check,external_time_check,prior_year_same_date,baseline,2,26,9,-0.058017550532895014,0.2961538461538462,3.5841776113578336,13.971497110710482,0.19999999999999996,1.7,5,4.091344364106015,0.5363410405908808,approximate_with_skipped_origins_overlap_selection_and_heavy_tails
toe_pre_topple_post_rain_resume,toe_E5_C,external_time_check,external_time_check,prior_year_same_date,baseline,2,26,10,-0.0633672217379142,0.2961538461538462,3.5841776113578336,13.971497110710482,0.19999999999999996,1.7,5,4.091344364106015,0.5363410405908808,approximate_with_skipped_origins_overlap_selection_and_heavy_tails
toe_pre_topple_post_rain_resume,toe_E5_C,external_time_check,external_time_check,prior_year_same_date,baseline,7,24,0,1.0,0.16249999999999953,1.7702267638804667,4.301260113434314,0.19999999999999996,1.394999999999989,4,2.850194782335523,0.5831996454198869,approximate_with_skipped_origins_overlap_selection_and_heavy_tails
toe_pre_topple_post_rain_resume,toe_E5_C,external_time_check,external_time_check,prior_year_same_date,baseline,7,24,1,0.21449973944762704,0.16249999999999953,1.7702267638804667,4.301260113434314,0.19999999999999996,1.394999999999989,4,2.850194782335523,0.5831996454198869,approximate_with_skipped_origins_overlap_selection_and_heavy_tails
toe_pre_topple_post_rain_resume,toe_E5_C,external_time_check,external_time_check,prior_year_same_date,baseline,7,24,2,-0.20344797637658507,0.16249999999999953,1.7702267638804667,4.301260113434314,0.19999999999999996,1.394999999999989,4,2.850194782335523,0.5831996454198869,approximate_with_skipped_origins_overlap_selection_and_heavy_tails
toe_pre_topple_post_rain_resume,toe_E5_C,external_time_check,external_time_check,prior_year_same_date,baseline,7,24,3,0.11370939725551563,0.16249999999999953,1.7702267638804667,4.301260113434314,0.19999999999999996,1.394999999999989,4,2.850194782335523,0.5831996454198869,approximate_with_skipped_origins_overlap_selection_and_heavy_tails
toe_pre_topple_post_rain_resume,toe_E5_C,external_time_check,external_time_check,prior_year_same_date,baseline,7,24,4,0.03743269063748415,0.16249999999999953,1.7702267638804667,4.301260113434314,0.19999999999999996,1.394999999999989,4,2.850194782335523,0.5831996454198869,approximate_with_skipped_origins_overlap_selection_and_heavy_tails
toe_pre_topple_post_rain_resume,toe_E5_C,external_time_check,external_time_check,prior_year_same_date,baseline,7,24,5,-0.10415581031787387,0.16249999999999953,1.7702267638804667,4.301260113434314,0.19999999999999996,1.394999999999989,4,2.850194782335523,0.5831996454198869,approximate_with_skipped_origins_overlap_selection_and_heavy_tails
toe_pre_topple_post_rain_resume,toe_E5_C,external_time_check,external_time_check,prior_year_same_date,baseline,7,24,6,-0.1389178391523364,0.16249999999999953,1.7702267638804667,4.301260113434314,0.19999999999999996,1.394999999999989,4,2.850194782335523,0.5831996454198869,approximate_with_skipped_origins_overlap_selection_and_heavy_tails
toe_pre_topple_post_rain_resume,toe_E5_C,external_time_check,external_time_check,prior_year_same_date,baseline,7,24,7,0.055779920097273464,0.16249999999999953,1.7702267638804667,4.301260113434314,0.19999999999999996,1.394999999999989,4,2.850194782335523,0.5831996454198869,approximate_with_skipped_origins_overlap_selection_and_heavy_tails
toe_pre_topple_post_rain_resume,toe_E5_C,external_time_check,external_time_check,prior_year_same_date,baseline,7,24,8,-0.027618551328817464,0.16249999999999953,1.7702267638804667,4.301260113434314,0.19999999999999996,1.394999999999989,4,2.850194782335523,0.5831996454198869,approximate_with_skipped_origins_overlap_selection_and_heavy_tails
toe_pre_topple_post_rain_resume,toe_E5_C,external_time_check,external_time_check,prior_year_same_date,baseline,7,24,9,-0.04257859996525964,0.16249999999999953,1.7702267638804667,4.301260113434314,0.19999999999999996,1.394999999999989,4,2.850194782335523,0.5831996454198869,approximate_with_skipped_origins_overlap_selection_and_heavy_tails
toe_pre_topple_post_rain_resume,toe_E5_C,external_time_check,external_time_check,prior_year_same_date,baseline,7,24,10,0.05745179781136056,0.16249999999999953,1.7702267638804667,4.301260113434314,0.19999999999999996,1.394999999999989,4,2.850194782335523,0.5831996454198869,approximate_with_skipped_origins_overlap_selection_and_heavy_tails
toe_pre_topple_post_rain_resume,toe_E5_C,external_time_check,external_time_check,zero_change,baseline,1,26,0,1.0,0.1461538461538461,4.2299913117035794,20.376552712348765,0.0,0.75,5,1.040648134073743,0.9592210427830286,approximate_with_skipped_origins_overlap_selection_and_heavy_tails
toe_pre_topple_post_rain_resume,toe_E5_C,external_time_check,external_time_check,zero_change,baseline,1,26,1,0.1770157553290084,0.1461538461538461,4.2299913117035794,20.376552712348765,0.0,0.75,5,1.040648134073743,0.9592210427830286,approximate_with_skipped_origins_overlap_selection_and_heavy_tails
toe_pre_topple_post_rain_resume,toe_E5_C,external_time_check,external_time_check,zero_change,baseline,1,26,2,0.007316525718257657,0.1461538461538461,4.2299913117035794,20.376552712348765,0.0,0.75,5,1.040648134073743,0.9592210427830286,approximate_with_skipped_origins_overlap_selection_and_heavy_tails
toe_pre_topple_post_rain_resume,toe_E5_C,external_time_check,external_time_check,zero_change,baseline,1,26,3,0.060461799119555154,0.1461538461538461,4.2299913117035794,20.376552712348765,0.0,0.75,5,1.040648134073743,0.9592210427830286,approximate_with_skipped_origins_overlap_selection_and_heavy_tails
toe_pre_topple_post_rain_resume,toe_E5_C,external_time_check,external_time_check,zero_change,baseline,1,26,4,-0.0011802015755328972,0.1461538461538461,4.2299913117035794,20.376552712348765,0.0,0.75,5,1.040648134073743,0.9592210427830286,approximate_with_skipped_origins_overlap_selection_and_heavy_tails
toe_pre_topple_post_rain_resume,toe_E5_C,external_time_check,external_time_check,zero_change,baseline,1,26,5,0.017655960379981475,0.1461538461538461,4.2299913117035794,20.376552712348765,0.0,0.75,5,1.040648134073743,0.9592210427830286,approximate_with_skipped_origins_overlap_selection_and_heavy_tails
toe_pre_topple_post_rain_resume,toe_E5_C,external_time_check,external_time_check,zero_change,baseline,1,26,6,0.04816380908248381,0.1461538461538461,4.2299913117035794,20.376552712348765,0.0,0.75,5,1.040648134073743,0.9592210427830286,approximate_with_skipped_origins_overlap_selection_and_heavy_tails
toe_pre_topple_post_rain_resume,toe_E5_C,external_time_check,external_time_check,zero_change,baseline,1,26,7,0.00233506139944393,0.1461538461538461,4.2299913117035794,20.376552712348765,0.0,0.75,5,1.040648134073743,0.9592210427830286,approximate_with_skipped_origins_overlap_selection_and_heavy_tails
toe_pre_topple_post_rain_resume,toe_E5_C,external_time_check,external_time_check,zero_change,baseline,1,26,8,0.04705601251158481,0.1461538461538461,4.2299913117035794,20.376552712348765,0.0,0.75,5,1.040648134073743,0.9592210427830286,approximate_with_skipped_origins_overlap_selection_and_heavy_tails
toe_pre_topple_post_rain_resume,toe_E5_C,external_time_check,external_time_check,zero_change,baseline,1,26,9,-0.011762193002780355,0.1461538461538461,4.2299913117035794,20.376552712348765,0.0,0.75,5,1.040648134073743,0.9592210427830286,approximate_with_skipped_origins_overlap_selection_and_heavy_tails
toe_pre_topple_post_rain_resume,toe_E5_C,external_time_check,external_time_check,zero_change,baseline,1,26,10,-0.06389741658943465,0.1461538461538461,4.2299913117035794,20.376552712348765,0.0,0.75,5,1.040648134073743,0.9592210427830286,approximate_with_skipped_origins_overlap_selection_and_heavy_tails
toe_pre_topple_post_rain_resume,toe_E5_C,external_time_check,external_time_check,zero_change,baseline,2,26,0,1.0,0.2923076923076924,3.6566525706882906,14.449230698968586,0.19999999999999996,1.65,5,3.8531148847284857,0.570751846237848,approximate_with_skipped_origins_overlap_selection_and_heavy_tails
toe_pre_topple_post_rain_resume,toe_E5_C,external_time_check,external_time_check,zero_change,baseline,2,26,1,0.3599985625213375,0.2923076923076924,3.6566525706882906,14.449230698968586,0.19999999999999996,1.65,5,3.8531148847284857,0.570751846237848,approximate_with_skipped_origins_overlap_selection_and_heavy_tails
toe_pre_topple_post_rain_resume,toe_E5_C,external_time_check,external_time_check,zero_change,baseline,2,26,2,-0.028737594259668535,0.2923076923076924,3.6566525706882906,14.449230698968586,0.19999999999999996,1.65,5,3.8531148847284857,0.570751846237848,approximate_with_skipped_origins_overlap_selection_and_heavy_tails
toe_pre_topple_post_rain_resume,toe_E5_C,external_time_check,external_time_check,zero_change,baseline,2,26,3,0.0038841871357638653,0.2923076923076924,3.6566525706882906,14.449230698968586,0.19999999999999996,1.65,5,3.8531148847284857,0.570751846237848,approximate_with_skipped_origins_overlap_selection_and_heavy_tails
toe_pre_topple_post_rain_resume,toe_E5_C,external_time_check,external_time_check,zero_change,baseline,2,26,4,-0.03886582933534578,0.2923076923076924,3.6566525706882906,14.449230698968586,0.19999999999999996,1.65,5,3.8531148847284857,0.570751846237848,approximate_with_skipped_origins_overlap_selection_and_heavy_tails
toe_pre_topple_post_rain_resume,toe_E5_C,external_time_check,external_time_check,zero_change,baseline,2,26,5,0.010301930414053733,0.2923076923076924,3.6566525706882906,14.449230698968586,0.19999999999999996,1.65,5,3.8531148847284857,0.570751846237848,approximate_with_skipped_origins_overlap_selection_and_heavy_tails
toe_pre_topple_post_rain_resume,toe_E5_C,external_time_check,external_time_check,zero_change,baseline,2,26,6,0.03315185165220202,0.2923076923076924,3.6566525706882906,14.449230698968586,0.19999999999999996,1.65,5,3.8531148847284857,0.570751846237848,approximate_with_skipped_origins_overlap_selection_and_heavy_tails
toe_pre_topple_post_rain_resume,toe_E5_C,external_time_check,external_time_check,zero_change,baseline,2,26,7,0.062230847094196746,0.2923076923076924,3.6566525706882906,14.449230698968586,0.19999999999999996,1.65,5,3.8531148847284857,0.570751846237848,approximate_with_skipped_origins_overlap_selection_and_heavy_tails
toe_pre_topple_post_rain_resume,toe_E5_C,external_time_check,external_time_check,zero_change,baseline,2,26,8,0.07386843476542143,0.2923076923076924,3.6566525706882906,14.449230698968586,0.19999999999999996,1.65,5,3.8531148847284857,0.570751846237848,approximate_with_skipped_origins_overlap_selection_and_heavy_tails
toe_pre_topple_post_rain_resume,toe_E5_C,external_time_check,external_time_check,zero_change,baseline,2,26,9,-0.05519319114273562,0.2923076923076924,3.6566525706882906,14.449230698968586,0.19999999999999996,1.65,5,3.8531148847284857,0.570751846237848,approximate_with_skipped_origins_overlap_selection_and_heavy_tails
toe_pre_topple_post_rain_resume,toe_E5_C,external_time_check,external_time_check,zero_change,baseline,2,26,10,-0.07462311106319515,0.2923076923076924,3.6566525706882906,14.449230698968586,0.19999999999999996,1.65,5,3.8531148847284857,0.570751846237848,approximate_with_skipped_origins_overlap_selection_and_heavy_tails
toe_pre_topple_post_rain_resume,toe_E5_C,external_time_check,external_time_check,zero_change,baseline,7,25,0,1.0,0.13199999999999956,2.570693767906048,6.949338681796473,0.10000000000000009,1.4799999999999878,5,5.131073651062836,0.4000942696486422,approximate_with_skipped_origins_overlap_selection_and_heavy_tails
toe_pre_topple_post_rain_resume,toe_E5_C,external_time_check,external_time_check,zero_change,baseline,7,25,1,0.38811952007383377,0.13199999999999956,2.570693767906048,6.949338681796473,0.10000000000000009,1.4799999999999878,5,5.131073651062836,0.4000942696486422,approximate_with_skipped_origins_overlap_selection_and_heavy_tails
toe_pre_topple_post_rain_resume,toe_E5_C,external_time_check,external_time_check,zero_change,baseline,7,25,2,-0.08860867558837107,0.13199999999999956,2.570693767906048,6.949338681796473,0.10000000000000009,1.4799999999999878,5,5.131073651062836,0.4000942696486422,approximate_with_skipped_origins_overlap_selection_and_heavy_tails
toe_pre_topple_post_rain_resume,toe_E5_C,external_time_check,external_time_check,zero_change,baseline,7,25,3,0.0022104291647440143,0.13199999999999956,2.570693767906048,6.949338681796473,0.10000000000000009,1.4799999999999878,5,5.131073651062836,0.4000942696486422,approximate_with_skipped_origins_overlap_selection_and_heavy_tails
toe_pre_topple_post_rain_resume,toe_E5_C,external_time_check,external_time_check,zero_change,baseline,7,25,4,-0.05902399630826048,0.13199999999999956,2.570693767906048,6.949338681796473,0.10000000000000009,1.4799999999999878,5,5.131073651062836,0.4000942696486422,approximate_with_skipped_origins_overlap_selection_and_heavy_tails
toe_pre_topple_post_rain_resume,toe_E5_C,external_time_check,external_time_check,zero_change,baseline,7,25,5,-0.1278726349792342,0.13199999999999956,2.570693767906048,6.949338681796473,0.10000000000000009,1.4799999999999878,5,5.131073651062836,0.4000942696486422,approximate_with_skipped_origins_overlap_selection_and_heavy_tails
toe_pre_topple_post_rain_resume,toe_E5_C,external_time_check,external_time_check,zero_change,baseline,7,25,6,-0.11446469773880956,0.13199999999999956,2.570693767906048,6.949338681796473,0.10000000000000009,1.4799999999999878,5,5.131073651062836,0.4000942696486422,approximate_with_skipped_origins_overlap_selection_and_heavy_tails
toe_pre_topple_post_rain_resume,toe_E5_C,external_time_check,external_time_check,zero_change,baseline,7,25,7,-0.029010152284263797,0.13199999999999956,2.570693767906048,6.949338681796473,0.10000000000000009,1.4799999999999878,5,5.131073651062836,0.4000942696486422,approximate_with_skipped_origins_overlap_selection_and_heavy_tails
toe_pre_topple_post_rain_resume,toe_E5_C,external_time_check,external_time_check,zero_change,baseline,7,25,8,-0.02044762344254739,0.13199999999999956,2.570693767906048,6.949338681796473,0.10000000000000009,1.4799999999999878,5,5.131073651062836,0.4000942696486422,approximate_with_skipped_origins_overlap_selection_and_heavy_tails
toe_pre_topple_post_rain_resume,toe_E5_C,external_time_check,external_time_check,zero_change,baseline,7,25,9,-0.06195431472081231,0.13199999999999956,2.570693767906048,6.949338681796473,0.10000000000000009,1.4799999999999878,5,5.131073651062836,0.4000942696486422,approximate_with_skipped_origins_overlap_selection_and_heavy_tails
toe_pre_topple_post_rain_resume,toe_E5_C,external_time_check,external_time_check,zero_change,baseline,7,25,10,0.030710659898477523,0.13199999999999956,2.570693767906048,6.949338681796473,0.10000000000000009,1.4799999999999878,5,5.131073651062836,0.4000942696486422,approximate_with_skipped_origins_overlap_selection_and_heavy_tails
