window_id,target_id,stage,model_id,horizon_days,dimension,group_value,forecast_count,mae,rmse,bias,mase
middle_stable_2009_2016,mid_E2_B,evaluation,arima_ar1,1,water_year,2013,2,0.20000319229993152,0.2712261996615274,0.18320036695561326,1.1181414695375214
middle_stable_2009_2016,mid_E2_B,evaluation,arima_ar1,1,water_year,2014,25,0.10289599330602033,0.14851829177379341,-0.03256921805663106,0.5899275995245307
middle_stable_2009_2016,mid_E2_B,evaluation,arima_ar1,1,water_year,2015,26,0.11996157731865151,0.15895069870913658,-0.018284399835135464,0.7225618527841312
middle_stable_2009_2016,mid_E2_B,evaluation,arima_ar1,1,water_year,2016,8,0.14000426120707676,0.15744221118830393,0.0851542210596313,0.8490184887249175
middle_stable_2009_2016,mid_E2_B,evaluation,arima_ar1,2,water_year,2013,2,0.03073834136388906,0.030738343096187545,-0.03073834136388906,0.1718207877955244
middle_stable_2009_2016,mid_E2_B,evaluation,arima_ar1,2,water_year,2014,25,0.07361485108980069,0.10762561545180874,-0.03020654264856213,0.42458683942360415
middle_stable_2009_2016,mid_E2_B,evaluation,arima_ar1,2,water_year,2015,26,0.14036044585630336,0.19207491079647931,-0.001641005757837495,0.8452663644133861
middle_stable_2009_2016,mid_E2_B,evaluation,arima_ar1,2,water_year,2016,8,0.17477978915748918,0.21112443554913948,0.1630840614078956,1.0584031263591651
middle_stable_2009_2016,mid_E2_B,evaluation,arima_ar1,7,water_year,2013,1,0.07188036555587118,0.07188036555587118,-0.07188036555587118,0.40186114949083834
middle_stable_2009_2016,mid_E2_B,evaluation,arima_ar1,7,water_year,2014,25,0.11485157692633619,0.15412501950268107,-0.06168544146728456,0.6636341996285867
middle_stable_2009_2016,mid_E2_B,evaluation,arima_ar1,7,water_year,2015,24,0.10661973058843115,0.15421458893920437,-0.01738243014139738,0.6417478878337843
middle_stable_2009_2016,mid_E2_B,evaluation,arima_ar1,7,water_year,2016,8,0.08512848844384759,0.10912597674633406,-0.08512848844384759,0.516081896991757
middle_stable_2009_2016,mid_E2_B,evaluation,arima_ar1_weekly,1,water_year,2013,2,0.19940329646086535,0.2703683756033288,0.18258527839594008,1.114787621517425
middle_stable_2009_2016,mid_E2_B,evaluation,arima_ar1_weekly,1,water_year,2014,25,0.1031061331929299,0.15048035122881603,-0.032449138230352025,0.5911848854439399
middle_stable_2009_2016,mid_E2_B,evaluation,arima_ar1_weekly,1,water_year,2015,26,0.11848872135539111,0.15775127637704178,-0.016658525287944884,0.7137112042486446
middle_stable_2009_2016,mid_E2_B,evaluation,arima_ar1_weekly,1,water_year,2016,8,0.14151592913741584,0.15834089325724174,0.08382781125774319,0.8581821661860288
middle_stable_2009_2016,mid_E2_B,evaluation,arima_ar1_weekly,2,water_year,2013,2,0.03267267952583419,0.032729975698001415,-0.03267267952583419,0.18263509180133758
middle_stable_2009_2016,mid_E2_B,evaluation,arima_ar1_weekly,2,water_year,2014,25,0.07325368653001091,0.10784225680491566,-0.03035108052081038,0.42267229830158604
middle_stable_2009_2016,mid_E2_B,evaluation,arima_ar1_weekly,2,water_year,2015,26,0.1375412521079767,0.19075613557840712,0.001216073589569368,0.8283059127769168
middle_stable_2009_2016,mid_E2_B,evaluation,arima_ar1_weekly,2,water_year,2016,8,0.1721354397401203,0.20755335815522424,0.16046754048053297,1.0423858224711524
middle_stable_2009_2016,mid_E2_B,evaluation,arima_ar1_weekly,7,water_year,2013,1,0.0718591817267839,0.0718591817267839,-0.0718591817267839,0.40174271717845655
middle_stable_2009_2016,mid_E2_B,evaluation,arima_ar1_weekly,7,water_year,2014,25,0.1145488246846795,0.15417032691369745,-0.061094345783217034,0.6619078516507864
middle_stable_2009_2016,mid_E2_B,evaluation,arima_ar1_weekly,7,water_year,2015,24,0.10624431266639618,0.15428307833746105,-0.016186880746014144,0.6394943322245904
middle_stable_2009_2016,mid_E2_B,evaluation,arima_ar1_weekly,7,water_year,2016,8,0.08303756004820277,0.10652184165134733,-0.08303756004820277,0.5034175180400599
middle_stable_2009_2016,mid_E2_B,evaluation,arima_ar2,1,water_year,2013,2,0.2000129011372565,0.2735994483604535,0.18668555788223828,1.1181989001282753
middle_stable_2009_2016,mid_E2_B,evaluation,arima_ar2,1,water_year,2014,25,0.097028550512814,0.14240535422535328,-0.033274625441964835,0.5577166006241185
middle_stable_2009_2016,mid_E2_B,evaluation,arima_ar2,1,water_year,2015,24,0.12299391664489794,0.15203530087470962,-0.024998684186686482,0.7406697572108659
middle_stable_2009_2016,mid_E2_B,evaluation,arima_ar2,1,water_year,2016,7,0.10116443333476945,0.11132720505182496,0.0447185090557625,0.6127184960765135
middle_stable_2009_2016,mid_E2_B,evaluation,arima_ar2,2,water_year,2013,2,0.022046871988453492,0.022046890275330702,-0.022046871988453492,0.12323730429933574
middle_stable_2009_2016,mid_E2_B,evaluation,arima_ar2,2,water_year,2014,25,0.06888609592803524,0.10514357013594068,-0.024123720634426634,0.3973103018506947
middle_stable_2009_2016,mid_E2_B,evaluation,arima_ar2,2,water_year,2015,24,0.14833725426078945,0.20006832657275206,-0.0074391454896812785,0.8933687251553555
middle_stable_2009_2016,mid_E2_B,evaluation,arima_ar2,2,water_year,2016,7,0.17627235695925175,0.21338166927976154,0.1587397579792827,1.0665203191154227
middle_stable_2009_2016,mid_E2_B,evaluation,arima_ar2,7,water_year,2013,1,0.05579397010504335,0.05579397010504335,-0.05579397010504335,0.31192703024920565
middle_stable_2009_2016,mid_E2_B,evaluation,arima_ar2,7,water_year,2014,25,0.11036359291249133,0.15373946499652819,-0.04744630875947906,0.6378716692364733
middle_stable_2009_2016,mid_E2_B,evaluation,arima_ar2,7,water_year,2015,22,0.11358850363994812,0.16248127257096362,-0.005850218470385979,0.6837162582051
middle_stable_2009_2016,mid_E2_B,evaluation,arima_ar2,7,water_year,2016,7,0.06693767068065622,0.08462644920894975,-0.05946993250595128,0.4052852719686184
middle_stable_2009_2016,mid_E2_B,evaluation,arima_arma11,1,water_year,2013,2,0.20447169934423493,0.2818036460031162,0.19391910444288468,1.1431291938653338
middle_stable_2009_2016,mid_E2_B,evaluation,arima_arma11,1,water_year,2014,25,0.09201581250618793,0.1356987706261759,-0.02798404498307099,0.5293010845279524
middle_stable_2009_2016,mid_E2_B,evaluation,arima_arma11,1,water_year,2015,26,0.11180139220883255,0.14319677163456332,-0.024480867607905802,0.6733143193324143
middle_stable_2009_2016,mid_E2_B,evaluation,arima_arma11,1,water_year,2016,8,0.10432737736705204,0.11107591048256701,0.04818311658306455,0.6323437300786059
middle_stable_2009_2016,mid_E2_B,evaluation,arima_arma11,2,water_year,2013,2,0.012339741791030314,0.013032833195633994,-0.012339741791030314,0.06897273221716357
middle_stable_2009_2016,mid_E2_B,evaluation,arima_arma11,2,water_year,2014,25,0.06584613971722175,0.10081063344348866,-0.01748236930292762,0.37988956961321124
middle_stable_2009_2016,mid_E2_B,evaluation,arima_arma11,2,water_year,2015,26,0.13876121255259338,0.18774533377087269,0.0021428908341994952,0.8355916493932466
middle_stable_2009_2016,mid_E2_B,evaluation,arima_arma11,2,water_year,2016,8,0.163091671228376,0.18983128641347055,0.1431028250957518,0.9875346541907799
middle_stable_2009_2016,mid_E2_B,evaluation,arima_arma11,7,water_year,2013,1,0.034879646932341246,0.034879646932341246,-0.034879646932341246,0.19500144304594955
middle_stable_2009_2016,mid_E2_B,evaluation,arima_arma11,7,water_year,2014,25,0.10589677523902408,0.15046920467198913,-0.03200441450160267,0.6120030977041202
middle_stable_2009_2016,mid_E2_B,evaluation,arima_arma11,7,water_year,2015,24,0.1039478606170622,0.1579187280590281,0.006702427053354221,0.6257748488391736
middle_stable_2009_2016,mid_E2_B,evaluation,arima_arma11,7,water_year,2016,8,0.07564229119940309,0.09079145238357908,-0.06532487477808133,0.45856663128057246
middle_stable_2009_2016,mid_E2_B,evaluation,arima_mean,1,water_year,2013,2,0.20018921346042706,0.2285956635747295,0.11036419808645592,1.119115242931619
middle_stable_2009_2016,mid_E2_B,evaluation,arima_mean,1,water_year,2014,23,0.11456463361544768,0.13540439580551358,-0.10321346002922767,0.6610210593578856
middle_stable_2009_2016,mid_E2_B,evaluation,arima_mean,1,water_year,2015,25,0.10593547501976147,0.12564636398704657,-0.0842783899290416,0.6376905290898041
middle_stable_2009_2016,mid_E2_B,evaluation,arima_mean,1,water_year,2016,7,0.09727368805320051,0.10657117556309934,-0.017345177070736312,0.5888580648078435
middle_stable_2009_2016,mid_E2_B,evaluation,arima_mean,2,water_year,2013,2,0.08963580191354416,0.08963600161998377,-0.08963580191354416,0.5010449159265097
middle_stable_2009_2016,mid_E2_B,evaluation,arima_mean,2,water_year,2014,23,0.09860203742105447,0.11106916301470166,-0.08582215568140159,0.5677221440603689
middle_stable_2009_2016,mid_E2_B,evaluation,arima_mean,2,water_year,2015,25,0.13274471016386566,0.1689365327588844,-0.059678389929042376,0.7992873934300293
middle_stable_2009_2016,mid_E2_B,evaluation,arima_mean,2,water_year,2016,7,0.11981137595601367,0.13465363221871504,0.0683691086435494,0.7256531267334408
middle_stable_2009_2016,mid_E2_B,evaluation,arima_mean,7,water_year,2013,1,0.08944658845311716,0.08944658845311716,-0.08944658845311716,0.5000685315917626
middle_stable_2009_2016,mid_E2_B,evaluation,arima_mean,7,water_year,2014,23,0.1286248001541627,0.1623256438927081,-0.07712650350748852,0.7427458920508808
middle_stable_2009_2016,mid_E2_B,evaluation,arima_mean,7,water_year,2015,23,0.1138097300452715,0.155740235551775,-0.028602020377040543,0.6849868376721168
middle_stable_2009_2016,mid_E2_B,evaluation,arima_mean,7,water_year,2016,7,0.1173451770707363,0.1479640536000215,-0.1173451770707363,0.7109869526894492
middle_stable_2009_2016,mid_E2_B,evaluation,expanding_median,1,water_year,2013,2,0.20000000000000007,0.2828427124746191,0.20000000000000007,1.1181388585968717
middle_stable_2009_2016,mid_E2_B,evaluation,expanding_median,1,water_year,2014,25,0.044,0.08717797887081347,-0.02,0.25418607040165286
middle_stable_2009_2016,mid_E2_B,evaluation,expanding_median,1,water_year,2015,26,0.05519230769230699,0.10249999999999859,-0.02365384615384544,0.3324904150994795
middle_stable_2009_2016,mid_E2_B,evaluation,expanding_median,1,water_year,2016,8,0.06249999999999999,0.10606601717798211,0.0375,0.37862299001421224
middle_stable_2009_2016,mid_E2_B,evaluation,expanding_median,2,water_year,2013,2,0.0,0.0,0.0,0.0
middle_stable_2009_2016,mid_E2_B,evaluation,expanding_median,2,water_year,2014,25,0.028000000000000008,0.06633249580710802,-0.0040000000000000036,0.16309575261480988
middle_stable_2009_2016,mid_E2_B,evaluation,expanding_median,2,water_year,2015,26,0.09384615384615383,0.15470505436524637,0.007884615384615361,0.5652702470061107
middle_stable_2009_2016,mid_E2_B,evaluation,expanding_median,2,water_year,2016,8,0.13749999999999998,0.17677669529663687,0.13749999999999998,0.8330252646435559
middle_stable_2009_2016,mid_E2_B,evaluation,expanding_median,7,water_year,2013,1,0.0,0.0,0.0,0.0
middle_stable_2009_2016,mid_E2_B,evaluation,expanding_median,7,water_year,2014,25,0.07600000000000003,0.1371130920080209,0.004000000000000008,0.4393212409524871
middle_stable_2009_2016,mid_E2_B,evaluation,expanding_median,7,water_year,2015,24,0.07197916666666744,0.15554089092582798,0.037812499999999256,0.4333892010422426
middle_stable_2009_2016,mid_E2_B,evaluation,expanding_median,7,water_year,2016,8,0.04999999999999999,0.09999999999999998,-0.04999999999999999,0.30318280980129964
middle_stable_2009_2016,mid_E2_B,evaluation,persistence,1,water_year,2013,2,0.20000000000000007,0.2828427124746191,0.20000000000000007,1.1181388585968717
middle_stable_2009_2016,mid_E2_B,evaluation,persistence,1,water_year,2014,25,0.10399999999999998,0.16248076809271916,-0.016000000000000004,0.595085122597321
middle_stable_2009_2016,mid_E2_B,evaluation,persistence,1,water_year,2015,26,0.12538461538461468,0.17849261997240978,7.120372667547879e-16,0.7553428204311845
middle_stable_2009_2016,mid_E2_B,evaluation,persistence,1,water_year,2016,8,0.16249999999999998,0.1903943276465977,0.1125,0.9855486819189614
middle_stable_2009_2016,mid_E2_B,evaluation,persistence,2,water_year,2013,2,0.0,0.0,0.0,0.0
middle_stable_2009_2016,mid_E2_B,evaluation,persistence,2,water_year,2014,25,0.07999999999999997,0.13266499161421597,-9.992007221626408e-18,0.4600091569730943
middle_stable_2009_2016,mid_E2_B,evaluation,persistence,2,water_year,2015,26,0.15615384615384612,0.22536295511565674,0.031538461538461515,0.9405390571484489
middle_stable_2009_2016,mid_E2_B,evaluation,persistence,2,water_year,2016,8,0.2125,0.27156951228000537,0.2125,1.2868492431688003
middle_stable_2009_2016,mid_E2_B,evaluation,persistence,7,water_year,2013,1,0.0,0.0,0.0,0.0
middle_stable_2009_2016,mid_E2_B,evaluation,persistence,7,water_year,2014,25,0.12800000000000003,0.18110770276274835,0.008000000000000002,0.7381283068303247
middle_stable_2009_2016,mid_E2_B,evaluation,persistence,7,water_year,2015,24,0.14802083333333407,0.2051162018222849,0.04635416666666592,0.8912773438743815
middle_stable_2009_2016,mid_E2_B,evaluation,persistence,7,water_year,2016,8,0.07500000000000001,0.11180339887498947,0.025000000000000015,0.45455479189719467
middle_stable_2009_2016,mid_E2_B,evaluation,prior_year_same_date,1,water_year,2014,24,0.125,0.20412414523193148,0.024999999999999994,0.7185536224432143
middle_stable_2009_2016,mid_E2_B,evaluation,prior_year_same_date,1,water_year,2015,25,0.10099999999999926,0.14144080033710107,-0.028799999999999267,0.6073898653149847
middle_stable_2009_2016,mid_E2_B,evaluation,prior_year_same_date,1,water_year,2016,8,0.13812499999999997,0.19105791006917244,0.06312500000000004,0.8377084958507852
middle_stable_2009_2016,mid_E2_B,evaluation,prior_year_same_date,2,water_year,2014,24,0.07916666666666668,0.13385315336840845,-0.020833333333333343,0.45811658081080225
middle_stable_2009_2016,mid_E2_B,evaluation,prior_year_same_date,2,water_year,2015,25,0.13749999999999996,0.20868816449429992,0.032299999999999975,0.82786801466013
middle_stable_2009_2016,mid_E2_B,evaluation,prior_year_same_date,2,water_year,2016,8,0.163125,0.19105791006917247,0.11187499999999997,0.9890658044846571
middle_stable_2009_2016,mid_E2_B,evaluation,prior_year_same_date,7,water_year,2014,24,0.11250000000000003,0.1594260539142416,-0.004166666666666645,0.6454130971346821
middle_stable_2009_2016,mid_E2_B,evaluation,prior_year_same_date,7,water_year,2015,24,0.10947916666666746,0.19500333864663436,0.00031249999999922545,0.6587516691943143
middle_stable_2009_2016,mid_E2_B,evaluation,prior_year_same_date,7,water_year,2016,8,0.15312499999999996,0.2248402210459685,-0.14812499999999995,0.9278404747890178
middle_stable_2009_2016,mid_E2_B,evaluation,zero_change,1,water_year,2013,2,0.20000000000000007,0.2828427124746191,0.20000000000000007,1.1181388585968717
middle_stable_2009_2016,mid_E2_B,evaluation,zero_change,1,water_year,2014,25,0.044,0.08717797887081347,-0.02,0.25418607040165286
middle_stable_2009_2016,mid_E2_B,evaluation,zero_change,1,water_year,2015,26,0.05519230769230699,0.10249999999999859,-0.02365384615384544,0.3324904150994795
middle_stable_2009_2016,mid_E2_B,evaluation,zero_change,1,water_year,2016,8,0.06249999999999999,0.10606601717798211,0.0375,0.37862299001421224
middle_stable_2009_2016,mid_E2_B,evaluation,zero_change,2,water_year,2013,2,0.0,0.0,0.0,0.0
middle_stable_2009_2016,mid_E2_B,evaluation,zero_change,2,water_year,2014,25,0.028000000000000008,0.06633249580710802,-0.0040000000000000036,0.16309575261480988
middle_stable_2009_2016,mid_E2_B,evaluation,zero_change,2,water_year,2015,26,0.09384615384615383,0.15470505436524637,0.007884615384615361,0.5652702470061107
middle_stable_2009_2016,mid_E2_B,evaluation,zero_change,2,water_year,2016,8,0.13749999999999998,0.17677669529663687,0.13749999999999998,0.8330252646435559
middle_stable_2009_2016,mid_E2_B,evaluation,zero_change,7,water_year,2013,1,0.0,0.0,0.0,0.0
middle_stable_2009_2016,mid_E2_B,evaluation,zero_change,7,water_year,2014,25,0.07600000000000003,0.1371130920080209,0.004000000000000008,0.4393212409524871
middle_stable_2009_2016,mid_E2_B,evaluation,zero_change,7,water_year,2015,24,0.07197916666666744,0.15554089092582798,0.037812499999999256,0.4333892010422426
middle_stable_2009_2016,mid_E2_B,evaluation,zero_change,7,water_year,2016,8,0.04999999999999999,0.09999999999999998,-0.04999999999999999,0.30318280980129964
middle_stable_2009_2016,mid_E2_B,selection,arima_ar1,1,water_year,2010,17,0.12524392585048755,0.1786740714479865,-0.03612939534003595,0.8774962239148149
middle_stable_2009_2016,mid_E2_B,selection,arima_ar1,1,water_year,2011,22,0.6556274089389097,1.6772982337868807,-0.03826601573845378,3.857458743298522
middle_stable_2009_2016,mid_E2_B,selection,arima_ar1,1,water_year,2012,23,0.14321388558446643,0.17223350073108998,-0.0033714598798493616,0.7459644861753228
middle_stable_2009_2016,mid_E2_B,selection,arima_ar1,1,water_year,2013,23,0.1456110822610331,0.19922498487033105,0.028749732798327744,0.7874370280490285
middle_stable_2009_2016,mid_E2_B,selection,arima_ar1,2,water_year,2010,17,0.06726314550864522,0.11065647396108536,-0.013097224946077438,0.46703567215377756
middle_stable_2009_2016,mid_E2_B,selection,arima_ar1,2,water_year,2011,22,0.5026799194487315,1.2758797982807182,0.07880716136948057,2.922369603800062
middle_stable_2009_2016,mid_E2_B,selection,arima_ar1,2,water_year,2012,23,0.09411648816737359,0.13561661155964352,-0.011727852387610118,0.49145960768140934
middle_stable_2009_2016,mid_E2_B,selection,arima_ar1,2,water_year,2013,23,0.10774718956803087,0.14718043163308214,-0.02920050601307546,0.5852045046614583
middle_stable_2009_2016,mid_E2_B,selection,arima_ar1,7,water_year,2010,16,0.05343048130161443,0.10617400472136548,0.004557368773871268,0.36162459814813946
middle_stable_2009_2016,mid_E2_B,selection,arima_ar1,7,water_year,2011,19,0.37227788870078854,0.7694241617713319,0.2585843751358176,2.146952158667562
middle_stable_2009_2016,mid_E2_B,selection,arima_ar1,7,water_year,2012,23,0.1351160263293948,0.16769378908946148,-0.08401210029862025,0.7077955219425202
middle_stable_2009_2016,mid_E2_B,selection,arima_ar1,7,water_year,2013,23,0.1255727583277515,0.16438377346417313,-0.09434047857484915,0.6811920090135889
middle_stable_2009_2016,mid_E2_B,selection,arima_ar1_weekly,1,water_year,2010,17,0.12596455610127036,0.1781394775000635,-0.03585598751533707,0.8823767824158708
middle_stable_2009_2016,mid_E2_B,selection,arima_ar1_weekly,1,water_year,2011,22,0.6508421269767202,1.6617024785737045,-0.032357641494602574,3.8271274828149426
middle_stable_2009_2016,mid_E2_B,selection,arima_ar1_weekly,1,water_year,2012,23,0.14309274027008553,0.17221881464200145,-0.0034610721775552643,0.7453532230482718
middle_stable_2009_2016,mid_E2_B,selection,arima_ar1_weekly,1,water_year,2013,23,0.1448083996637728,0.19865420885466606,0.029155346496162395,0.7830522819127665
middle_stable_2009_2016,mid_E2_B,selection,arima_ar1_weekly,2,water_year,2010,17,0.06651842844370784,0.10999712394456712,-0.012682036514987739,0.46137350699599394
middle_stable_2009_2016,mid_E2_B,selection,arima_ar1_weekly,2,water_year,2011,22,0.502291338688013,1.26578058518263,0.08973700809477807,2.913713572135842
middle_stable_2009_2016,mid_E2_B,selection,arima_ar1_weekly,2,water_year,2012,23,0.09425588379098705,0.1356642744031912,-0.01201026070158991,0.4921890275818961
middle_stable_2009_2016,mid_E2_B,selection,arima_ar1_weekly,2,water_year,2013,23,0.10764885112309046,0.14683685902092547,-0.03022048158177469,0.5846642544851034
middle_stable_2009_2016,mid_E2_B,selection,arima_ar1_weekly,7,water_year,2010,16,0.053699258408013956,0.1067237333173511,0.00411105014665115,0.3636156762582502
middle_stable_2009_2016,mid_E2_B,selection,arima_ar1_weekly,7,water_year,2011,19,0.3357145446286554,0.7222831463057818,0.22087138697766834,1.9295822411299868
middle_stable_2009_2016,mid_E2_B,selection,arima_ar1_weekly,7,water_year,2012,23,0.1356644703033991,0.1679781598776085,-0.08462182610437739,0.7106432846472346
middle_stable_2009_2016,mid_E2_B,selection,arima_ar1_weekly,7,water_year,2013,23,0.1250933338920517,0.16415015491034043,-0.09376962679854194,0.6786333405389635
middle_stable_2009_2016,mid_E2_B,selection,arima_ar2,1,water_year,2010,17,0.1275390014343175,0.1816645651786105,-0.036642057989034055,0.8942206510370081
middle_stable_2009_2016,mid_E2_B,selection,arima_ar2,1,water_year,2011,22,0.6483804835902893,1.6692008696285694,-0.04993904731750503,3.8198811323319815
middle_stable_2009_2016,mid_E2_B,selection,arima_ar2,1,water_year,2012,23,0.14017516602217733,0.16917766281246013,-0.009536934758239014,0.7303824848215816
middle_stable_2009_2016,mid_E2_B,selection,arima_ar2,1,water_year,2013,23,0.1338605697852034,0.19592087017138177,0.02339503636423943,0.723714951152083
middle_stable_2009_2016,mid_E2_B,selection,arima_ar2,2,water_year,2010,17,0.06826724624738595,0.11076251252430935,-0.013457527120323692,0.47391465328124355
middle_stable_2009_2016,mid_E2_B,selection,arima_ar2,2,water_year,2011,22,0.5122865666421966,1.2527164795447518,0.002177973228359861,3.011541029734019
middle_stable_2009_2016,mid_E2_B,selection,arima_ar2,2,water_year,2012,23,0.09343883500847516,0.13582977570716562,-0.008013722993287705,0.4873009126580655
middle_stable_2009_2016,mid_E2_B,selection,arima_ar2,2,water_year,2013,23,0.10476027606207976,0.15012968001115815,-0.02238789539003025,0.568787855795124
middle_stable_2009_2016,mid_E2_B,selection,arima_ar2,7,water_year,2010,16,0.05343509029889791,0.10616531498818461,0.004587473835250357,0.3616397895757473
middle_stable_2009_2016,mid_E2_B,selection,arima_ar2,7,water_year,2011,19,0.2509610518996654,0.5127752237240352,0.11499134648523406,1.4511337137230755
middle_stable_2009_2016,mid_E2_B,selection,arima_ar2,7,water_year,2012,23,0.1224307598561456,0.1575328768800567,-0.06575513478025828,0.641314958990665
middle_stable_2009_2016,mid_E2_B,selection,arima_ar2,7,water_year,2013,23,0.12125290177810077,0.16562439129478548,-0.07222610931413449,0.6577422224217293
middle_stable_2009_2016,mid_E2_B,selection,arima_arma11,1,water_year,2010,17,0.12796473629714875,0.17932927151712513,-0.03636999913174625,0.8970676665660042
middle_stable_2009_2016,mid_E2_B,selection,arima_arma11,1,water_year,2011,22,0.6790902017829176,1.7461543460381468,-0.01564802654355837,3.980375990980548
middle_stable_2009_2016,mid_E2_B,selection,arima_arma11,1,water_year,2012,23,0.13546667959981243,0.1670194250321773,-0.0059760276637407786,0.7055469468659576
middle_stable_2009_2016,mid_E2_B,selection,arima_arma11,1,water_year,2013,23,0.11526292649155848,0.1631189648878474,0.01204518347745218,0.6231998911562647
middle_stable_2009_2016,mid_E2_B,selection,arima_arma11,2,water_year,2010,17,0.06839209564333437,0.11069871960989945,-0.01178102350168816,0.47488755884362943
middle_stable_2009_2016,mid_E2_B,selection,arima_arma11,2,water_year,2011,22,0.5332364395950018,1.2907413293843146,-0.0008854250766445571,3.1245642908386198
middle_stable_2009_2016,mid_E2_B,selection,arima_arma11,2,water_year,2012,23,0.09205371164144269,0.13369132014354812,-0.0029889135063583647,0.4795871915516949
middle_stable_2009_2016,mid_E2_B,selection,arima_arma11,2,water_year,2013,23,0.09373400182615817,0.13614178110149797,-0.031161168374219304,0.5090440781918889
middle_stable_2009_2016,mid_E2_B,selection,arima_arma11,7,water_year,2010,16,0.05334713382555964,0.10602406750157066,0.004836785135199616,0.3609626549688014
middle_stable_2009_2016,mid_E2_B,selection,arima_arma11,7,water_year,2011,19,0.25019171070629104,0.4427076165461328,-0.06663716307183294,1.4871846189081943
middle_stable_2009_2016,mid_E2_B,selection,arima_arma11,7,water_year,2012,23,0.11356488522482812,0.1496462543794514,-0.04798544486683411,0.5947849577551618
middle_stable_2009_2016,mid_E2_B,selection,arima_arma11,7,water_year,2013,23,0.11384827597517762,0.15925840090303117,-0.061136131955867,0.6175038230341543
middle_stable_2009_2016,mid_E2_B,selection,arima_mean,1,water_year,2010,16,0.13236419370102218,0.1844691243830663,-0.03925605897997646,0.9271692368316982
middle_stable_2009_2016,mid_E2_B,selection,arima_mean,1,water_year,2011,20,0.7205425925971704,2.01419566558929,0.5496157413848011,3.907356606443199
middle_stable_2009_2016,mid_E2_B,selection,arima_mean,1,water_year,2012,23,0.1625727632495953,0.19697471493953878,-0.13816108393012264,0.8481787308534452
middle_stable_2009_2016,mid_E2_B,selection,arima_mean,1,water_year,2013,23,0.12830310189646146,0.14504685109171536,-0.10164427908413877,0.6958550107177897
middle_stable_2009_2016,mid_E2_B,selection,arima_mean,2,water_year,2010,16,0.07112045581317988,0.11404880590944338,-0.014256058979976446,0.4938539789175866
middle_stable_2009_2016,mid_E2_B,selection,arima_mean,2,water_year,2011,20,0.7167089144735275,1.8747739303808761,0.5546157413848027,3.9650635312338016
middle_stable_2009_2016,mid_E2_B,selection,arima_mean,2,water_year,2012,23,0.14170319153146163,0.15613990056277033,-0.12511760566925306,0.7394554952616506
middle_stable_2009_2016,mid_E2_B,selection,arima_mean,2,water_year,2013,23,0.15288892326917908,0.17950373447094464,-0.13642688777979095,0.8288794532794131
middle_stable_2009_2016,mid_E2_B,selection,arima_mean,7,water_year,2010,15,0.056621982708824445,0.10964445641404803,0.004491035632940544,0.3831900469478094
middle_stable_2009_2016,mid_E2_B,selection,arima_mean,7,water_year,2011,17,0.5966814132714721,1.2506023785917837,0.46582822381252875,3.5063183651412344
middle_stable_2009_2016,mid_E2_B,selection,arima_mean,7,water_year,2012,23,0.17131914108820492,0.19742998142672719,-0.12946543175620961,0.8964373584493622
middle_stable_2009_2016,mid_E2_B,selection,arima_mean,7,water_year,2013,23,0.14893099686891395,0.18057303387590462,-0.13207906169283445,0.8064850390181435
middle_stable_2009_2016,mid_E2_B,selection,expanding_median,1,water_year,2010,17,0.12352941176470589,0.17986923354612536,-0.0411764705882353,0.8652809150955963
middle_stable_2009_2016,mid_E2_B,selection,expanding_median,1,water_year,2011,22,0.6772727272727281,1.947842629446975,0.5681818181818176,3.6625453382761846
middle_stable_2009_2016,mid_E2_B,selection,expanding_median,1,water_year,2012,23,0.1,0.14295028019803127,-0.004347826086956537,0.5195238892694019
middle_stable_2009_2016,mid_E2_B,selection,expanding_median,1,water_year,2013,23,0.05217391304347826,0.10215078369104982,2.413528314402514e-18,0.28323763258879114
middle_stable_2009_2016,mid_E2_B,selection,expanding_median,2,water_year,2010,17,0.06470588235294118,0.11114378604524226,-0.017647058823529405,0.4492345270527848
middle_stable_2009_2016,mid_E2_B,selection,expanding_median,2,water_year,2011,22,0.6363636363636372,1.8135850983868682,0.563636363636365,3.535048353510332
middle_stable_2009_2016,mid_E2_B,selection,expanding_median,2,water_year,2012,23,0.04347826086956523,0.0932504808240314,0.008695652173913042,0.22688704911932248
middle_stable_2009_2016,mid_E2_B,selection,expanding_median,2,water_year,2013,23,0.06956521739130435,0.12158375177486577,-0.034782608695652174,0.37680897726375806
middle_stable_2009_2016,mid_E2_B,selection,expanding_median,7,water_year,2010,16,0.05,0.10606601717798214,-3.469446951953614e-18,0.3375531573079701
middle_stable_2009_2016,mid_E2_B,selection,expanding_median,7,water_year,2011,19,0.5526315789473701,1.2067790972144352,0.46842105263157885,3.231753732589078
middle_stable_2009_2016,mid_E2_B,selection,expanding_median,7,water_year,2012,23,0.08260869565217392,0.14890907643081486,0.0043478260869565235,0.43436771415068715
middle_stable_2009_2016,mid_E2_B,selection,expanding_median,7,water_year,2013,23,0.06521739130434781,0.12683436648534627,-0.03043478260869564,0.35280642161994086
middle_stable_2009_2016,mid_E2_B,selection,persistence,1,water_year,2010,17,0.15294117647058827,0.22491828581535486,-0.03529411764705884,1.07328802524083
middle_stable_2009_2016,mid_E2_B,selection,persistence,1,water_year,2011,22,0.6227272727272741,1.76339032960529,-0.19545454545454685,3.7626748554539797
middle_stable_2009_2016,mid_E2_B,selection,persistence,1,water_year,2012,23,0.14347826086956525,0.18297065576087665,0.02173913043478259,0.7471401900233154
middle_stable_2009_2016,mid_E2_B,selection,persistence,1,water_year,2013,23,0.16086956521739132,0.23312620206007845,0.056521739130434775,0.8695412101583856
middle_stable_2009_2016,mid_E2_B,selection,persistence,2,water_year,2010,17,0.12941176470588237,0.1970368732287556,-0.01176470588235294,0.8903901240019616
middle_stable_2009_2016,mid_E2_B,selection,persistence,2,water_year,2011,22,0.5727272727272744,1.3859686471594839,-0.19999999999999937,3.426808046997651
middle_stable_2009_2016,mid_E2_B,selection,persistence,2,water_year,2012,23,0.08695652173913046,0.1615145706174497,0.03478260869565217,0.45450334987323615
middle_stable_2009_2016,mid_E2_B,selection,persistence,2,water_year,2013,23,0.11739130434782609,0.19224079103855776,0.021739130434782605,0.6369587523804883
middle_stable_2009_2016,mid_E2_B,selection,persistence,7,water_year,2010,16,0.14375,0.24109126902482386,0.006249999999999992,0.9920261194552392
middle_stable_2009_2016,mid_E2_B,selection,persistence,7,water_year,2011,19,0.5894736842105265,1.2230247232514198,-0.3789473684210527,3.5060245154730514
middle_stable_2009_2016,mid_E2_B,selection,persistence,7,water_year,2012,23,0.09130434782608696,0.16550318531021113,0.03043478260869565,0.4796849826045389
middle_stable_2009_2016,mid_E2_B,selection,persistence,7,water_year,2013,23,0.14782608695652175,0.23405684928164816,0.02608695652173913,0.8014360406031112
middle_stable_2009_2016,mid_E2_B,selection,prior_year_same_date,1,water_year,2010,17,0.24117647058823533,0.3077432084594901,-0.07647058823529411,1.6830241448804015
middle_stable_2009_2016,mid_E2_B,selection,prior_year_same_date,1,water_year,2011,22,0.718181818181819,2.0282101379384634,0.6090909090909084,3.9437734298963423
middle_stable_2009_2016,mid_E2_B,selection,prior_year_same_date,1,water_year,2012,20,0.6600000000000005,1.3183322798141597,-0.5099999999999988,3.4398041744663947
middle_stable_2009_2016,mid_E2_B,selection,prior_year_same_date,1,water_year,2013,22,0.11818181818181817,0.21320071635561044,-0.018181818181818184,0.6404582461527206
middle_stable_2009_2016,mid_E2_B,selection,prior_year_same_date,2,water_year,2010,16,0.1125,0.14577379737113252,3.469446951953614e-18,0.7824967781198535
middle_stable_2009_2016,mid_E2_B,selection,prior_year_same_date,2,water_year,2011,22,0.7045454545454553,1.8648665562788318,0.5772727272727285,3.886337306355156
middle_stable_2009_2016,mid_E2_B,selection,prior_year_same_date,2,water_year,2012,19,1.0000000000000016,2.2727215310932265,-0.8947368421052634,5.209296617718868
middle_stable_2009_2016,mid_E2_B,selection,prior_year_same_date,2,water_year,2013,22,0.12272727272727275,0.19188064472004943,-0.00454545454545455,0.6625230230399308
middle_stable_2009_2016,mid_E2_B,selection,prior_year_same_date,7,water_year,2010,16,0.125,0.18708286933869708,-0.012500000000000011,0.8568192773638748
middle_stable_2009_2016,mid_E2_B,selection,prior_year_same_date,7,water_year,2011,18,0.6500000000000017,1.2877629181387917,0.4722222222222221,3.856866959882053
middle_stable_2009_2016,mid_E2_B,selection,prior_year_same_date,7,water_year,2012,20,0.8649999999999993,1.8940696924875804,-0.7250000000000021,4.516555801803399
middle_stable_2009_2016,mid_E2_B,selection,prior_year_same_date,7,water_year,2013,22,0.08636363636363635,0.14924050144892728,0.00454545454545455,0.46793826306485015
middle_stable_2009_2016,mid_E2_B,selection,zero_change,1,water_year,2010,17,0.12352941176470589,0.17986923354612536,-0.0411764705882353,0.8652809150955963
middle_stable_2009_2016,mid_E2_B,selection,zero_change,1,water_year,2011,22,0.6772727272727281,1.947842629446975,0.5681818181818176,3.6625453382761846
middle_stable_2009_2016,mid_E2_B,selection,zero_change,1,water_year,2012,23,0.1,0.14295028019803127,-0.004347826086956537,0.5195238892694019
middle_stable_2009_2016,mid_E2_B,selection,zero_change,1,water_year,2013,23,0.05217391304347826,0.10215078369104982,2.413528314402514e-18,0.28323763258879114
middle_stable_2009_2016,mid_E2_B,selection,zero_change,2,water_year,2010,17,0.06470588235294118,0.11114378604524226,-0.017647058823529405,0.4492345270527848
middle_stable_2009_2016,mid_E2_B,selection,zero_change,2,water_year,2011,22,0.6363636363636372,1.8135850983868682,0.563636363636365,3.535048353510332
middle_stable_2009_2016,mid_E2_B,selection,zero_change,2,water_year,2012,23,0.04347826086956523,0.0932504808240314,0.008695652173913042,0.22688704911932248
middle_stable_2009_2016,mid_E2_B,selection,zero_change,2,water_year,2013,23,0.06956521739130435,0.12158375177486577,-0.034782608695652174,0.37680897726375806
middle_stable_2009_2016,mid_E2_B,selection,zero_change,7,water_year,2010,16,0.05,0.10606601717798214,-3.469446951953614e-18,0.3375531573079701
middle_stable_2009_2016,mid_E2_B,selection,zero_change,7,water_year,2011,19,0.5526315789473701,1.2067790972144352,0.46842105263157885,3.231753732589078
middle_stable_2009_2016,mid_E2_B,selection,zero_change,7,water_year,2012,23,0.08260869565217392,0.14890907643081486,0.0043478260869565235,0.43436771415068715
middle_stable_2009_2016,mid_E2_B,selection,zero_change,7,water_year,2013,23,0.06521739130434781,0.12683436648534627,-0.03043478260869564,0.35280642161994086
toe_pre_topple_long,toe_E5_C,evaluation,arima_ar1,1,water_year,2013,17,0.17264559142633676,0.20859022229955315,-0.052053868841321654,0.5344701660306872
toe_pre_topple_long,toe_E5_C,evaluation,arima_ar1,1,water_year,2014,26,0.14362435312318667,0.19938052852053834,0.03821729594124808,0.4596945843099505
toe_pre_topple_long,toe_E5_C,evaluation,arima_ar1,1,water_year,2015,25,0.23555559212250043,0.40076660279451115,-0.0984890964682279,0.7912107938389522
toe_pre_topple_long,toe_E5_C,evaluation,arima_ar1,1,water_year,2016,8,0.22776323127687623,0.26754091931900564,-0.05169818151085895,0.7794143906630593
toe_pre_topple_long,toe_E5_C,evaluation,arima_ar1,2,water_year,2013,17,0.27778726621577715,0.40645124917363057,-0.2531629954345122,0.8605207830221772
toe_pre_topple_long,toe_E5_C,evaluation,arima_ar1,2,water_year,2014,26,0.26627997612134896,0.4940114704527612,0.06552862226254028,0.8497273221647302
toe_pre_topple_long,toe_E5_C,evaluation,arima_ar1,2,water_year,2015,25,0.17322413648439117,0.2847365734197242,-0.029561976885031652,0.5815307469395531
toe_pre_topple_long,toe_E5_C,evaluation,arima_ar1,2,water_year,2016,8,0.1598608628968896,0.18924880839798944,-0.09045702195943847,0.5466084623377758
toe_pre_topple_long,toe_E5_C,evaluation,arima_ar1,7,water_year,2013,16,0.20926630570606986,0.259973882842165,-0.1311739168412926,0.6483336241653443
toe_pre_topple_long,toe_E5_C,evaluation,arima_ar1,7,water_year,2014,25,0.10905148586551007,0.13493303385136943,-0.07281238894145066,0.35088982058146323
toe_pre_topple_long,toe_E5_C,evaluation,arima_ar1,7,water_year,2015,24,0.17342725795397837,0.22474693934930412,-0.0930716639769084,0.5803484744457217
toe_pre_topple_long,toe_E5_C,evaluation,arima_ar1,7,water_year,2016,7,0.25526063145866773,0.35130228550175724,-0.17047208313327863,0.8740109823482108
toe_pre_topple_long,toe_E5_C,evaluation,arima_ar2,1,water_year,2013,17,0.15661437463212974,0.2025118275631494,-0.050427585554679695,0.48469767268379843
toe_pre_topple_long,toe_E5_C,evaluation,arima_ar2,1,water_year,2014,26,0.14217852556356453,0.1971054640091642,0.06388422896736558,0.45484602972570387
toe_pre_topple_long,toe_E5_C,evaluation,arima_ar2,1,water_year,2015,25,0.22285773441407872,0.34718517957499734,-0.10094241929731357,0.7481572959157359
toe_pre_topple_long,toe_E5_C,evaluation,arima_ar2,1,water_year,2016,8,0.21920719772310715,0.26647758650258146,-0.026603116180699576,0.7501508035452139
toe_pre_topple_long,toe_E5_C,evaluation,arima_ar2,2,water_year,2013,17,0.2587025556492359,0.39940783937262087,-0.24392127146491738,0.8013402594562109
toe_pre_topple_long,toe_E5_C,evaluation,arima_ar2,2,water_year,2014,26,0.2655882834001773,0.5047296683751892,0.09681303951010277,0.8472596948523479
toe_pre_topple_long,toe_E5_C,evaluation,arima_ar2,2,water_year,2015,25,0.16554341046194002,0.28398413952008567,-0.015848975924749778,0.5556893965904568
toe_pre_topple_long,toe_E5_C,evaluation,arima_ar2,2,water_year,2016,8,0.149013186489348,0.174764399924275,-0.07580684077255999,0.509539364461018
toe_pre_topple_long,toe_E5_C,evaluation,arima_ar2,7,water_year,2013,16,0.19608415399902082,0.25178553589424535,-0.11517688378861773,0.6073837109552667
toe_pre_topple_long,toe_E5_C,evaluation,arima_ar2,7,water_year,2014,25,0.10489795966385822,0.13100809100597388,-0.03647202292239836,0.33724161740178643
toe_pre_topple_long,toe_E5_C,evaluation,arima_ar2,7,water_year,2015,24,0.1708612316401156,0.23263679286133518,-0.06932086238439063,0.5721376162322984
toe_pre_topple_long,toe_E5_C,evaluation,arima_ar2,7,water_year,2016,7,0.2541802701543287,0.3516545227250133,-0.16841602813130613,0.8703364310954068
toe_pre_topple_long,toe_E5_C,evaluation,arima_arma11,1,water_year,2013,17,0.15386684836221262,0.19516158632761715,-0.04174457652583827,0.4757234521987823
toe_pre_topple_long,toe_E5_C,evaluation,arima_arma11,1,water_year,2014,26,0.11536320813101388,0.15713818142130903,0.06426389638911759,0.3690176380608001
toe_pre_topple_long,toe_E5_C,evaluation,arima_arma11,1,water_year,2015,25,0.21194422664795795,0.3085062401394765,-0.10190601860966846,0.7109517779876273
toe_pre_topple_long,toe_E5_C,evaluation,arima_arma11,1,water_year,2016,8,0.19678027735274722,0.24027349861732156,-0.027630585639787056,0.6734887258168627
toe_pre_topple_long,toe_E5_C,evaluation,arima_arma11,2,water_year,2013,17,0.23904814683170544,0.3812991347678792,-0.23247253172184423,0.7402841357616204
toe_pre_topple_long,toe_E5_C,evaluation,arima_arma11,2,water_year,2014,26,0.2491424899273485,0.48882960221329397,0.11280484638344104,0.7935391019459309
toe_pre_topple_long,toe_E5_C,evaluation,arima_arma11,2,water_year,2015,25,0.15129488846571237,0.23752618201318826,-0.013380190335334042,0.5069838992878539
toe_pre_topple_long,toe_E5_C,evaluation,arima_arma11,2,water_year,2016,8,0.11569532770847701,0.1434902800297486,-0.06616630678499567,0.39565116613936685
toe_pre_topple_long,toe_E5_C,evaluation,arima_arma11,7,water_year,2013,16,0.17859328695432328,0.23860084634349346,-0.0899348513056285,0.553015859977799
toe_pre_topple_long,toe_E5_C,evaluation,arima_arma11,7,water_year,2014,25,0.10703050831695564,0.1387347505342085,0.013746025865932572,0.3437693117054858
toe_pre_topple_long,toe_E5_C,evaluation,arima_arma11,7,water_year,2015,24,0.15538556386689842,0.22420123270116488,-0.03807567288175652,0.5202829222857868
toe_pre_topple_long,toe_E5_C,evaluation,arima_arma11,7,water_year,2016,7,0.2557920456720357,0.3490607609112156,-0.1555485753767282,0.8759518628863708
toe_pre_topple_long,toe_E5_C,evaluation,arima_mean,1,water_year,2013,17,0.17764135326928956,0.2037735210174037,-0.11130183306907637,0.549451850747757
toe_pre_topple_long,toe_E5_C,evaluation,arima_mean,1,water_year,2014,22,0.12434082516063895,0.14203532650382875,-0.08719374031164075,0.3966330597788067
toe_pre_topple_long,toe_E5_C,evaluation,arima_mean,1,water_year,2015,24,0.2412205955120774,0.2908740559036669,-0.19140450122027838,0.8084688745259334
toe_pre_topple_long,toe_E5_C,evaluation,arima_mean,1,water_year,2016,7,0.16962246151648655,0.19206634503176556,-0.08239268612474517,0.5802708904557067
toe_pre_topple_long,toe_E5_C,evaluation,arima_mean,2,water_year,2013,17,0.30686744392880483,0.41932176549435346,-0.29953712718672343,0.9506886858278958
toe_pre_topple_long,toe_E5_C,evaluation,arima_mean,2,water_year,2014,22,0.2283537118353187,0.4510769045964709,0.012806259688359262,0.7276313254608323
toe_pre_topple_long,toe_E5_C,evaluation,arima_mean,2,water_year,2015,24,0.16870104141120232,0.2084902487606675,-0.11223783455361169,0.5650216862716692
toe_pre_topple_long,toe_E5_C,evaluation,arima_mean,2,water_year,2016,7,0.1556132096734689,0.1795649287973572,-0.09667840041045948,0.5322542691214874
toe_pre_topple_long,toe_E5_C,evaluation,arima_mean,7,water_year,2013,16,0.22555149107705658,0.2736971175223191,-0.14775367332158415,0.6987540398600606
toe_pre_topple_long,toe_E5_C,evaluation,arima_mean,7,water_year,2014,21,0.1339203235948855,0.15526950941267717,-0.11701590133241527,0.43071851757278995
toe_pre_topple_long,toe_E5_C,evaluation,arima_mean,7,water_year,2015,23,0.17222824208456702,0.224328525779366,-0.1128500134248887,0.5758948762428062
toe_pre_topple_long,toe_E5_C,evaluation,arima_mean,7,water_year,2016,6,0.2979338771125243,0.3769084374556722,-0.19700883612405184,1.0200827162232524
toe_pre_topple_long,toe_E5_C,evaluation,arimax_ar1_rain_lag2,1,water_year,2013,17,0.1601478181146846,0.20197311374100146,-0.02581519745931857,0.4956920072728021
toe_pre_topple_long,toe_E5_C,evaluation,arimax_ar1_rain_lag2,1,water_year,2014,26,0.1374080666514577,0.1959864301992082,0.04205561152091432,0.43942088574674076
toe_pre_topple_long,toe_E5_C,evaluation,arimax_ar1_rain_lag2,1,water_year,2015,24,0.22709429390619662,0.3718347012425509,-0.09738729227702698,0.762810563249046
toe_pre_topple_long,toe_E5_C,evaluation,arimax_ar1_rain_lag2,1,water_year,2016,8,0.20881955622857684,0.22834357330022284,-0.06030824795045851,0.7146312902803539
toe_pre_topple_long,toe_E5_C,evaluation,arimax_ar1_rain_lag2,2,water_year,2013,17,0.24122816584252618,0.37805592128471965,-0.2057350683374993,0.7470662829949296
toe_pre_topple_long,toe_E5_C,evaluation,arimax_ar1_rain_lag2,2,water_year,2014,26,0.2468285108340746,0.49533800636686515,0.06279768567401683,0.7866489484125169
toe_pre_topple_long,toe_E5_C,evaluation,arimax_ar1_rain_lag2,2,water_year,2015,24,0.16333143489190627,0.2603353861097482,-0.03891418269936712,0.5480716724641608
toe_pre_topple_long,toe_E5_C,evaluation,arimax_ar1_rain_lag2,2,water_year,2016,8,0.1686789484084274,0.1940176017768303,-0.09586369264859101,0.5769081373661965
toe_pre_topple_long,toe_E5_C,evaluation,expanding_median,1,water_year,2013,17,0.10588235294117646,0.17149858514250885,0.02352941176470588,0.3270657208475381
toe_pre_topple_long,toe_E5_C,evaluation,expanding_median,1,water_year,2014,26,0.07307692307692307,0.11929278784054477,0.04230769230769232,0.23357534048384132
toe_pre_topple_long,toe_E5_C,evaluation,expanding_median,1,water_year,2015,25,0.16399999999999998,0.23409399821439247,-0.092,0.5501275591076722
toe_pre_topple_long,toe_E5_C,evaluation,expanding_median,1,water_year,2016,8,0.11250000000000002,0.17677669529663692,0.037500000000000006,0.3851393652258298
toe_pre_topple_long,toe_E5_C,evaluation,expanding_median,2,water_year,2013,17,0.18823529411764706,0.33606722016672236,-0.1647058823529412,0.5829099345967572
toe_pre_topple_long,toe_E5_C,evaluation,expanding_median,2,water_year,2014,26,0.18846153846153843,0.4510671108178233,0.09615384615384613,0.5994454083126302
toe_pre_topple_long,toe_E5_C,evaluation,expanding_median,2,water_year,2015,25,0.12000000000000002,0.17663521732655696,-8.881784197001253e-18,0.4016073785567423
toe_pre_topple_long,toe_E5_C,evaluation,expanding_median,2,water_year,2016,8,0.1,0.14142135623730953,-6.938893903907228e-18,0.3422844566517918
toe_pre_topple_long,toe_E5_C,evaluation,expanding_median,7,water_year,2013,16,0.1375,0.23184046238739262,-0.01249999999999999,0.42601189786420035
toe_pre_topple_long,toe_E5_C,evaluation,expanding_median,7,water_year,2014,25,0.07,0.1135781669160055,0.022000000000000002,0.22541396283150683
toe_pre_topple_long,toe_E5_C,evaluation,expanding_median,7,water_year,2015,24,0.11666666666666665,0.18929694486000911,-0.00833333333333335,0.39021566818264924
toe_pre_topple_long,toe_E5_C,evaluation,expanding_median,7,water_year,2016,7,0.21428571428571422,0.3139608710833701,-0.07142857142857147,0.7339133980312885
toe_pre_topple_long,toe_E5_C,evaluation,persistence,1,water_year,2013,17,0.17647058823529413,0.2222875720904845,-0.03529411764705884,0.5464074394474012
toe_pre_topple_long,toe_E5_C,evaluation,persistence,1,water_year,2014,26,0.16538461538461538,0.24884347876341248,0.07307692307692308,0.5295575860635422
toe_pre_topple_long,toe_E5_C,evaluation,persistence,1,water_year,2015,25,0.24400000000000002,0.46,-0.06800000000000002,0.8199436104963637
toe_pre_topple_long,toe_E5_C,evaluation,persistence,1,water_year,2016,8,0.25,0.3000000000000001,-0.04999999999999996,0.8555233280323924
toe_pre_topple_long,toe_E5_C,evaluation,persistence,2,water_year,2013,17,0.2705882352941177,0.41016495964141925,-0.22352941176470587,0.8380253051498171
toe_pre_topple_long,toe_E5_C,evaluation,persistence,2,water_year,2014,26,0.3038461538461539,0.554353400194941,0.12692307692307694,0.9703651090916965
toe_pre_topple_long,toe_E5_C,evaluation,persistence,2,water_year,2015,25,0.20800000000000002,0.39597979746446665,0.023999999999999976,0.6987077482171568
toe_pre_topple_long,toe_E5_C,evaluation,persistence,2,water_year,2016,8,0.18750000000000006,0.22638462845343546,-0.08749999999999998,0.6409595069481338
toe_pre_topple_long,toe_E5_C,evaluation,persistence,7,water_year,2013,16,0.175,0.23184046238739262,-0.0625,0.5422003736776092
toe_pre_topple_long,toe_E5_C,evaluation,persistence,7,water_year,2014,25,0.166,0.2385372088375313,0.046000000000000006,0.532304643807823
toe_pre_topple_long,toe_E5_C,evaluation,persistence,7,water_year,2015,24,0.25,0.39791121287711073,0.008333333333333323,0.8381985846721353
toe_pre_topple_long,toe_E5_C,evaluation,persistence,7,water_year,2016,7,0.2571428571428571,0.3891382420536068,-0.20000000000000004,0.8806122372928963
toe_pre_topple_long,toe_E5_C,evaluation,prior_year_same_date,1,water_year,2013,14,0.2714285714285714,0.36449573777637356,0.04285714285714285,0.8375833019139983
toe_pre_topple_long,toe_E5_C,evaluation,prior_year_same_date,1,water_year,2014,23,0.16956521739130437,0.266213382866811,-0.013043478260869558,0.5401017220082651
toe_pre_topple_long,toe_E5_C,evaluation,prior_year_same_date,1,water_year,2015,25,0.212,0.3117691453623979,-0.05999999999999997,0.7114066572581814
toe_pre_topple_long,toe_E5_C,evaluation,prior_year_same_date,1,water_year,2016,8,0.11250000000000003,0.17677669529663692,0.0875,0.3847227151163656
toe_pre_topple_long,toe_E5_C,evaluation,prior_year_same_date,2,water_year,2013,14,0.32857142857142857,0.4566962103755938,-0.21428571428571425,1.0148604116438242
toe_pre_topple_long,toe_E5_C,evaluation,prior_year_same_date,2,water_year,2014,24,0.24583333333333332,0.45230889150373044,0.09583333333333333,0.7822541064239926
toe_pre_topple_long,toe_E5_C,evaluation,prior_year_same_date,2,water_year,2015,25,0.14800000000000002,0.1949358868961793,-0.04400000000000002,0.4960287586377952
toe_pre_topple_long,toe_E5_C,evaluation,prior_year_same_date,2,water_year,2016,8,0.22499999999999998,0.291547594742265,0.12499999999999997,0.7704017305850596
toe_pre_topple_long,toe_E5_C,evaluation,prior_year_same_date,7,water_year,2013,12,0.20000000000000004,0.2581988897471611,-0.04999999999999998,0.617636174279782
toe_pre_topple_long,toe_E5_C,evaluation,prior_year_same_date,7,water_year,2014,23,0.2978260869565218,0.3696355431808591,-0.028260869565217388,0.9522266064337398
toe_pre_topple_long,toe_E5_C,evaluation,prior_year_same_date,7,water_year,2015,24,0.22083333333333333,0.31950482521134693,0.012499999999999985,0.7380020409557583
toe_pre_topple_long,toe_E5_C,evaluation,prior_year_same_date,7,water_year,2016,7,0.19999999999999998,0.2563479777846623,-0.0571428571428572,0.6842182668921123
toe_pre_topple_long,toe_E5_C,evaluation,zero_change,1,water_year,2013,17,0.10588235294117646,0.17149858514250885,0.02352941176470588,0.3270657208475381
toe_pre_topple_long,toe_E5_C,evaluation,zero_change,1,water_year,2014,26,0.07307692307692307,0.11929278784054477,0.04230769230769232,0.23357534048384132
toe_pre_topple_long,toe_E5_C,evaluation,zero_change,1,water_year,2015,25,0.16399999999999998,0.23409399821439247,-0.092,0.5501275591076722
toe_pre_topple_long,toe_E5_C,evaluation,zero_change,1,water_year,2016,8,0.11250000000000002,0.17677669529663692,0.037500000000000006,0.3851393652258298
toe_pre_topple_long,toe_E5_C,evaluation,zero_change,2,water_year,2013,17,0.18823529411764706,0.33606722016672236,-0.1647058823529412,0.5829099345967572
toe_pre_topple_long,toe_E5_C,evaluation,zero_change,2,water_year,2014,26,0.18846153846153843,0.4510671108178233,0.09615384615384613,0.5994454083126302
toe_pre_topple_long,toe_E5_C,evaluation,zero_change,2,water_year,2015,25,0.12000000000000002,0.17663521732655696,-8.881784197001253e-18,0.4016073785567423
toe_pre_topple_long,toe_E5_C,evaluation,zero_change,2,water_year,2016,8,0.1,0.14142135623730953,-6.938893903907228e-18,0.3422844566517918
toe_pre_topple_long,toe_E5_C,evaluation,zero_change,7,water_year,2013,16,0.1375,0.23184046238739262,-0.01249999999999999,0.42601189786420035
toe_pre_topple_long,toe_E5_C,evaluation,zero_change,7,water_year,2014,25,0.07,0.1135781669160055,0.022000000000000002,0.22541396283150683
toe_pre_topple_long,toe_E5_C,evaluation,zero_change,7,water_year,2015,24,0.11666666666666665,0.18929694486000911,-0.00833333333333335,0.39021566818264924
toe_pre_topple_long,toe_E5_C,evaluation,zero_change,7,water_year,2016,7,0.21428571428571422,0.3139608710833701,-0.07142857142857147,0.7339133980312885
toe_pre_topple_long,toe_E5_C,selection,arima_ar1,1,water_year,2008,20,0.15020379654179333,0.20259968237254836,0.008604837481596812,0.543205602373697
toe_pre_topple_long,toe_E5_C,selection,arima_ar1,1,water_year,2009,25,0.26502486060769165,0.3689528542071047,-0.1040351651130091,1.024580601879711
toe_pre_topple_long,toe_E5_C,selection,arima_ar1,1,water_year,2010,25,0.4875493779593568,1.3194825638417051,0.36199662095652174,1.7834206119816516
toe_pre_topple_long,toe_E5_C,selection,arima_ar1,1,water_year,2011,21,0.7449231159570776,1.758346938151077,0.5274319257972082,2.395975144498063
toe_pre_topple_long,toe_E5_C,selection,arima_ar1,1,water_year,2012,23,0.2500438940353619,0.39352537232540086,-0.002217647987883329,0.7490267127554696
toe_pre_topple_long,toe_E5_C,selection,arima_ar1,1,water_year,2013,6,0.30946369980824734,0.3518054220016178,-0.12458520006173107,0.9472380911767934
toe_pre_topple_long,toe_E5_C,selection,arima_ar1,2,water_year,2008,19,0.17892501377895997,0.23281632298362778,-0.029765674649514434,0.6480325199467023
toe_pre_topple_long,toe_E5_C,selection,arima_ar1,2,water_year,2009,25,0.24443341630401708,0.47153236961318346,-0.10685073530697607,0.9473248526430086
toe_pre_topple_long,toe_E5_C,selection,arima_ar1,2,water_year,2010,25,0.3212158692029952,0.5672548420702325,0.06803247854689536,1.213862906499878
toe_pre_topple_long,toe_E5_C,selection,arima_ar1,2,water_year,2011,21,1.0486961075987757,2.9844002677527306,0.5801342402244594,3.3275126265748534
toe_pre_topple_long,toe_E5_C,selection,arima_ar1,2,water_year,2012,23,0.21058633588344366,0.25289221786304267,-0.05268615759494829,0.6298105669057138
toe_pre_topple_long,toe_E5_C,selection,arima_ar1,2,water_year,2013,6,0.23942296026044171,0.3195901655548138,-0.04355545254550511,0.7330042022925768
toe_pre_topple_long,toe_E5_C,selection,arima_ar1,7,water_year,2008,19,0.18659730777036346,0.28860592889748815,-0.09549311569642654,0.672447685392444
toe_pre_topple_long,toe_E5_C,selection,arima_ar1,7,water_year,2009,24,0.15223664000053025,0.2095348497423976,-0.054913026664940134,0.5912473913746267
toe_pre_topple_long,toe_E5_C,selection,arima_ar1,7,water_year,2010,25,0.27610820415268816,0.6853765236144793,0.16854163155165952,1.0460248408940087
toe_pre_topple_long,toe_E5_C,selection,arima_ar1,7,water_year,2011,20,1.182522620639121,3.057161370788757,1.0281725756241755,3.7314811106196792
toe_pre_topple_long,toe_E5_C,selection,arima_ar1,7,water_year,2012,20,0.20329877774077304,0.24879812471965296,-0.13776562726267755,0.6056533215156834
toe_pre_topple_long,toe_E5_C,selection,arima_ar1,7,water_year,2013,5,0.23143955631939844,0.2860849796507185,-0.18493143208600887,0.7084636681938088
toe_pre_topple_long,toe_E5_C,selection,arima_ar2,1,water_year,2008,21,0.1569749305049411,0.2069919605674987,0.027945987166353277,0.5651536384605912
toe_pre_topple_long,toe_E5_C,selection,arima_ar2,1,water_year,2009,23,0.2855334054850737,0.39375106152074885,-0.11769319890850956,1.1018772712482383
toe_pre_topple_long,toe_E5_C,selection,arima_ar2,1,water_year,2010,25,0.5230209363492827,1.3689978654308197,0.39834263573735557,1.9162149974358107
toe_pre_topple_long,toe_E5_C,selection,arima_ar2,1,water_year,2011,21,0.6197942734756903,1.0826506807913125,0.39586647423727445,1.9708963139898361
toe_pre_topple_long,toe_E5_C,selection,arima_ar2,1,water_year,2012,23,0.24528010099873288,0.3893034328589436,0.009331668295283152,0.7344432610793395
toe_pre_topple_long,toe_E5_C,selection,arima_ar2,1,water_year,2013,6,0.25155414929114517,0.30717772154420375,-0.09914449383829697,0.7699463906266159
toe_pre_topple_long,toe_E5_C,selection,arima_ar2,2,water_year,2008,20,0.17985885156220277,0.24030896107277844,-0.015778980098024573,0.6500559572079635
toe_pre_topple_long,toe_E5_C,selection,arima_ar2,2,water_year,2009,23,0.2765550739851521,0.49342636837524,-0.10766853644393695,1.0725950143287266
toe_pre_topple_long,toe_E5_C,selection,arima_ar2,2,water_year,2010,25,0.34701055452102525,0.6275117909895583,0.09697276737339904,1.3079607591585494
toe_pre_topple_long,toe_E5_C,selection,arima_ar2,2,water_year,2011,21,0.9620630674434123,2.412096327339438,0.4468418652696655,3.035581895474941
toe_pre_topple_long,toe_E5_C,selection,arima_ar2,2,water_year,2012,23,0.21333393050450947,0.25935307757979614,-0.02800246738251651,0.6379442812353238
toe_pre_topple_long,toe_E5_C,selection,arima_ar2,2,water_year,2013,6,0.2630383104175859,0.34435462472490425,-0.01712663610482956,0.8053027598041922
toe_pre_topple_long,toe_E5_C,selection,arima_ar2,7,water_year,2008,20,0.18715376092440925,0.28463166252992195,-0.08090956605876418,0.6731920519131238
toe_pre_topple_long,toe_E5_C,selection,arima_ar2,7,water_year,2009,22,0.15642919701848207,0.21624248699598672,-0.041202017563154156,0.6066336095972987
toe_pre_topple_long,toe_E5_C,selection,arima_ar2,7,water_year,2010,25,0.2761600116723025,0.6853844066069387,0.16860193768891651,1.0462268186959574
toe_pre_topple_long,toe_E5_C,selection,arima_ar2,7,water_year,2011,20,1.0239817255291104,2.6362332143605385,0.8943270245233274,3.243030709222908
toe_pre_topple_long,toe_E5_C,selection,arima_ar2,7,water_year,2012,20,0.19572331681988825,0.2414055939136806,-0.1012033867458112,0.5827779705565683
toe_pre_topple_long,toe_E5_C,selection,arima_ar2,7,water_year,2013,5,0.26173286970559184,0.2941218626311567,-0.15135358754227082,0.8012544772724866
toe_pre_topple_long,toe_E5_C,selection,arima_arma11,1,water_year,2008,20,0.17243644177757897,0.21557890391060358,0.02213006452052061,0.6219876758063924
toe_pre_topple_long,toe_E5_C,selection,arima_arma11,1,water_year,2009,25,0.27763769866515536,0.37565988579625303,-0.09165186472662676,1.0724543552897328
toe_pre_topple_long,toe_E5_C,selection,arima_arma11,1,water_year,2010,25,0.5092401989290081,1.3389743811119745,0.3823931829044201,1.8651788932571594
toe_pre_topple_long,toe_E5_C,selection,arima_arma11,1,water_year,2011,21,0.6098920570497538,1.027968238480291,0.26355951370167735,1.9447040771223216
toe_pre_topple_long,toe_E5_C,selection,arima_arma11,1,water_year,2012,23,0.21282398722393905,0.3686936747359708,0.02851032584028681,0.6372056108916903
toe_pre_topple_long,toe_E5_C,selection,arima_arma11,1,water_year,2013,6,0.1717550076149208,0.23922603044860546,-0.07240904017009497,0.5255917204758287
toe_pre_topple_long,toe_E5_C,selection,arima_arma11,2,water_year,2008,19,0.19169961974086078,0.24382640745693387,-0.009744537219459544,0.6922656396607877
toe_pre_topple_long,toe_E5_C,selection,arima_arma11,2,water_year,2009,25,0.23763347364739215,0.45841486584939856,-0.08669115003841034,0.920156177996313
toe_pre_topple_long,toe_E5_C,selection,arima_arma11,2,water_year,2010,25,0.3421427054139049,0.5941615478783473,0.08444503053879555,1.29298332658446
toe_pre_topple_long,toe_E5_C,selection,arima_arma11,2,water_year,2011,21,0.8785779099319041,1.95741640647288,0.22446933075823353,2.7627895414508026
toe_pre_topple_long,toe_E5_C,selection,arima_arma11,2,water_year,2012,23,0.1760563033511052,0.22519830273384975,0.0005386039976040038,0.5265746505843516
toe_pre_topple_long,toe_E5_C,selection,arima_arma11,2,water_year,2013,6,0.20334848056106747,0.2588839953170883,0.02233608954517961,0.622488533965336
toe_pre_topple_long,toe_E5_C,selection,arima_arma11,7,water_year,2008,19,0.18848651403124625,0.29036095971552645,-0.07253032278977314,0.6779640062336274
toe_pre_topple_long,toe_E5_C,selection,arima_arma11,7,water_year,2009,24,0.15215163715269123,0.20686121001634677,-0.03263135851771936,0.5899557139228763
toe_pre_topple_long,toe_E5_C,selection,arima_arma11,7,water_year,2010,25,0.28476366926842317,0.7007143964931695,0.17147891627317308,1.0799739141941547
toe_pre_topple_long,toe_E5_C,selection,arima_arma11,7,water_year,2011,20,0.7399204499222927,1.608126170790929,0.4743202484209784,2.347088177194061
toe_pre_topple_long,toe_E5_C,selection,arima_arma11,7,water_year,2012,20,0.17464843187346937,0.23259777256638076,-0.039207394333761844,0.5199109956155983
toe_pre_topple_long,toe_E5_C,selection,arima_arma11,7,water_year,2013,5,0.22912763891207658,0.2512149214757807,-0.08327097780524775,0.7014629674382098
toe_pre_topple_long,toe_E5_C,selection,arima_mean,1,water_year,2008,17,0.17422140292935928,0.21938414214689847,0.014829288099434915,0.6284078913345331
toe_pre_topple_long,toe_E5_C,selection,arima_mean,1,water_year,2009,23,0.2540004392061313,0.3619252745879753,-0.1441209892344367,0.983122169367239
toe_pre_topple_long,toe_E5_C,selection,arima_mean,1,water_year,2010,24,0.5335183234564925,1.4650756658317794,0.41020968810247066,1.9504156069418965
toe_pre_topple_long,toe_E5_C,selection,arima_mean,1,water_year,2011,19,1.1898643790161803,2.651253159147096,0.9913017153762059,3.7379233040755584
toe_pre_topple_long,toe_E5_C,selection,arima_mean,1,water_year,2012,23,0.23200818165750475,0.34241922512657375,-0.13502047480819762,0.6956012458247595
toe_pre_topple_long,toe_E5_C,selection,arima_mean,1,water_year,2013,6,0.22940799716563606,0.2829441853849766,-0.2115669418245807,0.7019710588973181
toe_pre_topple_long,toe_E5_C,selection,arima_mean,2,water_year,2008,16,0.19246160422883946,0.2472061148722586,-0.015262399915513076,0.6965813782764818
toe_pre_topple_long,toe_E5_C,selection,arima_mean,2,water_year,2009,23,0.25225371564735094,0.48846593830883994,-0.11151229358226278,0.9778327468416095
toe_pre_topple_long,toe_E5_C,selection,arima_mean,2,water_year,2010,24,0.32237714160319597,0.5882177288478095,0.06020968810247035,1.22200774236354
toe_pre_topple_long,toe_E5_C,selection,arima_mean,2,water_year,2011,19,1.3376396991265018,3.590149040162214,0.9597227680077848,4.203121966741267
toe_pre_topple_long,toe_E5_C,selection,arima_mean,2,water_year,2012,23,0.18760047001276933,0.21113811044755268,-0.15675960524298022,0.5616287553314606
toe_pre_topple_long,toe_E5_C,selection,arima_mean,2,water_year,2013,6,0.1472756836146812,0.17596521928055012,-0.11156694182458067,0.45067923710716223
toe_pre_topple_long,toe_E5_C,selection,arima_mean,7,water_year,2008,16,0.1956026034002984,0.30610086697441957,-0.08713739991551307,0.7040048063039593
toe_pre_topple_long,toe_E5_C,selection,arima_mean,7,water_year,2009,22,0.16552561379658617,0.21873389187636152,-0.05961382108489161,0.6433953059273756
toe_pre_topple_long,toe_E5_C,selection,arima_mean,7,water_year,2010,24,0.2805904695169404,0.6986658434246658,0.16854302143580394,1.065021157136745
toe_pre_topple_long,toe_E5_C,selection,arima_mean,7,water_year,2011,18,1.3561486397024105,3.3214095236474335,1.186792111987119,4.253905165797731
toe_pre_topple_long,toe_E5_C,selection,arima_mean,7,water_year,2012,20,0.21111800292916033,0.26291675387615576,-0.17244220134897317,0.6294854328268066
toe_pre_topple_long,toe_E5_C,selection,arima_mean,7,water_year,2013,5,0.22806129169923137,0.2840367691611138,-0.20541228507671488,0.698149652744767
toe_pre_topple_long,toe_E5_C,selection,arimax_ar1_rain_lag2,1,water_year,2008,21,0.1531312244843852,0.2025262296105904,0.02641672757121673,0.5523419322406836
toe_pre_topple_long,toe_E5_C,selection,arimax_ar1_rain_lag2,1,water_year,2009,26,0.26408667353791193,0.3616037461942017,-0.09704618716097871,1.0211671854894142
toe_pre_topple_long,toe_E5_C,selection,arimax_ar1_rain_lag2,1,water_year,2010,24,0.48972170864761644,1.2833293792988332,0.37072880577738854,1.792450007905648
toe_pre_topple_long,toe_E5_C,selection,arimax_ar1_rain_lag2,1,water_year,2011,21,0.7358699005270983,1.7792288559011782,0.5567644315772342,2.3668526899896967
toe_pre_topple_long,toe_E5_C,selection,arimax_ar1_rain_lag2,1,water_year,2012,21,0.21507219769522437,0.3697860787070528,-0.018352048403055397,0.6435882107900397
toe_pre_topple_long,toe_E5_C,selection,arimax_ar1_rain_lag2,1,water_year,2013,6,0.28745761120668173,0.3277241664954394,-0.10517500799185976,0.8798766943837656
toe_pre_topple_long,toe_E5_C,selection,arimax_ar1_rain_lag2,2,water_year,2008,20,0.17736835176851656,0.22917891891744324,-0.010755147117233552,0.6409674240098052
toe_pre_topple_long,toe_E5_C,selection,arimax_ar1_rain_lag2,2,water_year,2009,26,0.2472947314549773,0.4705380682592272,-0.10688367764220884,0.9587729479630384
toe_pre_topple_long,toe_E5_C,selection,arimax_ar1_rain_lag2,2,water_year,2010,24,0.29778409478970236,0.536650670412707,0.10713199329660779,1.1196150439500465
toe_pre_topple_long,toe_E5_C,selection,arimax_ar1_rain_lag2,2,water_year,2011,21,1.028935539261541,3.009075326328122,0.633654545395051,3.2726181649965
toe_pre_topple_long,toe_E5_C,selection,arimax_ar1_rain_lag2,2,water_year,2012,20,0.22432825928586206,0.33964082568664145,-0.11874362731988122,0.6705578398577237
toe_pre_topple_long,toe_E5_C,selection,arimax_ar1_rain_lag2,2,water_year,2013,6,0.22597437843626786,0.28825939654934496,-0.01885156755965366,0.6917994257263066
toe_pre_topple_long,toe_E5_C,selection,expanding_median,1,water_year,2008,21,0.14523809523809525,0.19910514092523363,0.021428571428571415,0.5242844307205661
toe_pre_topple_long,toe_E5_C,selection,expanding_median,1,water_year,2009,26,0.25384615384615383,0.35626265159721265,-0.09230769230769229,0.9818604907302055
toe_pre_topple_long,toe_E5_C,selection,expanding_median,1,water_year,2010,25,0.5119999999999999,1.4413882197381798,0.40800000000000014,1.8711264255409918
toe_pre_topple_long,toe_E5_C,selection,expanding_median,1,water_year,2011,21,1.0904761904761904,2.558366294188169,1.0047619047619047,3.4393179926798325
toe_pre_topple_long,toe_E5_C,selection,expanding_median,1,water_year,2012,23,0.1826086956521739,0.31484986069968124,0.026086956521739126,0.5473589288833389
toe_pre_topple_long,toe_E5_C,selection,expanding_median,1,water_year,2013,6,0.13333333333333333,0.19999999999999996,-0.06666666666666665,0.4079560361378414
toe_pre_topple_long,toe_E5_C,selection,expanding_median,2,water_year,2008,20,0.1775,0.2304886114323222,-0.012500000000000011,0.6413566242097731
toe_pre_topple_long,toe_E5_C,selection,expanding_median,2,water_year,2009,26,0.23653846153846156,0.4617067001063304,-0.09423076923076924,0.9169872499758862
toe_pre_topple_long,toe_E5_C,selection,expanding_median,2,water_year,2010,25,0.3200000000000003,0.5851495535331114,0.08799999999999968,1.2091864228832832
toe_pre_topple_long,toe_E5_C,selection,expanding_median,2,water_year,2011,21,1.204761904761906,3.4371222736192455,0.9571428571428572,3.802959352534444
toe_pre_topple_long,toe_E5_C,selection,expanding_median,2,water_year,2012,23,0.09130434782608698,0.1429502801980313,0.004347826086956518,0.27347262307515097
toe_pre_topple_long,toe_E5_C,selection,expanding_median,2,water_year,2013,6,0.10000000000000002,0.14142135623730953,0.033333333333333354,0.30604628536081946
toe_pre_topple_long,toe_E5_C,selection,expanding_median,7,water_year,2008,20,0.18499999999999994,0.2837252191822221,-0.075,0.6654682607301368
toe_pre_topple_long,toe_E5_C,selection,expanding_median,7,water_year,2009,25,0.15200000000000002,0.20784609690826528,-0.04,0.5910333236879928
toe_pre_topple_long,toe_E5_C,selection,expanding_median,7,water_year,2010,25,0.2800000000000005,0.6881860213634102,0.18400000000000014,1.0595529916157673
toe_pre_topple_long,toe_E5_C,selection,expanding_median,7,water_year,2011,20,1.229999999999999,3.1868479725270866,1.2100000000000004,3.878142795818684
toe_pre_topple_long,toe_E5_C,selection,expanding_median,7,water_year,2012,20,0.13999999999999999,0.19748417658131498,-0.009999999999999998,0.41777150577777994
toe_pre_topple_long,toe_E5_C,selection,expanding_median,7,water_year,2013,5,0.13999999999999996,0.20493901531919193,-0.059999999999999984,0.4285198728291082
toe_pre_topple_long,toe_E5_C,selection,persistence,1,water_year,2008,21,0.2619047619047619,0.30667184260642366,-0.009523809523809572,0.9399368815210551
toe_pre_topple_long,toe_E5_C,selection,persistence,1,water_year,2009,26,0.2538461538461539,0.3293349942862715,-0.13076923076923078,0.9852468132203287
toe_pre_topple_long,toe_E5_C,selection,persistence,1,water_year,2010,25,0.3120000000000007,0.6596969000988259,0.12000000000000015,1.1487508720443158
toe_pre_topple_long,toe_E5_C,selection,persistence,1,water_year,2011,21,0.7071428571428561,1.6041983608495483,0.3833333333333326,2.2834369831630323
toe_pre_topple_long,toe_E5_C,selection,persistence,1,water_year,2012,23,0.2782608695652174,0.4333890711087691,0.03478260869565216,0.8337066557209667
toe_pre_topple_long,toe_E5_C,selection,persistence,1,water_year,2013,6,0.3666666666666667,0.42426406871192857,-0.09999999999999998,1.1224299710985324
toe_pre_topple_long,toe_E5_C,selection,persistence,2,water_year,2008,20,0.23499999999999996,0.3372684390808011,-0.03500000000000005,0.8466507038359685
toe_pre_topple_long,toe_E5_C,selection,persistence,2,water_year,2009,26,0.2826923076923077,0.4892105099820762,-0.1326923076923077,1.097386327053857
toe_pre_topple_long,toe_E5_C,selection,persistence,2,water_year,2010,25,0.3360000000000006,0.5051732376126041,-0.2000000000000002,1.2694862408731937
toe_pre_topple_long,toe_E5_C,selection,persistence,2,water_year,2011,21,1.0452380952381013,2.537738963648361,0.3357142857142851,3.326209744614326
toe_pre_topple_long,toe_E5_C,selection,persistence,2,water_year,2012,23,0.2391304347826087,0.3407153599733055,0.013043478260869563,0.7149405317423768
toe_pre_topple_long,toe_E5_C,selection,persistence,2,water_year,2013,6,0.3333333333333333,0.47609522856952335,1.850371707708594e-17,1.020634200127761
toe_pre_topple_long,toe_E5_C,selection,persistence,7,water_year,2008,20,0.29250000000000004,0.3709784360309909,-0.09750000000000004,1.0534771089986357
toe_pre_topple_long,toe_E5_C,selection,persistence,7,water_year,2009,25,0.22399999999999998,0.282842712474619,-0.08800000000000001,0.8701802535527726
toe_pre_topple_long,toe_E5_C,selection,persistence,7,water_year,2010,25,0.5360000000000013,1.0829589096544714,-0.10399999999999977,1.9873610220498799
toe_pre_topple_long,toe_E5_C,selection,persistence,7,water_year,2011,20,0.9374999999999986,2.084136511843694,0.5574999999999998,2.9870782375937424
toe_pre_topple_long,toe_E5_C,selection,persistence,7,water_year,2012,20,0.28,0.3535533905932738,0.009999999999999986,0.8350234498091609
toe_pre_topple_long,toe_E5_C,selection,persistence,7,water_year,2013,5,0.5,0.5310367218940701,-0.1,1.5308583911873366
toe_pre_topple_long,toe_E5_C,selection,prior_year_same_date,1,water_year,2008,21,0.26428571428571435,0.304138126514911,0.021428571428571425,0.9526397507799179
toe_pre_topple_long,toe_E5_C,selection,prior_year_same_date,1,water_year,2009,26,0.34423076923076923,0.4297808028071268,-0.1634615384615385,1.3301279894060412
toe_pre_topple_long,toe_E5_C,selection,prior_year_same_date,1,water_year,2010,25,0.5440000000000004,1.4170391667134679,0.36800000000000005,1.996413617656776
toe_pre_topple_long,toe_E5_C,selection,prior_year_same_date,1,water_year,2011,20,1.0699999999999987,2.5774017925034514,0.8500000000000002,3.3595840894920577
toe_pre_topple_long,toe_E5_C,selection,prior_year_same_date,1,water_year,2012,19,1.7815789473684216,4.1879055184637295,-0.9815789473684178,5.351900729273848
toe_pre_topple_long,toe_E5_C,selection,prior_year_same_date,1,water_year,2013,6,0.1333333333333333,0.2581988897471611,-0.1333333333333333,0.4078210521538255
toe_pre_topple_long,toe_E5_C,selection,prior_year_same_date,2,water_year,2008,20,0.28250000000000003,0.36623080154459975,-0.027500000000000045,1.0254039157417087
toe_pre_topple_long,toe_E5_C,selection,prior_year_same_date,2,water_year,2009,26,0.34230769230769226,0.5685677011308599,-0.0769230769230769,1.3244511630609208
toe_pre_topple_long,toe_E5_C,selection,prior_year_same_date,2,water_year,2010,25,0.35200000000000015,0.6311893535223796,0.17599999999999966,1.318105271376052
toe_pre_topple_long,toe_E5_C,selection,prior_year_same_date,2,water_year,2011,21,1.2619047619047674,3.4430744843470813,0.7380952380952381,3.9472007945204117
toe_pre_topple_long,toe_E5_C,selection,prior_year_same_date,2,water_year,2012,19,0.9368421052631587,1.7537928822082174,-0.894736842105264,2.812692276849597
toe_pre_topple_long,toe_E5_C,selection,prior_year_same_date,2,water_year,2013,6,0.13333333333333333,0.19999999999999998,-0.06666666666666665,0.407974588587723
toe_pre_topple_long,toe_E5_C,selection,prior_year_same_date,7,water_year,2008,19,0.2736842105263158,0.38797721039962346,-0.07368421052631577,0.9934293694949589
toe_pre_topple_long,toe_E5_C,selection,prior_year_same_date,7,water_year,2009,25,0.24800000000000005,0.3274141108748981,-0.04800000000000001,0.9611884168088077
toe_pre_topple_long,toe_E5_C,selection,prior_year_same_date,7,water_year,2010,25,0.3300000000000004,0.7142128534267638,0.1220000000000001,1.2642877145881297
toe_pre_topple_long,toe_E5_C,selection,prior_year_same_date,7,water_year,2011,20,1.2949999999999966,3.2772702055216625,1.1750000000000005,4.091149184566813
toe_pre_topple_long,toe_E5_C,selection,prior_year_same_date,7,water_year,2012,19,0.9236842105263141,2.2317387604145833,-0.7657894736842087,2.774231865662132
toe_pre_topple_long,toe_E5_C,selection,prior_year_same_date,7,water_year,2013,5,0.13999999999999996,0.16124515496597094,0.020000000000000018,0.4285659977730008
toe_pre_topple_long,toe_E5_C,selection,zero_change,1,water_year,2008,21,0.14523809523809525,0.19910514092523363,0.021428571428571415,0.5242844307205661
toe_pre_topple_long,toe_E5_C,selection,zero_change,1,water_year,2009,26,0.25384615384615383,0.35626265159721265,-0.09230769230769229,0.9818604907302055
toe_pre_topple_long,toe_E5_C,selection,zero_change,1,water_year,2010,25,0.5119999999999999,1.4413882197381798,0.40800000000000014,1.8711264255409918
toe_pre_topple_long,toe_E5_C,selection,zero_change,1,water_year,2011,21,1.0904761904761904,2.558366294188169,1.0047619047619047,3.4393179926798325
toe_pre_topple_long,toe_E5_C,selection,zero_change,1,water_year,2012,23,0.1826086956521739,0.31484986069968124,0.026086956521739126,0.5473589288833389
toe_pre_topple_long,toe_E5_C,selection,zero_change,1,water_year,2013,6,0.13333333333333333,0.19999999999999996,-0.06666666666666665,0.4079560361378414
toe_pre_topple_long,toe_E5_C,selection,zero_change,2,water_year,2008,20,0.1775,0.2304886114323222,-0.012500000000000011,0.6413566242097731
toe_pre_topple_long,toe_E5_C,selection,zero_change,2,water_year,2009,26,0.23653846153846156,0.4617067001063304,-0.09423076923076924,0.9169872499758862
toe_pre_topple_long,toe_E5_C,selection,zero_change,2,water_year,2010,25,0.3200000000000003,0.5851495535331114,0.08799999999999968,1.2091864228832832
toe_pre_topple_long,toe_E5_C,selection,zero_change,2,water_year,2011,21,1.204761904761906,3.4371222736192455,0.9571428571428572,3.802959352534444
toe_pre_topple_long,toe_E5_C,selection,zero_change,2,water_year,2012,23,0.09130434782608698,0.1429502801980313,0.004347826086956518,0.27347262307515097
toe_pre_topple_long,toe_E5_C,selection,zero_change,2,water_year,2013,6,0.10000000000000002,0.14142135623730953,0.033333333333333354,0.30604628536081946
toe_pre_topple_long,toe_E5_C,selection,zero_change,7,water_year,2008,20,0.18499999999999994,0.2837252191822221,-0.075,0.6654682607301368
toe_pre_topple_long,toe_E5_C,selection,zero_change,7,water_year,2009,25,0.15200000000000002,0.20784609690826528,-0.04,0.5910333236879928
toe_pre_topple_long,toe_E5_C,selection,zero_change,7,water_year,2010,25,0.2800000000000005,0.6881860213634102,0.18400000000000014,1.0595529916157673
toe_pre_topple_long,toe_E5_C,selection,zero_change,7,water_year,2011,20,1.229999999999999,3.1868479725270866,1.2100000000000004,3.878142795818684
toe_pre_topple_long,toe_E5_C,selection,zero_change,7,water_year,2012,20,0.13999999999999999,0.19748417658131498,-0.009999999999999998,0.41777150577777994
toe_pre_topple_long,toe_E5_C,selection,zero_change,7,water_year,2013,5,0.13999999999999996,0.20493901531919193,-0.059999999999999984,0.4285198728291082
toe_pre_topple_post_rain_resume,toe_E5_C,external_time_check,arima_ar1,1,water_year,2016,18,0.18486853805293377,0.29327449006140427,-0.08074765262769897,0.6382703935156488
toe_pre_topple_post_rain_resume,toe_E5_C,external_time_check,arima_ar1,1,water_year,2017,8,0.18747758165459577,0.23767771964728074,0.0738784636109022,0.6516984812265167
toe_pre_topple_post_rain_resume,toe_E5_C,external_time_check,arima_ar1,2,water_year,2016,18,0.18729461819184146,0.25383100208534015,0.011510732906504654,0.6472878999265623
toe_pre_topple_post_rain_resume,toe_E5_C,external_time_check,arima_ar1,2,water_year,2017,8,0.4302624794038873,0.666669737347049,0.4116352237540428,1.4930311736419777
toe_pre_topple_post_rain_resume,toe_E5_C,external_time_check,arima_ar1,7,water_year,2016,18,0.15534957962319837,0.2154212133835782,-0.05917416400066874,0.5345331485041489
toe_pre_topple_post_rain_resume,toe_E5_C,external_time_check,arima_ar1,7,water_year,2017,7,0.5018055714032797,0.7408600129938219,0.2401687908872169,1.744318215927063
toe_pre_topple_post_rain_resume,toe_E5_C,external_time_check,arima_ar2,1,water_year,2016,18,0.1861029639804689,0.2997165851281702,-0.07817417826935719,0.6424988740482912
toe_pre_topple_post_rain_resume,toe_E5_C,external_time_check,arima_ar2,1,water_year,2017,8,0.20576333945511124,0.3431354155671687,-0.08926180783030942,0.7126673788681085
toe_pre_topple_post_rain_resume,toe_E5_C,external_time_check,arima_ar2,2,water_year,2016,18,0.18825100050016952,0.27306189831111216,0.02535632278721597,0.6509359595377506
toe_pre_topple_post_rain_resume,toe_E5_C,external_time_check,arima_ar2,2,water_year,2017,8,0.26653455405725984,0.4509319467681755,0.24736421301457298,0.9284727604503836
toe_pre_topple_post_rain_resume,toe_E5_C,external_time_check,arima_ar2,7,water_year,2016,18,0.14408858565228583,0.20863753330916474,-0.03873895053378046,0.4955358428776855
toe_pre_topple_post_rain_resume,toe_E5_C,external_time_check,arima_ar2,7,water_year,2017,7,0.38956228640859164,0.6065365169436204,0.03837842578162468,1.3562414232188005
toe_pre_topple_post_rain_resume,toe_E5_C,external_time_check,arima_arma11,1,water_year,2016,18,0.17852136591548218,0.29227160794126733,-0.07145552457958483,0.615870444626804
toe_pre_topple_post_rain_resume,toe_E5_C,external_time_check,arima_arma11,1,water_year,2017,8,0.1984767370649378,0.3638367469175181,-0.09173013228670077,0.6868416204819184
toe_pre_topple_post_rain_resume,toe_E5_C,external_time_check,arima_arma11,2,water_year,2016,18,0.19899685366712966,0.2719849383345633,0.03647405306521027,0.6874930328605506
toe_pre_topple_post_rain_resume,toe_E5_C,external_time_check,arima_arma11,2,water_year,2017,8,0.33208783602533654,0.5379015748699562,0.1554631131496722,1.154756435038522
toe_pre_topple_post_rain_resume,toe_E5_C,external_time_check,arima_arma11,7,water_year,2016,18,0.1411874825619149,0.2065425128246871,-0.0054450218102333366,0.4857646164069831
toe_pre_topple_post_rain_resume,toe_E5_C,external_time_check,arima_arma11,7,water_year,2017,7,0.6348113555619042,1.0116445357186163,-0.2466625447495647,2.2002661158765013
toe_pre_topple_post_rain_resume,toe_E5_C,external_time_check,arima_mean,1,water_year,2016,16,0.2073463864945796,0.3118093753468255,-0.16637768412368154,0.7148454444297122
toe_pre_topple_post_rain_resume,toe_E5_C,external_time_check,arima_mean,1,water_year,2017,8,0.6236722618969552,1.3605389661075895,0.5368040747923453,2.154965740149621
toe_pre_topple_post_rain_resume,toe_E5_C,external_time_check,arima_mean,2,water_year,2016,16,0.2208870249959078,0.25295798579897005,-0.06637768412368153,0.7623709235220786
toe_pre_topple_post_rain_resume,toe_E5_C,external_time_check,arima_mean,2,water_year,2017,8,0.8050130556958559,1.5704837920835286,0.7618040747923456,2.786680155486695
toe_pre_topple_post_rain_resume,toe_E5_C,external_time_check,arima_mean,7,water_year,2016,16,0.1605636242465983,0.22413394221935337,-0.06637768412368153,0.552591177615537
toe_pre_topple_post_rain_resume,toe_E5_C,external_time_check,arima_mean,7,water_year,2017,7,0.6356858146257759,0.9348283309086837,0.3401706234852057,2.20718989161519
toe_pre_topple_post_rain_resume,toe_E5_C,external_time_check,arimax_ar1_rain_lag2,1,water_year,2016,17,0.1775086844463117,0.29275049549781884,-0.07084899077075936,0.6131149604108732
toe_pre_topple_post_rain_resume,toe_E5_C,external_time_check,arimax_ar1_rain_lag2,1,water_year,2017,8,0.1976821072011851,0.32608576946215395,-0.019844605193592046,0.6880493436412107
toe_pre_topple_post_rain_resume,toe_E5_C,external_time_check,arimax_ar1_rain_lag2,2,water_year,2016,17,0.17896515182773415,0.26228228333990633,0.055996319058752936,0.6187328516041315
toe_pre_topple_post_rain_resume,toe_E5_C,external_time_check,arimax_ar1_rain_lag2,2,water_year,2017,8,0.3549467814585214,0.5060313165209964,0.28236580495335095,1.2306805834645127
toe_pre_topple_post_rain_resume,toe_E5_C,external_time_check,expanding_median,1,water_year,2016,18,0.13333333333333336,0.25819888974716115,-0.06666666666666668,0.459692940703434
toe_pre_topple_post_rain_resume,toe_E5_C,external_time_check,expanding_median,1,water_year,2017,8,0.6249999999999998,1.4008925726121895,0.6249999999999998,2.159117346856835
toe_pre_topple_post_rain_resume,toe_E5_C,external_time_check,expanding_median,2,water_year,2016,18,0.17777777777777776,0.24037008503093263,0.04444444444444444,0.6136183831181437
toe_pre_topple_post_rain_resume,toe_E5_C,external_time_check,expanding_median,2,water_year,2017,8,0.8500000000000001,1.6178689687363441,0.8500000000000001,2.9427745702104606
toe_pre_topple_post_rain_resume,toe_E5_C,external_time_check,expanding_median,7,water_year,2016,18,0.1277777777777778,0.2041241452319315,0.01666666666666666,0.4397294342253025
toe_pre_topple_post_rain_resume,toe_E5_C,external_time_check,expanding_median,7,water_year,2017,7,0.5999999999999984,0.9724784242924264,0.428571428571427,2.0824699230107937
toe_pre_topple_post_rain_resume,toe_E5_C,external_time_check,persistence,1,water_year,2016,18,0.1888888888888889,0.30912061651652345,-0.055555555555555566,0.6524245906024148
toe_pre_topple_post_rain_resume,toe_E5_C,external_time_check,persistence,1,water_year,2017,8,0.30000000000000054,0.42130748865881895,-0.0750000000000005,1.0415073495196698
toe_pre_topple_post_rain_resume,toe_E5_C,external_time_check,persistence,2,water_year,2016,18,0.1888888888888889,0.2943920288775949,0.055555555555555546,0.6532920817752117
toe_pre_topple_post_rain_resume,toe_E5_C,external_time_check,persistence,2,water_year,2017,8,0.30000000000000016,0.390512483795333,0.1499999999999998,1.042258082980989
toe_pre_topple_post_rain_resume,toe_E5_C,external_time_check,persistence,7,water_year,2016,18,0.20555555555555555,0.2778888666755511,0.02777777777777776,0.7077858490021577
toe_pre_topple_post_rain_resume,toe_E5_C,external_time_check,persistence,7,water_year,2017,7,0.542857142857145,1.1588171308956194,-0.3714285714285734,1.875537677363398
toe_pre_topple_post_rain_resume,toe_E5_C,external_time_check,prior_year_same_date,1,water_year,2016,18,0.14444444444444446,0.23570226039551584,-0.05555555555555554,0.49741977356615447
toe_pre_topple_post_rain_resume,toe_E5_C,external_time_check,prior_year_same_date,1,water_year,2017,7,0.914285714285714,1.6080156360291662,0.6857142857142856,3.163039578677884
toe_pre_topple_post_rain_resume,toe_E5_C,external_time_check,prior_year_same_date,2,water_year,2016,18,0.1611111111111111,0.2592724864350674,0.04999999999999998,0.5565960941035066
toe_pre_topple_post_rain_resume,toe_E5_C,external_time_check,prior_year_same_date,2,water_year,2017,8,0.9000000000000001,1.6224980739587958,0.8500000000000002,3.1171471888042785
toe_pre_topple_post_rain_resume,toe_E5_C,external_time_check,prior_year_same_date,7,water_year,2016,17,0.1823529411764706,0.2838806708709095,0.041176470588235294,0.6279647082881323
toe_pre_topple_post_rain_resume,toe_E5_C,external_time_check,prior_year_same_date,7,water_year,2017,7,0.6857142857142842,0.960654538768822,0.4571428571428555,2.381961595296488
toe_pre_topple_post_rain_resume,toe_E5_C,external_time_check,zero_change,1,water_year,2016,18,0.13333333333333336,0.25819888974716115,-0.06666666666666668,0.459692940703434
toe_pre_topple_post_rain_resume,toe_E5_C,external_time_check,zero_change,1,water_year,2017,8,0.6249999999999998,1.4008925726121895,0.6249999999999998,2.159117346856835
toe_pre_topple_post_rain_resume,toe_E5_C,external_time_check,zero_change,2,water_year,2016,18,0.17777777777777776,0.24037008503093263,0.04444444444444444,0.6136183831181437
toe_pre_topple_post_rain_resume,toe_E5_C,external_time_check,zero_change,2,water_year,2017,8,0.8500000000000001,1.6178689687363441,0.8500000000000001,2.9427745702104606
toe_pre_topple_post_rain_resume,toe_E5_C,external_time_check,zero_change,7,water_year,2016,18,0.1277777777777778,0.2041241452319315,0.01666666666666666,0.4397294342253025
toe_pre_topple_post_rain_resume,toe_E5_C,external_time_check,zero_change,7,water_year,2017,7,0.5999999999999984,0.9724784242924264,0.428571428571427,2.0824699230107937
middle_stable_2009_2016,mid_E2_B,evaluation,arima_ar1,1,season,dry,24,0.09888607227339959,0.14304430168290902,-0.041778867750442476,0.5815239065407818
middle_stable_2009_2016,mid_E2_B,evaluation,arima_ar1,1,season,wet,37,0.13076150223325225,0.16947391433891346,0.020559526520799943,0.7731528446593592
middle_stable_2009_2016,mid_E2_B,evaluation,arima_ar1,2,season,dry,24,0.07302181026642,0.10936808511465886,-0.00392937222301059,0.43431983864511176
middle_stable_2009_2016,mid_E2_B,evaluation,arima_ar1,2,season,wet,37,0.1404576870027707,0.18889427327314995,0.01458570340458953,0.8372645113329683
middle_stable_2009_2016,mid_E2_B,evaluation,arima_ar1,7,season,dry,22,0.10750153755100927,0.1453789929471907,-0.07369368867593336,0.6350356012069484
middle_stable_2009_2016,mid_E2_B,evaluation,arima_ar1,7,season,wet,36,0.10605659456292221,0.1490803167097227,-0.030304485619771362,0.6264593721554867
middle_stable_2009_2016,mid_E2_B,evaluation,arima_ar1_weekly,1,season,dry,24,0.09818289986343103,0.14336116144330066,-0.04134192977711598,0.5773217867489874
middle_stable_2009_2016,mid_E2_B,evaluation,arima_ar1_weekly,1,season,wet,37,0.1306190409287062,0.16978883387630325,0.02117970941241194,0.772308733435423
middle_stable_2009_2016,mid_E2_B,evaluation,arima_ar1_weekly,2,season,dry,24,0.07156589262476112,0.10811207935218381,-0.0026546445550551475,0.4255272973454973
middle_stable_2009_2016,mid_E2_B,evaluation,arima_ar1_weekly,2,season,wet,37,0.13870978843340626,0.1876660812004845,0.01499857660601251,0.8268773734275523
middle_stable_2009_2016,mid_E2_B,evaluation,arima_ar1_weekly,7,season,dry,22,0.10687703654090869,0.14505464885337394,-0.07294820307876315,0.6313063522502825
middle_stable_2009_2016,mid_E2_B,evaluation,arima_ar1_weekly,7,season,wet,36,0.10551247164785864,0.14893426210067773,-0.0290873049128995,0.6232195382403485
middle_stable_2009_2016,mid_E2_B,evaluation,arima_ar2,1,season,dry,22,0.11195480141161523,0.15509870145433755,-0.05122003233907111,0.6591342846102531
middle_stable_2009_2016,mid_E2_B,evaluation,arima_ar2,1,season,wet,36,0.11174274907945178,0.14615268766558837,0.010594648169021717,0.659540616667509
middle_stable_2009_2016,mid_E2_B,evaluation,arima_ar2,2,season,dry,22,0.07381961141610373,0.10798680946080635,-0.012221438386445837,0.4389536622193781
middle_stable_2009_2016,mid_E2_B,evaluation,arima_ar2,2,season,wet,36,0.13711709144436707,0.1900427051067593,0.015397880521301774,0.8174650895437836
middle_stable_2009_2016,mid_E2_B,evaluation,arima_ar2,7,season,dry,20,0.10826145012961377,0.1458865106683182,-0.06981531470280751,0.6392155168809955
middle_stable_2009_2016,mid_E2_B,evaluation,arima_ar2,7,season,wet,35,0.10334758757624296,0.15111831907238057,-0.011161135112172002,0.6100903716523901
middle_stable_2009_2016,mid_E2_B,evaluation,arima_arma11,1,season,dry,24,0.10550728630333013,0.14823868030948462,-0.04549093662147469,0.6214175908216099
middle_stable_2009_2016,mid_E2_B,evaluation,arima_arma11,1,season,wet,37,0.10590862314673803,0.13984823918022882,0.01429680913738792,0.6262077152562827
middle_stable_2009_2016,mid_E2_B,evaluation,arima_arma11,2,season,dry,24,0.07189421524354613,0.10297254652083915,0.0009799992421038416,0.4279164790313453
middle_stable_2009_2016,mid_E2_B,evaluation,arima_arma11,2,season,wet,37,0.13129450559086306,0.18044033410481838,0.019331866607823198,0.7835364682638642
middle_stable_2009_2016,mid_E2_B,evaluation,arima_arma11,7,season,dry,22,0.09176650634054839,0.1299155488321956,-0.051706633967411,0.5421849543385766
middle_stable_2009_2016,mid_E2_B,evaluation,arima_arma11,7,season,wet,36,0.10453674646723879,0.15459521761519335,-0.001644022531486545,0.618170536460695
middle_stable_2009_2016,mid_E2_B,evaluation,arima_mean,1,season,dry,22,0.12823046425687393,0.15207856314796878,-0.09999833593442999,0.7551495489875816
middle_stable_2009_2016,mid_E2_B,evaluation,arima_mean,1,season,wet,35,0.10124564223689612,0.11851046677993825,-0.062331250904658804,0.5969341272647947
middle_stable_2009_2016,mid_E2_B,evaluation,arima_mean,2,season,dry,22,0.08319386449256125,0.09091639962471901,-0.05363469957079448,0.4917815430390562
middle_stable_2009_2016,mid_E2_B,evaluation,arima_mean,2,season,wet,35,0.1364043094703923,0.16547490714336963,-0.05675982233323026,0.8086360548933453
middle_stable_2009_2016,mid_E2_B,evaluation,arima_mean,7,season,dry,20,0.11938658860697379,0.15274862090789595,-0.08666406979348412,0.705248331249405
middle_stable_2009_2016,mid_E2_B,evaluation,arima_mean,7,season,wet,34,0.12056250736458184,0.15890415314119352,-0.04733345533596345,0.7120548046781987
middle_stable_2009_2016,mid_E2_B,evaluation,expanding_median,1,season,dry,24,0.06749999999999923,0.12367421922130613,-0.034166666666665894,0.3959408810034903
middle_stable_2009_2016,mid_E2_B,evaluation,expanding_median,1,season,wet,37,0.04905405405405406,0.09671286563006175,0.01094594594594595,0.2908671093473369
middle_stable_2009_2016,mid_E2_B,evaluation,expanding_median,2,season,dry,24,0.033749999999999995,0.07160001745809842,0.016874999999999998,0.20126819262074025
middle_stable_2009_2016,mid_E2_B,evaluation,expanding_median,2,season,wet,37,0.0927027027027027,0.15238974747382164,0.021621621621621602,0.5569779927508055
middle_stable_2009_2016,mid_E2_B,evaluation,expanding_median,7,season,dry,22,0.06897727272727358,0.1199585629214612,-0.013750000000000828,0.40865426860012255
middle_stable_2009_2016,mid_E2_B,evaluation,expanding_median,7,season,wet,36,0.06972222222222224,0.15037453241822568,0.025277777777777795,0.41165112272315846
middle_stable_2009_2016,mid_E2_B,evaluation,persistence,1,season,dry,24,0.09270833333333257,0.14862214393106554,-0.025624999999999256,0.5448183612190888
middle_stable_2009_2016,mid_E2_B,evaluation,persistence,1,season,wet,37,0.14418918918918916,0.19509006928886752,0.04094594594594596,0.8530018351197601
middle_stable_2009_2016,mid_E2_B,evaluation,persistence,2,season,dry,24,0.07604166666666666,0.13771763080061072,0.025416666666666633,0.45367220837433947
middle_stable_2009_2016,mid_E2_B,evaluation,persistence,2,season,wet,37,0.16040540540540538,0.22632865961287832,0.05162162162162162,0.9557001447176563
middle_stable_2009_2016,mid_E2_B,evaluation,persistence,7,season,dry,22,0.1148863636363645,0.15949048845962965,-0.013750000000000852,0.6803619878007379
middle_stable_2009_2016,mid_E2_B,evaluation,persistence,7,season,wet,36,0.1340277777777778,0.19508723120126997,0.05041666666666669,0.7920094035362388
middle_stable_2009_2016,mid_E2_B,evaluation,prior_year_same_date,1,season,dry,22,0.10977272727272645,0.15755049695544837,-0.037272727272726444,0.6491207621991041
middle_stable_2009_2016,mid_E2_B,evaluation,prior_year_same_date,1,season,wet,35,0.1204285714285714,0.18868530111575418,0.03442857142857143,0.7100298505696501
middle_stable_2009_2016,mid_E2_B,evaluation,prior_year_same_date,2,season,dry,22,0.0731818181818182,0.1252338721244086,0.0184090909090909,0.4358023757740813
middle_stable_2009_2016,mid_E2_B,evaluation,prior_year_same_date,2,season,wet,35,0.14378571428571427,0.2046429818000119,0.022785714285714263,0.8576106421374278
middle_stable_2009_2016,mid_E2_B,evaluation,prior_year_same_date,7,season,dry,21,0.09607142857142945,0.16192021109764362,-0.03821428571428659,0.5728248640961993
middle_stable_2009_2016,mid_E2_B,evaluation,prior_year_same_date,7,season,wet,35,0.12957142857142856,0.19831252391832732,-0.013571428571428559,0.7626673155482248
middle_stable_2009_2016,mid_E2_B,evaluation,zero_change,1,season,dry,24,0.06749999999999923,0.12367421922130613,-0.034166666666665894,0.3959408810034903
middle_stable_2009_2016,mid_E2_B,evaluation,zero_change,1,season,wet,37,0.04905405405405406,0.09671286563006175,0.01094594594594595,0.2908671093473369
middle_stable_2009_2016,mid_E2_B,evaluation,zero_change,2,season,dry,24,0.033749999999999995,0.07160001745809842,0.016874999999999998,0.20126819262074025
middle_stable_2009_2016,mid_E2_B,evaluation,zero_change,2,season,wet,37,0.0927027027027027,0.15238974747382164,0.021621621621621602,0.5569779927508055
middle_stable_2009_2016,mid_E2_B,evaluation,zero_change,7,season,dry,22,0.06897727272727358,0.1199585629214612,-0.013750000000000828,0.40865426860012255
middle_stable_2009_2016,mid_E2_B,evaluation,zero_change,7,season,wet,36,0.06972222222222224,0.15037453241822568,0.025277777777777795,0.41165112272315846
middle_stable_2009_2016,mid_E2_B,selection,arima_ar1,1,season,dry,37,0.13806183256254476,0.17481718860435855,-0.0032622537770732162,0.7754409877433514
middle_stable_2009_2016,mid_E2_B,selection,arima_ar1,1,season,wet,48,0.3768257539947215,1.1447376591268295,-0.015659341669789203,2.215800967495321
middle_stable_2009_2016,mid_E2_B,selection,arima_ar1,2,season,dry,37,0.09340855809579106,0.1388855163622086,0.00016274124733171895,0.5136017251685427
middle_stable_2009_2016,mid_E2_B,selection,arima_ar1,2,season,wet,48,0.27894124249768953,0.8687734058632376,0.011744397014129458,1.624828092976364
middle_stable_2009_2016,mid_E2_B,selection,arima_ar1,7,season,dry,34,0.09984135069959311,0.1330142358354849,-0.04127182210495007,0.5478540379384539
middle_stable_2009_2016,mid_E2_B,selection,arima_ar1,7,season,wet,47,0.2240298661589151,0.5072949446230733,0.04866284394555278,1.2744204363220637
middle_stable_2009_2016,mid_E2_B,selection,arima_ar1_weekly,1,season,dry,37,0.1375440711687228,0.17407163478600277,-0.0020900351002946975,0.7732937881107823
middle_stable_2009_2016,mid_E2_B,selection,arima_ar1_weekly,1,season,wet,48,0.3748441631759465,1.1342745059289423,-0.013606672762564984,2.2028888828542397
middle_stable_2009_2016,mid_E2_B,selection,arima_ar1_weekly,2,season,dry,37,0.09404397215124542,0.14034700176164658,0.000662164704445095,0.5167193440960084
middle_stable_2009_2016,mid_E2_B,selection,arima_ar1_weekly,2,season,wet,48,0.27802926391889626,0.8617389803509182,0.015891924807259827,1.6165428742064394
middle_stable_2009_2016,mid_E2_B,selection,arima_ar1_weekly,7,season,dry,34,0.09982095176972101,0.13321164318465514,-0.04184468112535472,0.5478595585159496
middle_stable_2009_2016,mid_E2_B,selection,arima_ar1_weekly,7,season,wet,47,0.2093889706127134,0.4784680363089875,0.0336606148173837,1.1873627827945112
middle_stable_2009_2016,mid_E2_B,selection,arima_ar2,1,season,dry,37,0.1285311497851592,0.1669603601627858,-0.007199307732264827,0.7245197151304874
middle_stable_2009_2016,mid_E2_B,selection,arima_ar2,1,season,wet,48,0.37457714676851306,1.139881797499076,-0.023676318828476706,2.205753073885395
middle_stable_2009_2016,mid_E2_B,selection,arima_ar2,2,season,dry,37,0.0853444213944625,0.1303278154312273,0.002826256044009125,0.4720885110699011
middle_stable_2009_2016,mid_E2_B,selection,arima_ar2,2,season,wet,48,0.288160075320032,0.8544907323632516,-0.02051398430137994,1.690275385932637
middle_stable_2009_2016,mid_E2_B,selection,arima_ar2,7,season,dry,34,0.09366584379682014,0.1294363453486026,-0.027829721877550676,0.5151066818887455
middle_stable_2009_2016,mid_E2_B,selection,arima_ar2,7,season,wet,47,0.1711341906249317,0.3515389971620031,0.0006569594521094062,0.9728184081323001
middle_stable_2009_2016,mid_E2_B,selection,arima_arma11,1,season,dry,37,0.1231382587594738,0.1617651623298255,-0.006579515440259261,0.6966086949611653
middle_stable_2009_2016,mid_E2_B,selection,arima_arma11,1,season,wet,48,0.3817927150474317,1.1894613061454313,-0.012073206545687803,2.2417724519612947
middle_stable_2009_2016,mid_E2_B,selection,arima_arma11,2,season,dry,37,0.07864349298020606,0.12333201685901667,0.004121213809228959,0.4367403036083658
middle_stable_2009_2016,mid_E2_B,selection,arima_arma11,2,season,wet,48,0.2970244888857066,0.8795737046873173,-0.02411861552936746,1.7373464764455047
middle_stable_2009_2016,mid_E2_B,selection,arima_arma11,7,season,dry,34,0.09096851562666189,0.12708423172800198,-0.01646249229641867,0.5003894869838025
middle_stable_2009_2016,mid_E2_B,selection,arima_arma11,7,season,wet,47,0.16478233661536407,0.30780524148744315,-0.06678274606479835,0.9553470136055641
middle_stable_2009_2016,mid_E2_B,selection,arima_mean,1,season,dry,34,0.14663191271964987,0.17979028027928257,-0.08282744930638186,0.8327343378516844
middle_stable_2009_2016,mid_E2_B,selection,arima_mean,1,season,wet,48,0.3798612253552287,1.3067244051915934,0.15968391273136187,2.087117676819839
middle_stable_2009_2016,mid_E2_B,selection,arima_mean,2,season,dry,34,0.13076944885546354,0.1731205895259582,-0.05929803754167512,0.7072451995662586
middle_stable_2009_2016,mid_E2_B,selection,arima_mean,2,season,wet,48,0.37086589503771683,1.214379846324392,0.14301724606469532,2.0672562774697725
middle_stable_2009_2016,mid_E2_B,selection,arima_mean,7,season,dry,31,0.1184533420695119,0.1535277382310219,-0.06743014169116271,0.6502202704466065
middle_stable_2009_2016,mid_E2_B,selection,arima_mean,7,season,wet,47,0.31248113478949485,0.767480017336136,0.0864097102639389,1.7950138227558712
middle_stable_2009_2016,mid_E2_B,selection,expanding_median,1,season,dry,37,0.10540540540540619,0.16023631197601879,0.008108108108107952,0.6035708586105576
middle_stable_2009_2016,mid_E2_B,selection,expanding_median,1,season,wet,48,0.34583333333333316,1.3211421826081646,0.23749999999999982,1.9045242965176878
middle_stable_2009_2016,mid_E2_B,selection,expanding_median,2,season,dry,37,0.06216216216216278,0.15682663866382918,0.024324324324325262,0.34449653827342586
middle_stable_2009_2016,mid_E2_B,selection,expanding_median,2,season,wet,48,0.32083333333333325,1.2264447262990148,0.2208333333333333,1.8030559880795574
middle_stable_2009_2016,mid_E2_B,selection,expanding_median,7,season,dry,34,0.0794117647058832,0.136122781945956,0.014705882352941006,0.4337329359753204
middle_stable_2009_2016,mid_E2_B,selection,expanding_median,7,season,wet,47,0.2553191489361703,0.7732220511764605,0.1659574468085107,1.4928139730996501
middle_stable_2009_2016,mid_E2_B,selection,persistence,1,season,dry,37,0.1486486486486494,0.20467508859627231,0.002702702702702243,0.8304849534853869
middle_stable_2009_2016,mid_E2_B,selection,persistence,1,season,wet,48,0.37083333333333335,1.205369929385442,-0.06666666666666697,2.2391765036312807
middle_stable_2009_2016,mid_E2_B,selection,persistence,2,season,dry,37,0.11081081081081205,0.17629827305189788,0.018918918918919555,0.63281619193657
middle_stable_2009_2016,mid_E2_B,selection,persistence,2,season,wet,48,0.32083333333333314,0.9489028752547154,-0.08333333333333352,1.9211632998367545
middle_stable_2009_2016,mid_E2_B,selection,persistence,7,season,dry,34,0.12352941176470592,0.18942637868358408,0.029411764705882353,0.7022987379791582
middle_stable_2009_2016,mid_E2_B,selection,persistence,7,season,wet,47,0.3148936170212766,0.7992017293870926,-0.14468085106382986,1.8739257478246043
middle_stable_2009_2016,mid_E2_B,selection,prior_year_same_date,1,season,dry,34,0.17058823529411882,0.26678918753996755,-0.02941176470588185,1.0049630193125434
middle_stable_2009_2016,mid_E2_B,selection,prior_year_same_date,1,season,wet,47,0.6361702127659573,1.6337530217784486,0.05319148936170199,3.4913159184839917
middle_stable_2009_2016,mid_E2_B,selection,prior_year_same_date,2,season,dry,33,0.16060606060606203,0.23931721056524166,0.03333333333333439,0.8619461449785996
middle_stable_2009_2016,mid_E2_B,selection,prior_year_same_date,2,season,wet,46,0.7326086956521741,1.944389923321205,-0.11956521739130456,3.9810280141081367
middle_stable_2009_2016,mid_E2_B,selection,prior_year_same_date,7,season,dry,32,0.17812500000000053,0.3583817796707861,-0.05937500000000161,0.990924381936513
middle_stable_2009_2016,mid_E2_B,selection,prior_year_same_date,7,season,wet,44,0.6181818181818182,1.4965110940268553,-0.09545454545454529,3.4556566208460286
middle_stable_2009_2016,mid_E2_B,selection,zero_change,1,season,dry,37,0.10540540540540619,0.16023631197601879,0.008108108108107952,0.6035708586105576
middle_stable_2009_2016,mid_E2_B,selection,zero_change,1,season,wet,48,0.34583333333333316,1.3211421826081646,0.23749999999999982,1.9045242965176878
middle_stable_2009_2016,mid_E2_B,selection,zero_change,2,season,dry,37,0.06216216216216278,0.15682663866382918,0.024324324324325262,0.34449653827342586
middle_stable_2009_2016,mid_E2_B,selection,zero_change,2,season,wet,48,0.32083333333333325,1.2264447262990148,0.2208333333333333,1.8030559880795574
middle_stable_2009_2016,mid_E2_B,selection,zero_change,7,season,dry,34,0.0794117647058832,0.136122781945956,0.014705882352941006,0.4337329359753204
middle_stable_2009_2016,mid_E2_B,selection,zero_change,7,season,wet,47,0.2553191489361703,0.7732220511764605,0.1659574468085107,1.4928139730996501
toe_pre_topple_long,toe_E5_C,evaluation,arima_ar1,1,season,dry,29,0.20571865792830626,0.3452556184634554,0.026764646039920327,0.6759366220833052
toe_pre_topple_long,toe_E5_C,evaluation,arima_ar1,1,season,wet,47,0.17902899593206842,0.24858602363417864,-0.07538837605915483,0.5840739350094217
toe_pre_topple_long,toe_E5_C,evaluation,arima_ar1,2,season,dry,29,0.2181497579669595,0.3109165221220062,-0.08098759913292361,0.7133233824225577
toe_pre_topple_long,toe_E5_C,evaluation,arima_ar1,2,season,wet,47,0.23252787742694375,0.42934055151981204,-0.03647004184057821,0.7435430206297209
toe_pre_topple_long,toe_E5_C,evaluation,arima_ar1,7,season,dry,29,0.16472363250121977,0.19981934490781433,-0.12161665211304734,0.53594799614814
toe_pre_topple_long,toe_E5_C,evaluation,arima_ar1,7,season,wet,43,0.16852654201175934,0.23893231560340625,-0.0888193953278448,0.5499891133958332
toe_pre_topple_long,toe_E5_C,evaluation,arima_ar2,1,season,dry,29,0.1821255620543348,0.29593557841224805,0.03569476925171071,0.5993606262822183
toe_pre_topple_long,toe_E5_C,evaluation,arima_ar2,1,season,wet,47,0.17877756757361696,0.2418486150771622,-0.06314495152034247,0.5827561249481628
toe_pre_topple_long,toe_E5_C,evaluation,arima_ar2,2,season,dry,29,0.20768205538194484,0.3102088781159354,-0.061997939945184724,0.6790232983065712
toe_pre_topple_long,toe_E5_C,evaluation,arima_ar2,2,season,wet,47,0.2257691481240107,0.43283735399686335,-0.01775024369212323,0.7218810777973541
toe_pre_topple_long,toe_E5_C,evaluation,arima_ar2,7,season,dry,29,0.16007599368249956,0.20840504669110538,-0.09541251434459941,0.5218674148564877
toe_pre_topple_long,toe_E5_C,evaluation,arima_ar2,7,season,wet,43,0.1627330950984041,0.23369476389479682,-0.06582048120532505,0.5311321531798555
toe_pre_topple_long,toe_E5_C,evaluation,arima_arma11,1,season,dry,29,0.1609681366611489,0.2523861122137925,0.041474020325184935,0.5294760783365452
toe_pre_topple_long,toe_E5_C,evaluation,arima_arma11,1,season,wet,47,0.16638195224279967,0.22041976247985612,-0.06404762201303328,0.542311814072891
toe_pre_topple_long,toe_E5_C,evaluation,arima_arma11,2,season,dry,29,0.16729209352601077,0.2550092349589073,-0.0487100204044782,0.5462022094581658
toe_pre_topple_long,toe_E5_C,evaluation,arima_arma11,2,season,wet,47,0.2212337735171568,0.422095801057395,-0.01000748200500708,0.7067402062886431
toe_pre_topple_long,toe_E5_C,evaluation,arima_arma11,7,season,dry,29,0.13895901503132932,0.1981470800178501,-0.054522989248640324,0.4534898439413104
toe_pre_topple_long,toe_E5_C,evaluation,arima_arma11,7,season,wet,43,0.16333120269289125,0.23191597979472642,-0.03527433634489364,0.5327845175127304
toe_pre_topple_long,toe_E5_C,evaluation,arima_mean,1,season,dry,27,0.1561690320333031,0.19114276090230464,-0.0694208398697071,0.5134390915150192
toe_pre_topple_long,toe_E5_C,evaluation,arima_mean,1,season,wet,43,0.19803462365390828,0.2387994358795591,-0.16526715359786512,0.6434628495058707
toe_pre_topple_long,toe_E5_C,evaluation,arima_mean,2,season,dry,27,0.19663504913516833,0.24356013770576848,-0.16201343246229966,0.639080815223299
toe_pre_topple_long,toe_E5_C,evaluation,arima_mean,2,season,wet,43,0.23417440330465786,0.40728056198480955,-0.08852296755135351,0.7488538409896267
toe_pre_topple_long,toe_E5_C,evaluation,arima_mean,7,season,dry,27,0.17369235107980036,0.20455070637019623,-0.15899121609196742,0.5631797788800386
toe_pre_topple_long,toe_E5_C,evaluation,arima_mean,7,season,wet,39,0.19180282062028403,0.25744959622925023,-0.11041623569640253,0.6252661007167326
toe_pre_topple_long,toe_E5_C,evaluation,arimax_ar1_rain_lag2,1,season,dry,29,0.1902570306215227,0.31428871087615673,0.03133990676976859,0.625050040624807
toe_pre_topple_long,toe_E5_C,evaluation,arimax_ar1_rain_lag2,1,season,wet,46,0.17170626644436332,0.23604568551879163,-0.066826755474788,0.5597773872859438
toe_pre_topple_long,toe_E5_C,evaluation,arimax_ar1_rain_lag2,2,season,dry,29,0.18546088576437111,0.27160997504069145,-0.06017825710303631,0.6071160559556101
toe_pre_topple_long,toe_E5_C,evaluation,arimax_ar1_rain_lag2,2,season,wet,46,0.22629218344598456,0.4323204223017535,-0.039574713134750784,0.7242525888042605
toe_pre_topple_long,toe_E5_C,evaluation,expanding_median,1,season,dry,29,0.11724137931034483,0.1838290060036116,0.04827586206896551,0.38497636416480313
toe_pre_topple_long,toe_E5_C,evaluation,expanding_median,1,season,wet,47,0.1127659574468085,0.17924190239580723,-0.04042553191489361,0.3681503286320676
toe_pre_topple_long,toe_E5_C,evaluation,expanding_median,2,season,dry,29,0.11379310344827585,0.18288869801622232,-0.037931034482758606,0.37127116591661
toe_pre_topple_long,toe_E5_C,evaluation,expanding_median,2,season,wet,47,0.18297872340425528,0.3908528590746248,0.017021276595744667,0.5852477831877544
toe_pre_topple_long,toe_E5_C,evaluation,expanding_median,7,season,dry,29,0.08275862068965517,0.13896166675593022,-0.027586206896551727,0.2703600481104892
toe_pre_topple_long,toe_E5_C,evaluation,expanding_median,7,season,wet,43,0.13604651162790696,0.22477378809361534,0.010465116279069764,0.44450390381426247
toe_pre_topple_long,toe_E5_C,evaluation,persistence,1,season,dry,29,0.22758620689655173,0.41272851559615664,0.05517241379310344,0.7480928344714542
toe_pre_topple_long,toe_E5_C,evaluation,persistence,1,season,wet,47,0.18723404255319145,0.27366698197129413,-0.05106382978723403,0.6107554977713612
toe_pre_topple_long,toe_E5_C,evaluation,persistence,2,season,dry,29,0.2517241379310345,0.41231056256176607,-0.031034482758620686,0.8266402300935742
toe_pre_topple_long,toe_E5_C,evaluation,persistence,2,season,wet,47,0.2531914893617021,0.4669958312265525,0.006382978723404256,0.8106111938772625
toe_pre_topple_long,toe_E5_C,evaluation,persistence,7,season,dry,29,0.2413793103448276,0.38237010415528583,-0.020689655172413796,0.7915731019331053
toe_pre_topple_long,toe_E5_C,evaluation,persistence,7,season,wet,43,0.18023255813953487,0.2598076211353316,-0.010465116279069774,0.5885640421199719
toe_pre_topple_long,toe_E5_C,evaluation,prior_year_same_date,1,season,dry,23,0.21739130434782614,0.3036015695668885,0.04347826086956521,0.7162499436803339
toe_pre_topple_long,toe_E5_C,evaluation,prior_year_same_date,1,season,wet,47,0.18936170212765954,0.293547632874049,-0.03191489361702126,0.6071852187388055
toe_pre_topple_long,toe_E5_C,evaluation,prior_year_same_date,2,season,dry,24,0.15833333333333333,0.21015867021530818,-0.09999999999999998,0.5175359119462489
toe_pre_topple_long,toe_E5_C,evaluation,prior_year_same_date,2,season,wet,47,0.25957446808510637,0.42275690917514186,0.03404255319148934,0.8324513881086119
toe_pre_topple_long,toe_E5_C,evaluation,prior_year_same_date,7,season,dry,24,0.20833333333333334,0.2614064523559687,-0.05833333333333332,0.6794962658809455
toe_pre_topple_long,toe_E5_C,evaluation,prior_year_same_date,7,season,wet,42,0.2607142857142857,0.3522884370187913,0.0011904761904761836,0.845393154985088
toe_pre_topple_long,toe_E5_C,evaluation,zero_change,1,season,dry,29,0.11724137931034483,0.1838290060036116,0.04827586206896551,0.38497636416480313
toe_pre_topple_long,toe_E5_C,evaluation,zero_change,1,season,wet,47,0.1127659574468085,0.17924190239580723,-0.04042553191489361,0.3681503286320676
toe_pre_topple_long,toe_E5_C,evaluation,zero_change,2,season,dry,29,0.11379310344827585,0.18288869801622232,-0.037931034482758606,0.37127116591661
toe_pre_topple_long,toe_E5_C,evaluation,zero_change,2,season,wet,47,0.18297872340425528,0.3908528590746248,0.017021276595744667,0.5852477831877544
toe_pre_topple_long,toe_E5_C,evaluation,zero_change,7,season,dry,29,0.08275862068965517,0.13896166675593022,-0.027586206896551727,0.2703600481104892
toe_pre_topple_long,toe_E5_C,evaluation,zero_change,7,season,wet,43,0.13604651162790696,0.22477378809361534,0.010465116279069764,0.44450390381426247
toe_pre_topple_long,toe_E5_C,selection,arima_ar1,1,season,dry,48,0.34070688831558044,0.9627725300820027,0.14937456667926963,1.2056326955362715
toe_pre_topple_long,toe_E5_C,selection,arima_ar1,1,season,wet,72,0.3988288673975786,1.0033911584666328,0.13512093448283996,1.3391707497661511
toe_pre_topple_long,toe_E5_C,selection,arima_ar1,2,season,dry,49,0.22982366972447407,0.4426722643705546,-0.034401853411670784,0.7756237974784502
toe_pre_topple_long,toe_E5_C,selection,arima_ar1,2,season,wet,70,0.4940298475633208,1.6654224366119743,0.1551341612083698,1.6728311313110606
toe_pre_topple_long,toe_E5_C,selection,arima_ar1,7,season,dry,47,0.1462830516179784,0.17495748388344362,-0.05077280125506713,0.4998171754591444
toe_pre_topple_long,toe_E5_C,selection,arima_ar1,7,season,wet,66,0.5469705399184353,1.7473490123314395,0.3083494305513468,1.8168282450741546
toe_pre_topple_long,toe_E5_C,selection,arima_ar2,1,season,dry,46,0.3515664460211975,1.0183451520154385,0.17233458178620661,1.2468170081756254
toe_pre_topple_long,toe_E5_C,selection,arima_ar2,1,season,wet,73,0.36895418794828305,0.6650066094269123,0.10745280347411756,1.2419711253228694
toe_pre_topple_long,toe_E5_C,selection,arima_ar2,2,season,dry,47,0.2599073254058538,0.5016958126984822,0.005979895299028848,0.8773676188222115
toe_pre_topple_long,toe_E5_C,selection,arima_ar2,2,season,wet,71,0.4662788448207598,1.3490222946533328,0.11250944745557322,1.582891552116213
toe_pre_topple_long,toe_E5_C,selection,arima_ar2,7,season,dry,45,0.1449174399875541,0.1731420649372684,-0.024734527759969736,0.49367232960029817
toe_pre_topple_long,toe_E5_C,selection,arima_ar2,7,season,wet,67,0.4965671379219456,1.514292116248722,0.26730106420441563,1.6607857024886645
toe_pre_topple_long,toe_E5_C,selection,arima_arma11,1,season,dry,48,0.34015298623020424,0.9749900178273013,0.16590030658037516,1.211649043141837
toe_pre_topple_long,toe_E5_C,selection,arima_arma11,1,season,wet,72,0.35453538730890016,0.638038563581409,0.07644378569497899,1.199576328498952
toe_pre_topple_long,toe_E5_C,selection,arima_arma11,2,season,dry,49,0.22138518196131676,0.4552814898848044,-0.0005078081455083784,0.747902838713972
toe_pre_topple_long,toe_E5_C,selection,arima_arma11,2,season,wet,70,0.4429763614930867,1.1153584336885356,0.0663406254229812,1.5099860601255517
toe_pre_topple_long,toe_E5_C,selection,arima_arma11,7,season,dry,47,0.1309342873959331,0.15804182742774292,-0.013992397134414847,0.4531745994055323
toe_pre_topple_long,toe_E5_C,selection,arima_arma11,7,season,wet,66,0.4187133198914488,1.0064108129608909,0.16771650041566608,1.4179953519510007
toe_pre_topple_long,toe_E5_C,selection,arima_mean,1,season,dry,46,0.37548435019369913,1.0687568208724967,0.13363540243671232,1.3254173297131764
toe_pre_topple_long,toe_E5_C,selection,arima_mean,1,season,wet,66,0.5099392873940854,1.4540092679210879,0.2287118055800115,1.6722230186776053
toe_pre_topple_long,toe_E5_C,selection,arima_mean,2,season,dry,47,0.258097310550231,0.46956760705867817,-0.056174307957548054,0.859029609624628
toe_pre_topple_long,toe_E5_C,selection,arima_mean,2,season,wet,64,0.5484580957117448,1.9784451194679324,0.2380641227818074,1.8448453680859187
toe_pre_topple_long,toe_E5_C,selection,arima_mean,7,season,dry,45,0.15111362070628875,0.18240081104987788,-0.05312767405470611,0.5164579580070133
toe_pre_topple_long,toe_E5_C,selection,arima_mean,7,season,wet,60,0.6079767587712667,1.8847077429712704,0.34360713246350577,2.0064903866141837
toe_pre_topple_long,toe_E5_C,selection,arimax_ar1_rain_lag2,1,season,dry,48,0.3237440898149803,0.9174530267212269,0.15479878516078424,1.1516541886172271
toe_pre_topple_long,toe_E5_C,selection,arimax_ar1_rain_lag2,1,season,wet,71,0.3942273753871888,1.0166200621344779,0.14330014172473776,1.329400642514998
toe_pre_topple_long,toe_E5_C,selection,arimax_ar1_rain_lag2,2,season,dry,49,0.21270249409255074,0.42179258938684777,-0.007224806819539079,0.7271289005537037
toe_pre_topple_long,toe_E5_C,selection,arimax_ar1_rain_lag2,2,season,wet,68,0.5022277043888943,1.7061835249943398,0.15808629873197683,1.6952327186962288
toe_pre_topple_long,toe_E5_C,selection,expanding_median,1,season,dry,49,0.3336734693877544,1.0366990392390567,0.19081632653061154,1.1914151116162022
toe_pre_topple_long,toe_E5_C,selection,expanding_median,1,season,wet,73,0.4657534246575347,1.4014669418295598,0.2767123287671238,1.5369840465872389
toe_pre_topple_long,toe_E5_C,selection,expanding_median,2,season,dry,50,0.21100000000000058,0.43777848279695186,0.01899999999999984,0.7182836042874081
toe_pre_topple_long,toe_E5_C,selection,expanding_median,2,season,wet,71,0.49507042253521144,1.892395828528214,0.2669014084507042,1.6756700815126324
toe_pre_topple_long,toe_E5_C,selection,expanding_median,7,season,dry,48,0.12083333333333335,0.1567907310185563,0.012500000000000303,0.42943513293039776
toe_pre_topple_long,toe_E5_C,selection,expanding_median,7,season,wet,67,0.5492537313432836,1.8015747671942584,0.3761194029850746,1.8212242106360066
toe_pre_topple_long,toe_E5_C,selection,persistence,1,season,dry,49,0.26938775510204116,0.5031533218673246,0.030612244897958295,0.9511298359388698
toe_pre_topple_long,toe_E5_C,selection,persistence,1,season,wet,73,0.4130136986301366,0.9268631735405997,0.0842465753424662,1.3880891924708367
toe_pre_topple_long,toe_E5_C,selection,persistence,2,season,dry,50,0.2500000000000028,0.4102438299353268,-0.15800000000000033,0.8544855129708392
toe_pre_topple_long,toe_E5_C,selection,persistence,2,season,wet,71,0.5267605633802818,1.432691744166489,0.08591549295774648,1.7872645214246428
toe_pre_topple_long,toe_E5_C,selection,persistence,7,season,dry,48,0.3281250000000001,0.6652458818612365,-0.1718749999999999,1.152104307653748
toe_pre_topple_long,toe_E5_C,selection,persistence,7,season,wet,67,0.5365671641791044,1.2435655285832736,0.18432835820895516,1.8104984030843867
toe_pre_topple_long,toe_E5_C,selection,prior_year_same_date,1,season,dry,47,0.4,1.0576469265669877,0.1553191489361698,1.4213187922812107
toe_pre_topple_long,toe_E5_C,selection,prior_year_same_date,1,season,wet,70,0.9335714285714285,2.59357034661818,-0.06214285714285597,2.9860263093443584
toe_pre_topple_long,toe_E5_C,selection,prior_year_same_date,2,season,dry,48,0.3500000000000026,0.618213150943916,-0.04791666666666718,1.1835840851503836
toe_pre_topple_long,toe_E5_C,selection,prior_year_same_date,2,season,wet,69,0.7485507246376814,2.1207480905963623,0.03260869565217387,2.4618061120028742
toe_pre_topple_long,toe_E5_C,selection,prior_year_same_date,7,season,dry,48,0.21874999999999933,0.27950849718747284,0.022916666666666644,0.7527818679660401
toe_pre_topple_long,toe_E5_C,selection,prior_year_same_date,7,season,wet,65,0.8199999999999992,2.233021409522222,0.12923076923077004,2.693150011857531
toe_pre_topple_long,toe_E5_C,selection,zero_change,1,season,dry,49,0.3336734693877544,1.0366990392390567,0.19081632653061154,1.1914151116162022
toe_pre_topple_long,toe_E5_C,selection,zero_change,1,season,wet,73,0.4657534246575347,1.4014669418295598,0.2767123287671238,1.5369840465872389
toe_pre_topple_long,toe_E5_C,selection,zero_change,2,season,dry,50,0.21100000000000058,0.43777848279695186,0.01899999999999984,0.7182836042874081
toe_pre_topple_long,toe_E5_C,selection,zero_change,2,season,wet,71,0.49507042253521144,1.892395828528214,0.2669014084507042,1.6756700815126324
toe_pre_topple_long,toe_E5_C,selection,zero_change,7,season,dry,48,0.12083333333333335,0.1567907310185563,0.012500000000000303,0.42943513293039776
toe_pre_topple_long,toe_E5_C,selection,zero_change,7,season,wet,67,0.5492537313432836,1.8015747671942584,0.3761194029850746,1.8212242106360066
toe_pre_topple_post_rain_resume,toe_E5_C,external_time_check,arima_ar1,1,season,dry,11,0.17813204707031868,0.2609470831214255,-0.035861131605755305,0.6165935852788272
toe_pre_topple_post_rain_resume,toe_E5_C,external_time_check,arima_ar1,1,season,wet,15,0.19120012136107123,0.2887994786032286,-0.03119717271653705,0.6613283663351144
toe_pre_topple_post_rain_resume,toe_E5_C,external_time_check,arima_ar1,2,season,dry,11,0.2156594546943558,0.2953972716469757,0.06459366378659874,0.7473090632554903
toe_pre_topple_post_rain_resume,toe_E5_C,external_time_check,arima_ar1,2,season,wet,15,0.2960765974030887,0.5003649653101545,0.1859829787131227,1.0250021261335698
toe_pre_topple_post_rain_resume,toe_E5_C,external_time_check,arima_ar1,7,season,dry,11,0.0913480685050478,0.10001100387990454,-0.014516899391816414,0.3159208490300029
toe_pre_topple_post_rain_resume,toe_E5_C,external_time_check,arima_ar1,7,season,wet,14,0.37886447710607163,0.571176985785021,0.05540946267917583,1.311192488945292
toe_pre_topple_post_rain_resume,toe_E5_C,external_time_check,arima_ar2,1,season,dry,11,0.18991183002586345,0.2865554550379772,-0.04603420920048496,0.657116689405357
toe_pre_topple_post_rain_resume,toe_E5_C,external_time_check,arima_ar2,1,season,wet,15,0.1937953291336555,0.33222698622231506,-0.10765689135237132,0.6692023453570123
toe_pre_topple_post_rain_resume,toe_E5_C,external_time_check,arima_ar2,2,season,dry,11,0.2286274706649932,0.32292997407108903,0.07673713605111887,0.7924228765829809
toe_pre_topple_post_rain_resume,toe_E5_C,external_time_check,arima_ar2,2,season,wet,15,0.20039281760974698,0.3484944687085505,0.10608126784827758,0.6951985141913192
toe_pre_topple_post_rain_resume,toe_E5_C,external_time_check,arima_ar2,7,season,dry,11,0.08044192207807216,0.09855991729201302,0.010019429807064491,0.2778444117983285
toe_pre_topple_post_rain_resume,toe_E5_C,external_time_check,arima_ar2,7,season,wet,14,0.3168335288387495,0.48195171364063233,-0.03849041835817034,1.0969319003248805
toe_pre_topple_post_rain_resume,toe_E5_C,external_time_check,arima_arma11,1,season,dry,11,0.1726362655701495,0.27312761346398445,-0.05087711206648589,0.5968703301397646
toe_pre_topple_post_rain_resume,toe_E5_C,external_time_check,arima_arma11,1,season,wet,15,0.19347997078176915,0.3440969119509462,-0.09735948453298592,0.6676551557066939
toe_pre_topple_post_rain_resume,toe_E5_C,external_time_check,arima_arma11,2,season,dry,11,0.21274190246664448,0.302749881574801,0.0729395843146247,0.7373461082435153
toe_pre_topple_post_rain_resume,toe_E5_C,external_time_check,arima_arma11,2,season,wet,15,0.2598990084718625,0.41936753613880096,0.07319349552735273,0.9001412587412945
toe_pre_topple_post_rain_resume,toe_E5_C,external_time_check,arima_arma11,7,season,dry,11,0.08767060950954422,0.11195796165309214,0.03939391908228487,0.30299704975563385
toe_pre_topple_post_rain_resume,toe_E5_C,external_time_check,arima_arma11,7,season,wet,14,0.430048390745915,0.7461313941383403,-0.161284379695449,1.4866184542249452
toe_pre_topple_post_rain_resume,toe_E5_C,external_time_check,arima_mean,1,season,dry,10,0.19417747315741307,0.26686971494206596,-0.15000453864009364,0.6706480542651789
toe_pre_topple_post_rain_resume,toe_E5_C,external_time_check,arima_mean,1,season,wet,14,0.4546532533939132,1.0573530686074784,0.2237453599114853,1.5693408921014698
toe_pre_topple_post_rain_resume,toe_E5_C,external_time_check,arima_mean,2,season,dry,10,0.21584249475953818,0.2556214590483768,-0.03000453864009365,0.7475798544164669
toe_pre_topple_post_rain_resume,toe_E5_C,external_time_check,arima_mean,2,season,wet,14,0.5582765641361421,1.1982646770460494,0.3808882170543426,1.9296841054344394
toe_pre_topple_post_rain_resume,toe_E5_C,external_time_check,arima_mean,7,season,dry,10,0.09790639054009453,0.1058834240346079,-0.03000453864009366,0.33886368311915793
toe_pre_topple_post_rain_resume,toe_E5_C,external_time_check,arima_mean,7,season,wet,13,0.46459652191731216,0.7237185730076137,0.12455360037065172,1.607934711689488
toe_pre_topple_post_rain_resume,toe_E5_C,external_time_check,arimax_ar1_rain_lag2,1,season,dry,11,0.16775121932351864,0.25732725183402005,-0.012833047715041956,0.5807090744364753
toe_pre_topple_post_rain_resume,toe_E5_C,external_time_check,arimax_ar1_rain_lag2,1,season,wet,14,0.19670293433129107,0.33585854451226643,-0.08728758284187028,0.6813963755223786
toe_pre_topple_post_rain_resume,toe_E5_C,external_time_check,arimax_ar1_rain_lag2,2,season,dry,11,0.2082259847247664,0.299458962851965,0.1012548969409195,0.7213853221361357
toe_pre_topple_post_rain_resume,toe_E5_C,external_time_check,arimax_ar1_rain_lag2,2,season,wet,14,0.2565354286262301,0.3992468898046471,0.14978999980539237,0.8877617572492031
toe_pre_topple_post_rain_resume,toe_E5_C,external_time_check,expanding_median,1,season,dry,11,0.12727272727272726,0.21742292260184362,-0.05454545454545456,0.4393393822580922
toe_pre_topple_post_rain_resume,toe_E5_C,external_time_check,expanding_median,1,season,wet,15,0.39999999999999997,1.0449880382090502,0.2933333333333332,1.3809785668451653
toe_pre_topple_post_rain_resume,toe_E5_C,external_time_check,expanding_median,2,season,dry,11,0.18181818181818182,0.25584085962673253,0.07272727272727271,0.6295163033903209
toe_pre_topple_post_rain_resume,toe_E5_C,external_time_check,expanding_median,2,season,wet,15,0.5333333333333334,1.1905180945005978,0.4533333333333334,1.8441765413677824
toe_pre_topple_post_rain_resume,toe_E5_C,external_time_check,expanding_median,7,season,dry,11,0.07272727272727272,0.11281521496355323,0.05454545454545452,0.2516143741236334
toe_pre_topple_post_rain_resume,toe_E5_C,external_time_check,expanding_median,7,season,wet,14,0.4071428571428563,0.7186296483088969,0.1928571428571421,1.4089043686979308
toe_pre_topple_post_rain_resume,toe_E5_C,external_time_check,persistence,1,season,dry,11,0.1818181818181818,0.282842712474619,-2.0185873175002847e-17,0.6298516835877043
toe_pre_topple_post_rain_resume,toe_E5_C,external_time_check,persistence,1,season,wet,15,0.25333333333333363,0.3881580434135909,-0.10666666666666694,0.8764888605024053
toe_pre_topple_post_rain_resume,toe_E5_C,external_time_check,persistence,2,season,dry,11,0.23636363636363636,0.35675303400633784,0.12727272727272726,0.8190822369269188
toe_pre_topple_post_rain_resume,toe_E5_C,external_time_check,persistence,2,season,wet,15,0.2133333333333334,0.3033150177620622,0.05333333333333323,0.7391611686403744
toe_pre_topple_post_rain_resume,toe_E5_C,external_time_check,persistence,7,season,dry,11,0.12727272727272726,0.20449494325821801,0.10909090909090907,0.4405845958343148
toe_pre_topple_post_rain_resume,toe_E5_C,external_time_check,persistence,7,season,wet,14,0.4357142857142868,0.858986113308678,-0.2357142857142867,1.5016056049575113
toe_pre_topple_post_rain_resume,toe_E5_C,external_time_check,prior_year_same_date,1,season,dry,11,0.12727272727272726,0.21742292260184362,-0.09090909090909091,0.438807850799799
toe_pre_topple_post_rain_resume,toe_E5_C,external_time_check,prior_year_same_date,1,season,wet,14,0.5428571428571428,1.1520168649559157,0.3428571428571428,1.8762819011527274
toe_pre_topple_post_rain_resume,toe_E5_C,external_time_check,prior_year_same_date,2,season,dry,11,0.24545454545454543,0.3261343839027654,0.09999999999999996,0.8485486656902507
toe_pre_topple_post_rain_resume,toe_E5_C,external_time_check,prior_year_same_date,2,season,wet,15,0.4933333333333334,1.1860297916438134,0.4400000000000001,1.7081247921136393
toe_pre_topple_post_rain_resume,toe_E5_C,external_time_check,prior_year_same_date,7,season,dry,10,0.13,0.16431676725154984,0.06999999999999998,0.4500618195995968
toe_pre_topple_post_rain_resume,toe_E5_C,external_time_check,prior_year_same_date,7,season,wet,14,0.4714285714285706,0.7348469228349519,0.2285714285714278,1.6320366437126927
toe_pre_topple_post_rain_resume,toe_E5_C,external_time_check,zero_change,1,season,dry,11,0.12727272727272726,0.21742292260184362,-0.05454545454545456,0.4393393822580922
toe_pre_topple_post_rain_resume,toe_E5_C,external_time_check,zero_change,1,season,wet,15,0.39999999999999997,1.0449880382090502,0.2933333333333332,1.3809785668451653
toe_pre_topple_post_rain_resume,toe_E5_C,external_time_check,zero_change,2,season,dry,11,0.18181818181818182,0.25584085962673253,0.07272727272727271,0.6295163033903209
toe_pre_topple_post_rain_resume,toe_E5_C,external_time_check,zero_change,2,season,wet,15,0.5333333333333334,1.1905180945005978,0.4533333333333334,1.8441765413677824
toe_pre_topple_post_rain_resume,toe_E5_C,external_time_check,zero_change,7,season,dry,11,0.07272727272727272,0.11281521496355323,0.05454545454545452,0.2516143741236334
toe_pre_topple_post_rain_resume,toe_E5_C,external_time_check,zero_change,7,season,wet,14,0.4071428571428563,0.7186296483088969,0.1928571428571421,1.4089043686979308
middle_stable_2009_2016,mid_E2_B,evaluation,arima_ar1,1,movement_subset,not_training_q95_high_movement,60,0.11380396263227296,0.1531299692395746,-0.010419898399942772,0.6736809176265633
middle_stable_2009_2016,mid_E2_B,evaluation,arima_ar1,1,movement_subset,training_q95_high_movement,1,0.3832035592555448,0.3832035592555448,0.3832035592555448,2.142373951781267
middle_stable_2009_2016,mid_E2_B,evaluation,arima_ar1,2,movement_subset,not_training_q95_high_movement,59,0.10388549308291102,0.1453369271601876,0.003785258757440453,0.6179770364627003
middle_stable_2009_2016,mid_E2_B,evaluation,arima_ar1,2,movement_subset,training_q95_high_movement,2,0.41010688680242335,0.424867786024925,0.11101791296428584,2.4709089477515978
middle_stable_2009_2016,mid_E2_B,evaluation,arima_ar1,7,movement_subset,not_training_q95_high_movement,57,0.09899934261795235,0.13067648520692518,-0.057058444462217944,0.5836144575654107
middle_stable_2009_2016,mid_E2_B,evaluation,arima_ar1,7,movement_subset,training_q95_high_movement,1,0.5401087011641197,0.5401087011641197,0.5401087011641197,3.2572965429219733
middle_stable_2009_2016,mid_E2_B,evaluation,arima_ar1_weekly,1,movement_subset,not_training_q95_high_movement,60,0.11345509227046113,0.15351373724434617,-0.009842427354139116,0.6715927445608194
middle_stable_2009_2016,mid_E2_B,evaluation,arima_ar1_weekly,1,movement_subset,training_q95_high_movement,1,0.38198857485680543,0.38198857485680543,0.38198857485680543,2.1355813454371697
middle_stable_2009_2016,mid_E2_B,evaluation,arima_ar1_weekly,2,movement_subset,not_training_q95_high_movement,59,0.10214370481814747,0.1437251479586774,0.004469898153887777,0.607564257355644
middle_stable_2009_2016,mid_E2_B,evaluation,arima_ar1_weekly,2,movement_subset,training_q95_high_movement,2,0.4116825053797993,0.42710993718363877,0.11375593701088033,2.480413384564191
middle_stable_2009_2016,mid_E2_B,evaluation,arima_ar1_weekly,7,movement_subset,not_training_q95_high_movement,57,0.09840471323016428,0.1303907790266706,-0.05601190480176685,0.5800689571963827
middle_stable_2009_2016,mid_E2_B,evaluation,arima_ar1_weekly,7,movement_subset,training_q95_high_movement,1,0.5406751291035389,0.5406751291035389,0.5406751291035389,3.260712565964942
middle_stable_2009_2016,mid_E2_B,evaluation,arima_ar2,1,movement_subset,not_training_q95_high_movement,57,0.10700080945432114,0.1419580832661113,-0.019861962042004862,0.6330263788335045
middle_stable_2009_2016,mid_E2_B,evaluation,arima_ar2,1,movement_subset,training_q95_high_movement,1,0.3866984590194948,0.3866984590194948,0.3866984590194948,2.1619128679461346
middle_stable_2009_2016,mid_E2_B,evaluation,arima_ar2,2,movement_subset,not_training_q95_high_movement,56,0.10196675709900431,0.1449755304791485,0.0016731751174835952,0.6064995934298548
middle_stable_2009_2016,mid_E2_B,evaluation,arima_ar2,2,movement_subset,training_q95_high_movement,2,0.4250541728036274,0.4357332586504953,0.09587712384298713,2.5608732801653318
middle_stable_2009_2016,mid_E2_B,evaluation,arima_ar2,7,movement_subset,not_training_q95_high_movement,54,0.09681992144920011,0.1303766585724273,-0.0433530524534471,0.5702904520002514
middle_stable_2009_2016,mid_E2_B,evaluation,arima_ar2,7,movement_subset,training_q95_high_movement,1,0.5541188095039736,0.5541188095039736,0.5541188095039736,3.341788937439983
middle_stable_2009_2016,mid_E2_B,evaluation,arima_arma11,1,movement_subset,not_training_q95_high_movement,60,0.10087338539870186,0.13492629652779467,-0.016019855743652653,0.5976071075181832
middle_stable_2009_2016,mid_E2_B,evaluation,arima_arma11,1,movement_subset,training_q95_high_movement,1,0.3983908037871196,0.3983908037871196,0.3983908037871196,2.2272811931101004
middle_stable_2009_2016,mid_E2_B,evaluation,arima_arma11,2,movement_subset,not_training_q95_high_movement,59,0.09757005172864797,0.13709254265501308,0.010305862015407887,0.5810212132829212
middle_stable_2009_2016,mid_E2_B,evaluation,arima_arma11,2,movement_subset,training_q95_high_movement,2,0.41336241035840504,0.4185003958188444,0.06537659369544238,2.4902966194114535
middle_stable_2009_2016,mid_E2_B,evaluation,arima_arma11,7,movement_subset,not_training_q95_high_movement,57,0.09142583305859922,0.12605786522457837,-0.031011303269983557,0.5392830439118074
middle_stable_2009_2016,mid_E2_B,evaluation,arima_arma11,7,movement_subset,training_q95_high_movement,1,0.5709135279725053,0.5709135279725053,0.5709135279725053,3.4430748050606805
middle_stable_2009_2016,mid_E2_B,evaluation,arima_mean,1,movement_subset,not_training_q95_high_movement,56,0.10810918357849478,0.12705002673805502,-0.08378768899584646,0.6387459883284398
middle_stable_2009_2016,mid_E2_B,evaluation,arima_mean,1,movement_subset,training_q95_high_movement,1,0.310553411546883,0.310553411546883,0.310553411546883,1.736209185601981
middle_stable_2009_2016,mid_E2_B,evaluation,arima_mean,2,movement_subset,not_training_q95_high_movement,55,0.10512175899524381,0.12002771310674125,-0.05507864483960484,0.6212054431801669
middle_stable_2009_2016,mid_E2_B,evaluation,arima_mean,2,movement_subset,training_q95_high_movement,2,0.41135955278083497,0.4170429437718215,-0.06861585302113588,2.4775782466085734
middle_stable_2009_2016,mid_E2_B,evaluation,arima_mean,7,movement_subset,not_training_q95_high_movement,53,0.11242702715475995,0.1404937136481027,-0.0730347822759513,0.66281517691895
middle_stable_2009_2016,mid_E2_B,evaluation,arima_mean,7,movement_subset,training_q95_high_movement,1,0.5282245833329788,0.5282245833329788,0.5282245833329788,3.185625607342489
middle_stable_2009_2016,mid_E2_B,evaluation,expanding_median,1,movement_subset,not_training_q95_high_movement,60,0.05058333333333302,0.09601757651596854,-0.013583333333333026,0.30047310787902476
middle_stable_2009_2016,mid_E2_B,evaluation,expanding_median,1,movement_subset,training_q95_high_movement,1,0.40000000000000013,0.40000000000000013,0.40000000000000013,2.2362777171937434
middle_stable_2009_2016,mid_E2_B,evaluation,expanding_median,2,movement_subset,not_training_q95_high_movement,59,0.057966101694915236,0.1046442723172824,0.020423728813559312,0.34744365166953073
middle_stable_2009_2016,mid_E2_B,evaluation,expanding_median,2,movement_subset,training_q95_high_movement,2,0.41000000000000003,0.41000000000000003,-1.1102230246251565e-16,2.469723453087628
middle_stable_2009_2016,mid_E2_B,evaluation,expanding_median,7,movement_subset,not_training_q95_high_movement,57,0.06013157894736875,0.116274874720329,0.00013157894736811002,0.35423411127446885
middle_stable_2009_2016,mid_E2_B,evaluation,expanding_median,7,movement_subset,training_q95_high_movement,1,0.6000000000000001,0.6000000000000001,0.6000000000000001,3.618489984591674
middle_stable_2009_2016,mid_E2_B,evaluation,persistence,1,movement_subset,not_training_q95_high_movement,60,0.11933333333333303,0.17216029352515214,0.008333333333333642,0.7066738475249251
middle_stable_2009_2016,mid_E2_B,evaluation,persistence,1,movement_subset,training_q95_high_movement,1,0.40000000000000013,0.40000000000000013,0.40000000000000013,2.2362777171937434
middle_stable_2009_2016,mid_E2_B,evaluation,persistence,2,movement_subset,not_training_q95_high_movement,59,0.11762711864406776,0.18087592900912833,0.03576271186440677,0.7001286631152092
middle_stable_2009_2016,mid_E2_B,evaluation,persistence,2,movement_subset,training_q95_high_movement,2,0.41000000000000003,0.4583939353874569,0.20499999999999996,2.470723615870045
middle_stable_2009_2016,mid_E2_B,evaluation,persistence,7,movement_subset,not_training_q95_high_movement,57,0.11846491228070209,0.16594988410688286,0.01600877192982425,0.6993300399005116
middle_stable_2009_2016,mid_E2_B,evaluation,persistence,7,movement_subset,training_q95_high_movement,1,0.6000000000000001,0.6000000000000001,0.6000000000000001,3.618489984591674
middle_stable_2009_2016,mid_E2_B,evaluation,prior_year_same_date,1,movement_subset,not_training_q95_high_movement,57,0.11631578947368389,0.17731736341492593,0.006754385964912606,0.6865210796196148
middle_stable_2009_2016,mid_E2_B,evaluation,prior_year_same_date,2,movement_subset,not_training_q95_high_movement,55,0.10222727272727272,0.1519924489751203,0.018227272727272717,0.608342889440885
middle_stable_2009_2016,mid_E2_B,evaluation,prior_year_same_date,2,movement_subset,training_q95_high_movement,2,0.5099999999999999,0.5197114584074511,0.09999999999999976,3.072582911295545
middle_stable_2009_2016,mid_E2_B,evaluation,prior_year_same_date,7,movement_subset,not_training_q95_high_movement,55,0.10822727272727307,0.1687955325776784,-0.03413636363636396,0.6382579673748433
middle_stable_2009_2016,mid_E2_B,evaluation,prior_year_same_date,7,movement_subset,training_q95_high_movement,1,0.6000000000000001,0.6000000000000001,0.6000000000000001,3.618489984591674
middle_stable_2009_2016,mid_E2_B,evaluation,zero_change,1,movement_subset,not_training_q95_high_movement,60,0.05058333333333302,0.09601757651596854,-0.013583333333333026,0.30047310787902476
middle_stable_2009_2016,mid_E2_B,evaluation,zero_change,1,movement_subset,training_q95_high_movement,1,0.40000000000000013,0.40000000000000013,0.40000000000000013,2.2362777171937434
middle_stable_2009_2016,mid_E2_B,evaluation,zero_change,2,movement_subset,not_training_q95_high_movement,59,0.057966101694915236,0.1046442723172824,0.020423728813559312,0.34744365166953073
middle_stable_2009_2016,mid_E2_B,evaluation,zero_change,2,movement_subset,training_q95_high_movement,2,0.41000000000000003,0.41000000000000003,-1.1102230246251565e-16,2.469723453087628
middle_stable_2009_2016,mid_E2_B,evaluation,zero_change,7,movement_subset,not_training_q95_high_movement,57,0.06013157894736875,0.116274874720329,0.00013157894736811002,0.35423411127446885
middle_stable_2009_2016,mid_E2_B,evaluation,zero_change,7,movement_subset,training_q95_high_movement,1,0.6000000000000001,0.6000000000000001,0.6000000000000001,3.618489984591674
middle_stable_2009_2016,mid_E2_B,selection,arima_ar1,1,movement_subset,not_training_q95_high_movement,80,0.13349067560322467,0.17510710328135973,0.006342417686137118,0.7452099843075446
middle_stable_2009_2016,mid_E2_B,selection,arima_ar1,1,movement_subset,training_q95_high_movement,5,2.5033339896605633,3.5093625009141443,-0.2759490409585121,15.086592848335163
middle_stable_2009_2016,mid_E2_B,selection,arima_ar1,2,movement_subset,not_training_q95_high_movement,79,0.09124157184337477,0.1326874664319847,-0.016335375736915368,0.5154843583454587
middle_stable_2009_2016,mid_E2_B,selection,arima_ar1,2,movement_subset,training_q95_high_movement,6,1.6062020189677926,2.4341889766898195,0.3100411943409669,9.378624664135051
middle_stable_2009_2016,mid_E2_B,selection,arima_ar1,7,movement_subset,not_training_q95_high_movement,77,0.1111749913516096,0.15199060546320284,-0.0581769296793319,0.6201314872098184
middle_stable_2009_2016,mid_E2_B,selection,arima_ar1,7,movement_subset,training_q95_high_movement,4,1.3408838247953088,1.652129702519905,1.3408838247953088,7.693668320472099
middle_stable_2009_2016,mid_E2_B,selection,arima_ar1_weekly,1,movement_subset,not_training_q95_high_movement,80,0.1331750953591786,0.17467340956145563,0.006704871784688439,0.7439783698333443
middle_stable_2009_2016,mid_E2_B,selection,arima_ar1_weekly,1,movement_subset,training_q95_high_movement,5,2.485528567390778,3.476666391506736,-0.25336826681781943,14.96645339008698
middle_stable_2009_2016,mid_E2_B,selection,arima_ar1_weekly,2,movement_subset,not_training_q95_high_movement,79,0.09110403838223399,0.1324382833201366,-0.016635623373969132,0.5142978105555535
middle_stable_2009_2016,mid_E2_B,selection,arima_ar1_weekly,2,movement_subset,training_q95_high_movement,6,1.6046354342511033,2.414803744734909,0.3502544552260836,9.347191109928781
middle_stable_2009_2016,mid_E2_B,selection,arima_ar1_weekly,7,movement_subset,not_training_q95_high_movement,77,0.11127616960178245,0.1520736890048583,-0.058540249110075646,0.6207248486320525
middle_stable_2009_2016,mid_E2_B,selection,arima_ar1_weekly,7,movement_subset,training_q95_high_movement,4,1.1667322299076992,1.5477723021118306,1.1667322299076992,6.659365609054067
middle_stable_2009_2016,mid_E2_B,selection,arima_ar2,1,movement_subset,not_training_q95_high_movement,80,0.12908772824950415,0.1722464635217403,0.0017743905448386638,0.7221625423591138
middle_stable_2009_2016,mid_E2_B,selection,arima_ar2,1,movement_subset,training_q95_high_movement,5,2.4816674653958373,3.493587275060336,-0.3089577866895546,14.98207472351958
middle_stable_2009_2016,mid_E2_B,selection,arima_ar2,2,movement_subset,not_training_q95_high_movement,79,0.08961645273663926,0.1332108215219848,-0.012960915332517793,0.5071975718299541
middle_stable_2009_2016,mid_E2_B,selection,arima_ar2,2,movement_subset,training_q95_high_movement,6,1.6516212401270245,2.3900489746463474,0.023968756405167786,9.755314209964427
middle_stable_2009_2016,mid_E2_B,selection,arima_ar2,7,movement_subset,not_training_q95_high_movement,77,0.10560090438671603,0.14899084426259396,-0.04418958600592786,0.5908227645188044
middle_stable_2009_2016,mid_E2_B,selection,arima_ar2,7,movement_subset,training_q95_high_movement,4,0.7741690026716352,1.0803478031063691,0.621816168217216,4.435684874621878
middle_stable_2009_2016,mid_E2_B,selection,arima_arma11,1,movement_subset,not_training_q95_high_movement,80,0.12194089442899018,0.16024280626053658,-0.0005112965329314795,0.6846323468873031
middle_stable_2009_2016,mid_E2_B,selection,arima_arma11,1,movement_subset,training_q95_high_movement,5,2.6253788684116066,3.655824607200904,-0.15641045256961802,15.721802331344202
middle_stable_2009_2016,mid_E2_B,selection,arima_arma11,2,movement_subset,not_training_q95_high_movement,79,0.08547019884286576,0.12743097887960403,-0.0136222883502577,0.48503269501748675
middle_stable_2009_2016,mid_E2_B,selection,arima_arma11,2,movement_subset,training_q95_high_movement,6,1.7358064996991907,2.4635726325531087,0.011825357533698677,10.205739866085379
middle_stable_2009_2016,mid_E2_B,selection,arima_arma11,7,movement_subset,not_training_q95_high_movement,77,0.10077685425377199,0.14441821056618154,-0.03410813856100255,0.5650375908868336
middle_stable_2009_2016,mid_E2_B,selection,arima_arma11,7,movement_subset,training_q95_high_movement,4,0.7694703936720432,0.9214289305077452,-0.2680467834816401,4.6016644246561516
middle_stable_2009_2016,mid_E2_B,selection,arima_mean,1,movement_subset,not_training_q95_high_movement,77,0.13079780127843654,0.16342739263009537,-0.08409378087831103,0.7351901869382
middle_stable_2009_2016,mid_E2_B,selection,arima_mean,1,movement_subset,training_q95_high_movement,5,2.6294786302158903,4.025018143188279,2.2647831324636676,14.376994316013628
middle_stable_2009_2016,mid_E2_B,selection,arima_mean,2,movement_subset,not_training_q95_high_movement,76,0.12368193875964052,0.1532127175291645,-0.09479735747257455,0.6879228397145767
middle_stable_2009_2016,mid_E2_B,selection,arima_mean,2,movement_subset,training_q95_high_movement,6,2.1413161461939145,3.4161736501400632,2.0088822837673477,11.83208371424901
middle_stable_2009_2016,mid_E2_B,selection,arima_mean,7,movement_subset,not_training_q95_high_movement,74,0.13299366815626568,0.17235968177625452,-0.08846234467186996,0.7370518390435193
middle_stable_2009_2016,mid_E2_B,selection,arima_mean,7,movement_subset,training_q95_high_movement,4,2.129283873924366,2.560103232553837,2.129283873924366,12.49516049103758
middle_stable_2009_2016,mid_E2_B,selection,expanding_median,1,movement_subset,not_training_q95_high_movement,80,0.09000000000000034,0.13874436925511666,0.002499999999999919,0.5133455773466824
middle_stable_2009_2016,mid_E2_B,selection,expanding_median,1,movement_subset,training_q95_high_movement,5,2.659999999999999,4.07897045833872,2.2999999999999985,14.536328362741012
middle_stable_2009_2016,mid_E2_B,selection,expanding_median,2,movement_subset,not_training_q95_high_movement,79,0.05696202531645584,0.10614058029241315,-0.011392405063290848,0.33524088724257406
middle_stable_2009_2016,mid_E2_B,selection,expanding_median,2,movement_subset,training_q95_high_movement,6,2.2000000000000015,3.4693899559816934,2.066666666666668,12.134838208628691
middle_stable_2009_2016,mid_E2_B,selection,expanding_median,7,movement_subset,not_training_q95_high_movement,77,0.0779220779220783,0.13957263155977126,-0.005194805194805266,0.4407598152123345
middle_stable_2009_2016,mid_E2_B,selection,expanding_median,7,movement_subset,training_q95_high_movement,4,2.1750000000000007,2.609118625129952,2.1750000000000007,12.74266769687367
middle_stable_2009_2016,mid_E2_B,selection,persistence,1,movement_subset,not_training_q95_high_movement,80,0.15125000000000038,0.20706279240848657,0.02624999999999978,0.8570432620387545
middle_stable_2009_2016,mid_E2_B,selection,persistence,1,movement_subset,training_q95_high_movement,5,2.24,3.684019543922099,-1.0400000000000027,13.928990898032087
middle_stable_2009_2016,mid_E2_B,selection,persistence,2,movement_subset,not_training_q95_high_movement,79,0.10632911392405099,0.177179019816939,0.022784810126582348,0.6155831113815532
middle_stable_2009_2016,mid_E2_B,selection,persistence,2,movement_subset,training_q95_high_movement,6,1.8500000000000016,2.6422843652163297,-0.8499999999999988,11.166495282445768
middle_stable_2009_2016,mid_E2_B,selection,persistence,7,movement_subset,not_training_q95_high_movement,77,0.12467532467532468,0.2070196678027064,0.028571428571428574,0.7243817395221996
middle_stable_2009_2016,mid_E2_B,selection,persistence,7,movement_subset,training_q95_high_movement,4,2.3500000000000005,2.642915057280503,-2.000000000000001,14.043818323959593
middle_stable_2009_2016,mid_E2_B,selection,prior_year_same_date,1,movement_subset,not_training_q95_high_movement,76,0.2894736842105268,0.7059894139656622,-0.13684210526315765,1.6249788612646516
middle_stable_2009_2016,mid_E2_B,selection,prior_year_same_date,1,movement_subset,training_q95_high_movement,5,2.7399999999999984,4.242404978311239,2.3799999999999986,14.95243947385212
middle_stable_2009_2016,mid_E2_B,selection,prior_year_same_date,2,movement_subset,not_training_q95_high_movement,73,0.3479452054794526,1.1694747679521407,-0.23013698630136964,1.8626341238597603
middle_stable_2009_2016,mid_E2_B,selection,prior_year_same_date,2,movement_subset,training_q95_high_movement,6,2.266666666666668,3.558089374931437,2.0666666666666678,12.599870065250931
middle_stable_2009_2016,mid_E2_B,selection,prior_year_same_date,7,movement_subset,not_training_q95_high_movement,72,0.3305555555555557,1.0100880049667837,-0.2111111111111118,1.814371244938072
middle_stable_2009_2016,mid_E2_B,selection,prior_year_same_date,7,movement_subset,training_q95_high_movement,4,2.2750000000000012,2.701388531848022,2.2750000000000012,13.28093547591312
middle_stable_2009_2016,mid_E2_B,selection,zero_change,1,movement_subset,not_training_q95_high_movement,80,0.09000000000000034,0.13874436925511666,0.002499999999999919,0.5133455773466824
middle_stable_2009_2016,mid_E2_B,selection,zero_change,1,movement_subset,training_q95_high_movement,5,2.659999999999999,4.07897045833872,2.2999999999999985,14.536328362741012
middle_stable_2009_2016,mid_E2_B,selection,zero_change,2,movement_subset,not_training_q95_high_movement,79,0.05696202531645584,0.10614058029241315,-0.011392405063290848,0.33524088724257406
middle_stable_2009_2016,mid_E2_B,selection,zero_change,2,movement_subset,training_q95_high_movement,6,2.2000000000000015,3.4693899559816934,2.066666666666668,12.134838208628691
middle_stable_2009_2016,mid_E2_B,selection,zero_change,7,movement_subset,not_training_q95_high_movement,77,0.0779220779220783,0.13957263155977126,-0.005194805194805266,0.4407598152123345
middle_stable_2009_2016,mid_E2_B,selection,zero_change,7,movement_subset,training_q95_high_movement,4,2.1750000000000007,2.609118625129952,2.1750000000000007,12.74266769687367
toe_pre_topple_long,toe_E5_C,evaluation,arima_ar1,1,movement_subset,not_training_q95_high_movement,76,0.18921320906221184,0.2893096898383327,-0.036408933416086676,0.6191268024455088
toe_pre_topple_long,toe_E5_C,evaluation,arima_ar1,2,movement_subset,not_training_q95_high_movement,74,0.18803705507006757,0.2700004373697815,-0.0683241590597695,0.6104991521207875
toe_pre_topple_long,toe_E5_C,evaluation,arima_ar1,2,movement_subset,training_q95_high_movement,2,1.670205572461591,1.7424768983035415,0.4966277145304916,5.227981401456383
toe_pre_topple_long,toe_E5_C,evaluation,arima_ar1,7,movement_subset,not_training_q95_high_movement,72,0.16699481457001422,0.2240014062234289,-0.10202940153299583,0.54433366339329
toe_pre_topple_long,toe_E5_C,evaluation,arima_ar2,1,movement_subset,not_training_q95_high_movement,76,0.18005509178336457,0.2637987546214869,-0.02542979490995376,0.5890920530887892
toe_pre_topple_long,toe_E5_C,evaluation,arima_ar2,2,movement_subset,not_training_q95_high_movement,74,0.1792796876670085,0.2707604988218127,-0.04910892985682776,0.5821642009369439
toe_pre_topple_long,toe_E5_C,evaluation,arima_ar2,2,movement_subset,training_q95_high_movement,2,1.6836163402731377,1.756557540767769,0.5009295487325527,5.269967719016174
toe_pre_topple_long,toe_E5_C,evaluation,arima_ar2,7,movement_subset,not_training_q95_high_movement,72,0.16166287369477592,0.22385252697530886,-0.07773949455308835,0.527400522466277
toe_pre_topple_long,toe_E5_C,evaluation,arima_arma11,1,movement_subset,not_training_q95_high_movement,76,0.16431615419190662,0.23313517394258462,-0.023782784805028954,0.5374139675419168
toe_pre_topple_long,toe_E5_C,evaluation,arima_arma11,2,movement_subset,not_training_q95_high_movement,74,0.16150573378788574,0.24127855826247874,-0.03913538225223492,0.5234113528734111
toe_pre_topple_long,toe_E5_C,evaluation,arima_arma11,2,movement_subset,training_q95_high_movement,2,1.6490168836285684,1.7250615781914178,0.5065380203500915,5.162106828610304
toe_pre_topple_long,toe_E5_C,evaluation,arima_arma11,7,movement_subset,not_training_q95_high_movement,72,0.15351462710698438,0.21894195154978266,-0.043027265986680496,0.5008463851020196
toe_pre_topple_long,toe_E5_C,evaluation,arima_mean,1,movement_subset,not_training_q95_high_movement,70,0.1818864668859606,0.22163490960875323,-0.1282978611598613,0.5933108285665423
toe_pre_topple_long,toe_E5_C,evaluation,arima_mean,2,movement_subset,not_training_q95_high_movement,68,0.18037759404891013,0.22815326468617667,-0.1326009036612883,0.5840344443985654
toe_pre_topple_long,toe_E5_C,evaluation,arima_mean,2,movement_subset,training_q95_high_movement,2,1.5564846367119713,1.6116367743640294,0.41800558388865616,4.870777477240285
toe_pre_topple_long,toe_E5_C,evaluation,arima_mean,7,movement_subset,not_training_q95_high_movement,66,0.18439399217190433,0.23723911538119735,-0.13028781858549726,0.5998671508744488
toe_pre_topple_long,toe_E5_C,evaluation,arimax_ar1_rain_lag2,1,movement_subset,not_training_q95_high_movement,75,0.17887922859286495,0.26901183219913993,-0.028868979406892786,0.585016146576971
toe_pre_topple_long,toe_E5_C,evaluation,arimax_ar1_rain_lag2,2,movement_subset,not_training_q95_high_movement,73,0.17062138179339775,0.2508624161676794,-0.06372699970192629,0.5546343661430337
toe_pre_topple_long,toe_E5_C,evaluation,arimax_ar1_rain_lag2,2,movement_subset,training_q95_high_movement,2,1.6662226273820102,1.7525407955005967,0.543232359027015,5.216837989633605
toe_pre_topple_long,toe_E5_C,evaluation,expanding_median,1,movement_subset,not_training_q95_high_movement,76,0.11447368421052631,0.18100596093702784,-0.006578947368421047,0.3745707895590324
toe_pre_topple_long,toe_E5_C,evaluation,expanding_median,2,movement_subset,not_training_q95_high_movement,74,0.11891891891891893,0.19242408120354124,-0.018918918918918923,0.3860152826821271
toe_pre_topple_long,toe_E5_C,evaluation,expanding_median,2,movement_subset,training_q95_high_movement,2,1.55,1.6446884203398526,0.55,4.854189351464372
toe_pre_topple_long,toe_E5_C,evaluation,expanding_median,7,movement_subset,not_training_q95_high_movement,72,0.11458333333333333,0.19481116212601599,-0.004861111111111114,0.3743626286002427
toe_pre_topple_long,toe_E5_C,evaluation,persistence,1,movement_subset,not_training_q95_high_movement,76,0.20263157894736838,0.3336402096176122,-0.010526315789473675,0.6631605341437652
toe_pre_topple_long,toe_E5_C,evaluation,persistence,2,movement_subset,not_training_q95_high_movement,74,0.21216216216216216,0.3379189091915236,-0.022972972972972978,0.6907317800980711
toe_pre_topple_long,toe_E5_C,evaluation,persistence,2,movement_subset,training_q95_high_movement,2,1.7500000000000002,1.8343936327844144,0.55,5.4785705288438615
toe_pre_topple_long,toe_E5_C,evaluation,persistence,7,movement_subset,not_training_q95_high_movement,72,0.20486111111111113,0.314962519816071,-0.014583333333333337,0.6703315801002617
toe_pre_topple_long,toe_E5_C,evaluation,prior_year_same_date,1,movement_subset,not_training_q95_high_movement,70,0.19857142857142854,0.2968886275067759,-0.007142857142857138,0.6430207712195934
toe_pre_topple_long,toe_E5_C,evaluation,prior_year_same_date,2,movement_subset,not_training_q95_high_movement,69,0.1869565217391304,0.2528102914801153,-0.021739130434782608,0.6065040375335079
toe_pre_topple_long,toe_E5_C,evaluation,prior_year_same_date,2,movement_subset,training_q95_high_movement,2,1.55,1.5890248582070705,0.3500000000000001,4.848649269001342
toe_pre_topple_long,toe_E5_C,evaluation,prior_year_same_date,7,movement_subset,not_training_q95_high_movement,66,0.24166666666666664,0.3222200452730363,-0.020454545454545454,0.7850670134926726
toe_pre_topple_long,toe_E5_C,evaluation,zero_change,1,movement_subset,not_training_q95_high_movement,76,0.11447368421052631,0.18100596093702784,-0.006578947368421047,0.3745707895590324
toe_pre_topple_long,toe_E5_C,evaluation,zero_change,2,movement_subset,not_training_q95_high_movement,74,0.11891891891891893,0.19242408120354124,-0.018918918918918923,0.3860152826821271
toe_pre_topple_long,toe_E5_C,evaluation,zero_change,2,movement_subset,training_q95_high_movement,2,1.55,1.6446884203398526,0.55,4.854189351464372
toe_pre_topple_long,toe_E5_C,evaluation,zero_change,7,movement_subset,not_training_q95_high_movement,72,0.11458333333333333,0.19481116212601599,-0.004861111111111114,0.3743626286002427
toe_pre_topple_long,toe_E5_C,selection,arima_ar1,1,movement_subset,not_training_q95_high_movement,105,0.17872122218444209,0.2615783932832657,-0.018722698809197285,0.6032289374909742
toe_pre_topple_long,toe_E5_C,selection,arima_ar1,1,movement_subset,training_q95_high_movement,15,1.75359205082714,2.7055177976158786,1.2576379905556756,6.063441662156774
toe_pre_topple_long,toe_E5_C,selection,arima_ar1,2,movement_subset,not_training_q95_high_movement,104,0.1625960359731506,0.2198355335321528,-0.04046940355800315,0.5498606050283066
toe_pre_topple_long,toe_E5_C,selection,arima_ar1,2,movement_subset,training_q95_high_movement,15,1.9288974269816015,3.6398730159800383,0.8921678958297562,6.527882823018296
toe_pre_topple_long,toe_E5_C,selection,arima_ar1,7,movement_subset,not_training_q95_high_movement,106,0.15630155629593903,0.20091324873791433,-0.04930022753216539,0.5364739000737032
toe_pre_topple_long,toe_E5_C,selection,arima_ar1,7,movement_subset,training_q95_high_movement,7,3.772484870470311,5.327461888594677,3.312937839401467,12.36226257338021
toe_pre_topple_long,toe_E5_C,selection,arima_ar2,1,movement_subset,not_training_q95_high_movement,104,0.17969689678275294,0.2617924820455689,-0.00807005471719988,0.6101973353063008
toe_pre_topple_long,toe_E5_C,selection,arima_ar2,1,movement_subset,training_q95_high_movement,15,1.6278156647862299,2.203915155193919,1.1073820737576583,5.637130110186195
toe_pre_topple_long,toe_E5_C,selection,arima_ar2,2,movement_subset,not_training_q95_high_movement,103,0.17604954942962858,0.2375584449086684,-0.018849592693425978,0.5941289879615832
toe_pre_topple_long,toe_E5_C,selection,arima_ar2,2,movement_subset,training_q95_high_movement,15,1.8125559123398223,3.0025242335300812,0.680715593054862,6.161752834990135
toe_pre_topple_long,toe_E5_C,selection,arima_ar2,7,movement_subset,not_training_q95_high_movement,105,0.15785522880206745,0.20091430480269407,-0.030508342775454438,0.5407169125516305
toe_pre_topple_long,toe_E5_C,selection,arima_ar2,7,movement_subset,training_q95_high_movement,7,3.316640573713315,4.640611572623805,2.857070506274275,10.958945868690392
toe_pre_topple_long,toe_E5_C,selection,arima_arma11,1,movement_subset,not_training_q95_high_movement,105,0.17301980578291687,0.2552667059340132,0.0010563054790474079,0.5953034865790385
toe_pre_topple_long,toe_E5_C,selection,arima_arma11,1,movement_subset,training_q95_high_movement,15,1.5791207745389562,2.130694129811724,0.8904170140397678,5.468118908795579
toe_pre_topple_long,toe_E5_C,selection,arima_arma11,2,movement_subset,not_training_q95_high_movement,104,0.15849769291690935,0.21169355004588378,-0.005361868784079665,0.5412972268926435
toe_pre_topple_long,toe_E5_C,selection,arima_arma11,2,movement_subset,training_q95_high_movement,15,1.6914972771508012,2.4843217512893085,0.34510636893487057,5.736756780595888
toe_pre_topple_long,toe_E5_C,selection,arima_arma11,7,movement_subset,not_training_q95_high_movement,106,0.14922524458667225,0.19361006933531305,-0.012521723576907251,0.5169515266802489
toe_pre_topple_long,toe_E5_C,selection,arima_arma11,7,movement_subset,training_q95_high_movement,7,2.5673020991796016,3.0248842733008097,1.676992723038376,8.584291081817096
toe_pre_topple_long,toe_E5_C,selection,arima_mean,1,movement_subset,not_training_q95_high_movement,97,0.17356000905404642,0.24179036135822343,-0.06608619404576536,0.5826442095408901
toe_pre_topple_long,toe_E5_C,selection,arima_mean,1,movement_subset,training_q95_high_movement,15,2.27286347991182,3.525201244095805,1.8435045668539174,7.6546285382707815
toe_pre_topple_long,toe_E5_C,selection,arima_mean,2,movement_subset,not_training_q95_high_movement,96,0.15334891150068644,0.199354727768676,-0.06969588429965683,0.5137985098856412
toe_pre_topple_long,toe_E5_C,selection,arima_mean,2,movement_subset,training_q95_high_movement,15,2.1673597478231077,4.1397232593212605,1.2857810851198646,7.274655884055649
toe_pre_topple_long,toe_E5_C,selection,arima_mean,7,movement_subset,not_training_q95_high_movement,98,0.15843209882665296,0.20621323231449507,-0.064382161906469,0.5417192487405679
toe_pre_topple_long,toe_E5_C,selection,arima_mean,7,movement_subset,training_q95_high_movement,7,3.9646246818638575,5.48318477809827,3.5050192117403616,12.934506418655852
toe_pre_topple_long,toe_E5_C,selection,arimax_ar1_rain_lag2,1,movement_subset,not_training_q95_high_movement,104,0.16971480086138427,0.2485117784727569,-0.01081505775892308,0.5797765465934931
toe_pre_topple_long,toe_E5_C,selection,arimax_ar1_rain_lag2,1,movement_subset,training_q95_high_movement,15,1.7253013782683666,2.675311580377447,1.248627850473468,5.958005721764565
toe_pre_topple_long,toe_E5_C,selection,arimax_ar1_rain_lag2,2,movement_subset,not_training_q95_high_movement,103,0.16034827328444318,0.2381202109377426,-0.037556282395145975,0.547385032782686
toe_pre_topple_long,toe_E5_C,selection,arimax_ar1_rain_lag2,2,movement_subset,training_q95_high_movement,14,2.004145282905868,3.7874750755405295,1.0188678475940747,6.751748758704169
toe_pre_topple_long,toe_E5_C,selection,expanding_median,1,movement_subset,not_training_q95_high_movement,107,0.14532710280373798,0.220502823852899,0.010747663551401568,0.5012240805759786
toe_pre_topple_long,toe_E5_C,selection,expanding_median,1,movement_subset,training_q95_high_movement,15,2.320000000000002,3.566884728536469,1.8933333333333355,7.7965466165621775
toe_pre_topple_long,toe_E5_C,selection,expanding_median,2,movement_subset,not_training_q95_high_movement,106,0.12169811320754716,0.1802775637731987,-0.0009433962264148275,0.4230414842484004
toe_pre_topple_long,toe_E5_C,selection,expanding_median,2,movement_subset,training_q95_high_movement,15,2.1866666666666688,4.166533331199933,1.333333333333331,7.336290578095791
toe_pre_topple_long,toe_E5_C,selection,expanding_median,7,movement_subset,not_training_q95_high_movement,108,0.13333333333333333,0.1825741858350553,0.007407407407407535,0.4698656757896051
toe_pre_topple_long,toe_E5_C,selection,expanding_median,7,movement_subset,training_q95_high_movement,7,4.028571428571428,5.542562584220408,3.5714285714285707,13.127059358284885
toe_pre_topple_long,toe_E5_C,selection,persistence,1,movement_subset,not_training_q95_high_movement,107,0.21822429906542073,0.3053648040482111,-0.03317757009345833,0.7425081678427815
toe_pre_topple_long,toe_E5_C,selection,persistence,1,movement_subset,training_q95_high_movement,15,1.3333333333333315,2.0839065877977014,0.7466666666666686,4.5658332701465385
toe_pre_topple_long,toe_E5_C,selection,persistence,2,movement_subset,not_training_q95_high_movement,106,0.23584905660377412,0.451621815406368,-0.023584905660376746,0.8089654398957707
toe_pre_topple_long,toe_E5_C,selection,persistence,2,movement_subset,training_q95_high_movement,15,1.6600000000000057,2.9724288609373564,0.046666666666661055,5.591314669382657
toe_pre_topple_long,toe_E5_C,selection,persistence,7,movement_subset,not_training_q95_high_movement,108,0.31574074074074077,0.5981065803696544,-0.06388888888888884,1.097031435350756
toe_pre_topple_long,toe_E5_C,selection,persistence,7,movement_subset,training_q95_high_movement,7,2.5142857142857133,3.5095787292982696,1.5714285714285707,8.303572108021735
toe_pre_topple_long,toe_E5_C,selection,prior_year_same_date,1,movement_subset,not_training_q95_high_movement,103,0.5072815533980586,1.8160222722213195,-0.20922330097087352,1.6332039106208451
toe_pre_topple_long,toe_E5_C,selection,prior_year_same_date,1,movement_subset,training_q95_high_movement,14,2.278571428571427,3.6228441865473604,1.7500000000000024,7.685987292669638
toe_pre_topple_long,toe_E5_C,selection,prior_year_same_date,2,movement_subset,not_training_q95_high_movement,102,0.35343137254902063,0.8144377345932667,-0.21029411764705874,1.1643081828116082
toe_pre_topple_long,toe_E5_C,selection,prior_year_same_date,2,movement_subset,training_q95_high_movement,15,2.1600000000000024,4.171490540961749,1.4266666666666645,7.194481544575512
toe_pre_topple_long,toe_E5_C,selection,prior_year_same_date,7,movement_subset,not_training_q95_high_movement,106,0.3367924528301879,0.9762993277466121,-0.13773584905660324,1.1245422140344519
toe_pre_topple_long,toe_E5_C,selection,prior_year_same_date,7,movement_subset,training_q95_high_movement,7,4.014285714285713,5.69247623748099,3.442857142857142,13.140972249351076
toe_pre_topple_long,toe_E5_C,selection,zero_change,1,movement_subset,not_training_q95_high_movement,107,0.14532710280373798,0.220502823852899,0.010747663551401568,0.5012240805759786
toe_pre_topple_long,toe_E5_C,selection,zero_change,1,movement_subset,training_q95_high_movement,15,2.320000000000002,3.566884728536469,1.8933333333333355,7.7965466165621775
toe_pre_topple_long,toe_E5_C,selection,zero_change,2,movement_subset,not_training_q95_high_movement,106,0.12169811320754716,0.1802775637731987,-0.0009433962264148275,0.4230414842484004
toe_pre_topple_long,toe_E5_C,selection,zero_change,2,movement_subset,training_q95_high_movement,15,2.1866666666666688,4.166533331199933,1.333333333333331,7.336290578095791
toe_pre_topple_long,toe_E5_C,selection,zero_change,7,movement_subset,not_training_q95_high_movement,108,0.13333333333333333,0.1825741858350553,0.007407407407407535,0.4698656757896051
toe_pre_topple_long,toe_E5_C,selection,zero_change,7,movement_subset,training_q95_high_movement,7,4.028571428571428,5.542562584220408,3.5714285714285707,13.127059358284885
toe_pre_topple_post_rain_resume,toe_E5_C,external_time_check,arima_ar1,1,movement_subset,not_training_q95_high_movement,24,0.15390198865250865,0.22607141014071389,-0.014627735318248495,0.5332062880897478
toe_pre_topple_post_rain_resume,toe_E5_C,external_time_check,arima_ar1,1,movement_subset,training_q95_high_movement,2,0.5669033052646834,0.6218944786358739,-0.2556821953867,1.9527520094699344
toe_pre_topple_post_rain_resume,toe_E5_C,external_time_check,arima_ar1,2,movement_subset,not_training_q95_high_movement,24,0.17578095893173895,0.23653405075188247,0.03773395975112149,0.6083727750644332
toe_pre_topple_post_rain_resume,toe_E5_C,external_time_check,arima_ar1,2,movement_subset,training_q95_high_movement,2,1.2973299741612554,1.2985705477074536,1.2973299741612554,4.497242493133772
toe_pre_topple_post_rain_resume,toe_E5_C,external_time_check,arima_ar1,7,movement_subset,not_training_q95_high_movement,23,0.16139222456625177,0.21302071433133335,-0.08612450799209814,0.5570135992574977
toe_pre_topple_post_rain_resume,toe_E5_C,external_time_check,arima_ar1,7,movement_subset,training_q95_high_movement,2,1.2984551340083692,1.3479128918900645,1.2984551340083692,4.510255700820838
toe_pre_topple_post_rain_resume,toe_E5_C,external_time_check,arima_ar2,1,movement_subset,not_training_q95_high_movement,24,0.13703595335017263,0.21398849497688044,-0.017255520191904863,0.47439195101262827
toe_pre_topple_post_rain_resume,toe_E5_C,external_time_check,arima_ar2,1,movement_subset,training_q95_high_movement,2,0.8535485934425937,0.854368201938833,-0.8535485934425937,2.940455969755516
toe_pre_topple_post_rain_resume,toe_E5_C,external_time_check,arima_ar2,2,movement_subset,not_training_q95_high_movement,24,0.17409129573646834,0.24901530878810596,0.04553017377085757,0.6027388164751954
toe_pre_topple_post_rain_resume,toe_E5_C,external_time_check,arima_ar2,2,movement_subset,training_q95_high_movement,2,0.6713016718929448,0.8604186173705977,0.6713016718929448,2.3394488799389443
toe_pre_topple_post_rain_resume,toe_E5_C,external_time_check,arima_ar2,7,movement_subset,not_training_q95_high_movement,23,0.1499608699349218,0.20597079258100498,-0.06751332940739585,0.5173780703816414
toe_pre_topple_post_rain_resume,toe_E5_C,external_time_check,arima_ar2,7,movement_subset,training_q95_high_movement,2,0.9357152690490425,1.0915557109191432,0.5620772236167146,3.2568197577760944
toe_pre_topple_post_rain_resume,toe_E5_C,external_time_check,arima_arma11,1,movement_subset,not_training_q95_high_movement,24,0.12553889597028298,0.20248426314176704,-0.009657313375614271,0.4341583483249809
toe_pre_topple_post_rain_resume,toe_E5_C,external_time_check,arima_arma11,1,movement_subset,training_q95_high_movement,2,0.8941324898556955,0.8979501250439699,-0.8941324898556955,3.0803003036691385
toe_pre_topple_post_rain_resume,toe_E5_C,external_time_check,arima_arma11,2,movement_subset,not_training_q95_high_movement,24,0.17805896414805691,0.2447840400181521,0.048155658815652425,0.6159291724265098
toe_pre_topple_post_rain_resume,toe_E5_C,external_time_check,arima_arma11,2,movement_subset,training_q95_high_movement,2,0.9826154573288304,1.050763513901545,0.37225102439775215,3.4153129667809266
toe_pre_topple_post_rain_resume,toe_E5_C,external_time_check,arima_arma11,7,movement_subset,not_training_q95_high_movement,23,0.14641054653850402,0.20625325493507787,-0.03996786653306451,0.5052742206046168
toe_pre_topple_post_rain_resume,toe_E5_C,external_time_check,arima_arma11,7,movement_subset,training_q95_high_movement,2,1.8088058023311022,1.8645937788799956,-0.45269363778533456,6.262159416277509
toe_pre_topple_post_rain_resume,toe_E5_C,external_time_check,arima_mean,1,movement_subset,not_training_q95_high_movement,22,0.16419326797234976,0.22473481782330879,-0.05805757269331833,0.5682786436949121
toe_pre_topple_post_rain_resume,toe_E5_C,external_time_check,arima_mean,1,movement_subset,training_q95_high_movement,2,2.3473341918486104,2.7616123341010446,1.4548281258064304,8.087561435392148
toe_pre_topple_post_rain_resume,toe_E5_C,external_time_check,arima_mean,2,movement_subset,not_training_q95_high_movement,22,0.18449087782331475,0.22125712584564344,-0.04014126731948124,0.6374966658552668
toe_pre_topple_post_rain_resume,toe_E5_C,external_time_check,arima_mean,2,movement_subset,training_q95_high_movement,2,2.9577487666942237,3.1367303729061238,2.9577487666942237,10.233224685715474
toe_pre_topple_post_rain_resume,toe_E5_C,external_time_check,arima_mean,7,movement_subset,not_training_q95_high_movement,21,0.17158672175893183,0.22530357784982438,-0.09982600547480476,0.5925709082251208
toe_pre_topple_post_rain_resume,toe_E5_C,external_time_check,arima_mean,7,movement_subset,training_q95_high_movement,2,1.7077487666942177,1.711009745257556,1.7077487666942177,5.923899505213694
toe_pre_topple_post_rain_resume,toe_E5_C,external_time_check,arimax_ar1_rain_lag2,1,movement_subset,not_training_q95_high_movement,23,0.15663097103457577,0.2662572405004734,-0.033148208094949956,0.5432439304763367
toe_pre_topple_post_rain_resume,toe_E5_C,external_time_check,arimax_ar1_rain_lag2,1,movement_subset,training_q95_high_movement,2,0.498296079700768,0.5818362355818837,-0.3003904492338982,1.716369337579394
toe_pre_topple_post_rain_resume,toe_E5_C,external_time_check,arimax_ar1_rain_lag2,2,movement_subset,not_training_q95_high_movement,23,0.1808430009646261,0.25237383316654616,0.06470743709010242,0.6263831189601207
toe_pre_topple_post_rain_resume,toe_E5_C,external_time_check,arimax_ar1_rain_lag2,2,movement_subset,training_q95_high_movement,2,0.8612964052766258,0.9362362930031755,0.8612964052766258,2.9785457044517805
toe_pre_topple_post_rain_resume,toe_E5_C,external_time_check,expanding_median,1,movement_subset,not_training_q95_high_movement,24,0.1125,0.20916500663351892,0.029166666666666674,0.38974059485894097
toe_pre_topple_post_rain_resume,toe_E5_C,external_time_check,expanding_median,1,movement_subset,training_q95_high_movement,2,2.349999999999999,2.8151376520518485,1.5499999999999994,8.096818715450954
toe_pre_topple_post_rain_resume,toe_E5_C,external_time_check,expanding_median,2,movement_subset,not_training_q95_high_movement,24,0.1625,0.22079402165819617,0.0625,0.5617233741410013
toe_pre_topple_post_rain_resume,toe_E5_C,external_time_check,expanding_median,2,movement_subset,training_q95_high_movement,2,3.0500000000000007,3.2256782232578636,3.0500000000000007,10.55298323921312
toe_pre_topple_post_rain_resume,toe_E5_C,external_time_check,expanding_median,7,movement_subset,not_training_q95_high_movement,23,0.12608695652173915,0.19448929779430474,-0.013043478260869571,0.4350044852047097
toe_pre_topple_post_rain_resume,toe_E5_C,external_time_check,expanding_median,7,movement_subset,training_q95_high_movement,2,1.7999999999999945,1.8027756377319895,1.7999999999999945,6.243658058711338
toe_pre_topple_post_rain_resume,toe_E5_C,external_time_check,persistence,1,movement_subset,not_training_q95_high_movement,24,0.17500000000000002,0.2783882181415011,-9.25185853854297e-18,0.6068246352769916
toe_pre_topple_post_rain_resume,toe_E5_C,external_time_check,persistence,1,movement_subset,training_q95_high_movement,2,0.8000000000000022,0.8000000000000022,-0.8000000000000022,2.7559550901765126
toe_pre_topple_post_rain_resume,toe_E5_C,external_time_check,persistence,2,movement_subset,not_training_q95_high_movement,24,0.1875,0.28357832545289263,0.08749999999999998,0.6494753662110376
toe_pre_topple_post_rain_resume,toe_E5_C,external_time_check,persistence,2,movement_subset,training_q95_high_movement,2,0.6500000000000007,0.6519202405202655,0.04999999999999927,2.25495667336841
toe_pre_topple_post_rain_resume,toe_E5_C,external_time_check,persistence,7,movement_subset,not_training_q95_high_movement,23,0.16956521739130434,0.24934697319895074,0.013043478260869556,0.5842694518190465
toe_pre_topple_post_rain_resume,toe_E5_C,external_time_check,persistence,7,movement_subset,training_q95_high_movement,2,1.8000000000000074,2.1633307652784035,-1.2000000000000068,6.215355815872276
toe_pre_topple_post_rain_resume,toe_E5_C,external_time_check,prior_year_same_date,1,movement_subset,not_training_q95_high_movement,23,0.18695652173913047,0.2896774818280856,0.013043478260869587,0.6478645957371613
toe_pre_topple_post_rain_resume,toe_E5_C,external_time_check,prior_year_same_date,1,movement_subset,training_q95_high_movement,2,2.349999999999999,2.930017064796721,1.7499999999999993,8.09697363649063
toe_pre_topple_post_rain_resume,toe_E5_C,external_time_check,prior_year_same_date,2,movement_subset,not_training_q95_high_movement,24,0.16666666666666666,0.24664414311581237,0.06666666666666665,0.5770808635779628
toe_pre_topple_post_rain_resume,toe_E5_C,external_time_check,prior_year_same_date,2,movement_subset,training_q95_high_movement,2,3.0500000000000007,3.2256782232578636,3.0500000000000007,10.55298323921312
toe_pre_topple_post_rain_resume,toe_E5_C,external_time_check,prior_year_same_date,7,movement_subset,not_training_q95_high_movement,22,0.20454545454545456,0.2992414652842325,0.02272727272727272,0.7068617629152179
toe_pre_topple_post_rain_resume,toe_E5_C,external_time_check,prior_year_same_date,7,movement_subset,training_q95_high_movement,2,1.6999999999999944,1.7117242768623642,1.6999999999999944,5.899086211919437
toe_pre_topple_post_rain_resume,toe_E5_C,external_time_check,zero_change,1,movement_subset,not_training_q95_high_movement,24,0.1125,0.20916500663351892,0.029166666666666674,0.38974059485894097
toe_pre_topple_post_rain_resume,toe_E5_C,external_time_check,zero_change,1,movement_subset,training_q95_high_movement,2,2.349999999999999,2.8151376520518485,1.5499999999999994,8.096818715450954
toe_pre_topple_post_rain_resume,toe_E5_C,external_time_check,zero_change,2,movement_subset,not_training_q95_high_movement,24,0.1625,0.22079402165819617,0.0625,0.5617233741410013
toe_pre_topple_post_rain_resume,toe_E5_C,external_time_check,zero_change,2,movement_subset,training_q95_high_movement,2,3.0500000000000007,3.2256782232578636,3.0500000000000007,10.55298323921312
toe_pre_topple_post_rain_resume,toe_E5_C,external_time_check,zero_change,7,movement_subset,not_training_q95_high_movement,23,0.12608695652173915,0.19448929779430474,-0.013043478260869571,0.4350044852047097
toe_pre_topple_post_rain_resume,toe_E5_C,external_time_check,zero_change,7,movement_subset,training_q95_high_movement,2,1.7999999999999945,1.8027756377319895,1.7999999999999945,6.243658058711338
middle_stable_2009_2016,mid_E2_B,evaluation,arima_ar1,1,evaluation_half,early,30,0.10600914160742632,0.15608324691936284,-0.02185659161589897,0.6077650790216715
middle_stable_2009_2016,mid_E2_B,evaluation,arima_ar1,1,evaluation_half,late,31,0.1300376473861011,0.16292812758591094,0.013345400120514439,0.784847633507255
middle_stable_2009_2016,mid_E2_B,evaluation,arima_ar1,2,evaluation_half,early,30,0.08209453989167419,0.12280983789659466,-0.03436484925785823,0.4775806787021167
middle_stable_2009_2016,mid_E2_B,evaluation,arima_ar1,2,evaluation_half,late,31,0.14472973124988292,0.193007112025353,0.04762295388236469,0.8733884737335165
middle_stable_2009_2016,mid_E2_B,evaluation,arima_ar1,7,evaluation_half,early,29,0.10951101579672128,0.1460643327882505,-0.06367814040098708,0.63408107983318
middle_stable_2009_2016,mid_E2_B,evaluation,arima_ar1,7,evaluation_half,late,29,0.10369833697525818,0.1492925980108216,-0.02984677798460955,0.6253437692754542
middle_stable_2009_2016,mid_E2_B,evaluation,arima_ar1_weekly,1,evaluation_half,early,30,0.10614971208569313,0.15752029079499588,-0.021802977959757854,0.608625273614697
middle_stable_2009_2016,mid_E2_B,evaluation,arima_ar1_weekly,1,evaluation_half,late,31,0.1291871854359252,0.16219503018523823,0.014372008787135283,0.7797544455046913
middle_stable_2009_2016,mid_E2_B,evaluation,arima_ar1_weekly,2,evaluation_half,early,30,0.08185212259601085,0.12286655648107625,-0.03454180152126731,0.47628400817411193
middle_stable_2009_2016,mid_E2_B,evaluation,arima_ar1_weekly,2,evaluation_half,late,31,0.14175096506935397,0.19098372224383142,0.04927386808835996,0.8554386357383231
middle_stable_2009_2016,mid_E2_B,evaluation,arima_ar1_weekly,7,evaluation_half,early,29,0.10925128056110853,0.1461348585841049,-0.06316983323226158,0.6326027527313778
middle_stable_2009_2016,mid_E2_B,evaluation,arima_ar1_weekly,7,evaluation_half,late,29,0.1028088498948536,0.1488024766743288,-0.0282785614090202,0.6199711481706487
middle_stable_2009_2016,mid_E2_B,evaluation,arima_ar2,1,evaluation_half,early,30,0.1010725707450853,0.1504621973597372,-0.022164402584744686,0.5806364051121734
middle_stable_2009_2016,mid_E2_B,evaluation,arima_ar2,1,evaluation_half,late,28,0.12334169555583,0.14868940125067562,-0.0028750464225872044,0.7437615824318105
middle_stable_2009_2016,mid_E2_B,evaluation,arima_ar2,2,evaluation_half,early,30,0.07606679545882672,0.11827123931234322,-0.028587659542236736,0.4425642978683157
middle_stable_2009_2016,mid_E2_B,evaluation,arima_ar2,2,evaluation_half,late,28,0.15279438854952482,0.20151985124174146,0.04082435144757706,0.9217426734411805
middle_stable_2009_2016,mid_E2_B,evaluation,arima_ar2,7,evaluation_half,early,29,0.10486457898033397,0.14545848835450575,-0.05062554091739236,0.607447726095503
middle_stable_2009_2016,mid_E2_B,evaluation,arima_ar2,7,evaluation_half,late,26,0.1054354529742728,0.15334182771190938,-0.012261743706838156,0.6354418957186143
middle_stable_2009_2016,mid_E2_B,evaluation,arima_arma11,1,evaluation_half,early,30,0.09623822860007995,0.14589722692015927,-0.01631903541167455,0.5528918936793118
middle_stable_2009_2016,mid_E2_B,evaluation,arima_arma11,1,evaluation_half,late,31,0.11495635708731713,0.14055667408612602,-0.0023622412413484934,0.6934500268974757
middle_stable_2009_2016,mid_E2_B,evaluation,arima_arma11,2,evaluation_half,early,30,0.07254997797944815,0.11407221455386543,-0.021474637710148365,0.4224129396880191
middle_stable_2009_2016,mid_E2_B,evaluation,arima_arma11,2,evaluation_half,late,31,0.14215672688140632,0.18567910303755358,0.044614134761432306,0.8576921494153127
middle_stable_2009_2016,mid_E2_B,evaluation,arima_arma11,7,evaluation_half,early,29,0.09945025451699294,0.14200357562446175,-0.03574994353645722,0.5760712422919552
middle_stable_2009_2016,mid_E2_B,evaluation,arima_arma11,7,evaluation_half,late,29,0.09993547004551262,0.14935726367383426,-0.005516634339975797,0.6026255959161034
middle_stable_2009_2016,mid_E2_B,evaluation,arima_mean,1,evaluation_half,early,28,0.11625575337588352,0.13916915993471793,-0.08474918853385398,0.6699875456089517
middle_stable_2009_2016,mid_E2_B,evaluation,arima_mean,1,evaluation_half,late,29,0.10722436542820178,0.12568071200618855,-0.06926137563008987,0.6464252846532401
middle_stable_2009_2016,mid_E2_B,evaluation,arima_mean,2,evaluation_half,early,28,0.1043102044286187,0.11891391850767127,-0.08474918853385403,0.6036507330654924
middle_stable_2009_2016,mid_E2_B,evaluation,arima_mean,2,evaluation_half,late,29,0.12702517676892255,0.16020255806794,-0.02736482390595259,0.7661805290445703
middle_stable_2009_2016,mid_E2_B,evaluation,arima_mean,7,evaluation_half,early,27,0.121022706905461,0.15277014415871856,-0.07715378753977557,0.7000429805451135
middle_stable_2009_2016,mid_E2_B,evaluation,arima_mean,7,evaluation_half,late,27,0.11923125689214113,0.1604409990023465,-0.04664691161920366,0.719024796641807
middle_stable_2009_2016,mid_E2_B,evaluation,expanding_median,1,evaluation_half,early,30,0.05,0.10801234497346433,-0.003333333333333328,0.2863643159078355
middle_stable_2009_2016,mid_E2_B,evaluation,expanding_median,1,evaluation_half,late,31,0.062419354838709085,0.1082354810348181,-0.01016129032258005,0.37657208750645693
middle_stable_2009_2016,mid_E2_B,evaluation,expanding_median,2,evaluation_half,early,30,0.03666666666666666,0.07958224257542214,-0.0033333333333333435,0.21599659730659113
middle_stable_2009_2016,mid_E2_B,evaluation,expanding_median,2,evaluation_half,late,31,0.10129032258064515,0.15986637565328154,0.04209677419354837,0.6115717559832204
middle_stable_2009_2016,mid_E2_B,evaluation,expanding_median,7,evaluation_half,early,29,0.06551724137931035,0.12730630994465336,0.0034482758620689724,0.37872520771766127
middle_stable_2009_2016,mid_E2_B,evaluation,expanding_median,7,evaluation_half,late,29,0.07336206896551786,0.15093173268413354,0.017499999999999384,0.4423035621870421
middle_stable_2009_2016,mid_E2_B,evaluation,persistence,1,evaluation_half,early,30,0.10666666666666665,0.1693123346560039,-0.006666666666666664,0.6105054306833805
middle_stable_2009_2016,mid_E2_B,evaluation,persistence,1,evaluation_half,late,31,0.140645161290322,0.18650866969384428,0.03548387096774253,0.8490821176834791
middle_stable_2009_2016,mid_E2_B,evaluation,persistence,2,evaluation_half,early,30,0.08666666666666664,0.14605934866804424,-0.00666666666666668,0.503483005550983
middle_stable_2009_2016,mid_E2_B,evaluation,persistence,2,evaluation_half,late,31,0.16645161290322574,0.23489874276981285,0.08774193548387094,1.0046628448067076
middle_stable_2009_2016,mid_E2_B,evaluation,persistence,7,evaluation_half,early,29,0.11724137931034484,0.17220677226460376,3.828355257328126e-18,0.6777574072114746
middle_stable_2009_2016,mid_E2_B,evaluation,persistence,7,evaluation_half,late,29,0.1362931034482765,0.19206174922988087,0.052155172413792486,0.8215633603375196
middle_stable_2009_2016,mid_E2_B,evaluation,prior_year_same_date,1,evaluation_half,early,27,0.13333333333333333,0.20367003088692617,0.044444444444444425,0.7719634322549396
middle_stable_2009_2016,mid_E2_B,evaluation,prior_year_same_date,1,evaluation_half,late,30,0.10099999999999938,0.1496843901903816,-0.027166666666666037,0.6096229622478225
middle_stable_2009_2016,mid_E2_B,evaluation,prior_year_same_date,2,evaluation_half,early,27,0.08888888888888889,0.13877773329774218,-0.022222222222222237,0.5183301058331892
middle_stable_2009_2016,mid_E2_B,evaluation,prior_year_same_date,2,evaluation_half,late,30,0.14141666666666666,0.20742820042928908,0.06008333333333331,0.853637062811455
middle_stable_2009_2016,mid_E2_B,evaluation,prior_year_same_date,7,evaluation_half,early,27,0.10000000000000002,0.1503083250940965,-0.0037037037037036843,0.573700530786384
middle_stable_2009_2016,mid_E2_B,evaluation,prior_year_same_date,7,evaluation_half,late,29,0.13284482758620755,0.21310967307614453,-0.040603448275862694,0.8011297882405408
middle_stable_2009_2016,mid_E2_B,evaluation,zero_change,1,evaluation_half,early,30,0.05,0.10801234497346433,-0.003333333333333328,0.2863643159078355
middle_stable_2009_2016,mid_E2_B,evaluation,zero_change,1,evaluation_half,late,31,0.062419354838709085,0.1082354810348181,-0.01016129032258005,0.37657208750645693
middle_stable_2009_2016,mid_E2_B,evaluation,zero_change,2,evaluation_half,early,30,0.03666666666666666,0.07958224257542214,-0.0033333333333333435,0.21599659730659113
middle_stable_2009_2016,mid_E2_B,evaluation,zero_change,2,evaluation_half,late,31,0.10129032258064515,0.15986637565328154,0.04209677419354837,0.6115717559832204
middle_stable_2009_2016,mid_E2_B,evaluation,zero_change,7,evaluation_half,early,29,0.06551724137931035,0.12730630994465336,0.0034482758620689724,0.37872520771766127
middle_stable_2009_2016,mid_E2_B,evaluation,zero_change,7,evaluation_half,late,29,0.07336206896551786,0.15093173268413354,0.017499999999999384,0.4423035621870421
middle_stable_2009_2016,mid_E2_B,selection,arima_ar1,1,evaluation_half,not_applicable,85,0.2728932234889505,0.8679328086197551,-0.01026296223413635,1.5888207410150519
middle_stable_2009_2016,mid_E2_B,selection,arima_ar1,2,evaluation_half,not_applicable,85,0.19817995634627483,0.6592556139227153,0.0067029703862292785,1.1411177916953124
middle_stable_2009_2016,mid_E2_B,selection,arima_ar1,7,evaluation_half,not_applicable,81,0.1719013534969775,0.39591928213504235,0.010912490294724441,0.9694419481116594
middle_stable_2009_2016,mid_E2_B,selection,arima_ar1_weekly,1,evaluation_half,not_applicable,85,0.2715488290080962,0.8600746204958255,-0.00859354813310616,1.580594547495323
middle_stable_2009_2016,mid_E2_B,selection,arima_ar1_weekly,2,evaluation_half,not_applicable,85,0.19794154867885994,0.6541569767151003,0.009262499821328691,1.137796161099546
middle_stable_2009_2016,mid_E2_B,selection,arima_ar1_weekly,7,evaluation_half,not_applicable,81,0.16339745653046966,0.37454712945924995,0.0019670338043823996,0.9189293306282013
middle_stable_2009_2016,mid_E2_B,selection,arima_ar2,1,evaluation_half,not_applicable,85,0.2674747716110532,0.8636398199275193,-0.01650397282189036,1.5609809059567885
middle_stable_2009_2016,mid_E2_B,selection,arima_ar2,2,evaluation_half,not_applicable,85,0.19987561419948993,0.6478550066717703,-0.010354114974563513,1.1600058051100344
middle_stable_2009_2016,mid_E2_B,selection,arima_ar2,7,evaluation_half,not_applicable,81,0.138616612943996,0.28060499941894146,-0.011300412957871368,0.780692498351055
middle_stable_2009_2016,mid_E2_B,selection,arima_arma11,1,evaluation_half,not_applicable,85,0.26920195172208533,0.9001927136794811,-0.00968183512332477,1.569171757737709
middle_stable_2009_2016,mid_E2_B,selection,arima_arma11,2,evaluation_half,not_applicable,85,0.20196452596213577,0.665962323533015,-0.011825983934919609,1.1712002600340439
middle_stable_2009_2016,mid_E2_B,selection,arima_arma11,7,evaluation_half,not_applicable,81,0.13379875743492117,0.24850378939228188,-0.04566066423609577,0.7643771876161826
middle_stable_2009_2016,mid_E2_B,selection,arima_mean,1,evaluation_half,not_applicable,82,0.2831563884087691,1.0064451491720399,0.059130421154736434,1.5670075118818236
middle_stable_2009_2016,mid_E2_B,selection,arima_mean,2,evaluation_half,not_applicable,82,0.2713137100353191,0.9357759845361074,0.059130421154736816,1.5033492451683155
middle_stable_2009_2016,mid_E2_B,selection,arima_mean,7,evaluation_half,not_applicable,78,0.23536752486232215,0.6035673424717845,0.025268230640757505,1.3400317699150095
middle_stable_2009_2016,mid_E2_B,selection,expanding_median,1,evaluation_half,not_applicable,85,0.2411764705882355,0.9984105014530668,0.13764705882352926,1.338226917663996
middle_stable_2009_2016,mid_E2_B,selection,expanding_median,2,evaluation_half,not_applicable,85,0.2082352941176473,0.927425278423455,0.1352941176470592,1.1681536393404177
middle_stable_2009_2016,mid_E2_B,selection,expanding_median,7,evaluation_half,not_applicable,81,0.18148148148148185,0.5955597014781071,0.1024691358024691,1.0482614389980796
middle_stable_2009_2016,mid_E2_B,selection,persistence,1,evaluation_half,not_applicable,85,0.27411764705882385,0.9158088678064549,-0.0364705882352945,1.6259813582736562
middle_stable_2009_2016,mid_E2_B,selection,persistence,2,evaluation_half,not_applicable,85,0.22941176470588276,0.7224956747275375,-0.03882352941176455,1.3603533822802036
middle_stable_2009_2016,mid_E2_B,selection,persistence,7,evaluation_half,not_applicable,81,0.2345679012345679,0.6210306049992055,-0.071604938271605,1.3821316943092317
middle_stable_2009_2016,mid_E2_B,selection,prior_year_same_date,1,evaluation_half,not_applicable,81,0.4407407407407411,1.256440199654819,0.01851851851851864,2.4476616151280757
middle_stable_2009_2016,mid_E2_B,selection,prior_year_same_date,2,evaluation_half,not_applicable,79,0.49367088607595,1.4917494614365385,-0.055696202531645284,2.6781203978894697
middle_stable_2009_2016,mid_E2_B,selection,prior_year_same_date,7,evaluation_half,not_applicable,76,0.4328947368421055,1.1621780821960301,-0.0802631578947374,2.4178746255157066
middle_stable_2009_2016,mid_E2_B,selection,zero_change,1,evaluation_half,not_applicable,85,0.2411764705882355,0.9984105014530668,0.13764705882352926,1.338226917663996
middle_stable_2009_2016,mid_E2_B,selection,zero_change,2,evaluation_half,not_applicable,85,0.2082352941176473,0.927425278423455,0.1352941176470592,1.1681536393404177
middle_stable_2009_2016,mid_E2_B,selection,zero_change,7,evaluation_half,not_applicable,81,0.18148148148148185,0.5955597014781071,0.1024691358024691,1.0482614389980796
toe_pre_topple_long,toe_E5_C,evaluation,arima_ar1,1,evaluation_half,early,37,0.16173931694496943,0.2090304462874879,0.00526563422447816,0.508121253732466
toe_pre_topple_long,toe_E5_C,evaluation,arima_ar1,1,evaluation_half,late,39,0.21527818363498027,0.34879056340263437,-0.07594634374175076,0.7244397589168573
toe_pre_topple_long,toe_E5_C,evaluation,arima_ar1,2,evaluation_half,early,37,0.287979365737156,0.49084320369036055,-0.047259979956984915,0.904945553278559
toe_pre_topple_long,toe_E5_C,evaluation,arima_ar1,2,evaluation_half,late,39,0.16922863302136948,0.25584290487499045,-0.05933623289624405,0.5679465279113934
toe_pre_topple_long,toe_E5_C,evaluation,arima_ar1,7,evaluation_half,early,36,0.1455128237540025,0.1926470675000599,-0.08825198577008266,0.4558297672125021
toe_pre_topple_long,toe_E5_C,evaluation,arima_ar1,7,evaluation_half,late,36,0.18847680538602596,0.251476375359147,-0.11580681729590903,0.6328375595740781
toe_pre_topple_long,toe_E5_C,evaluation,arima_ar2,1,evaluation_half,early,37,0.15550169857084936,0.2069953819435137,0.020389454568915902,0.4888728813185618
toe_pre_topple_long,toe_E5_C,evaluation,arima_ar2,1,evaluation_half,late,39,0.2033493366260072,0.3081575205765915,-0.06889933928734293,0.6841717801528512
toe_pre_topple_long,toe_E5_C,evaluation,arima_ar2,2,evaluation_half,early,37,0.2809238336806105,0.4963465658788323,-0.024212138742215446,0.8831838456185213
toe_pre_topple_long,toe_E5_C,evaluation,arima_ar2,2,evaluation_half,late,39,0.1599935313262131,0.2522058744660635,-0.04452186098661992,0.5369816415251516
toe_pre_topple_long,toe_E5_C,evaluation,arima_ar2,7,evaluation_half,early,36,0.14004394995582808,0.18781585085769942,-0.05776447364404507,0.43883645109915936
toe_pre_topple_long,toe_E5_C,evaluation,arima_ar2,7,evaluation_half,late,36,0.18328179743372372,0.2548433123177087,-0.09771451546213163,0.6159645938333945
toe_pre_topple_long,toe_E5_C,evaluation,arima_arma11,1,evaluation_half,early,37,0.13982370062911076,0.1826378688168016,0.021484499783716922,0.4388824196109132
toe_pre_topple_long,toe_E5_C,evaluation,arima_arma11,1,evaluation_half,late,39,0.18755258449507192,0.272526584794118,-0.06672867018409558,0.6308926155790232
toe_pre_topple_long,toe_E5_C,evaluation,arima_arma11,2,evaluation_half,early,37,0.26684050549687727,0.48099234207482683,-0.012581023534896648,0.8386409085152964
toe_pre_topple_long,toe_E5_C,evaluation,arima_arma11,2,evaluation_half,late,39,0.13785536831221082,0.20875244996183254,-0.036344727568564716,0.46222923473813
toe_pre_topple_long,toe_E5_C,evaluation,arima_arma11,7,evaluation_half,early,36,0.13596286410447062,0.18649482979448487,-0.017376961348349453,0.42643697331553615
toe_pre_topple_long,toe_E5_C,evaluation,arima_arma11,7,evaluation_half,late,36,0.1710663901094981,0.24716560188824996,-0.06867757062501154,0.575255796888503
toe_pre_topple_long,toe_E5_C,evaluation,arima_mean,1,evaluation_half,early,34,0.15645463033382692,0.18020540271144536,-0.10437756635346492,0.4894412748030048
toe_pre_topple_long,toe_E5_C,evaluation,arima_mean,1,evaluation_half,late,36,0.2059054236296424,0.2546471827926398,-0.1508892506992357,0.6914098515654389
toe_pre_topple_long,toe_E5_C,evaluation,arima_mean,2,evaluation_half,early,34,0.27291094159276785,0.4612054928258436,-0.1132010957652296,0.8536454095888795
toe_pre_topple_long,toe_E5_C,evaluation,arima_mean,2,evaluation_half,late,36,0.16943537929432573,0.20427752016731704,-0.12033369514368014,0.5675542568766976
toe_pre_topple_long,toe_E5_C,evaluation,arima_mean,7,evaluation_half,early,33,0.1688037217754027,0.21209713827359383,-0.12032620809057137,0.5285432020070497
toe_pre_topple_long,toe_E5_C,evaluation,arima_mean,7,evaluation_half,late,33,0.19998426256840604,0.2599607656356208,-0.1402494290804231,0.6711910997418477
toe_pre_topple_long,toe_E5_C,evaluation,arimax_ar1_rain_lag2,1,evaluation_half,early,37,0.1555167878646648,0.20540064776981243,0.019596778563992244,0.4888130076015934
toe_pre_topple_long,toe_E5_C,evaluation,arimax_ar1_rain_lag2,1,evaluation_half,late,38,0.20162686824927037,0.3189845596773826,-0.07605932269433349,0.6786876240003649
toe_pre_topple_long,toe_E5_C,evaluation,arimax_ar1_rain_lag2,2,evaluation_half,early,37,0.26338183436279883,0.4833034230830455,-0.029499029854803238,0.8276618798635964
toe_pre_topple_long,toe_E5_C,evaluation,arimax_ar1_rain_lag2,2,evaluation_half,late,38,0.15901784879627628,0.23476133514744416,-0.06510900409365443,0.534170925072516
toe_pre_topple_long,toe_E5_C,evaluation,expanding_median,1,evaluation_half,early,37,0.0918918918918919,0.14886961463697743,0.032432432432432434,0.2879150661520795
toe_pre_topple_long,toe_E5_C,evaluation,expanding_median,1,evaluation_half,late,39,0.1358974358974359,0.20693117894728388,-0.04358974358974358,0.45678262971434674
toe_pre_topple_long,toe_E5_C,evaluation,expanding_median,2,evaluation_half,early,37,0.20810810810810812,0.438979159758983,0.0027027027027027037,0.6536956559969495
toe_pre_topple_long,toe_E5_C,evaluation,expanding_median,2,evaluation_half,late,39,0.1076923076923077,0.161721508012528,-0.010256410256410263,0.36119923973125684
toe_pre_topple_long,toe_E5_C,evaluation,expanding_median,7,evaluation_half,early,36,0.09305555555555557,0.17179606773406922,0.015277777777777786,0.2913398901848758
toe_pre_topple_long,toe_E5_C,evaluation,expanding_median,7,evaluation_half,late,36,0.1361111111111111,0.21538079972200144,-0.025000000000000022,0.45738536701560967
toe_pre_topple_long,toe_E5_C,evaluation,persistence,1,evaluation_half,early,37,0.17567567567567566,0.24439666472709834,0.035135135135135144,0.5524993107278965
toe_pre_topple_long,toe_E5_C,evaluation,persistence,1,evaluation_half,late,39,0.22820512820512817,0.40032038451271784,-0.053846153846153835,0.7681468230254866
toe_pre_topple_long,toe_E5_C,evaluation,persistence,2,evaluation_half,early,37,0.3081081081081081,0.5332207088292092,0.005405405405405414,0.9696322869913161
toe_pre_topple_long,toe_E5_C,evaluation,persistence,2,evaluation_half,late,39,0.20000000000000004,0.3456691763625729,-0.02051282051282052,0.6716640555452896
toe_pre_topple_long,toe_E5_C,evaluation,persistence,7,evaluation_half,early,36,0.17361111111111113,0.24224069756247724,0.023611111111111124,0.5469798576007561
toe_pre_topple_long,toe_E5_C,evaluation,persistence,7,evaluation_half,late,36,0.2361111111111111,0.3737943582000967,-0.052777777777777785,0.7936833025997674
toe_pre_topple_long,toe_E5_C,evaluation,prior_year_same_date,1,evaluation_half,early,31,0.21935483870967742,0.3272564349154167,0.006451612903225805,0.6840249941198818
toe_pre_topple_long,toe_E5_C,evaluation,prior_year_same_date,1,evaluation_half,late,39,0.18205128205128204,0.2703274367816243,-0.017948717948717937,0.6104276709655178
toe_pre_topple_long,toe_E5_C,evaluation,prior_year_same_date,2,evaluation_half,early,32,0.303125,0.48701899346945393,0.003125000000000001,0.9490409795094448
toe_pre_topple_long,toe_E5_C,evaluation,prior_year_same_date,2,evaluation_half,late,39,0.16153846153846155,0.21897195699156993,-0.023076923076923096,0.5429939944490383
toe_pre_topple_long,toe_E5_C,evaluation,prior_year_same_date,7,evaluation_half,early,30,0.27166666666666667,0.34314719873546984,-0.024999999999999984,0.8570863107974304
toe_pre_topple_long,toe_E5_C,evaluation,prior_year_same_date,7,evaluation_half,late,36,0.21666666666666667,0.30368111930480995,-0.016666666666666677,0.7250509324053742
toe_pre_topple_long,toe_E5_C,evaluation,zero_change,1,evaluation_half,early,37,0.0918918918918919,0.14886961463697743,0.032432432432432434,0.2879150661520795
toe_pre_topple_long,toe_E5_C,evaluation,zero_change,1,evaluation_half,late,39,0.1358974358974359,0.20693117894728388,-0.04358974358974358,0.45678262971434674
toe_pre_topple_long,toe_E5_C,evaluation,zero_change,2,evaluation_half,early,37,0.20810810810810812,0.438979159758983,0.0027027027027027037,0.6536956559969495
toe_pre_topple_long,toe_E5_C,evaluation,zero_change,2,evaluation_half,late,39,0.1076923076923077,0.161721508012528,-0.010256410256410263,0.36119923973125684
toe_pre_topple_long,toe_E5_C,evaluation,zero_change,7,evaluation_half,early,36,0.09305555555555557,0.17179606773406922,0.015277777777777786,0.2913398901848758
toe_pre_topple_long,toe_E5_C,evaluation,zero_change,7,evaluation_half,late,36,0.1361111111111111,0.21538079972200144,-0.025000000000000022,0.45738536701560967
toe_pre_topple_long,toe_E5_C,selection,arima_ar1,1,evaluation_half,not_applicable,120,0.3755800757647793,0.9873442499987566,0.14082238736141184,1.285755528074199
toe_pre_topple_long,toe_E5_C,selection,arima_ar1,2,evaluation_half,not_applicable,119,0.3852390684532075,1.3085247656449823,0.0770899198942354,1.3033928173799858
toe_pre_topple_long,toe_E5_C,selection,arima_ar1,7,evaluation_half,not_applicable,113,0.38031291204125406,1.3401616643133656,0.15898000670266133,1.2690448798360532
toe_pre_topple_long,toe_E5_C,selection,arima_ar2,1,evaluation_half,not_applicable,119,0.362232875942855,0.8198498619960689,0.13253315475442085,1.2438443237365395
toe_pre_topple_long,toe_E5_C,selection,arima_ar2,2,evaluation_half,not_applicable,118,0.38408001929109387,1.0932767576210385,0.07007818515593266,1.301877782075382
toe_pre_topple_long,toe_E5_C,selection,arima_ar2,7,evaluation_half,not_applicable,112,0.3552793128590204,1.1763496008862868,0.1499653352901536,1.191856222310303
toe_pre_topple_long,toe_E5_C,selection,arima_arma11,1,evaluation_half,not_applicable,120,0.34878242687742184,0.7902519466065042,0.11222639404913745,1.204405414356106
toe_pre_topple_long,toe_E5_C,selection,arima_arma11,2,evaluation_half,not_applicable,119,0.3517329346270639,0.9039525300271913,0.03881479983595607,1.1961870866031363
toe_pre_topple_long,toe_E5_C,selection,arima_arma11,7,evaluation_half,not_applicable,113,0.29901761611012806,0.7758687344303962,0.09213846338156162,1.0166982247860712
toe_pre_topple_long,toe_E5_C,selection,arima_mean,1,evaluation_half,not_applicable,112,0.4547167239010697,1.3095682471397094,0.1896625685747279,1.5297849678529292
toe_pre_topple_long,toe_E5_C,selection,arima_mean,2,evaluation_half,not_applicable,111,0.42551253803074346,1.5330441114076896,0.11347667913541365,1.42742788477348
toe_pre_topple_long,toe_E5_C,selection,arima_mean,7,evaluation_half,not_applicable,105,0.41217827102913324,1.4297004318227147,0.1735779296699864,1.3679050600682534
toe_pre_topple_long,toe_E5_C,selection,arimax_ar1_rain_lag2,1,evaluation_half,not_applicable,119,0.36579714255134005,0.9778308337896132,0.14793825000146238,1.2577045938839644
toe_pre_topple_long,toe_E5_C,selection,arimax_ar1_rain_lag2,2,evaluation_half,not_applicable,117,0.3809735564870068,1.3290629417289865,0.08885344256082912,1.2897875299014958
toe_pre_topple_long,toe_E5_C,selection,expanding_median,1,evaluation_half,not_applicable,122,0.41270491803278686,1.2676378574754381,0.2422131147540984,1.3981899661480521
toe_pre_topple_long,toe_E5_C,selection,expanding_median,2,evaluation_half,not_applicable,121,0.37768595041322345,1.4766642103344434,0.16446280991735532,1.2800558347253497
toe_pre_topple_long,toe_E5_C,selection,expanding_median,7,evaluation_half,not_applicable,115,0.37043478260869567,1.3788463987349526,0.2243478260869566,1.2403035521154049
toe_pre_topple_long,toe_E5_C,selection,persistence,1,evaluation_half,not_applicable,122,0.355327868852459,0.7846765022063256,0.06270491803278677,1.2125891230440633
toe_pre_topple_long,toe_E5_C,selection,persistence,2,evaluation_half,not_applicable,121,0.4123966942148772,1.1287014406603557,-0.014876033057851368,1.4018186501627405
toe_pre_topple_long,toe_E5_C,selection,persistence,7,evaluation_half,not_applicable,115,0.4495652173913044,1.0419672030222034,0.03565217391304346,1.5356904328176852
toe_pre_topple_long,toe_E5_C,selection,prior_year_same_date,1,evaluation_half,not_applicable,117,0.7192307692307692,2.1151417887046695,0.025213675213675707,2.357468588814718
toe_pre_topple_long,toe_E5_C,selection,prior_year_same_date,2,evaluation_half,not_applicable,117,0.5850427350427363,1.676069629135199,-0.00042735042735067254,1.9374073317556983
toe_pre_topple_long,toe_E5_C,selection,prior_year_same_date,7,evaluation_half,not_applicable,113,0.5646017699115037,1.7033673053663874,0.0840707964601774,1.8689228356912342
toe_pre_topple_long,toe_E5_C,selection,zero_change,1,evaluation_half,not_applicable,122,0.41270491803278686,1.2676378574754381,0.2422131147540984,1.3981899661480521
toe_pre_topple_long,toe_E5_C,selection,zero_change,2,evaluation_half,not_applicable,121,0.37768595041322345,1.4766642103344434,0.16446280991735532,1.2800558347253497
toe_pre_topple_long,toe_E5_C,selection,zero_change,7,evaluation_half,not_applicable,115,0.37043478260869567,1.3788463987349526,0.2243478260869566,1.2403035521154049
toe_pre_topple_post_rain_resume,toe_E5_C,external_time_check,arima_ar1,1,evaluation_half,not_applicable,26,0.18567132069959905,0.2773573274751316,-0.03317038609274476,0.6424021128113006
toe_pre_topple_post_rain_resume,toe_E5_C,external_time_check,arima_ar1,2,evaluation_half,not_applicable,26,0.2620539601032402,0.4258625413254633,0.13462596085959333,0.9075165995313056
toe_pre_topple_post_rain_resume,toe_E5_C,external_time_check,arima_ar1,7,evaluation_half,not_applicable,25,0.2523572573216212,0.4325472597131647,0.024641863367939235,0.8732729673825651
toe_pre_topple_post_rain_resume,toe_E5_C,external_time_check,arima_ar2,1,evaluation_half,not_applicable,26,0.19215231028035887,0.3137169150528791,-0.08158575659580401,0.6640891832236195
toe_pre_topple_post_rain_resume,toe_E5_C,external_time_check,arima_ar2,2,evaluation_half,not_applicable,26,0.21233824774850502,0.33791483738771544,0.09366644285717197,0.7363318982800993
toe_pre_topple_post_rain_resume,toe_E5_C,external_time_check,arima_ar2,7,evaluation_half,not_applicable,25,0.21282122186405147,0.3665372554160727,-0.01714608516546701,0.7365334053731977
toe_pre_topple_post_rain_resume,toe_E5_C,external_time_check,arima_arma11,1,evaluation_half,not_applicable,26,0.18466148011531466,0.31602251001949133,-0.07769386541254361,0.6377077295053007
toe_pre_topple_post_rain_resume,toe_E5_C,external_time_check,arima_arma11,2,evaluation_half,not_applicable,26,0.23994792516196256,0.3744878222440332,0.07308607155273703,0.8312663873768494
toe_pre_topple_post_rain_resume,toe_E5_C,external_time_check,arima_arma11,7,evaluation_half,not_applicable,25,0.27940216700191184,0.5632707782023204,-0.07298592823324611,0.9658250362584482
toe_pre_topple_post_rain_resume,toe_E5_C,external_time_check,arima_mean,1,evaluation_half,not_applicable,24,0.3461216782953715,0.8257353190551768,0.06801623551499408,1.1948855430030152
toe_pre_topple_post_rain_resume,toe_E5_C,external_time_check,arima_mean,2,evaluation_half,not_applicable,24,0.41559570189589046,0.9299453077746033,0.20968290218166086,1.437140667510284
toe_pre_topple_post_rain_resume,toe_E5_C,external_time_check,arima_mean,7,evaluation_half,not_applicable,23,0.3051660300141741,0.5485595541670623,0.057354409496414585,1.0561646992676053
toe_pre_topple_post_rain_resume,toe_E5_C,external_time_check,arimax_ar1_rain_lag2,1,evaluation_half,not_applicable,25,0.18396417972787119,0.30381599212730814,-0.054527587386065814,0.6370939630445812
toe_pre_topple_post_rain_resume,toe_E5_C,external_time_check,arimax_ar1_rain_lag2,2,evaluation_half,not_applicable,25,0.23527927330958603,0.35877600148380584,0.12843455454502428,0.8145561257994536
toe_pre_topple_post_rain_resume,toe_E5_C,external_time_check,expanding_median,1,evaluation_half,not_applicable,26,0.28461538461538455,0.8062257748298547,0.1461538461538461,0.9825927579814037
toe_pre_topple_post_rain_resume,toe_E5_C,external_time_check,expanding_median,2,evaluation_half,not_applicable,26,0.3846153846153847,0.9194479949320765,0.2923076923076924,1.330281825300395
toe_pre_topple_post_rain_resume,toe_E5_C,external_time_check,expanding_median,7,evaluation_half,not_applicable,25,0.25999999999999956,0.5429548784199277,0.13199999999999956,0.8996967710852399
toe_pre_topple_post_rain_resume,toe_E5_C,external_time_check,persistence,1,evaluation_half,not_applicable,26,0.22307692307692323,0.3475186768638932,-0.0615384615384617,0.7721423625769547
toe_pre_topple_post_rain_resume,toe_E5_C,external_time_check,persistence,2,evaluation_half,not_applicable,26,0.22307692307692314,0.3269909431820352,0.08461538461538455,0.7729739283000663
toe_pre_topple_post_rain_resume,toe_E5_C,external_time_check,persistence,7,evaluation_half,not_applicable,25,0.30000000000000054,0.6569627082262763,-0.08400000000000057,1.034756360943305
toe_pre_topple_post_rain_resume,toe_E5_C,external_time_check,prior_year_same_date,1,evaluation_half,not_applicable,25,0.36,0.8740709353364859,0.15199999999999997,1.2437933189974388
toe_pre_topple_post_rain_resume,toe_E5_C,external_time_check,prior_year_same_date,2,evaluation_half,not_applicable,26,0.3884615384615385,0.9254936312792552,0.2961538461538462,1.3444579693960519
toe_pre_topple_post_rain_resume,toe_E5_C,external_time_check,prior_year_same_date,7,evaluation_half,not_applicable,24,0.32916666666666616,0.571182982939792,0.16249999999999953,1.1395471336655694
toe_pre_topple_post_rain_resume,toe_E5_C,external_time_check,zero_change,1,evaluation_half,not_applicable,26,0.28461538461538455,0.8062257748298547,0.1461538461538461,0.9825927579814037
toe_pre_topple_post_rain_resume,toe_E5_C,external_time_check,zero_change,2,evaluation_half,not_applicable,26,0.3846153846153847,0.9194479949320765,0.2923076923076924,1.330281825300395
toe_pre_topple_post_rain_resume,toe_E5_C,external_time_check,zero_change,7,evaluation_half,not_applicable,25,0.25999999999999956,0.5429548784199277,0.13199999999999956,0.8996967710852399
