run_id,sensor_id,transformation,scope_id,start_date,end_date,n,lag_days,maximum_lag_days,acf,pacf,approximate_95_percent_bound
mid_E2_B__daily_first_difference__mid_E2_B_s01_hx_pa_400_29030259__r7,mid_E2_B,daily_first_difference,mid_E2_B_s01_hx_pa_400_29030259,2004-10-02,2005-09-30,364,0,60,1.0,1.0,0.102731913998748
mid_E2_B__daily_first_difference__mid_E2_B_s01_hx_pa_400_29030259__r7,mid_E2_B,daily_first_difference,mid_E2_B_s01_hx_pa_400_29030259,2004-10-02,2005-09-30,364,1,60,0.8789529303925276,0.8789529303925276,0.102731913998748
mid_E2_B__daily_first_difference__mid_E2_B_s01_hx_pa_400_29030259__r7,mid_E2_B,daily_first_difference,mid_E2_B_s01_hx_pa_400_29030259,2004-10-02,2005-09-30,364,2,60,0.7468722556395684,-0.11293440470074108,0.102731913998748
mid_E2_B__daily_first_difference__mid_E2_B_s01_hx_pa_400_29030259__r7,mid_E2_B,daily_first_difference,mid_E2_B_s01_hx_pa_400_29030259,2004-10-02,2005-09-30,364,3,60,0.6641967494664581,0.14633266719732185,0.102731913998748
mid_E2_B__daily_first_difference__mid_E2_B_s01_hx_pa_400_29030259__r7,mid_E2_B,daily_first_difference,mid_E2_B_s01_hx_pa_400_29030259,2004-10-02,2005-09-30,364,4,60,0.557278392551152,-0.18562317397226152,0.102731913998748
mid_E2_B__daily_first_difference__mid_E2_B_s01_hx_pa_400_29030259__r7,mid_E2_B,daily_first_difference,mid_E2_B_s01_hx_pa_400_29030259,2004-10-02,2005-09-30,364,5,60,0.5018631432222304,0.23562563363830522,0.102731913998748
mid_E2_B__daily_first_difference__mid_E2_B_s01_hx_pa_400_29030259__r7,mid_E2_B,daily_first_difference,mid_E2_B_s01_hx_pa_400_29030259,2004-10-02,2005-09-30,364,6,60,0.5035714059786852,0.12696057298819047,0.102731913998748
mid_E2_B__daily_first_difference__mid_E2_B_s01_hx_pa_400_29030259__r7,mid_E2_B,daily_first_difference,mid_E2_B_s01_hx_pa_400_29030259,2004-10-02,2005-09-30,364,7,60,0.49681668638469917,0.04196751090780002,0.102731913998748
mid_E2_B__daily_first_difference__mid_E2_B_s01_hx_pa_400_29030259__r7,mid_E2_B,daily_first_difference,mid_E2_B_s01_hx_pa_400_29030259,2004-10-02,2005-09-30,364,8,60,0.4506409891332761,-0.17654576032685235,0.102731913998748
mid_E2_B__daily_first_difference__mid_E2_B_s01_hx_pa_400_29030259__r7,mid_E2_B,daily_first_difference,mid_E2_B_s01_hx_pa_400_29030259,2004-10-02,2005-09-30,364,9,60,0.39899381515184373,-0.014377630015807531,0.102731913998748
mid_E2_B__daily_first_difference__mid_E2_B_s01_hx_pa_400_29030259__r7,mid_E2_B,daily_first_difference,mid_E2_B_s01_hx_pa_400_29030259,2004-10-02,2005-09-30,364,10,60,0.34676432505506966,-0.010435272178185302,0.102731913998748
mid_E2_B__daily_first_difference__mid_E2_B_s01_hx_pa_400_29030259__r7,mid_E2_B,daily_first_difference,mid_E2_B_s01_hx_pa_400_29030259,2004-10-02,2005-09-30,364,11,60,0.26891925869330463,-0.08141817602860386,0.102731913998748
mid_E2_B__daily_first_difference__mid_E2_B_s01_hx_pa_400_29030259__r7,mid_E2_B,daily_first_difference,mid_E2_B_s01_hx_pa_400_29030259,2004-10-02,2005-09-30,364,12,60,0.19176791965294196,-0.10226751949304733,0.102731913998748
mid_E2_B__daily_first_difference__mid_E2_B_s01_hx_pa_400_29030259__r7,mid_E2_B,daily_first_difference,mid_E2_B_s01_hx_pa_400_29030259,2004-10-02,2005-09-30,364,13,60,0.12545504270673544,-0.11080672680824437,0.102731913998748
mid_E2_B__daily_first_difference__mid_E2_B_s01_hx_pa_400_29030259__r7,mid_E2_B,daily_first_difference,mid_E2_B_s01_hx_pa_400_29030259,2004-10-02,2005-09-30,364,14,60,0.07279819466418537,0.024349010367885324,0.102731913998748
mid_E2_B__daily_first_difference__mid_E2_B_s01_hx_pa_400_29030259__r7,mid_E2_B,daily_first_difference,mid_E2_B_s01_hx_pa_400_29030259,2004-10-02,2005-09-30,364,15,60,0.023398332178078764,-0.06116920822122712,0.102731913998748
mid_E2_B__daily_first_difference__mid_E2_B_s01_hx_pa_400_29030259__r7,mid_E2_B,daily_first_difference,mid_E2_B_s01_hx_pa_400_29030259,2004-10-02,2005-09-30,364,16,60,-0.00971749196542458,0.0235623185839374,0.102731913998748
mid_E2_B__daily_first_difference__mid_E2_B_s01_hx_pa_400_29030259__r7,mid_E2_B,daily_first_difference,mid_E2_B_s01_hx_pa_400_29030259,2004-10-02,2005-09-30,364,17,60,-0.026800028582327516,-0.019019526242074727,0.102731913998748
mid_E2_B__daily_first_difference__mid_E2_B_s01_hx_pa_400_29030259__r7,mid_E2_B,daily_first_difference,mid_E2_B_s01_hx_pa_400_29030259,2004-10-02,2005-09-30,364,18,60,-0.042186528376715264,0.056819473366259844,0.102731913998748
mid_E2_B__daily_first_difference__mid_E2_B_s01_hx_pa_400_29030259__r7,mid_E2_B,daily_first_difference,mid_E2_B_s01_hx_pa_400_29030259,2004-10-02,2005-09-30,364,19,60,-0.047483901163022,0.06005952345477473,0.102731913998748
mid_E2_B__daily_first_difference__mid_E2_B_s01_hx_pa_400_29030259__r7,mid_E2_B,daily_first_difference,mid_E2_B_s01_hx_pa_400_29030259,2004-10-02,2005-09-30,364,20,60,-0.05016665947096985,0.027509694485337494,0.102731913998748
mid_E2_B__daily_first_difference__mid_E2_B_s01_hx_pa_400_29030259__r7,mid_E2_B,daily_first_difference,mid_E2_B_s01_hx_pa_400_29030259,2004-10-02,2005-09-30,364,21,60,-0.05103638406956559,0.04882136806033528,0.102731913998748
mid_E2_B__daily_first_difference__mid_E2_B_s01_hx_pa_400_29030259__r7,mid_E2_B,daily_first_difference,mid_E2_B_s01_hx_pa_400_29030259,2004-10-02,2005-09-30,364,22,60,-0.046590034827525106,0.04662998522513874,0.102731913998748
mid_E2_B__daily_first_difference__mid_E2_B_s01_hx_pa_400_29030259__r7,mid_E2_B,daily_first_difference,mid_E2_B_s01_hx_pa_400_29030259,2004-10-02,2005-09-30,364,23,60,-0.03755193578897484,0.06331606312320542,0.102731913998748
mid_E2_B__daily_first_difference__mid_E2_B_s01_hx_pa_400_29030259__r7,mid_E2_B,daily_first_difference,mid_E2_B_s01_hx_pa_400_29030259,2004-10-02,2005-09-30,364,24,60,-0.0282289314532407,-0.001878267223547238,0.102731913998748
mid_E2_B__daily_first_difference__mid_E2_B_s01_hx_pa_400_29030259__r7,mid_E2_B,daily_first_difference,mid_E2_B_s01_hx_pa_400_29030259,2004-10-02,2005-09-30,364,25,60,-0.01767743312253157,0.018033858091102552,0.102731913998748
mid_E2_B__daily_first_difference__mid_E2_B_s01_hx_pa_400_29030259__r7,mid_E2_B,daily_first_difference,mid_E2_B_s01_hx_pa_400_29030259,2004-10-02,2005-09-30,364,26,60,-0.00014397613158805795,0.01298676692788281,0.102731913998748
mid_E2_B__daily_first_difference__mid_E2_B_s01_hx_pa_400_29030259__r7,mid_E2_B,daily_first_difference,mid_E2_B_s01_hx_pa_400_29030259,2004-10-02,2005-09-30,364,27,60,0.046521047496411755,0.17528767169395248,0.102731913998748
mid_E2_B__daily_first_difference__mid_E2_B_s01_hx_pa_400_29030259__r7,mid_E2_B,daily_first_difference,mid_E2_B_s01_hx_pa_400_29030259,2004-10-02,2005-09-30,364,28,60,0.09689631510819266,0.010093646099844422,0.102731913998748
mid_E2_B__daily_first_difference__mid_E2_B_s01_hx_pa_400_29030259__r7,mid_E2_B,daily_first_difference,mid_E2_B_s01_hx_pa_400_29030259,2004-10-02,2005-09-30,364,29,60,0.12113063226373467,-0.07442356441959777,0.102731913998748
mid_E2_B__daily_first_difference__mid_E2_B_s01_hx_pa_400_29030259__r7,mid_E2_B,daily_first_difference,mid_E2_B_s01_hx_pa_400_29030259,2004-10-02,2005-09-30,364,30,60,0.1795678694815495,0.18903168148571706,0.102731913998748
mid_E2_B__daily_first_difference__mid_E2_B_s01_hx_pa_400_29030259__r7,mid_E2_B,daily_first_difference,mid_E2_B_s01_hx_pa_400_29030259,2004-10-02,2005-09-30,364,31,60,0.2291480314447147,-0.0011325455309345227,0.102731913998748
mid_E2_B__daily_first_difference__mid_E2_B_s01_hx_pa_400_29030259__r7,mid_E2_B,daily_first_difference,mid_E2_B_s01_hx_pa_400_29030259,2004-10-02,2005-09-30,364,32,60,0.21349002131373124,-0.14185287233664556,0.102731913998748
mid_E2_B__daily_first_difference__mid_E2_B_s01_hx_pa_400_29030259__r7,mid_E2_B,daily_first_difference,mid_E2_B_s01_hx_pa_400_29030259,2004-10-02,2005-09-30,364,33,60,0.1951180462994959,-0.11873001829510456,0.102731913998748
mid_E2_B__daily_first_difference__mid_E2_B_s01_hx_pa_400_29030259__r7,mid_E2_B,daily_first_difference,mid_E2_B_s01_hx_pa_400_29030259,2004-10-02,2005-09-30,364,34,60,0.19238348702842367,0.023339064095934368,0.102731913998748
mid_E2_B__daily_first_difference__mid_E2_B_s01_hx_pa_400_29030259__r7,mid_E2_B,daily_first_difference,mid_E2_B_s01_hx_pa_400_29030259,2004-10-02,2005-09-30,364,35,60,0.19358021527402547,0.11390555960673321,0.102731913998748
mid_E2_B__daily_first_difference__mid_E2_B_s01_hx_pa_400_29030259__r7,mid_E2_B,daily_first_difference,mid_E2_B_s01_hx_pa_400_29030259,2004-10-02,2005-09-30,364,36,60,0.19620324888477497,-0.0732595940640287,0.102731913998748
mid_E2_B__daily_first_difference__mid_E2_B_s01_hx_pa_400_29030259__r7,mid_E2_B,daily_first_difference,mid_E2_B_s01_hx_pa_400_29030259,2004-10-02,2005-09-30,364,37,60,0.2403874119635823,0.07167310275620449,0.102731913998748
mid_E2_B__daily_first_difference__mid_E2_B_s01_hx_pa_400_29030259__r7,mid_E2_B,daily_first_difference,mid_E2_B_s01_hx_pa_400_29030259,2004-10-02,2005-09-30,364,38,60,0.2757477648293065,-0.06275164264963405,0.102731913998748
mid_E2_B__daily_first_difference__mid_E2_B_s01_hx_pa_400_29030259__r7,mid_E2_B,daily_first_difference,mid_E2_B_s01_hx_pa_400_29030259,2004-10-02,2005-09-30,364,39,60,0.26389065036757225,0.03540287293354743,0.102731913998748
mid_E2_B__daily_first_difference__mid_E2_B_s01_hx_pa_400_29030259__r7,mid_E2_B,daily_first_difference,mid_E2_B_s01_hx_pa_400_29030259,2004-10-02,2005-09-30,364,40,60,0.2596871282074606,0.04324792694649818,0.102731913998748
mid_E2_B__daily_first_difference__mid_E2_B_s01_hx_pa_400_29030259__r7,mid_E2_B,daily_first_difference,mid_E2_B_s01_hx_pa_400_29030259,2004-10-02,2005-09-30,364,41,60,0.25282880668722607,0.01561629649314888,0.102731913998748
mid_E2_B__daily_first_difference__mid_E2_B_s01_hx_pa_400_29030259__r7,mid_E2_B,daily_first_difference,mid_E2_B_s01_hx_pa_400_29030259,2004-10-02,2005-09-30,364,42,60,0.2112888509156252,-0.09322827009330592,0.102731913998748
mid_E2_B__daily_first_difference__mid_E2_B_s01_hx_pa_400_29030259__r7,mid_E2_B,daily_first_difference,mid_E2_B_s01_hx_pa_400_29030259,2004-10-02,2005-09-30,364,43,60,0.17132323883854084,0.023687138344383653,0.102731913998748
mid_E2_B__daily_first_difference__mid_E2_B_s01_hx_pa_400_29030259__r7,mid_E2_B,daily_first_difference,mid_E2_B_s01_hx_pa_400_29030259,2004-10-02,2005-09-30,364,44,60,0.1346275625586809,-0.08113314984080623,0.102731913998748
mid_E2_B__daily_first_difference__mid_E2_B_s01_hx_pa_400_29030259__r7,mid_E2_B,daily_first_difference,mid_E2_B_s01_hx_pa_400_29030259,2004-10-02,2005-09-30,364,45,60,0.10019817841551128,0.027922228713483727,0.102731913998748
mid_E2_B__daily_first_difference__mid_E2_B_s01_hx_pa_400_29030259__r7,mid_E2_B,daily_first_difference,mid_E2_B_s01_hx_pa_400_29030259,2004-10-02,2005-09-30,364,46,60,0.07599300936901034,0.007023074445976609,0.102731913998748
mid_E2_B__daily_first_difference__mid_E2_B_s01_hx_pa_400_29030259__r7,mid_E2_B,daily_first_difference,mid_E2_B_s01_hx_pa_400_29030259,2004-10-02,2005-09-30,364,47,60,0.05982905040795032,-0.036381621001973154,0.102731913998748
mid_E2_B__daily_first_difference__mid_E2_B_s01_hx_pa_400_29030259__r7,mid_E2_B,daily_first_difference,mid_E2_B_s01_hx_pa_400_29030259,2004-10-02,2005-09-30,364,48,60,0.04283157979573858,-0.0072722135315454045,0.102731913998748
mid_E2_B__daily_first_difference__mid_E2_B_s01_hx_pa_400_29030259__r7,mid_E2_B,daily_first_difference,mid_E2_B_s01_hx_pa_400_29030259,2004-10-02,2005-09-30,364,49,60,0.026207887286949973,-0.007098080058780681,0.102731913998748
mid_E2_B__daily_first_difference__mid_E2_B_s01_hx_pa_400_29030259__r7,mid_E2_B,daily_first_difference,mid_E2_B_s01_hx_pa_400_29030259,2004-10-02,2005-09-30,364,50,60,0.010673793883000923,0.04095490406601722,0.102731913998748
mid_E2_B__daily_first_difference__mid_E2_B_s01_hx_pa_400_29030259__r7,mid_E2_B,daily_first_difference,mid_E2_B_s01_hx_pa_400_29030259,2004-10-02,2005-09-30,364,51,60,-0.00848167069849019,0.012827897594948689,0.102731913998748
mid_E2_B__daily_first_difference__mid_E2_B_s01_hx_pa_400_29030259__r7,mid_E2_B,daily_first_difference,mid_E2_B_s01_hx_pa_400_29030259,2004-10-02,2005-09-30,364,52,60,-0.02255975145418098,0.04959325216674627,0.102731913998748
mid_E2_B__daily_first_difference__mid_E2_B_s01_hx_pa_400_29030259__r7,mid_E2_B,daily_first_difference,mid_E2_B_s01_hx_pa_400_29030259,2004-10-02,2005-09-30,364,53,60,-0.03931764261194288,-0.0524892803330753,0.102731913998748
mid_E2_B__daily_first_difference__mid_E2_B_s01_hx_pa_400_29030259__r7,mid_E2_B,daily_first_difference,mid_E2_B_s01_hx_pa_400_29030259,2004-10-02,2005-09-30,364,54,60,-0.05033946654329711,0.052013318198742046,0.102731913998748
mid_E2_B__daily_first_difference__mid_E2_B_s01_hx_pa_400_29030259__r7,mid_E2_B,daily_first_difference,mid_E2_B_s01_hx_pa_400_29030259,2004-10-02,2005-09-30,364,55,60,-0.0577481732967277,-0.012524735556846136,0.102731913998748
mid_E2_B__daily_first_difference__mid_E2_B_s01_hx_pa_400_29030259__r7,mid_E2_B,daily_first_difference,mid_E2_B_s01_hx_pa_400_29030259,2004-10-02,2005-09-30,364,56,60,-0.07140537122703337,0.008008042673185955,0.102731913998748
mid_E2_B__daily_first_difference__mid_E2_B_s01_hx_pa_400_29030259__r7,mid_E2_B,daily_first_difference,mid_E2_B_s01_hx_pa_400_29030259,2004-10-02,2005-09-30,364,57,60,-0.07814714058023817,-0.034284293131071134,0.102731913998748
mid_E2_B__daily_first_difference__mid_E2_B_s01_hx_pa_400_29030259__r7,mid_E2_B,daily_first_difference,mid_E2_B_s01_hx_pa_400_29030259,2004-10-02,2005-09-30,364,58,60,-0.08104268842145981,-0.09601225990787042,0.102731913998748
mid_E2_B__daily_first_difference__mid_E2_B_s01_hx_pa_400_29030259__r7,mid_E2_B,daily_first_difference,mid_E2_B_s01_hx_pa_400_29030259,2004-10-02,2005-09-30,364,59,60,-0.08678728923452095,0.004535982138911137,0.102731913998748
mid_E2_B__daily_first_difference__mid_E2_B_s01_hx_pa_400_29030259__r7,mid_E2_B,daily_first_difference,mid_E2_B_s01_hx_pa_400_29030259,2004-10-02,2005-09-30,364,60,60,-0.09064763001393385,-0.026005822839483307,0.102731913998748
mid_E2_B__daily_first_difference__mid_E2_B_s02_hx_vpa_400_27090342__r1,mid_E2_B,daily_first_difference,mid_E2_B_s02_hx_vpa_400_27090342,2005-12-06,2006-09-13,282,0,60,1.0,1.0,0.11671630149838108
mid_E2_B__daily_first_difference__mid_E2_B_s02_hx_vpa_400_27090342__r1,mid_E2_B,daily_first_difference,mid_E2_B_s02_hx_vpa_400_27090342,2005-12-06,2006-09-13,282,1,60,0.8078236712576063,0.8078236712576063,0.11671630149838108
mid_E2_B__daily_first_difference__mid_E2_B_s02_hx_vpa_400_27090342__r1,mid_E2_B,daily_first_difference,mid_E2_B_s02_hx_vpa_400_27090342,2005-12-06,2006-09-13,282,2,60,0.7086579025464067,0.16141463019206212,0.11671630149838108
mid_E2_B__daily_first_difference__mid_E2_B_s02_hx_vpa_400_27090342__r1,mid_E2_B,daily_first_difference,mid_E2_B_s02_hx_vpa_400_27090342,2005-12-06,2006-09-13,282,3,60,0.6462456773702602,0.10575917775734896,0.11671630149838108
mid_E2_B__daily_first_difference__mid_E2_B_s02_hx_vpa_400_27090342__r1,mid_E2_B,daily_first_difference,mid_E2_B_s02_hx_vpa_400_27090342,2005-12-06,2006-09-13,282,4,60,0.6276000393320283,0.15480500283625995,0.11671630149838108
mid_E2_B__daily_first_difference__mid_E2_B_s02_hx_vpa_400_27090342__r1,mid_E2_B,daily_first_difference,mid_E2_B_s02_hx_vpa_400_27090342,2005-12-06,2006-09-13,282,5,60,0.6034434040537971,0.06946977708145992,0.11671630149838108
mid_E2_B__daily_first_difference__mid_E2_B_s02_hx_vpa_400_27090342__r1,mid_E2_B,daily_first_difference,mid_E2_B_s02_hx_vpa_400_27090342,2005-12-06,2006-09-13,282,6,60,0.6433631434559518,0.24857213580848622,0.11671630149838108
mid_E2_B__daily_first_difference__mid_E2_B_s02_hx_vpa_400_27090342__r1,mid_E2_B,daily_first_difference,mid_E2_B_s02_hx_vpa_400_27090342,2005-12-06,2006-09-13,282,7,60,0.6441536989955013,0.07244443172403187,0.11671630149838108
mid_E2_B__daily_first_difference__mid_E2_B_s02_hx_vpa_400_27090342__r1,mid_E2_B,daily_first_difference,mid_E2_B_s02_hx_vpa_400_27090342,2005-12-06,2006-09-13,282,8,60,0.5872240947975692,-0.09769156623025509,0.11671630149838108
mid_E2_B__daily_first_difference__mid_E2_B_s02_hx_vpa_400_27090342__r1,mid_E2_B,daily_first_difference,mid_E2_B_s02_hx_vpa_400_27090342,2005-12-06,2006-09-13,282,9,60,0.5518794949356206,0.025570218002214713,0.11671630149838108
mid_E2_B__daily_first_difference__mid_E2_B_s02_hx_vpa_400_27090342__r1,mid_E2_B,daily_first_difference,mid_E2_B_s02_hx_vpa_400_27090342,2005-12-06,2006-09-13,282,10,60,0.5173335147800887,-0.03243417636792078,0.11671630149838108
mid_E2_B__daily_first_difference__mid_E2_B_s02_hx_vpa_400_27090342__r1,mid_E2_B,daily_first_difference,mid_E2_B_s02_hx_vpa_400_27090342,2005-12-06,2006-09-13,282,11,60,0.4770858353659953,-0.050599161084782726,0.11671630149838108
mid_E2_B__daily_first_difference__mid_E2_B_s02_hx_vpa_400_27090342__r1,mid_E2_B,daily_first_difference,mid_E2_B_s02_hx_vpa_400_27090342,2005-12-06,2006-09-13,282,12,60,0.4557068694252219,-0.009098701868457432,0.11671630149838108
mid_E2_B__daily_first_difference__mid_E2_B_s02_hx_vpa_400_27090342__r1,mid_E2_B,daily_first_difference,mid_E2_B_s02_hx_vpa_400_27090342,2005-12-06,2006-09-13,282,13,60,0.4263248724709429,-0.09616582747484964,0.11671630149838108
mid_E2_B__daily_first_difference__mid_E2_B_s02_hx_vpa_400_27090342__r1,mid_E2_B,daily_first_difference,mid_E2_B_s02_hx_vpa_400_27090342,2005-12-06,2006-09-13,282,14,60,0.4276881433378025,0.07770144718498244,0.11671630149838108
mid_E2_B__daily_first_difference__mid_E2_B_s02_hx_vpa_400_27090342__r1,mid_E2_B,daily_first_difference,mid_E2_B_s02_hx_vpa_400_27090342,2005-12-06,2006-09-13,282,15,60,0.41583759890287336,0.021038453270061968,0.11671630149838108
mid_E2_B__daily_first_difference__mid_E2_B_s02_hx_vpa_400_27090342__r1,mid_E2_B,daily_first_difference,mid_E2_B_s02_hx_vpa_400_27090342,2005-12-06,2006-09-13,282,16,60,0.38729876618046877,-0.056551859061762036,0.11671630149838108
mid_E2_B__daily_first_difference__mid_E2_B_s02_hx_vpa_400_27090342__r1,mid_E2_B,daily_first_difference,mid_E2_B_s02_hx_vpa_400_27090342,2005-12-06,2006-09-13,282,17,60,0.3616775998755314,0.022181356011019858,0.11671630149838108
mid_E2_B__daily_first_difference__mid_E2_B_s02_hx_vpa_400_27090342__r1,mid_E2_B,daily_first_difference,mid_E2_B_s02_hx_vpa_400_27090342,2005-12-06,2006-09-13,282,18,60,0.31323054602543715,-0.10165372854835646,0.11671630149838108
mid_E2_B__daily_first_difference__mid_E2_B_s02_hx_vpa_400_27090342__r1,mid_E2_B,daily_first_difference,mid_E2_B_s02_hx_vpa_400_27090342,2005-12-06,2006-09-13,282,19,60,0.26130265568602057,-0.07286377541939257,0.11671630149838108
mid_E2_B__daily_first_difference__mid_E2_B_s02_hx_vpa_400_27090342__r1,mid_E2_B,daily_first_difference,mid_E2_B_s02_hx_vpa_400_27090342,2005-12-06,2006-09-13,282,20,60,0.21493123230230557,-0.06704375149863682,0.11671630149838108
mid_E2_B__daily_first_difference__mid_E2_B_s02_hx_vpa_400_27090342__r1,mid_E2_B,daily_first_difference,mid_E2_B_s02_hx_vpa_400_27090342,2005-12-06,2006-09-13,282,21,60,0.20956078804065784,-0.010305932241377292,0.11671630149838108
mid_E2_B__daily_first_difference__mid_E2_B_s02_hx_vpa_400_27090342__r1,mid_E2_B,daily_first_difference,mid_E2_B_s02_hx_vpa_400_27090342,2005-12-06,2006-09-13,282,22,60,0.1989574903185386,0.011303340433888052,0.11671630149838108
mid_E2_B__daily_first_difference__mid_E2_B_s02_hx_vpa_400_27090342__r1,mid_E2_B,daily_first_difference,mid_E2_B_s02_hx_vpa_400_27090342,2005-12-06,2006-09-13,282,23,60,0.16849369774600617,-0.07099857817246251,0.11671630149838108
mid_E2_B__daily_first_difference__mid_E2_B_s02_hx_vpa_400_27090342__r1,mid_E2_B,daily_first_difference,mid_E2_B_s02_hx_vpa_400_27090342,2005-12-06,2006-09-13,282,24,60,0.1694974306573871,0.07267270906082461,0.11671630149838108
mid_E2_B__daily_first_difference__mid_E2_B_s02_hx_vpa_400_27090342__r1,mid_E2_B,daily_first_difference,mid_E2_B_s02_hx_vpa_400_27090342,2005-12-06,2006-09-13,282,25,60,0.18386677776759552,0.1432087617215099,0.11671630149838108
mid_E2_B__daily_first_difference__mid_E2_B_s02_hx_vpa_400_27090342__r1,mid_E2_B,daily_first_difference,mid_E2_B_s02_hx_vpa_400_27090342,2005-12-06,2006-09-13,282,26,60,0.15517203920608966,-0.030047324375663587,0.11671630149838108
mid_E2_B__daily_first_difference__mid_E2_B_s02_hx_vpa_400_27090342__r1,mid_E2_B,daily_first_difference,mid_E2_B_s02_hx_vpa_400_27090342,2005-12-06,2006-09-13,282,27,60,0.11133626893109315,-0.041013641605212627,0.11671630149838108
mid_E2_B__daily_first_difference__mid_E2_B_s02_hx_vpa_400_27090342__r1,mid_E2_B,daily_first_difference,mid_E2_B_s02_hx_vpa_400_27090342,2005-12-06,2006-09-13,282,28,60,0.09842301938882031,0.020600419958129633,0.11671630149838108
mid_E2_B__daily_first_difference__mid_E2_B_s02_hx_vpa_400_27090342__r1,mid_E2_B,daily_first_difference,mid_E2_B_s02_hx_vpa_400_27090342,2005-12-06,2006-09-13,282,29,60,0.08560614759134456,0.0038812502113692725,0.11671630149838108
mid_E2_B__daily_first_difference__mid_E2_B_s02_hx_vpa_400_27090342__r1,mid_E2_B,daily_first_difference,mid_E2_B_s02_hx_vpa_400_27090342,2005-12-06,2006-09-13,282,30,60,0.06181130683016483,-0.01664311430512844,0.11671630149838108
mid_E2_B__daily_first_difference__mid_E2_B_s02_hx_vpa_400_27090342__r1,mid_E2_B,daily_first_difference,mid_E2_B_s02_hx_vpa_400_27090342,2005-12-06,2006-09-13,282,31,60,0.04763397662574455,-0.08789866567486837,0.11671630149838108
mid_E2_B__daily_first_difference__mid_E2_B_s02_hx_vpa_400_27090342__r1,mid_E2_B,daily_first_difference,mid_E2_B_s02_hx_vpa_400_27090342,2005-12-06,2006-09-13,282,32,60,0.038023385470964385,-0.03676395052484483,0.11671630149838108
mid_E2_B__daily_first_difference__mid_E2_B_s02_hx_vpa_400_27090342__r1,mid_E2_B,daily_first_difference,mid_E2_B_s02_hx_vpa_400_27090342,2005-12-06,2006-09-13,282,33,60,0.021295215498437492,0.021010994869552324,0.11671630149838108
mid_E2_B__daily_first_difference__mid_E2_B_s02_hx_vpa_400_27090342__r1,mid_E2_B,daily_first_difference,mid_E2_B_s02_hx_vpa_400_27090342,2005-12-06,2006-09-13,282,34,60,-0.002136905555445163,-0.03101779101859006,0.11671630149838108
mid_E2_B__daily_first_difference__mid_E2_B_s02_hx_vpa_400_27090342__r1,mid_E2_B,daily_first_difference,mid_E2_B_s02_hx_vpa_400_27090342,2005-12-06,2006-09-13,282,35,60,-0.01935168046564479,-0.010645625643576824,0.11671630149838108
mid_E2_B__daily_first_difference__mid_E2_B_s02_hx_vpa_400_27090342__r1,mid_E2_B,daily_first_difference,mid_E2_B_s02_hx_vpa_400_27090342,2005-12-06,2006-09-13,282,36,60,-0.029753399542418256,0.003621228541208621,0.11671630149838108
mid_E2_B__daily_first_difference__mid_E2_B_s02_hx_vpa_400_27090342__r1,mid_E2_B,daily_first_difference,mid_E2_B_s02_hx_vpa_400_27090342,2005-12-06,2006-09-13,282,37,60,-0.04178756039256943,0.008047612614859647,0.11671630149838108
mid_E2_B__daily_first_difference__mid_E2_B_s02_hx_vpa_400_27090342__r1,mid_E2_B,daily_first_difference,mid_E2_B_s02_hx_vpa_400_27090342,2005-12-06,2006-09-13,282,38,60,-0.043229669439287924,0.046393069169277164,0.11671630149838108
mid_E2_B__daily_first_difference__mid_E2_B_s02_hx_vpa_400_27090342__r1,mid_E2_B,daily_first_difference,mid_E2_B_s02_hx_vpa_400_27090342,2005-12-06,2006-09-13,282,39,60,-0.054618859860550026,-0.056683454851051,0.11671630149838108
mid_E2_B__daily_first_difference__mid_E2_B_s02_hx_vpa_400_27090342__r1,mid_E2_B,daily_first_difference,mid_E2_B_s02_hx_vpa_400_27090342,2005-12-06,2006-09-13,282,40,60,-0.061308602846045036,-0.01211083860576756,0.11671630149838108
mid_E2_B__daily_first_difference__mid_E2_B_s02_hx_vpa_400_27090342__r1,mid_E2_B,daily_first_difference,mid_E2_B_s02_hx_vpa_400_27090342,2005-12-06,2006-09-13,282,41,60,-0.0760536162454675,-0.010406846413226064,0.11671630149838108
mid_E2_B__daily_first_difference__mid_E2_B_s02_hx_vpa_400_27090342__r1,mid_E2_B,daily_first_difference,mid_E2_B_s02_hx_vpa_400_27090342,2005-12-06,2006-09-13,282,42,60,-0.08501513002929537,-0.03446876646350946,0.11671630149838108
mid_E2_B__daily_first_difference__mid_E2_B_s02_hx_vpa_400_27090342__r1,mid_E2_B,daily_first_difference,mid_E2_B_s02_hx_vpa_400_27090342,2005-12-06,2006-09-13,282,43,60,-0.09677751060355502,-0.012994122762940877,0.11671630149838108
mid_E2_B__daily_first_difference__mid_E2_B_s02_hx_vpa_400_27090342__r1,mid_E2_B,daily_first_difference,mid_E2_B_s02_hx_vpa_400_27090342,2005-12-06,2006-09-13,282,44,60,-0.09658419921561899,0.03238562050683556,0.11671630149838108
mid_E2_B__daily_first_difference__mid_E2_B_s02_hx_vpa_400_27090342__r1,mid_E2_B,daily_first_difference,mid_E2_B_s02_hx_vpa_400_27090342,2005-12-06,2006-09-13,282,45,60,-0.11103967319956745,-0.019415163757006745,0.11671630149838108
mid_E2_B__daily_first_difference__mid_E2_B_s02_hx_vpa_400_27090342__r1,mid_E2_B,daily_first_difference,mid_E2_B_s02_hx_vpa_400_27090342,2005-12-06,2006-09-13,282,46,60,-0.11099682933734115,0.030329408407500376,0.11671630149838108
mid_E2_B__daily_first_difference__mid_E2_B_s02_hx_vpa_400_27090342__r1,mid_E2_B,daily_first_difference,mid_E2_B_s02_hx_vpa_400_27090342,2005-12-06,2006-09-13,282,47,60,-0.11544436248111363,-0.007683374870733632,0.11671630149838108
mid_E2_B__daily_first_difference__mid_E2_B_s02_hx_vpa_400_27090342__r1,mid_E2_B,daily_first_difference,mid_E2_B_s02_hx_vpa_400_27090342,2005-12-06,2006-09-13,282,48,60,-0.12479836001939039,0.015400035511891945,0.11671630149838108
mid_E2_B__daily_first_difference__mid_E2_B_s02_hx_vpa_400_27090342__r1,mid_E2_B,daily_first_difference,mid_E2_B_s02_hx_vpa_400_27090342,2005-12-06,2006-09-13,282,49,60,-0.13225377691233148,0.01838640754496606,0.11671630149838108
mid_E2_B__daily_first_difference__mid_E2_B_s02_hx_vpa_400_27090342__r1,mid_E2_B,daily_first_difference,mid_E2_B_s02_hx_vpa_400_27090342,2005-12-06,2006-09-13,282,50,60,-0.13429590568139835,-0.05708195002016747,0.11671630149838108
mid_E2_B__daily_first_difference__mid_E2_B_s02_hx_vpa_400_27090342__r1,mid_E2_B,daily_first_difference,mid_E2_B_s02_hx_vpa_400_27090342,2005-12-06,2006-09-13,282,51,60,-0.13571050724253747,0.004779742868960779,0.11671630149838108
mid_E2_B__daily_first_difference__mid_E2_B_s02_hx_vpa_400_27090342__r1,mid_E2_B,daily_first_difference,mid_E2_B_s02_hx_vpa_400_27090342,2005-12-06,2006-09-13,282,52,60,-0.13887055918064722,0.006016863549463144,0.11671630149838108
mid_E2_B__daily_first_difference__mid_E2_B_s02_hx_vpa_400_27090342__r1,mid_E2_B,daily_first_difference,mid_E2_B_s02_hx_vpa_400_27090342,2005-12-06,2006-09-13,282,53,60,-0.14047811932192192,-0.030617860431438545,0.11671630149838108
mid_E2_B__daily_first_difference__mid_E2_B_s02_hx_vpa_400_27090342__r1,mid_E2_B,daily_first_difference,mid_E2_B_s02_hx_vpa_400_27090342,2005-12-06,2006-09-13,282,54,60,-0.1443549906094149,-0.022404855720916717,0.11671630149838108
mid_E2_B__daily_first_difference__mid_E2_B_s02_hx_vpa_400_27090342__r1,mid_E2_B,daily_first_difference,mid_E2_B_s02_hx_vpa_400_27090342,2005-12-06,2006-09-13,282,55,60,-0.14812819545822956,-0.022869588413594245,0.11671630149838108
mid_E2_B__daily_first_difference__mid_E2_B_s02_hx_vpa_400_27090342__r1,mid_E2_B,daily_first_difference,mid_E2_B_s02_hx_vpa_400_27090342,2005-12-06,2006-09-13,282,56,60,-0.15149937129713953,0.014360031416201275,0.11671630149838108
mid_E2_B__daily_first_difference__mid_E2_B_s02_hx_vpa_400_27090342__r1,mid_E2_B,daily_first_difference,mid_E2_B_s02_hx_vpa_400_27090342,2005-12-06,2006-09-13,282,57,60,-0.1546860055305828,0.013469772013739311,0.11671630149838108
mid_E2_B__daily_first_difference__mid_E2_B_s02_hx_vpa_400_27090342__r1,mid_E2_B,daily_first_difference,mid_E2_B_s02_hx_vpa_400_27090342,2005-12-06,2006-09-13,282,58,60,-0.15044961277171348,-0.007660408859875819,0.11671630149838108
mid_E2_B__daily_first_difference__mid_E2_B_s02_hx_vpa_400_27090342__r1,mid_E2_B,daily_first_difference,mid_E2_B_s02_hx_vpa_400_27090342,2005-12-06,2006-09-13,282,59,60,-0.15307718387536443,-0.004196006089484863,0.11671630149838108
mid_E2_B__daily_first_difference__mid_E2_B_s02_hx_vpa_400_27090342__r1,mid_E2_B,daily_first_difference,mid_E2_B_s02_hx_vpa_400_27090342,2005-12-06,2006-09-13,282,60,60,-0.15329842541406483,0.012314370260715355,0.11671630149838108
mid_E2_B__daily_first_difference__mid_E2_B_s05_hx_pa_400_29030259__r1,mid_E2_B,daily_first_difference,mid_E2_B_s05_hx_pa_400_29030259,2008-04-25,2008-09-30,159,0,39,1.0,1.0,0.15543811080075626
mid_E2_B__daily_first_difference__mid_E2_B_s05_hx_pa_400_29030259__r1,mid_E2_B,daily_first_difference,mid_E2_B_s05_hx_pa_400_29030259,2008-04-25,2008-09-30,159,1,39,-0.11750165974540795,-0.11750165974540795,0.15543811080075626
mid_E2_B__daily_first_difference__mid_E2_B_s05_hx_pa_400_29030259__r1,mid_E2_B,daily_first_difference,mid_E2_B_s05_hx_pa_400_29030259,2008-04-25,2008-09-30,159,2,39,0.043369793027449983,0.029977035117952106,0.15543811080075626
mid_E2_B__daily_first_difference__mid_E2_B_s05_hx_pa_400_29030259__r1,mid_E2_B,daily_first_difference,mid_E2_B_s05_hx_pa_400_29030259,2008-04-25,2008-09-30,159,3,39,-0.0442104972934224,-0.03627791304170018,0.15543811080075626
mid_E2_B__daily_first_difference__mid_E2_B_s05_hx_pa_400_29030259__r1,mid_E2_B,daily_first_difference,mid_E2_B_s05_hx_pa_400_29030259,2008-04-25,2008-09-30,159,4,39,-0.08249011264386825,-0.09437359366903052,0.15543811080075626
mid_E2_B__daily_first_difference__mid_E2_B_s05_hx_pa_400_29030259__r1,mid_E2_B,daily_first_difference,mid_E2_B_s05_hx_pa_400_29030259,2008-04-25,2008-09-30,159,5,39,-0.0010146657161150526,-0.018880208396672964,0.15543811080075626
mid_E2_B__daily_first_difference__mid_E2_B_s05_hx_pa_400_29030259__r1,mid_E2_B,daily_first_difference,mid_E2_B_s05_hx_pa_400_29030259,2008-04-25,2008-09-30,159,6,39,-0.1831256080445026,-0.18572918910870467,0.15543811080075626
mid_E2_B__daily_first_difference__mid_E2_B_s05_hx_pa_400_29030259__r1,mid_E2_B,daily_first_difference,mid_E2_B_s05_hx_pa_400_29030259,2008-04-25,2008-09-30,159,7,39,0.004918623240637014,-0.04884533946767603,0.15543811080075626
mid_E2_B__daily_first_difference__mid_E2_B_s05_hx_pa_400_29030259__r1,mid_E2_B,daily_first_difference,mid_E2_B_s05_hx_pa_400_29030259,2008-04-25,2008-09-30,159,8,39,-0.08363585120103419,-0.09442266551193142,0.15543811080075626
mid_E2_B__daily_first_difference__mid_E2_B_s05_hx_pa_400_29030259__r1,mid_E2_B,daily_first_difference,mid_E2_B_s05_hx_pa_400_29030259,2008-04-25,2008-09-30,159,9,39,0.07772269363222317,0.036629020084920416,0.15543811080075626
mid_E2_B__daily_first_difference__mid_E2_B_s05_hx_pa_400_29030259__r1,mid_E2_B,daily_first_difference,mid_E2_B_s05_hx_pa_400_29030259,2008-04-25,2008-09-30,159,10,39,-0.0007420167011744674,-0.021081596102685545,0.15543811080075626
mid_E2_B__daily_first_difference__mid_E2_B_s05_hx_pa_400_29030259__r1,mid_E2_B,daily_first_difference,mid_E2_B_s05_hx_pa_400_29030259,2008-04-25,2008-09-30,159,11,39,-0.020964433526813542,-0.04915557703612269,0.15543811080075626
mid_E2_B__daily_first_difference__mid_E2_B_s05_hx_pa_400_29030259__r1,mid_E2_B,daily_first_difference,mid_E2_B_s05_hx_pa_400_29030259,2008-04-25,2008-09-30,159,12,39,0.09516413426935534,0.045609920416174954,0.15543811080075626
mid_E2_B__daily_first_difference__mid_E2_B_s05_hx_pa_400_29030259__r1,mid_E2_B,daily_first_difference,mid_E2_B_s05_hx_pa_400_29030259,2008-04-25,2008-09-30,159,13,39,0.07201916508131985,0.0931115497758724,0.15543811080075626
mid_E2_B__daily_first_difference__mid_E2_B_s05_hx_pa_400_29030259__r1,mid_E2_B,daily_first_difference,mid_E2_B_s05_hx_pa_400_29030259,2008-04-25,2008-09-30,159,14,39,-0.0009135711375415824,-0.015355422624617731,0.15543811080075626
mid_E2_B__daily_first_difference__mid_E2_B_s05_hx_pa_400_29030259__r1,mid_E2_B,daily_first_difference,mid_E2_B_s05_hx_pa_400_29030259,2008-04-25,2008-09-30,159,15,39,-0.1060639679228215,-0.0988892989012872,0.15543811080075626
mid_E2_B__daily_first_difference__mid_E2_B_s05_hx_pa_400_29030259__r1,mid_E2_B,daily_first_difference,mid_E2_B_s05_hx_pa_400_29030259,2008-04-25,2008-09-30,159,16,39,-0.06640885360936086,-0.08520884655460413,0.15543811080075626
mid_E2_B__daily_first_difference__mid_E2_B_s05_hx_pa_400_29030259__r1,mid_E2_B,daily_first_difference,mid_E2_B_s05_hx_pa_400_29030259,2008-04-25,2008-09-30,159,17,39,-0.02772792341669914,-0.031568456122119504,0.15543811080075626
mid_E2_B__daily_first_difference__mid_E2_B_s05_hx_pa_400_29030259__r1,mid_E2_B,daily_first_difference,mid_E2_B_s05_hx_pa_400_29030259,2008-04-25,2008-09-30,159,18,39,-0.0443667343693996,-0.04333846971541685,0.15543811080075626
mid_E2_B__daily_first_difference__mid_E2_B_s05_hx_pa_400_29030259__r1,mid_E2_B,daily_first_difference,mid_E2_B_s05_hx_pa_400_29030259,2008-04-25,2008-09-30,159,19,39,0.07273601754756806,0.07081061836164604,0.15543811080075626
mid_E2_B__daily_first_difference__mid_E2_B_s05_hx_pa_400_29030259__r1,mid_E2_B,daily_first_difference,mid_E2_B_s05_hx_pa_400_29030259,2008-04-25,2008-09-30,159,20,39,0.0007774654495054328,0.016994015818798853,0.15543811080075626
mid_E2_B__daily_first_difference__mid_E2_B_s05_hx_pa_400_29030259__r1,mid_E2_B,daily_first_difference,mid_E2_B_s05_hx_pa_400_29030259,2008-04-25,2008-09-30,159,21,39,-0.0259511096114686,-0.077102877817249,0.15543811080075626
mid_E2_B__daily_first_difference__mid_E2_B_s05_hx_pa_400_29030259__r1,mid_E2_B,daily_first_difference,mid_E2_B_s05_hx_pa_400_29030259,2008-04-25,2008-09-30,159,22,39,0.02932574292480184,-0.03186604925381925,0.15543811080075626
mid_E2_B__daily_first_difference__mid_E2_B_s05_hx_pa_400_29030259__r1,mid_E2_B,daily_first_difference,mid_E2_B_s05_hx_pa_400_29030259,2008-04-25,2008-09-30,159,23,39,0.06150051488212855,0.06019983194809235,0.15543811080075626
mid_E2_B__daily_first_difference__mid_E2_B_s05_hx_pa_400_29030259__r1,mid_E2_B,daily_first_difference,mid_E2_B_s05_hx_pa_400_29030259,2008-04-25,2008-09-30,159,24,39,0.06698960038757296,0.07706870791227494,0.15543811080075626
mid_E2_B__daily_first_difference__mid_E2_B_s05_hx_pa_400_29030259__r1,mid_E2_B,daily_first_difference,mid_E2_B_s05_hx_pa_400_29030259,2008-04-25,2008-09-30,159,25,39,-0.027096848168634488,-0.010111994520688188,0.15543811080075626
mid_E2_B__daily_first_difference__mid_E2_B_s05_hx_pa_400_29030259__r1,mid_E2_B,daily_first_difference,mid_E2_B_s05_hx_pa_400_29030259,2008-04-25,2008-09-30,159,26,39,0.02264803025309968,0.007177206777662746,0.15543811080075626
mid_E2_B__daily_first_difference__mid_E2_B_s05_hx_pa_400_29030259__r1,mid_E2_B,daily_first_difference,mid_E2_B_s05_hx_pa_400_29030259,2008-04-25,2008-09-30,159,27,39,-0.062322838315633004,-0.0355046167183078,0.15543811080075626
mid_E2_B__daily_first_difference__mid_E2_B_s05_hx_pa_400_29030259__r1,mid_E2_B,daily_first_difference,mid_E2_B_s05_hx_pa_400_29030259,2008-04-25,2008-09-30,159,28,39,-0.06692351691846217,-0.05708497059674494,0.15543811080075626
mid_E2_B__daily_first_difference__mid_E2_B_s05_hx_pa_400_29030259__r1,mid_E2_B,daily_first_difference,mid_E2_B_s05_hx_pa_400_29030259,2008-04-25,2008-09-30,159,29,39,0.026102970298762934,0.04685234533693695,0.15543811080075626
mid_E2_B__daily_first_difference__mid_E2_B_s05_hx_pa_400_29030259__r1,mid_E2_B,daily_first_difference,mid_E2_B_s05_hx_pa_400_29030259,2008-04-25,2008-09-30,159,30,39,-0.061477320022109566,-0.014994935967821803,0.15543811080075626
mid_E2_B__daily_first_difference__mid_E2_B_s05_hx_pa_400_29030259__r1,mid_E2_B,daily_first_difference,mid_E2_B_s05_hx_pa_400_29030259,2008-04-25,2008-09-30,159,31,39,0.01397906073070806,-0.031102067666471393,0.15543811080075626
mid_E2_B__daily_first_difference__mid_E2_B_s05_hx_pa_400_29030259__r1,mid_E2_B,daily_first_difference,mid_E2_B_s05_hx_pa_400_29030259,2008-04-25,2008-09-30,159,32,39,0.013936172121616307,-0.024705592982802945,0.15543811080075626
mid_E2_B__daily_first_difference__mid_E2_B_s05_hx_pa_400_29030259__r1,mid_E2_B,daily_first_difference,mid_E2_B_s05_hx_pa_400_29030259,2008-04-25,2008-09-30,159,33,39,-0.002702638831084065,-0.033103083013784874,0.15543811080075626
mid_E2_B__daily_first_difference__mid_E2_B_s05_hx_pa_400_29030259__r1,mid_E2_B,daily_first_difference,mid_E2_B_s05_hx_pa_400_29030259,2008-04-25,2008-09-30,159,34,39,0.008318420788896538,0.007742025597425871,0.15543811080075626
mid_E2_B__daily_first_difference__mid_E2_B_s05_hx_pa_400_29030259__r1,mid_E2_B,daily_first_difference,mid_E2_B_s05_hx_pa_400_29030259,2008-04-25,2008-09-30,159,35,39,0.025845638644212316,0.03455988877855608,0.15543811080075626
mid_E2_B__daily_first_difference__mid_E2_B_s05_hx_pa_400_29030259__r1,mid_E2_B,daily_first_difference,mid_E2_B_s05_hx_pa_400_29030259,2008-04-25,2008-09-30,159,36,39,0.042398672378729185,0.0066583621163949745,0.15543811080075626
mid_E2_B__daily_first_difference__mid_E2_B_s05_hx_pa_400_29030259__r1,mid_E2_B,daily_first_difference,mid_E2_B_s05_hx_pa_400_29030259,2008-04-25,2008-09-30,159,37,39,0.058951706113246065,0.06451869349497899,0.15543811080075626
mid_E2_B__daily_first_difference__mid_E2_B_s05_hx_pa_400_29030259__r1,mid_E2_B,daily_first_difference,mid_E2_B_s05_hx_pa_400_29030259,2008-04-25,2008-09-30,159,38,39,0.04279998722094507,0.05996824951927146,0.15543811080075626
mid_E2_B__daily_first_difference__mid_E2_B_s05_hx_pa_400_29030259__r1,mid_E2_B,daily_first_difference,mid_E2_B_s05_hx_pa_400_29030259,2008-04-25,2008-09-30,159,39,39,-0.017607524587645702,0.02159524853669869,0.15543811080075626
mid_E2_B__daily_first_difference__mid_E2_B_s06_hx_vpa_400_27090342__r13,mid_E2_B,daily_first_difference,mid_E2_B_s06_hx_vpa_400_27090342,2011-10-02,2012-08-21,325,0,60,1.0,1.0,0.1087212384601449
mid_E2_B__daily_first_difference__mid_E2_B_s06_hx_vpa_400_27090342__r13,mid_E2_B,daily_first_difference,mid_E2_B_s06_hx_vpa_400_27090342,2011-10-02,2012-08-21,325,1,60,0.005314251312691175,0.005314251312691155,0.1087212384601449
mid_E2_B__daily_first_difference__mid_E2_B_s06_hx_vpa_400_27090342__r13,mid_E2_B,daily_first_difference,mid_E2_B_s06_hx_vpa_400_27090342,2011-10-02,2012-08-21,325,2,60,-0.057421421511188966,-0.05745128527529118,0.1087212384601449
mid_E2_B__daily_first_difference__mid_E2_B_s06_hx_vpa_400_27090342__r13,mid_E2_B,daily_first_difference,mid_E2_B_s06_hx_vpa_400_27090342,2011-10-02,2012-08-21,325,3,60,-0.15219546322849165,-0.15207369206615354,0.1087212384601449
mid_E2_B__daily_first_difference__mid_E2_B_s06_hx_vpa_400_27090342__r13,mid_E2_B,daily_first_difference,mid_E2_B_s06_hx_vpa_400_27090342,2011-10-02,2012-08-21,325,4,60,-0.08680337689518451,-0.09215027636934697,0.1087212384601449
mid_E2_B__daily_first_difference__mid_E2_B_s06_hx_vpa_400_27090342__r13,mid_E2_B,daily_first_difference,mid_E2_B_s06_hx_vpa_400_27090342,2011-10-02,2012-08-21,325,5,60,-0.0004138364871111262,-0.020269712512955302,0.1087212384601449
mid_E2_B__daily_first_difference__mid_E2_B_s06_hx_vpa_400_27090342__r13,mid_E2_B,daily_first_difference,mid_E2_B_s06_hx_vpa_400_27090342,2011-10-02,2012-08-21,325,6,60,-0.09792239049257485,-0.13694570483597893,0.1087212384601449
mid_E2_B__daily_first_difference__mid_E2_B_s06_hx_vpa_400_27090342__r13,mid_E2_B,daily_first_difference,mid_E2_B_s06_hx_vpa_400_27090342,2011-10-02,2012-08-21,325,7,60,-0.025436859273834326,-0.062076074995335746,0.1087212384601449
mid_E2_B__daily_first_difference__mid_E2_B_s06_hx_vpa_400_27090342__r13,mid_E2_B,daily_first_difference,mid_E2_B_s06_hx_vpa_400_27090342,2011-10-02,2012-08-21,325,8,60,-0.05889439190895602,-0.09440171522109347,0.1087212384601449
mid_E2_B__daily_first_difference__mid_E2_B_s06_hx_vpa_400_27090342__r13,mid_E2_B,daily_first_difference,mid_E2_B_s06_hx_vpa_400_27090342,2011-10-02,2012-08-21,325,9,60,-0.05190428745414729,-0.11092678861624378,0.1087212384601449
mid_E2_B__daily_first_difference__mid_E2_B_s06_hx_vpa_400_27090342__r13,mid_E2_B,daily_first_difference,mid_E2_B_s06_hx_vpa_400_27090342,2011-10-02,2012-08-21,325,10,60,-0.001757750037750396,-0.06342121279493926,0.1087212384601449
mid_E2_B__daily_first_difference__mid_E2_B_s06_hx_vpa_400_27090342__r13,mid_E2_B,daily_first_difference,mid_E2_B_s06_hx_vpa_400_27090342,2011-10-02,2012-08-21,325,11,60,-0.005885709651107356,-0.06843254139493511,0.1087212384601449
mid_E2_B__daily_first_difference__mid_E2_B_s06_hx_vpa_400_27090342__r13,mid_E2_B,daily_first_difference,mid_E2_B_s06_hx_vpa_400_27090342,2011-10-02,2012-08-21,325,12,60,0.06654838873462703,-0.005572867395599665,0.1087212384601449
mid_E2_B__daily_first_difference__mid_E2_B_s06_hx_vpa_400_27090342__r13,mid_E2_B,daily_first_difference,mid_E2_B_s06_hx_vpa_400_27090342,2011-10-02,2012-08-21,325,13,60,0.037295490197759254,-0.01180001408466426,0.1087212384601449
mid_E2_B__daily_first_difference__mid_E2_B_s06_hx_vpa_400_27090342__r13,mid_E2_B,daily_first_difference,mid_E2_B_s06_hx_vpa_400_27090342,2011-10-02,2012-08-21,325,14,60,0.04008096055431402,0.002563292989166889,0.1087212384601449
mid_E2_B__daily_first_difference__mid_E2_B_s06_hx_vpa_400_27090342__r13,mid_E2_B,daily_first_difference,mid_E2_B_s06_hx_vpa_400_27090342,2011-10-02,2012-08-21,325,15,60,0.01779292482036424,-0.0005156160406583283,0.1087212384601449
mid_E2_B__daily_first_difference__mid_E2_B_s06_hx_vpa_400_27090342__r13,mid_E2_B,daily_first_difference,mid_E2_B_s06_hx_vpa_400_27090342,2011-10-02,2012-08-21,325,16,60,-0.022552321368166095,-0.026698345852570835,0.1087212384601449
mid_E2_B__daily_first_difference__mid_E2_B_s06_hx_vpa_400_27090342__r13,mid_E2_B,daily_first_difference,mid_E2_B_s06_hx_vpa_400_27090342,2011-10-02,2012-08-21,325,17,60,0.09997735636557141,0.10309716630592525,0.1087212384601449
mid_E2_B__daily_first_difference__mid_E2_B_s06_hx_vpa_400_27090342__r13,mid_E2_B,daily_first_difference,mid_E2_B_s06_hx_vpa_400_27090342,2011-10-02,2012-08-21,325,18,60,0.07490337551045438,0.10124729578151738,0.1087212384601449
mid_E2_B__daily_first_difference__mid_E2_B_s06_hx_vpa_400_27090342__r13,mid_E2_B,daily_first_difference,mid_E2_B_s06_hx_vpa_400_27090342,2011-10-02,2012-08-21,325,19,60,0.049777961822331206,0.09064329140762885,0.1087212384601449
mid_E2_B__daily_first_difference__mid_E2_B_s06_hx_vpa_400_27090342__r13,mid_E2_B,daily_first_difference,mid_E2_B_s06_hx_vpa_400_27090342,2011-10-02,2012-08-21,325,20,60,-0.06439483007712944,0.015038197515664238,0.1087212384601449
mid_E2_B__daily_first_difference__mid_E2_B_s06_hx_vpa_400_27090342__r13,mid_E2_B,daily_first_difference,mid_E2_B_s06_hx_vpa_400_27090342,2011-10-02,2012-08-21,325,21,60,-0.12429312494683624,-0.04101926643853263,0.1087212384601449
mid_E2_B__daily_first_difference__mid_E2_B_s06_hx_vpa_400_27090342__r13,mid_E2_B,daily_first_difference,mid_E2_B_s06_hx_vpa_400_27090342,2011-10-02,2012-08-21,325,22,60,-0.022606602788846485,0.029012732309076358,0.1087212384601449
mid_E2_B__daily_first_difference__mid_E2_B_s06_hx_vpa_400_27090342__r13,mid_E2_B,daily_first_difference,mid_E2_B_s06_hx_vpa_400_27090342,2011-10-02,2012-08-21,325,23,60,-0.1688691964147359,-0.15335223489827826,0.1087212384601449
mid_E2_B__daily_first_difference__mid_E2_B_s06_hx_vpa_400_27090342__r13,mid_E2_B,daily_first_difference,mid_E2_B_s06_hx_vpa_400_27090342,2011-10-02,2012-08-21,325,24,60,0.024753514741770934,0.0053554169729893505,0.1087212384601449
mid_E2_B__daily_first_difference__mid_E2_B_s06_hx_vpa_400_27090342__r13,mid_E2_B,daily_first_difference,mid_E2_B_s06_hx_vpa_400_27090342,2011-10-02,2012-08-21,325,25,60,-0.008678301476847608,-0.03209250643418563,0.1087212384601449
mid_E2_B__daily_first_difference__mid_E2_B_s06_hx_vpa_400_27090342__r13,mid_E2_B,daily_first_difference,mid_E2_B_s06_hx_vpa_400_27090342,2011-10-02,2012-08-21,325,26,60,0.06096985178771954,0.012102079951775275,0.1087212384601449
mid_E2_B__daily_first_difference__mid_E2_B_s06_hx_vpa_400_27090342__r13,mid_E2_B,daily_first_difference,mid_E2_B_s06_hx_vpa_400_27090342,2011-10-02,2012-08-21,325,27,60,0.11668827944645085,0.08672213447477273,0.1087212384601449
mid_E2_B__daily_first_difference__mid_E2_B_s06_hx_vpa_400_27090342__r13,mid_E2_B,daily_first_difference,mid_E2_B_s06_hx_vpa_400_27090342,2011-10-02,2012-08-21,325,28,60,0.05539701201616044,0.06353715424182897,0.1087212384601449
mid_E2_B__daily_first_difference__mid_E2_B_s06_hx_vpa_400_27090342__r13,mid_E2_B,daily_first_difference,mid_E2_B_s06_hx_vpa_400_27090342,2011-10-02,2012-08-21,325,29,60,-0.004604148519558656,-0.03307480230088762,0.1087212384601449
mid_E2_B__daily_first_difference__mid_E2_B_s06_hx_vpa_400_27090342__r13,mid_E2_B,daily_first_difference,mid_E2_B_s06_hx_vpa_400_27090342,2011-10-02,2012-08-21,325,30,60,0.010769507715254686,0.031072542876821752,0.1087212384601449
mid_E2_B__daily_first_difference__mid_E2_B_s06_hx_vpa_400_27090342__r13,mid_E2_B,daily_first_difference,mid_E2_B_s06_hx_vpa_400_27090342,2011-10-02,2012-08-21,325,31,60,0.09021990173691308,0.10038017738540933,0.1087212384601449
mid_E2_B__daily_first_difference__mid_E2_B_s06_hx_vpa_400_27090342__r13,mid_E2_B,daily_first_difference,mid_E2_B_s06_hx_vpa_400_27090342,2011-10-02,2012-08-21,325,32,60,0.021963771503704835,0.02945105693026069,0.1087212384601449
mid_E2_B__daily_first_difference__mid_E2_B_s06_hx_vpa_400_27090342__r13,mid_E2_B,daily_first_difference,mid_E2_B_s06_hx_vpa_400_27090342,2011-10-02,2012-08-21,325,33,60,-0.017142800623260426,0.04810825532348665,0.1087212384601449
mid_E2_B__daily_first_difference__mid_E2_B_s06_hx_vpa_400_27090342__r13,mid_E2_B,daily_first_difference,mid_E2_B_s06_hx_vpa_400_27090342,2011-10-02,2012-08-21,325,34,60,-0.06032542476596414,0.008747180497019237,0.1087212384601449
mid_E2_B__daily_first_difference__mid_E2_B_s06_hx_vpa_400_27090342__r13,mid_E2_B,daily_first_difference,mid_E2_B_s06_hx_vpa_400_27090342,2011-10-02,2012-08-21,325,35,60,-0.05341246956066468,0.0048926577449283915,0.1087212384601449
mid_E2_B__daily_first_difference__mid_E2_B_s06_hx_vpa_400_27090342__r13,mid_E2_B,daily_first_difference,mid_E2_B_s06_hx_vpa_400_27090342,2011-10-02,2012-08-21,325,36,60,-0.035355733870696564,-0.01440212218466555,0.1087212384601449
mid_E2_B__daily_first_difference__mid_E2_B_s06_hx_vpa_400_27090342__r13,mid_E2_B,daily_first_difference,mid_E2_B_s06_hx_vpa_400_27090342,2011-10-02,2012-08-21,325,37,60,-0.022819455590056565,0.0011559754257408383,0.1087212384601449
mid_E2_B__daily_first_difference__mid_E2_B_s06_hx_vpa_400_27090342__r13,mid_E2_B,daily_first_difference,mid_E2_B_s06_hx_vpa_400_27090342,2011-10-02,2012-08-21,325,38,60,-0.035356683399921277,-0.021221074211635927,0.1087212384601449
mid_E2_B__daily_first_difference__mid_E2_B_s06_hx_vpa_400_27090342__r13,mid_E2_B,daily_first_difference,mid_E2_B_s06_hx_vpa_400_27090342,2011-10-02,2012-08-21,325,39,60,-0.0032673564381048704,-0.00518514154959715,0.1087212384601449
mid_E2_B__daily_first_difference__mid_E2_B_s06_hx_vpa_400_27090342__r13,mid_E2_B,daily_first_difference,mid_E2_B_s06_hx_vpa_400_27090342,2011-10-02,2012-08-21,325,40,60,0.02877053769070535,0.05242270777249058,0.1087212384601449
mid_E2_B__daily_first_difference__mid_E2_B_s06_hx_vpa_400_27090342__r13,mid_E2_B,daily_first_difference,mid_E2_B_s06_hx_vpa_400_27090342,2011-10-02,2012-08-21,325,41,60,-0.04087856510308655,-0.05924581045179737,0.1087212384601449
mid_E2_B__daily_first_difference__mid_E2_B_s06_hx_vpa_400_27090342__r13,mid_E2_B,daily_first_difference,mid_E2_B_s06_hx_vpa_400_27090342,2011-10-02,2012-08-21,325,42,60,0.016284267949234463,-0.0009666242997406218,0.1087212384601449
mid_E2_B__daily_first_difference__mid_E2_B_s06_hx_vpa_400_27090342__r13,mid_E2_B,daily_first_difference,mid_E2_B_s06_hx_vpa_400_27090342,2011-10-02,2012-08-21,325,43,60,0.0817535035320509,0.04764729580038001,0.1087212384601449
mid_E2_B__daily_first_difference__mid_E2_B_s06_hx_vpa_400_27090342__r13,mid_E2_B,daily_first_difference,mid_E2_B_s06_hx_vpa_400_27090342,2011-10-02,2012-08-21,325,44,60,0.0804114890398611,0.00685089575467789,0.1087212384601449
mid_E2_B__daily_first_difference__mid_E2_B_s06_hx_vpa_400_27090342__r13,mid_E2_B,daily_first_difference,mid_E2_B_s06_hx_vpa_400_27090342,2011-10-02,2012-08-21,325,45,60,0.03996337718531846,0.003923290430166502,0.1087212384601449
mid_E2_B__daily_first_difference__mid_E2_B_s06_hx_vpa_400_27090342__r13,mid_E2_B,daily_first_difference,mid_E2_B_s06_hx_vpa_400_27090342,2011-10-02,2012-08-21,325,46,60,0.024691637087292707,0.017997461799507314,0.1087212384601449
mid_E2_B__daily_first_difference__mid_E2_B_s06_hx_vpa_400_27090342__r13,mid_E2_B,daily_first_difference,mid_E2_B_s06_hx_vpa_400_27090342,2011-10-02,2012-08-21,325,47,60,-0.012919096813076602,0.03356155282898107,0.1087212384601449
mid_E2_B__daily_first_difference__mid_E2_B_s06_hx_vpa_400_27090342__r13,mid_E2_B,daily_first_difference,mid_E2_B_s06_hx_vpa_400_27090342,2011-10-02,2012-08-21,325,48,60,-0.0658525288798654,-0.03996476130278838,0.1087212384601449
mid_E2_B__daily_first_difference__mid_E2_B_s06_hx_vpa_400_27090342__r13,mid_E2_B,daily_first_difference,mid_E2_B_s06_hx_vpa_400_27090342,2011-10-02,2012-08-21,325,49,60,-0.1397834150214205,-0.13006968862919477,0.1087212384601449
mid_E2_B__daily_first_difference__mid_E2_B_s06_hx_vpa_400_27090342__r13,mid_E2_B,daily_first_difference,mid_E2_B_s06_hx_vpa_400_27090342,2011-10-02,2012-08-21,325,50,60,-0.011578981379336283,-0.0032157731002953214,0.1087212384601449
mid_E2_B__daily_first_difference__mid_E2_B_s06_hx_vpa_400_27090342__r13,mid_E2_B,daily_first_difference,mid_E2_B_s06_hx_vpa_400_27090342,2011-10-02,2012-08-21,325,51,60,0.037174583476477084,0.0456569409272998,0.1087212384601449
mid_E2_B__daily_first_difference__mid_E2_B_s06_hx_vpa_400_27090342__r13,mid_E2_B,daily_first_difference,mid_E2_B_s06_hx_vpa_400_27090342,2011-10-02,2012-08-21,325,52,60,-0.00043615042389230516,-0.022697784968484812,0.1087212384601449
mid_E2_B__daily_first_difference__mid_E2_B_s06_hx_vpa_400_27090342__r13,mid_E2_B,daily_first_difference,mid_E2_B_s06_hx_vpa_400_27090342,2011-10-02,2012-08-21,325,53,60,0.01210012785674768,0.029581449205067133,0.1087212384601449
mid_E2_B__daily_first_difference__mid_E2_B_s06_hx_vpa_400_27090342__r13,mid_E2_B,daily_first_difference,mid_E2_B_s06_hx_vpa_400_27090342,2011-10-02,2012-08-21,325,54,60,-0.024091917066534983,0.001749193774204256,0.1087212384601449
mid_E2_B__daily_first_difference__mid_E2_B_s06_hx_vpa_400_27090342__r13,mid_E2_B,daily_first_difference,mid_E2_B_s06_hx_vpa_400_27090342,2011-10-02,2012-08-21,325,55,60,-0.015734556467645763,-0.05644613552716178,0.1087212384601449
mid_E2_B__daily_first_difference__mid_E2_B_s06_hx_vpa_400_27090342__r13,mid_E2_B,daily_first_difference,mid_E2_B_s06_hx_vpa_400_27090342,2011-10-02,2012-08-21,325,56,60,0.03309615763767677,0.02075189965218753,0.1087212384601449
mid_E2_B__daily_first_difference__mid_E2_B_s06_hx_vpa_400_27090342__r13,mid_E2_B,daily_first_difference,mid_E2_B_s06_hx_vpa_400_27090342,2011-10-02,2012-08-21,325,57,60,0.009415149343143395,-0.05013308048596133,0.1087212384601449
mid_E2_B__daily_first_difference__mid_E2_B_s06_hx_vpa_400_27090342__r13,mid_E2_B,daily_first_difference,mid_E2_B_s06_hx_vpa_400_27090342,2011-10-02,2012-08-21,325,58,60,-0.02819558455722595,-0.11455562024215746,0.1087212384601449
mid_E2_B__daily_first_difference__mid_E2_B_s06_hx_vpa_400_27090342__r13,mid_E2_B,daily_first_difference,mid_E2_B_s06_hx_vpa_400_27090342,2011-10-02,2012-08-21,325,59,60,0.04423851382850847,0.01105664659568359,0.1087212384601449
mid_E2_B__daily_first_difference__mid_E2_B_s06_hx_vpa_400_27090342__r13,mid_E2_B,daily_first_difference,mid_E2_B_s06_hx_vpa_400_27090342,2011-10-02,2012-08-21,325,60,60,0.06926011232139453,0.06566265907228214,0.1087212384601449
mid_E2_B__daily_first_difference__mid_E2_B_s07_hx_pa_400_39070751__r5,mid_E2_B,daily_first_difference,mid_E2_B_s07_hx_pa_400_39070751,2017-03-08,2017-09-30,207,0,51,1.0,1.0,0.1362294171839555
mid_E2_B__daily_first_difference__mid_E2_B_s07_hx_pa_400_39070751__r5,mid_E2_B,daily_first_difference,mid_E2_B_s07_hx_pa_400_39070751,2017-03-08,2017-09-30,207,1,51,-0.10951150532201395,-0.10951150532201394,0.1362294171839555
mid_E2_B__daily_first_difference__mid_E2_B_s07_hx_pa_400_39070751__r5,mid_E2_B,daily_first_difference,mid_E2_B_s07_hx_pa_400_39070751,2017-03-08,2017-09-30,207,2,51,0.0053757927157696206,-0.006697296213885261,0.1362294171839555
mid_E2_B__daily_first_difference__mid_E2_B_s07_hx_pa_400_39070751__r5,mid_E2_B,daily_first_difference,mid_E2_B_s07_hx_pa_400_39070751,2017-03-08,2017-09-30,207,3,51,0.1601894513564757,0.1619986661118152,0.1362294171839555
mid_E2_B__daily_first_difference__mid_E2_B_s07_hx_pa_400_39070751__r5,mid_E2_B,daily_first_difference,mid_E2_B_s07_hx_pa_400_39070751,2017-03-08,2017-09-30,207,4,51,-0.13379449672241314,-0.10251964024818698,0.1362294171839555
mid_E2_B__daily_first_difference__mid_E2_B_s07_hx_pa_400_39070751__r5,mid_E2_B,daily_first_difference,mid_E2_B_s07_hx_pa_400_39070751,2017-03-08,2017-09-30,207,5,51,0.0010559816168316655,-0.026615711435004068,0.1362294171839555
mid_E2_B__daily_first_difference__mid_E2_B_s07_hx_pa_400_39070751__r5,mid_E2_B,daily_first_difference,mid_E2_B_s07_hx_pa_400_39070751,2017-03-08,2017-09-30,207,6,51,-0.06852916310225977,-0.09756175413163629,0.1362294171839555
mid_E2_B__daily_first_difference__mid_E2_B_s07_hx_pa_400_39070751__r5,mid_E2_B,daily_first_difference,mid_E2_B_s07_hx_pa_400_39070751,2017-03-08,2017-09-30,207,7,51,-0.08066982502305396,-0.06274581006822733,0.1362294171839555
mid_E2_B__daily_first_difference__mid_E2_B_s07_hx_pa_400_39070751__r5,mid_E2_B,daily_first_difference,mid_E2_B_s07_hx_pa_400_39070751,2017-03-08,2017-09-30,207,8,51,-0.05078425290863948,-0.07687160887058195,0.1362294171839555
mid_E2_B__daily_first_difference__mid_E2_B_s07_hx_pa_400_39070751__r5,mid_E2_B,daily_first_difference,mid_E2_B_s07_hx_pa_400_39070751,2017-03-08,2017-09-30,207,9,51,0.05043948512454162,0.06520541701059997,0.1362294171839555
mid_E2_B__daily_first_difference__mid_E2_B_s07_hx_pa_400_39070751__r5,mid_E2_B,daily_first_difference,mid_E2_B_s07_hx_pa_400_39070751,2017-03-08,2017-09-30,207,10,51,-0.011091350539205123,0.004534209534245491,0.1362294171839555
mid_E2_B__daily_first_difference__mid_E2_B_s07_hx_pa_400_39070751__r5,mid_E2_B,daily_first_difference,mid_E2_B_s07_hx_pa_400_39070751,2017-03-08,2017-09-30,207,11,51,-0.06445281558967383,-0.06940629556166886,0.1362294171839555
mid_E2_B__daily_first_difference__mid_E2_B_s07_hx_pa_400_39070751__r5,mid_E2_B,daily_first_difference,mid_E2_B_s07_hx_pa_400_39070751,2017-03-08,2017-09-30,207,12,51,0.06257347681009341,0.007608383242066489,0.1362294171839555
mid_E2_B__daily_first_difference__mid_E2_B_s07_hx_pa_400_39070751__r5,mid_E2_B,daily_first_difference,mid_E2_B_s07_hx_pa_400_39070751,2017-03-08,2017-09-30,207,13,51,-0.11793100975688657,-0.1185186596536481,0.1362294171839555
mid_E2_B__daily_first_difference__mid_E2_B_s07_hx_pa_400_39070751__r5,mid_E2_B,daily_first_difference,mid_E2_B_s07_hx_pa_400_39070751,2017-03-08,2017-09-30,207,14,51,-0.058215728748213694,-0.08463493192698478,0.1362294171839555
mid_E2_B__daily_first_difference__mid_E2_B_s07_hx_pa_400_39070751__r5,mid_E2_B,daily_first_difference,mid_E2_B_s07_hx_pa_400_39070751,2017-03-08,2017-09-30,207,15,51,0.0730678412950929,0.037893895091853896,0.1362294171839555
mid_E2_B__daily_first_difference__mid_E2_B_s07_hx_pa_400_39070751__r5,mid_E2_B,daily_first_difference,mid_E2_B_s07_hx_pa_400_39070751,2017-03-08,2017-09-30,207,16,51,0.005467508450354258,0.07097681040047363,0.1362294171839555
mid_E2_B__daily_first_difference__mid_E2_B_s07_hx_pa_400_39070751__r5,mid_E2_B,daily_first_difference,mid_E2_B_s07_hx_pa_400_39070751,2017-03-08,2017-09-30,207,17,51,0.06115563493135497,0.06473114059596283,0.1362294171839555
mid_E2_B__daily_first_difference__mid_E2_B_s07_hx_pa_400_39070751__r5,mid_E2_B,daily_first_difference,mid_E2_B_s07_hx_pa_400_39070751,2017-03-08,2017-09-30,207,18,51,0.11275907610571656,0.09248852986085636,0.1362294171839555
mid_E2_B__daily_first_difference__mid_E2_B_s07_hx_pa_400_39070751__r5,mid_E2_B,daily_first_difference,mid_E2_B_s07_hx_pa_400_39070751,2017-03-08,2017-09-30,207,19,51,0.009547191080561374,0.00538810199642188,0.1362294171839555
mid_E2_B__daily_first_difference__mid_E2_B_s07_hx_pa_400_39070751__r5,mid_E2_B,daily_first_difference,mid_E2_B_s07_hx_pa_400_39070751,2017-03-08,2017-09-30,207,20,51,0.05122657288315922,0.01998261329279635,0.1362294171839555
mid_E2_B__daily_first_difference__mid_E2_B_s07_hx_pa_400_39070751__r5,mid_E2_B,daily_first_difference,mid_E2_B_s07_hx_pa_400_39070751,2017-03-08,2017-09-30,207,21,51,-0.07988773994086835,-0.12211965525752493,0.1362294171839555
mid_E2_B__daily_first_difference__mid_E2_B_s07_hx_pa_400_39070751__r5,mid_E2_B,daily_first_difference,mid_E2_B_s07_hx_pa_400_39070751,2017-03-08,2017-09-30,207,22,51,0.05274780340815666,0.07521480107681545,0.1362294171839555
mid_E2_B__daily_first_difference__mid_E2_B_s07_hx_pa_400_39070751__r5,mid_E2_B,daily_first_difference,mid_E2_B_s07_hx_pa_400_39070751,2017-03-08,2017-09-30,207,23,51,0.023204080849921368,0.07754519157190955,0.1362294171839555
mid_E2_B__daily_first_difference__mid_E2_B_s07_hx_pa_400_39070751__r5,mid_E2_B,daily_first_difference,mid_E2_B_s07_hx_pa_400_39070751,2017-03-08,2017-09-30,207,24,51,-0.040311566688178174,0.030183155139259583,0.1362294171839555
mid_E2_B__daily_first_difference__mid_E2_B_s07_hx_pa_400_39070751__r5,mid_E2_B,daily_first_difference,mid_E2_B_s07_hx_pa_400_39070751,2017-03-08,2017-09-30,207,25,51,0.015146436676955548,-0.0017659534646397794,0.1362294171839555
mid_E2_B__daily_first_difference__mid_E2_B_s07_hx_pa_400_39070751__r5,mid_E2_B,daily_first_difference,mid_E2_B_s07_hx_pa_400_39070751,2017-03-08,2017-09-30,207,26,51,-0.0641326442980328,-0.0655900321965737,0.1362294171839555
mid_E2_B__daily_first_difference__mid_E2_B_s07_hx_pa_400_39070751__r5,mid_E2_B,daily_first_difference,mid_E2_B_s07_hx_pa_400_39070751,2017-03-08,2017-09-30,207,27,51,0.035221343418729026,-0.009914525373424295,0.1362294171839555
mid_E2_B__daily_first_difference__mid_E2_B_s07_hx_pa_400_39070751__r5,mid_E2_B,daily_first_difference,mid_E2_B_s07_hx_pa_400_39070751,2017-03-08,2017-09-30,207,28,51,-0.030279115993723293,-0.028382265391685337,0.1362294171839555
mid_E2_B__daily_first_difference__mid_E2_B_s07_hx_pa_400_39070751__r5,mid_E2_B,daily_first_difference,mid_E2_B_s07_hx_pa_400_39070751,2017-03-08,2017-09-30,207,29,51,-0.018486973864350775,0.03109727159692282,0.1362294171839555
mid_E2_B__daily_first_difference__mid_E2_B_s07_hx_pa_400_39070751__r5,mid_E2_B,daily_first_difference,mid_E2_B_s07_hx_pa_400_39070751,2017-03-08,2017-09-30,207,30,51,0.007544036059291794,0.03564736971270764,0.1362294171839555
mid_E2_B__daily_first_difference__mid_E2_B_s07_hx_pa_400_39070751__r5,mid_E2_B,daily_first_difference,mid_E2_B_s07_hx_pa_400_39070751,2017-03-08,2017-09-30,207,31,51,-0.03425374241886083,0.015866750991822203,0.1362294171839555
mid_E2_B__daily_first_difference__mid_E2_B_s07_hx_pa_400_39070751__r5,mid_E2_B,daily_first_difference,mid_E2_B_s07_hx_pa_400_39070751,2017-03-08,2017-09-30,207,32,51,0.053248904830751106,0.027745367489474343,0.1362294171839555
mid_E2_B__daily_first_difference__mid_E2_B_s07_hx_pa_400_39070751__r5,mid_E2_B,daily_first_difference,mid_E2_B_s07_hx_pa_400_39070751,2017-03-08,2017-09-30,207,33,51,0.025402340252034895,0.029894029419790462,0.1362294171839555
mid_E2_B__daily_first_difference__mid_E2_B_s07_hx_pa_400_39070751__r5,mid_E2_B,daily_first_difference,mid_E2_B_s07_hx_pa_400_39070751,2017-03-08,2017-09-30,207,34,51,0.04513372987881845,0.011129360044934032,0.1362294171839555
mid_E2_B__daily_first_difference__mid_E2_B_s07_hx_pa_400_39070751__r5,mid_E2_B,daily_first_difference,mid_E2_B_s07_hx_pa_400_39070751,2017-03-08,2017-09-30,207,35,51,-0.05807815514633661,-0.09633897401996862,0.1362294171839555
mid_E2_B__daily_first_difference__mid_E2_B_s07_hx_pa_400_39070751__r5,mid_E2_B,daily_first_difference,mid_E2_B_s07_hx_pa_400_39070751,2017-03-08,2017-09-30,207,36,51,-0.028307644589855584,-0.0395803624518959,0.1362294171839555
mid_E2_B__daily_first_difference__mid_E2_B_s07_hx_pa_400_39070751__r5,mid_E2_B,daily_first_difference,mid_E2_B_s07_hx_pa_400_39070751,2017-03-08,2017-09-30,207,37,51,0.1266786063877508,0.13897854581544292,0.1362294171839555
mid_E2_B__daily_first_difference__mid_E2_B_s07_hx_pa_400_39070751__r5,mid_E2_B,daily_first_difference,mid_E2_B_s07_hx_pa_400_39070751,2017-03-08,2017-09-30,207,38,51,-0.07577387235504324,-0.003657673644396481,0.1362294171839555
mid_E2_B__daily_first_difference__mid_E2_B_s07_hx_pa_400_39070751__r5,mid_E2_B,daily_first_difference,mid_E2_B_s07_hx_pa_400_39070751,2017-03-08,2017-09-30,207,39,51,-0.0778178825671735,-0.10594225921214317,0.1362294171839555
mid_E2_B__daily_first_difference__mid_E2_B_s07_hx_pa_400_39070751__r5,mid_E2_B,daily_first_difference,mid_E2_B_s07_hx_pa_400_39070751,2017-03-08,2017-09-30,207,40,51,-0.01033594639798959,-0.09812979377450132,0.1362294171839555
mid_E2_B__daily_first_difference__mid_E2_B_s07_hx_pa_400_39070751__r5,mid_E2_B,daily_first_difference,mid_E2_B_s07_hx_pa_400_39070751,2017-03-08,2017-09-30,207,41,51,-0.014192176147572273,-0.005299729286622047,0.1362294171839555
mid_E2_B__daily_first_difference__mid_E2_B_s07_hx_pa_400_39070751__r5,mid_E2_B,daily_first_difference,mid_E2_B_s07_hx_pa_400_39070751,2017-03-08,2017-09-30,207,42,51,-0.010224219957677354,-0.02584661030216138,0.1362294171839555
mid_E2_B__daily_first_difference__mid_E2_B_s07_hx_pa_400_39070751__r5,mid_E2_B,daily_first_difference,mid_E2_B_s07_hx_pa_400_39070751,2017-03-08,2017-09-30,207,43,51,-0.006256263767782414,0.022257280606797117,0.1362294171839555
mid_E2_B__daily_first_difference__mid_E2_B_s07_hx_pa_400_39070751__r5,mid_E2_B,daily_first_difference,mid_E2_B_s07_hx_pa_400_39070751,2017-03-08,2017-09-30,207,44,51,-0.08763521817505698,-0.06357666843201717,0.1362294171839555
mid_E2_B__daily_first_difference__mid_E2_B_s07_hx_pa_400_39070751__r5,mid_E2_B,daily_first_difference,mid_E2_B_s07_hx_pa_400_39070751,2017-03-08,2017-09-30,207,45,51,0.06507856703336286,0.055820113697527124,0.1362294171839555
mid_E2_B__daily_first_difference__mid_E2_B_s07_hx_pa_400_39070751__r5,mid_E2_B,daily_first_difference,mid_E2_B_s07_hx_pa_400_39070751,2017-03-08,2017-09-30,207,46,51,-0.010345951750853385,-0.038859902149120384,0.1362294171839555
mid_E2_B__daily_first_difference__mid_E2_B_s07_hx_pa_400_39070751__r5,mid_E2_B,daily_first_difference,mid_E2_B_s07_hx_pa_400_39070751,2017-03-08,2017-09-30,207,47,51,-0.020271678681427905,-0.025194145478567322,0.1362294171839555
mid_E2_B__daily_first_difference__mid_E2_B_s07_hx_pa_400_39070751__r5,mid_E2_B,daily_first_difference,mid_E2_B_s07_hx_pa_400_39070751,2017-03-08,2017-09-30,207,48,51,-0.010004102194674205,-0.062432100819955844,0.1362294171839555
mid_E2_B__daily_first_difference__mid_E2_B_s07_hx_pa_400_39070751__r5,mid_E2_B,daily_first_difference,mid_E2_B_s07_hx_pa_400_39070751,2017-03-08,2017-09-30,207,49,51,-0.023784391316020732,-0.06474740549798766,0.1362294171839555
mid_E2_B__daily_first_difference__mid_E2_B_s07_hx_pa_400_39070751__r5,mid_E2_B,daily_first_difference,mid_E2_B_s07_hx_pa_400_39070751,2017-03-08,2017-09-30,207,50,51,-0.011877187628714675,-0.01983765360036303,0.1362294171839555
mid_E2_B__daily_first_difference__mid_E2_B_s07_hx_pa_400_39070751__r5,mid_E2_B,daily_first_difference,mid_E2_B_s07_hx_pa_400_39070751,2017-03-08,2017-09-30,207,51,51,-0.03955115987053081,-0.01626329672144564,0.1362294171839555
mid_E2_B__daily_level__mid_E2_B_s01_hx_pa_400_29030259__WY2003__r3,mid_E2_B,daily_level,mid_E2_B_s01_hx_pa_400_29030259__WY2003,2003-02-24,2003-09-30,219,0,54,1.0,1.0,0.13244452616629923
mid_E2_B__daily_level__mid_E2_B_s01_hx_pa_400_29030259__WY2003__r3,mid_E2_B,daily_level,mid_E2_B_s01_hx_pa_400_29030259__WY2003,2003-02-24,2003-09-30,219,1,54,0.9932063405251871,0.9932063405251871,0.13244452616629923
mid_E2_B__daily_level__mid_E2_B_s01_hx_pa_400_29030259__WY2003__r3,mid_E2_B,daily_level,mid_E2_B_s01_hx_pa_400_29030259__WY2003,2003-02-24,2003-09-30,219,2,54,0.9848897838791426,-0.11587267151705798,0.13244452616629923
mid_E2_B__daily_level__mid_E2_B_s01_hx_pa_400_29030259__WY2003__r3,mid_E2_B,daily_level,mid_E2_B_s01_hx_pa_400_29030259__WY2003,2003-02-24,2003-09-30,219,3,54,0.9752437575205203,-0.09102641487533285,0.13244452616629923
mid_E2_B__daily_level__mid_E2_B_s01_hx_pa_400_29030259__WY2003__r3,mid_E2_B,daily_level,mid_E2_B_s01_hx_pa_400_29030259__WY2003,2003-02-24,2003-09-30,219,4,54,0.9644071388614178,-0.07478535181352,0.13244452616629923
mid_E2_B__daily_level__mid_E2_B_s01_hx_pa_400_29030259__WY2003__r3,mid_E2_B,daily_level,mid_E2_B_s01_hx_pa_400_29030259__WY2003,2003-02-24,2003-09-30,219,5,54,0.9525578411270657,-0.05806410168406704,0.13244452616629923
mid_E2_B__daily_level__mid_E2_B_s01_hx_pa_400_29030259__WY2003__r3,mid_E2_B,daily_level,mid_E2_B_s01_hx_pa_400_29030259__WY2003,2003-02-24,2003-09-30,219,6,54,0.939825483235422,-0.04736905328356591,0.13244452616629923
mid_E2_B__daily_level__mid_E2_B_s01_hx_pa_400_29030259__WY2003__r3,mid_E2_B,daily_level,mid_E2_B_s01_hx_pa_400_29030259__WY2003,2003-02-24,2003-09-30,219,7,54,0.9263221680344513,-0.03919384544615431,0.13244452616629923
mid_E2_B__daily_level__mid_E2_B_s01_hx_pa_400_29030259__WY2003__r3,mid_E2_B,daily_level,mid_E2_B_s01_hx_pa_400_29030259__WY2003,2003-02-24,2003-09-30,219,8,54,0.9121965318895354,-0.028988229736742487,0.13244452616629923
mid_E2_B__daily_level__mid_E2_B_s01_hx_pa_400_29030259__WY2003__r3,mid_E2_B,daily_level,mid_E2_B_s01_hx_pa_400_29030259__WY2003,2003-02-24,2003-09-30,219,9,54,0.8975439122673581,-0.02393219095103599,0.13244452616629923
mid_E2_B__daily_level__mid_E2_B_s01_hx_pa_400_29030259__WY2003__r3,mid_E2_B,daily_level,mid_E2_B_s01_hx_pa_400_29030259__WY2003,2003-02-24,2003-09-30,219,10,54,0.8824396282688952,-0.02062080758427937,0.13244452616629923
mid_E2_B__daily_level__mid_E2_B_s01_hx_pa_400_29030259__WY2003__r3,mid_E2_B,daily_level,mid_E2_B_s01_hx_pa_400_29030259__WY2003,2003-02-24,2003-09-30,219,11,54,0.8669827708044018,-0.015484526036492193,0.13244452616629923
mid_E2_B__daily_level__mid_E2_B_s01_hx_pa_400_29030259__WY2003__r3,mid_E2_B,daily_level,mid_E2_B_s01_hx_pa_400_29030259__WY2003,2003-02-24,2003-09-30,219,12,54,0.8512303922161442,-0.013872073859556602,0.13244452616629923
mid_E2_B__daily_level__mid_E2_B_s01_hx_pa_400_29030259__WY2003__r3,mid_E2_B,daily_level,mid_E2_B_s01_hx_pa_400_29030259__WY2003,2003-02-24,2003-09-30,219,13,54,0.8351261371483332,-0.02071531441102816,0.13244452616629923
mid_E2_B__daily_level__mid_E2_B_s01_hx_pa_400_29030259__WY2003__r3,mid_E2_B,daily_level,mid_E2_B_s01_hx_pa_400_29030259__WY2003,2003-02-24,2003-09-30,219,14,54,0.8187692039156965,-0.014152198302254698,0.13244452616629923
mid_E2_B__daily_level__mid_E2_B_s01_hx_pa_400_29030259__WY2003__r3,mid_E2_B,daily_level,mid_E2_B_s01_hx_pa_400_29030259__WY2003,2003-02-24,2003-09-30,219,15,54,0.8022938583935746,-0.005674305509627544,0.13244452616629923
mid_E2_B__daily_level__mid_E2_B_s01_hx_pa_400_29030259__WY2003__r3,mid_E2_B,daily_level,mid_E2_B_s01_hx_pa_400_29030259__WY2003,2003-02-24,2003-09-30,219,16,54,0.7856946492336349,-0.008900986010036705,0.13244452616629923
mid_E2_B__daily_level__mid_E2_B_s01_hx_pa_400_29030259__WY2003__r3,mid_E2_B,daily_level,mid_E2_B_s01_hx_pa_400_29030259__WY2003,2003-02-24,2003-09-30,219,17,54,0.7690168679882917,-0.0074056407992093,0.13244452616629923
mid_E2_B__daily_level__mid_E2_B_s01_hx_pa_400_29030259__WY2003__r3,mid_E2_B,daily_level,mid_E2_B_s01_hx_pa_400_29030259__WY2003,2003-02-24,2003-09-30,219,18,54,0.7522810334823953,-0.0077612574116135745,0.13244452616629923
mid_E2_B__daily_level__mid_E2_B_s01_hx_pa_400_29030259__WY2003__r3,mid_E2_B,daily_level,mid_E2_B_s01_hx_pa_400_29030259__WY2003,2003-02-24,2003-09-30,219,19,54,0.7355081649999393,-0.007705544016943553,0.13244452616629923
mid_E2_B__daily_level__mid_E2_B_s01_hx_pa_400_29030259__WY2003__r3,mid_E2_B,daily_level,mid_E2_B_s01_hx_pa_400_29030259__WY2003,2003-02-24,2003-09-30,219,20,54,0.7187177804474888,-0.007645900275506667,0.13244452616629923
mid_E2_B__daily_level__mid_E2_B_s01_hx_pa_400_29030259__WY2003__r3,mid_E2_B,daily_level,mid_E2_B_s01_hx_pa_400_29030259__WY2003,2003-02-24,2003-09-30,219,21,54,0.702009775126249,-0.0012087619233824242,0.13244452616629923
mid_E2_B__daily_level__mid_E2_B_s01_hx_pa_400_29030259__WY2003__r3,mid_E2_B,daily_level,mid_E2_B_s01_hx_pa_400_29030259__WY2003,2003-02-24,2003-09-30,219,22,54,0.6852415181805507,-0.014154598833334074,0.13244452616629923
mid_E2_B__daily_level__mid_E2_B_s01_hx_pa_400_29030259__WY2003__r3,mid_E2_B,daily_level,mid_E2_B_s01_hx_pa_400_29030259__WY2003,2003-02-24,2003-09-30,219,23,54,0.668465754347712,-0.009905835925568209,0.13244452616629923
mid_E2_B__daily_level__mid_E2_B_s01_hx_pa_400_29030259__WY2003__r3,mid_E2_B,daily_level,mid_E2_B_s01_hx_pa_400_29030259__WY2003,2003-02-24,2003-09-30,219,24,54,0.6516772288067346,-0.010779687162138864,0.13244452616629923
mid_E2_B__daily_level__mid_E2_B_s01_hx_pa_400_29030259__WY2003__r3,mid_E2_B,daily_level,mid_E2_B_s01_hx_pa_400_29030259__WY2003,2003-02-24,2003-09-30,219,25,54,0.6348799452307599,-0.010548105360999985,0.13244452616629923
mid_E2_B__daily_level__mid_E2_B_s01_hx_pa_400_29030259__WY2003__r3,mid_E2_B,daily_level,mid_E2_B_s01_hx_pa_400_29030259__WY2003,2003-02-24,2003-09-30,219,26,54,0.6181795542011341,-0.0026897701402772327,0.13244452616629923
mid_E2_B__daily_level__mid_E2_B_s01_hx_pa_400_29030259__WY2003__r3,mid_E2_B,daily_level,mid_E2_B_s01_hx_pa_400_29030259__WY2003,2003-02-24,2003-09-30,219,27,54,0.6013552458314537,-0.021160522452432995,0.13244452616629923
mid_E2_B__daily_level__mid_E2_B_s01_hx_pa_400_29030259__WY2003__r3,mid_E2_B,daily_level,mid_E2_B_s01_hx_pa_400_29030259__WY2003,2003-02-24,2003-09-30,219,28,54,0.5845104186369225,-0.011559264606151512,0.13244452616629923
mid_E2_B__daily_level__mid_E2_B_s01_hx_pa_400_29030259__WY2003__r3,mid_E2_B,daily_level,mid_E2_B_s01_hx_pa_400_29030259__WY2003,2003-02-24,2003-09-30,219,29,54,0.5677497222806017,-0.0036529230816295466,0.13244452616629923
mid_E2_B__daily_level__mid_E2_B_s01_hx_pa_400_29030259__WY2003__r3,mid_E2_B,daily_level,mid_E2_B_s01_hx_pa_400_29030259__WY2003,2003-02-24,2003-09-30,219,30,54,0.550874367078366,-0.020169819021564343,0.13244452616629923
mid_E2_B__daily_level__mid_E2_B_s01_hx_pa_400_29030259__WY2003__r3,mid_E2_B,daily_level,mid_E2_B_s01_hx_pa_400_29030259__WY2003,2003-02-24,2003-09-30,219,31,54,0.5339844985609922,-0.011113516459031013,0.13244452616629923
mid_E2_B__daily_level__mid_E2_B_s01_hx_pa_400_29030259__WY2003__r3,mid_E2_B,daily_level,mid_E2_B_s01_hx_pa_400_29030259__WY2003,2003-02-24,2003-09-30,219,32,54,0.5171795115705424,-0.0037721263231686483,0.13244452616629923
mid_E2_B__daily_level__mid_E2_B_s01_hx_pa_400_29030259__WY2003__r3,mid_E2_B,daily_level,mid_E2_B_s01_hx_pa_400_29030259__WY2003,2003-02-24,2003-09-30,219,33,54,0.5003627637902393,-0.012538051859476079,0.13244452616629923
mid_E2_B__daily_level__mid_E2_B_s01_hx_pa_400_29030259__WY2003__r3,mid_E2_B,daily_level,mid_E2_B_s01_hx_pa_400_29030259__WY2003,2003-02-24,2003-09-30,219,34,54,0.48345087507058665,-0.01878019822809327,0.13244452616629923
mid_E2_B__daily_level__mid_E2_B_s01_hx_pa_400_29030259__WY2003__r3,mid_E2_B,daily_level,mid_E2_B_s01_hx_pa_400_29030259__WY2003,2003-02-24,2003-09-30,219,35,54,0.46654123841707623,-0.010244982939942965,0.13244452616629923
mid_E2_B__daily_level__mid_E2_B_s01_hx_pa_400_29030259__WY2003__r3,mid_E2_B,daily_level,mid_E2_B_s01_hx_pa_400_29030259__WY2003,2003-02-24,2003-09-30,219,36,54,0.44960858064300135,-0.012590205390829843,0.13244452616629923
mid_E2_B__daily_level__mid_E2_B_s01_hx_pa_400_29030259__WY2003__r3,mid_E2_B,daily_level,mid_E2_B_s01_hx_pa_400_29030259__WY2003,2003-02-24,2003-09-30,219,37,54,0.43264989899350664,-0.01292652412888332,0.13244452616629923
mid_E2_B__daily_level__mid_E2_B_s01_hx_pa_400_29030259__WY2003__r3,mid_E2_B,daily_level,mid_E2_B_s01_hx_pa_400_29030259__WY2003,2003-02-24,2003-09-30,219,38,54,0.41566519346859127,-0.013209002284797237,0.13244452616629923
mid_E2_B__daily_level__mid_E2_B_s01_hx_pa_400_29030259__WY2003__r3,mid_E2_B,daily_level,mid_E2_B_s01_hx_pa_400_29030259__WY2003,2003-02-24,2003-09-30,219,39,54,0.39865096085425683,-0.013195759450537334,0.13244452616629923
mid_E2_B__daily_level__mid_E2_B_s01_hx_pa_400_29030259__WY2003__r3,mid_E2_B,daily_level,mid_E2_B_s01_hx_pa_400_29030259__WY2003,2003-02-24,2003-09-30,219,40,54,0.38171105556341933,-0.005279191850268916,0.13244452616629923
mid_E2_B__daily_level__mid_E2_B_s01_hx_pa_400_29030259__WY2003__r3,mid_E2_B,daily_level,mid_E2_B_s01_hx_pa_400_29030259__WY2003,2003-02-24,2003-09-30,219,41,54,0.3648438151119404,-0.007090554613028859,0.13244452616629923
mid_E2_B__daily_level__mid_E2_B_s01_hx_pa_400_29030259__WY2003__r3,mid_E2_B,daily_level,mid_E2_B_s01_hx_pa_400_29030259__WY2003,2003-02-24,2003-09-30,219,42,54,0.34786016420754723,-0.022401839420811174,0.13244452616629923
mid_E2_B__daily_level__mid_E2_B_s01_hx_pa_400_29030259__WY2003__r3,mid_E2_B,daily_level,mid_E2_B_s01_hx_pa_400_29030259__WY2003,2003-02-24,2003-09-30,219,43,54,0.33088201835372394,-0.011532756880721076,0.13244452616629923
mid_E2_B__daily_level__mid_E2_B_s01_hx_pa_400_29030259__WY2003__r3,mid_E2_B,daily_level,mid_E2_B_s01_hx_pa_400_29030259__WY2003,2003-02-24,2003-09-30,219,44,54,0.31390162043375835,-0.01293544552827008,0.13244452616629923
mid_E2_B__daily_level__mid_E2_B_s01_hx_pa_400_29030259__WY2003__r3,mid_E2_B,daily_level,mid_E2_B_s01_hx_pa_400_29030259__WY2003,2003-02-24,2003-09-30,219,45,54,0.2968579681344783,-0.017654571165554505,0.13244452616629923
mid_E2_B__daily_level__mid_E2_B_s01_hx_pa_400_29030259__WY2003__r3,mid_E2_B,daily_level,mid_E2_B_s01_hx_pa_400_29030259__WY2003,2003-02-24,2003-09-30,219,46,54,0.2798200711153392,-0.011620369547373877,0.13244452616629923
mid_E2_B__daily_level__mid_E2_B_s01_hx_pa_400_29030259__WY2003__r3,mid_E2_B,daily_level,mid_E2_B_s01_hx_pa_400_29030259__WY2003,2003-02-24,2003-09-30,219,47,54,0.262784926621485,-0.01282230316546726,0.13244452616629923
mid_E2_B__daily_level__mid_E2_B_s01_hx_pa_400_29030259__WY2003__r3,mid_E2_B,daily_level,mid_E2_B_s01_hx_pa_400_29030259__WY2003,2003-02-24,2003-09-30,219,48,54,0.24574527799534646,-0.013461726127749483,0.13244452616629923
mid_E2_B__daily_level__mid_E2_B_s01_hx_pa_400_29030259__WY2003__r3,mid_E2_B,daily_level,mid_E2_B_s01_hx_pa_400_29030259__WY2003,2003-02-24,2003-09-30,219,49,54,0.22881778591940904,-0.004732186459133729,0.13244452616629923
mid_E2_B__daily_level__mid_E2_B_s01_hx_pa_400_29030259__WY2003__r3,mid_E2_B,daily_level,mid_E2_B_s01_hx_pa_400_29030259__WY2003,2003-02-24,2003-09-30,219,50,54,0.21188979338432912,-0.015303009052190826,0.13244452616629923
mid_E2_B__daily_level__mid_E2_B_s01_hx_pa_400_29030259__WY2003__r3,mid_E2_B,daily_level,mid_E2_B_s01_hx_pa_400_29030259__WY2003,2003-02-24,2003-09-30,219,51,54,0.19494653684539687,-0.015958931110022036,0.13244452616629923
mid_E2_B__daily_level__mid_E2_B_s01_hx_pa_400_29030259__WY2003__r3,mid_E2_B,daily_level,mid_E2_B_s01_hx_pa_400_29030259__WY2003,2003-02-24,2003-09-30,219,52,54,0.17799602364889527,-0.015640684909408564,0.13244452616629923
mid_E2_B__daily_level__mid_E2_B_s01_hx_pa_400_29030259__WY2003__r3,mid_E2_B,daily_level,mid_E2_B_s01_hx_pa_400_29030259__WY2003,2003-02-24,2003-09-30,219,53,54,0.16098100492522258,-0.020017497654119976,0.13244452616629923
mid_E2_B__daily_level__mid_E2_B_s01_hx_pa_400_29030259__WY2003__r3,mid_E2_B,daily_level,mid_E2_B_s01_hx_pa_400_29030259__WY2003,2003-02-24,2003-09-30,219,54,54,0.14401647887272562,-0.010192223623129536,0.13244452616629923
mid_E2_B__daily_level__mid_E2_B_s01_hx_pa_400_29030259__WY2004__r2,mid_E2_B,daily_level,mid_E2_B_s01_hx_pa_400_29030259__WY2004,2004-02-23,2004-08-08,168,0,42,1.0,1.0,0.15121728296285006
mid_E2_B__daily_level__mid_E2_B_s01_hx_pa_400_29030259__WY2004__r2,mid_E2_B,daily_level,mid_E2_B_s01_hx_pa_400_29030259__WY2004,2004-02-23,2004-08-08,168,1,42,0.9252198005349161,0.9252198005349159,0.15121728296285006
mid_E2_B__daily_level__mid_E2_B_s01_hx_pa_400_29030259__WY2004__r2,mid_E2_B,daily_level,mid_E2_B_s01_hx_pa_400_29030259__WY2004,2004-02-23,2004-08-08,168,2,42,0.8927911186658791,0.2553300558467002,0.15121728296285006
mid_E2_B__daily_level__mid_E2_B_s01_hx_pa_400_29030259__WY2004__r2,mid_E2_B,daily_level,mid_E2_B_s01_hx_pa_400_29030259__WY2004,2004-02-23,2004-08-08,168,3,42,0.8603624367968424,0.06693122296230469,0.15121728296285006
mid_E2_B__daily_level__mid_E2_B_s01_hx_pa_400_29030259__WY2004__r2,mid_E2_B,daily_level,mid_E2_B_s01_hx_pa_400_29030259__WY2004,2004-02-23,2004-08-08,168,4,42,0.8486053289925428,0.16286982003836206,0.15121728296285006
mid_E2_B__daily_level__mid_E2_B_s01_hx_pa_400_29030259__WY2004__r2,mid_E2_B,daily_level,mid_E2_B_s01_hx_pa_400_29030259__WY2004,2004-02-23,2004-08-08,168,5,42,0.8283779176690339,0.030858593437665834,0.15121728296285006
mid_E2_B__daily_level__mid_E2_B_s01_hx_pa_400_29030259__WY2004__r2,mid_E2_B,daily_level,mid_E2_B_s01_hx_pa_400_29030259__WY2004,2004-02-23,2004-08-08,168,6,42,0.8039153545859202,-0.028742290352349407,0.15121728296285006
mid_E2_B__daily_level__mid_E2_B_s01_hx_pa_400_29030259__WY2004__r2,mid_E2_B,daily_level,mid_E2_B_s01_hx_pa_400_29030259__WY2004,2004-02-23,2004-08-08,168,7,42,0.7905448556351048,0.07694564026697942,0.15121728296285006
mid_E2_B__daily_level__mid_E2_B_s01_hx_pa_400_29030259__WY2004__r2,mid_E2_B,daily_level,mid_E2_B_s01_hx_pa_400_29030259__WY2004,2004-02-23,2004-08-08,168,8,42,0.7703174443115958,-0.016959737223884483,0.15121728296285006
mid_E2_B__daily_level__mid_E2_B_s01_hx_pa_400_29030259__WY2004__r2,mid_E2_B,daily_level,mid_E2_B_s01_hx_pa_400_29030259__WY2004,2004-02-23,2004-08-08,168,9,42,0.7580561517740102,0.03563332628457911,0.15121728296285006
mid_E2_B__daily_level__mid_E2_B_s01_hx_pa_400_29030259__WY2004__r2,mid_E2_B,daily_level,mid_E2_B_s01_hx_pa_400_29030259__WY2004,2004-02-23,2004-08-08,168,10,42,0.7415597074768194,0.013835746835821939,0.15121728296285006
mid_E2_B__daily_level__mid_E2_B_s01_hx_pa_400_29030259__WY2004__r2,mid_E2_B,daily_level,mid_E2_B_s01_hx_pa_400_29030259__WY2004,2004-02-23,2004-08-08,168,11,42,0.7250632631796292,-0.015245540000809915,0.15121728296285006
mid_E2_B__daily_level__mid_E2_B_s01_hx_pa_400_29030259__WY2004__r2,mid_E2_B,daily_level,mid_E2_B_s01_hx_pa_400_29030259__WY2004,2004-02-23,2004-08-08,168,12,42,0.7090710036157247,0.0036723947901203383,0.15121728296285006
mid_E2_B__daily_level__mid_E2_B_s01_hx_pa_400_29030259__WY2004__r2,mid_E2_B,daily_level,mid_E2_B_s01_hx_pa_400_29030259__WY2004,2004-02-23,2004-08-08,168,13,42,0.6883394075589296,-0.03760770992001166,0.15121728296285006
mid_E2_B__daily_level__mid_E2_B_s01_hx_pa_400_29030259__WY2004__r2,mid_E2_B,daily_level,mid_E2_B_s01_hx_pa_400_29030259__WY2004,2004-02-23,2004-08-08,168,14,42,0.6803132667809487,0.059292377717797655,0.15121728296285006
mid_E2_B__daily_level__mid_E2_B_s01_hx_pa_400_29030259__WY2004__r2,mid_E2_B,daily_level,mid_E2_B_s01_hx_pa_400_29030259__WY2004,2004-02-23,2004-08-08,168,15,42,0.6595816707241534,-0.047868216607846896,0.15121728296285006
mid_E2_B__daily_level__mid_E2_B_s01_hx_pa_400_29030259__WY2004__r2,mid_E2_B,daily_level,mid_E2_B_s01_hx_pa_400_29030259__WY2004,2004-02-23,2004-08-08,168,16,42,0.6473203781865675,0.013342379435140663,0.15121728296285006
mid_E2_B__daily_level__mid_E2_B_s01_hx_pa_400_29030259__WY2004__r2,mid_E2_B,daily_level,mid_E2_B_s01_hx_pa_400_29030259__WY2004,2004-02-23,2004-08-08,168,17,42,0.6350590856489817,0.03468105147745128,0.15121728296285006
mid_E2_B__daily_level__mid_E2_B_s01_hx_pa_400_29030259__WY2004__r2,mid_E2_B,daily_level,mid_E2_B_s01_hx_pa_400_29030259__WY2004,2004-02-23,2004-08-08,168,18,42,0.6122099137123842,-0.0920050876717177,0.15121728296285006
mid_E2_B__daily_level__mid_E2_B_s01_hx_pa_400_29030259__WY2004__r2,mid_E2_B,daily_level,mid_E2_B_s01_hx_pa_400_29030259__WY2004,2004-02-23,2004-08-08,168,19,42,0.608418924694008,0.09808506269596226,0.15121728296285006
mid_E2_B__daily_level__mid_E2_B_s01_hx_pa_400_29030259__WY2004__r2,mid_E2_B,daily_level,mid_E2_B_s01_hx_pa_400_29030259__WY2004,2004-02-23,2004-08-08,168,20,42,0.5940400562766198,-0.004993819947920583,0.15121728296285006
mid_E2_B__daily_level__mid_E2_B_s01_hx_pa_400_29030259__WY2004__r2,mid_E2_B,daily_level,mid_E2_B_s01_hx_pa_400_29030259__WY2004,2004-02-23,2004-08-08,168,21,42,0.581778763739034,-0.0378155201219966,0.15121728296285006
mid_E2_B__daily_level__mid_E2_B_s01_hx_pa_400_29030259__WY2004__r2,mid_E2_B,daily_level,mid_E2_B_s01_hx_pa_400_29030259__WY2004,2004-02-23,2004-08-08,168,22,42,0.5615513524155251,-0.020699758876407733,0.15121728296285006
mid_E2_B__daily_level__mid_E2_B_s01_hx_pa_400_29030259__WY2004__r2,mid_E2_B,daily_level,mid_E2_B_s01_hx_pa_400_29030259__WY2004,2004-02-23,2004-08-08,168,23,42,0.5397609684188288,-0.07124970110844742,0.15121728296285006
mid_E2_B__daily_level__mid_E2_B_s01_hx_pa_400_29030259__WY2004__r2,mid_E2_B,daily_level,mid_E2_B_s01_hx_pa_400_29030259__WY2004,2004-02-23,2004-08-08,168,24,42,0.5078868897564067,-0.13518251508956833,0.15121728296285006
mid_E2_B__daily_level__mid_E2_B_s01_hx_pa_400_29030259__WY2004__r2,mid_E2_B,daily_level,mid_E2_B_s01_hx_pa_400_29030259__WY2004,2004-02-23,2004-08-08,168,25,42,0.49350802133901867,0.06744693907315616,0.15121728296285006
mid_E2_B__daily_level__mid_E2_B_s01_hx_pa_400_29030259__WY2004__r2,mid_E2_B,daily_level,mid_E2_B_s01_hx_pa_400_29030259__WY2004,2004-02-23,2004-08-08,168,26,42,0.47489400116202585,-0.030667522746269587,0.15121728296285006
mid_E2_B__daily_level__mid_E2_B_s01_hx_pa_400_29030259__WY2004__r2,mid_E2_B,daily_level,mid_E2_B_s01_hx_pa_400_29030259__WY2004,2004-02-23,2004-08-08,168,27,42,0.44357452570621897,-0.12115228633803868,0.15121728296285006
mid_E2_B__daily_level__mid_E2_B_s01_hx_pa_400_29030259__WY2004__r2,mid_E2_B,daily_level,mid_E2_B_s01_hx_pa_400_29030259__WY2004,2004-02-23,2004-08-08,168,28,42,0.4186077778898189,-0.009120389698834204,0.15121728296285006
mid_E2_B__daily_level__mid_E2_B_s01_hx_pa_400_29030259__WY2004__r2,mid_E2_B,daily_level,mid_E2_B_s01_hx_pa_400_29030259__WY2004,2004-02-23,2004-08-08,168,29,42,0.3955065135865782,-0.013818244608057757,0.15121728296285006
mid_E2_B__daily_level__mid_E2_B_s01_hx_pa_400_29030259__WY2004__r2,mid_E2_B,daily_level,mid_E2_B_s01_hx_pa_400_29030259__WY2004,2004-02-23,2004-08-08,168,30,42,0.37427073279649664,-0.044860652677408734,0.15121728296285006
mid_E2_B__daily_level__mid_E2_B_s01_hx_pa_400_29030259__WY2004__r2,mid_E2_B,daily_level,mid_E2_B_s01_hx_pa_400_29030259__WY2004,2004-02-23,2004-08-08,168,31,42,0.3551525278862176,0.02009505282428202,0.15121728296285006
mid_E2_B__daily_level__mid_E2_B_s01_hx_pa_400_29030259__WY2004__r2,mid_E2_B,daily_level,mid_E2_B_s01_hx_pa_400_29030259__WY2004,2004-02-23,2004-08-08,168,32,42,0.3317991712163337,-0.01450446353673526,0.15121728296285006
mid_E2_B__daily_level__mid_E2_B_s01_hx_pa_400_29030259__WY2004__r2,mid_E2_B,daily_level,mid_E2_B_s01_hx_pa_400_29030259__WY2004,2004-02-23,2004-08-08,168,33,42,0.31530272691914324,-0.0038590236470250764,0.15121728296285006
mid_E2_B__daily_level__mid_E2_B_s01_hx_pa_400_29030259__WY2004__r2,mid_E2_B,daily_level,mid_E2_B_s01_hx_pa_400_29030259__WY2004,2004-02-23,2004-08-08,168,34,42,0.28983179436945705,-0.04013411675467848,0.15121728296285006
mid_E2_B__daily_level__mid_E2_B_s01_hx_pa_400_29030259__WY2004__r2,mid_E2_B,daily_level,mid_E2_B_s01_hx_pa_400_29030259__WY2004,2004-02-23,2004-08-08,168,35,42,0.26436086181977086,-0.05087666725858956,0.15121728296285006
mid_E2_B__daily_level__mid_E2_B_s01_hx_pa_400_29030259__WY2004__r2,mid_E2_B,daily_level,mid_E2_B_s01_hx_pa_400_29030259__WY2004,2004-02-23,2004-08-08,168,36,42,0.2388899292700846,-0.05053220062053897,0.15121728296285006
mid_E2_B__daily_level__mid_E2_B_s01_hx_pa_400_29030259__WY2004__r2,mid_E2_B,daily_level,mid_E2_B_s01_hx_pa_400_29030259__WY2004,2004-02-23,2004-08-08,168,37,42,0.22985541902553103,0.10348475737250704,0.15121728296285006
mid_E2_B__daily_level__mid_E2_B_s01_hx_pa_400_29030259__WY2004__r2,mid_E2_B,daily_level,mid_E2_B_s01_hx_pa_400_29030259__WY2004,2004-02-23,2004-08-08,168,38,42,0.22293848466077978,0.08773937223690541,0.15121728296285006
mid_E2_B__daily_level__mid_E2_B_s01_hx_pa_400_29030259__WY2004__r2,mid_E2_B,daily_level,mid_E2_B_s01_hx_pa_400_29030259__WY2004,2004-02-23,2004-08-08,168,39,42,0.2181391261758309,0.044453433718181966,0.15121728296285006
mid_E2_B__daily_level__mid_E2_B_s01_hx_pa_400_29030259__WY2004__r2,mid_E2_B,daily_level,mid_E2_B_s01_hx_pa_400_29030259__WY2004,2004-02-23,2004-08-08,168,40,42,0.1947857695059471,-0.09482242352062992,0.15121728296285006
mid_E2_B__daily_level__mid_E2_B_s01_hx_pa_400_29030259__WY2004__r2,mid_E2_B,daily_level,mid_E2_B_s01_hx_pa_400_29030259__WY2004,2004-02-23,2004-08-08,168,41,42,0.17990271635527255,0.024150905737248086,0.15121728296285006
mid_E2_B__daily_level__mid_E2_B_s01_hx_pa_400_29030259__WY2004__r2,mid_E2_B,daily_level,mid_E2_B_s01_hx_pa_400_29030259__WY2004,2004-02-23,2004-08-08,168,42,42,0.17772511848341244,0.06448247755878132,0.15121728296285006
mid_E2_B__daily_level__mid_E2_B_s01_hx_pa_400_29030259__WY2005__r1,mid_E2_B,daily_level,mid_E2_B_s01_hx_pa_400_29030259__WY2005,2004-10-01,2005-09-30,365,0,60,1.0,1.0,0.10259108882768189
mid_E2_B__daily_level__mid_E2_B_s01_hx_pa_400_29030259__WY2005__r1,mid_E2_B,daily_level,mid_E2_B_s01_hx_pa_400_29030259__WY2005,2004-10-01,2005-09-30,365,1,60,0.9964702256794323,0.9964702256794323,0.10259108882768189
mid_E2_B__daily_level__mid_E2_B_s01_hx_pa_400_29030259__WY2005__r1,mid_E2_B,daily_level,mid_E2_B_s01_hx_pa_400_29030259__WY2005,2004-10-01,2005-09-30,365,2,60,0.9925310296361761,-0.05986599706972857,0.10259108882768189
mid_E2_B__daily_level__mid_E2_B_s01_hx_pa_400_29030259__WY2005__r1,mid_E2_B,daily_level,mid_E2_B_s01_hx_pa_400_29030259__WY2005,2004-10-01,2005-09-30,365,3,60,0.9882385219126261,-0.04892427924926185,0.10259108882768189
mid_E2_B__daily_level__mid_E2_B_s01_hx_pa_400_29030259__WY2005__r1,mid_E2_B,daily_level,mid_E2_B_s01_hx_pa_400_29030259__WY2005,2004-10-01,2005-09-30,365,4,60,0.9836277881626544,-0.04209241715615058,0.10259108882768189
mid_E2_B__daily_level__mid_E2_B_s01_hx_pa_400_29030259__WY2005__r1,mid_E2_B,daily_level,mid_E2_B_s01_hx_pa_400_29030259__WY2005,2004-10-01,2005-09-30,365,5,60,0.9787442305946064,-0.03437572263548824,0.10259108882768189
mid_E2_B__daily_level__mid_E2_B_s01_hx_pa_400_29030259__WY2005__r1,mid_E2_B,daily_level,mid_E2_B_s01_hx_pa_400_29030259__WY2005,2004-10-01,2005-09-30,365,6,60,0.9736113342495524,-0.030435143284666486,0.10259108882768189
mid_E2_B__daily_level__mid_E2_B_s01_hx_pa_400_29030259__WY2005__r1,mid_E2_B,daily_level,mid_E2_B_s01_hx_pa_400_29030259__WY2005,2004-10-01,2005-09-30,365,7,60,0.9682282752359894,-0.030205668313991553,0.10259108882768189
mid_E2_B__daily_level__mid_E2_B_s01_hx_pa_400_29030259__WY2005__r1,mid_E2_B,daily_level,mid_E2_B_s01_hx_pa_400_29030259__WY2005,2004-10-01,2005-09-30,365,8,60,0.9625978310878144,-0.02935566063615846,0.10259108882768189
mid_E2_B__daily_level__mid_E2_B_s01_hx_pa_400_29030259__WY2005__r1,mid_E2_B,daily_level,mid_E2_B_s01_hx_pa_400_29030259__WY2005,2004-10-01,2005-09-30,365,9,60,0.9567430391884414,-0.02559652728951435,0.10259108882768189
mid_E2_B__daily_level__mid_E2_B_s01_hx_pa_400_29030259__WY2005__r1,mid_E2_B,daily_level,mid_E2_B_s01_hx_pa_400_29030259__WY2005,2004-10-01,2005-09-30,365,10,60,0.9506857974167149,-0.022285730415096575,0.10259108882768189
mid_E2_B__daily_level__mid_E2_B_s01_hx_pa_400_29030259__WY2005__r1,mid_E2_B,daily_level,mid_E2_B_s01_hx_pa_400_29030259__WY2005,2004-10-01,2005-09-30,365,11,60,0.944444767219037,-0.019668707760188493,0.10259108882768189
mid_E2_B__daily_level__mid_E2_B_s01_hx_pa_400_29030259__WY2005__r1,mid_E2_B,daily_level,mid_E2_B_s01_hx_pa_400_29030259__WY2005,2004-10-01,2005-09-30,365,12,60,0.938052978653757,-0.015135745582784459,0.10259108882768189
mid_E2_B__daily_level__mid_E2_B_s01_hx_pa_400_29030259__WY2005__r1,mid_E2_B,daily_level,mid_E2_B_s01_hx_pa_400_29030259__WY2005,2004-10-01,2005-09-30,365,13,60,0.9315361980887177,-0.011939002695035648,0.10259108882768189
mid_E2_B__daily_level__mid_E2_B_s01_hx_pa_400_29030259__WY2005__r1,mid_E2_B,daily_level,mid_E2_B_s01_hx_pa_400_29030259__WY2005,2004-10-01,2005-09-30,365,14,60,0.9249294838418207,-0.007544970359715407,0.10259108882768189
mid_E2_B__daily_level__mid_E2_B_s01_hx_pa_400_29030259__WY2005__r1,mid_E2_B,daily_level,mid_E2_B_s01_hx_pa_400_29030259__WY2005,2004-10-01,2005-09-30,365,15,60,0.9182551471154075,-0.005245305579729758,0.10259108882768189
mid_E2_B__daily_level__mid_E2_B_s01_hx_pa_400_29030259__WY2005__r1,mid_E2_B,daily_level,mid_E2_B_s01_hx_pa_400_29030259__WY2005,2004-10-01,2005-09-30,365,16,60,0.91153411310036,-0.0031978316209370855,0.10259108882768189
mid_E2_B__daily_level__mid_E2_B_s01_hx_pa_400_29030259__WY2005__r1,mid_E2_B,daily_level,mid_E2_B_s01_hx_pa_400_29030259__WY2005,2004-10-01,2005-09-30,365,17,60,0.9047853724146686,-0.0014733137541841318,0.10259108882768189
mid_E2_B__daily_level__mid_E2_B_s01_hx_pa_400_29030259__WY2005__r1,mid_E2_B,daily_level,mid_E2_B_s01_hx_pa_400_29030259__WY2005,2004-10-01,2005-09-30,365,18,60,0.898011135180223,-0.0021888712847802166,0.10259108882768189
mid_E2_B__daily_level__mid_E2_B_s01_hx_pa_400_29030259__WY2005__r1,mid_E2_B,daily_level,mid_E2_B_s01_hx_pa_400_29030259__WY2005,2004-10-01,2005-09-30,365,19,60,0.8912193630569171,-0.0019061416993632401,0.10259108882768189
mid_E2_B__daily_level__mid_E2_B_s01_hx_pa_400_29030259__WY2005__r1,mid_E2_B,daily_level,mid_E2_B_s01_hx_pa_400_29030259__WY2005,2004-10-01,2005-09-30,365,20,60,0.8844072346419438,-0.0031270294058758016,0.10259108882768189
mid_E2_B__daily_level__mid_E2_B_s01_hx_pa_400_29030259__WY2005__r1,mid_E2_B,daily_level,mid_E2_B_s01_hx_pa_400_29030259__WY2005,2004-10-01,2005-09-30,365,21,60,0.8775842576440036,-0.0023939481250022845,0.10259108882768189
mid_E2_B__daily_level__mid_E2_B_s01_hx_pa_400_29030259__WY2005__r1,mid_E2_B,daily_level,mid_E2_B_s01_hx_pa_400_29030259__WY2005,2004-10-01,2005-09-30,365,22,60,0.8707527112911654,-0.0027194426416943555,0.10259108882768189
mid_E2_B__daily_level__mid_E2_B_s01_hx_pa_400_29030259__WY2005__r1,mid_E2_B,daily_level,mid_E2_B_s01_hx_pa_400_29030259__WY2005,2004-10-01,2005-09-30,365,23,60,0.8639086658168638,-0.003842670730371658,0.10259108882768189
mid_E2_B__daily_level__mid_E2_B_s01_hx_pa_400_29030259__WY2005__r1,mid_E2_B,daily_level,mid_E2_B_s01_hx_pa_400_29030259__WY2005,2004-10-01,2005-09-30,365,24,60,0.8570432156964237,-0.005519184557911354,0.10259108882768189
mid_E2_B__daily_level__mid_E2_B_s01_hx_pa_400_29030259__WY2005__r1,mid_E2_B,daily_level,mid_E2_B_s01_hx_pa_400_29030259__WY2005,2004-10-01,2005-09-30,365,25,60,0.8501522965821295,-0.006281486896031414,0.10259108882768189
mid_E2_B__daily_level__mid_E2_B_s01_hx_pa_400_29030259__WY2005__r1,mid_E2_B,daily_level,mid_E2_B_s01_hx_pa_400_29030259__WY2005,2004-10-01,2005-09-30,365,26,60,0.8432413115519668,-0.0055698771215618404,0.10259108882768189
mid_E2_B__daily_level__mid_E2_B_s01_hx_pa_400_29030259__WY2005__r1,mid_E2_B,daily_level,mid_E2_B_s01_hx_pa_400_29030259__WY2005,2004-10-01,2005-09-30,365,27,60,0.8362927774598924,-0.008180182232075093,0.10259108882768189
mid_E2_B__daily_level__mid_E2_B_s01_hx_pa_400_29030259__WY2005__r1,mid_E2_B,daily_level,mid_E2_B_s01_hx_pa_400_29030259__WY2005,2004-10-01,2005-09-30,365,28,60,0.8292867390474957,-0.010879862045365224,0.10259108882768189
mid_E2_B__daily_level__mid_E2_B_s01_hx_pa_400_29030259__WY2005__r1,mid_E2_B,daily_level,mid_E2_B_s01_hx_pa_400_29030259__WY2005,2004-10-01,2005-09-30,365,29,60,0.8222016621606091,-0.013565861710736255,0.10259108882768189
mid_E2_B__daily_level__mid_E2_B_s01_hx_pa_400_29030259__WY2005__r1,mid_E2_B,daily_level,mid_E2_B_s01_hx_pa_400_29030259__WY2005,2004-10-01,2005-09-30,365,30,60,0.8150341054111813,-0.013418806493731643,0.10259108882768189
mid_E2_B__daily_level__mid_E2_B_s01_hx_pa_400_29030259__WY2005__r1,mid_E2_B,daily_level,mid_E2_B_s01_hx_pa_400_29030259__WY2005,2004-10-01,2005-09-30,365,31,60,0.8077486838462833,-0.017946230739812847,0.10259108882768189
mid_E2_B__daily_level__mid_E2_B_s01_hx_pa_400_29030259__WY2005__r1,mid_E2_B,daily_level,mid_E2_B_s01_hx_pa_400_29030259__WY2005,2004-10-01,2005-09-30,365,32,60,0.8003191902196767,-0.02081622783940032,0.10259108882768189
mid_E2_B__daily_level__mid_E2_B_s01_hx_pa_400_29030259__WY2005__r1,mid_E2_B,daily_level,mid_E2_B_s01_hx_pa_400_29030259__WY2005,2004-10-01,2005-09-30,365,33,60,0.7927606211760946,-0.017614534472110754,0.10259108882768189
mid_E2_B__daily_level__mid_E2_B_s01_hx_pa_400_29030259__WY2005__r1,mid_E2_B,daily_level,mid_E2_B_s01_hx_pa_400_29030259__WY2005,2004-10-01,2005-09-30,365,34,60,0.7850876664515315,-0.014815892870282156,0.10259108882768189
mid_E2_B__daily_level__mid_E2_B_s01_hx_pa_400_29030259__WY2005__r1,mid_E2_B,daily_level,mid_E2_B_s01_hx_pa_400_29030259__WY2005,2004-10-01,2005-09-30,365,35,60,0.7772994521178068,-0.014548064891127515,0.10259108882768189
mid_E2_B__daily_level__mid_E2_B_s01_hx_pa_400_29030259__WY2005__r1,mid_E2_B,daily_level,mid_E2_B_s01_hx_pa_400_29030259__WY2005,2004-10-01,2005-09-30,365,36,60,0.7693904095486064,-0.015019987276888604,0.10259108882768189
mid_E2_B__daily_level__mid_E2_B_s01_hx_pa_400_29030259__WY2005__r1,mid_E2_B,daily_level,mid_E2_B_s01_hx_pa_400_29030259__WY2005,2004-10-01,2005-09-30,365,37,60,0.7613473619908624,-0.01654730398533862,0.10259108882768189
mid_E2_B__daily_level__mid_E2_B_s01_hx_pa_400_29030259__WY2005__r1,mid_E2_B,daily_level,mid_E2_B_s01_hx_pa_400_29030259__WY2005,2004-10-01,2005-09-30,365,38,60,0.753170276597624,-0.016062882786682872,0.10259108882768189
mid_E2_B__daily_level__mid_E2_B_s01_hx_pa_400_29030259__WY2005__r1,mid_E2_B,daily_level,mid_E2_B_s01_hx_pa_400_29030259__WY2005,2004-10-01,2005-09-30,365,39,60,0.7448301045556993,-0.019897526803576107,0.10259108882768189
mid_E2_B__daily_level__mid_E2_B_s01_hx_pa_400_29030259__WY2005__r1,mid_E2_B,daily_level,mid_E2_B_s01_hx_pa_400_29030259__WY2005,2004-10-01,2005-09-30,365,40,60,0.736338730512287,-0.01764516765476244,0.10259108882768189
mid_E2_B__daily_level__mid_E2_B_s01_hx_pa_400_29030259__WY2005__r1,mid_E2_B,daily_level,mid_E2_B_s01_hx_pa_400_29030259__WY2005,2004-10-01,2005-09-30,365,41,60,0.7276978463382325,-0.01720350023313909,0.10259108882768189
mid_E2_B__daily_level__mid_E2_B_s01_hx_pa_400_29030259__WY2005__r1,mid_E2_B,daily_level,mid_E2_B_s01_hx_pa_400_29030259__WY2005,2004-10-01,2005-09-30,365,42,60,0.7189102736552717,-0.01672552070264573,0.10259108882768189
mid_E2_B__daily_level__mid_E2_B_s01_hx_pa_400_29030259__WY2005__r1,mid_E2_B,daily_level,mid_E2_B_s01_hx_pa_400_29030259__WY2005,2004-10-01,2005-09-30,365,43,60,0.7099985879738536,-0.013535786823340331,0.10259108882768189
mid_E2_B__daily_level__mid_E2_B_s01_hx_pa_400_29030259__WY2005__r1,mid_E2_B,daily_level,mid_E2_B_s01_hx_pa_400_29030259__WY2005,2004-10-01,2005-09-30,365,44,60,0.700974737317447,-0.012196772230758891,0.10259108882768189
mid_E2_B__daily_level__mid_E2_B_s01_hx_pa_400_29030259__WY2005__r1,mid_E2_B,daily_level,mid_E2_B_s01_hx_pa_400_29030259__WY2005,2004-10-01,2005-09-30,365,45,60,0.6918542406056,-0.01044074145884788,0.10259108882768189
mid_E2_B__daily_level__mid_E2_B_s01_hx_pa_400_29030259__WY2005__r1,mid_E2_B,daily_level,mid_E2_B_s01_hx_pa_400_29030259__WY2005,2004-10-01,2005-09-30,365,46,60,0.6826516523363688,-0.008932789379410095,0.10259108882768189
mid_E2_B__daily_level__mid_E2_B_s01_hx_pa_400_29030259__WY2005__r1,mid_E2_B,daily_level,mid_E2_B_s01_hx_pa_400_29030259__WY2005,2004-10-01,2005-09-30,365,47,60,0.6733771760891376,-0.008149309950367155,0.10259108882768189
mid_E2_B__daily_level__mid_E2_B_s01_hx_pa_400_29030259__WY2005__r1,mid_E2_B,daily_level,mid_E2_B_s01_hx_pa_400_29030259__WY2005,2004-10-01,2005-09-30,365,48,60,0.6640445619778182,-0.006874898691531479,0.10259108882768189
mid_E2_B__daily_level__mid_E2_B_s01_hx_pa_400_29030259__WY2005__r1,mid_E2_B,daily_level,mid_E2_B_s01_hx_pa_400_29030259__WY2005,2004-10-01,2005-09-30,365,49,60,0.6546470420811703,-0.008637951064869054,0.10259108882768189
mid_E2_B__daily_level__mid_E2_B_s01_hx_pa_400_29030259__WY2005__r1,mid_E2_B,daily_level,mid_E2_B_s01_hx_pa_400_29030259__WY2005,2004-10-01,2005-09-30,365,50,60,0.6452054979400945,-0.0062455618030531805,0.10259108882768189
mid_E2_B__daily_level__mid_E2_B_s01_hx_pa_400_29030259__WY2005__r1,mid_E2_B,daily_level,mid_E2_B_s01_hx_pa_400_29030259__WY2005,2004-10-01,2005-09-30,365,51,60,0.6357125388926156,-0.008124053929493152,0.10259108882768189
mid_E2_B__daily_level__mid_E2_B_s01_hx_pa_400_29030259__WY2005__r1,mid_E2_B,daily_level,mid_E2_B_s01_hx_pa_400_29030259__WY2005,2004-10-01,2005-09-30,365,52,60,0.626190123876216,-0.005596715167701297,0.10259108882768189
mid_E2_B__daily_level__mid_E2_B_s01_hx_pa_400_29030259__WY2005__r1,mid_E2_B,daily_level,mid_E2_B_s01_hx_pa_400_29030259__WY2005,2004-10-01,2005-09-30,365,53,60,0.6166372110967548,-0.0065872579386345685,0.10259108882768189
mid_E2_B__daily_level__mid_E2_B_s01_hx_pa_400_29030259__WY2005__r1,mid_E2_B,daily_level,mid_E2_B_s01_hx_pa_400_29030259__WY2005,2004-10-01,2005-09-30,365,54,60,0.6070558398357444,-0.006950848712335039,0.10259108882768189
mid_E2_B__daily_level__mid_E2_B_s01_hx_pa_400_29030259__WY2005__r1,mid_E2_B,daily_level,mid_E2_B_s01_hx_pa_400_29030259__WY2005,2004-10-01,2005-09-30,365,55,60,0.5974555659134942,-0.006125604284755019,0.10259108882768189
mid_E2_B__daily_level__mid_E2_B_s01_hx_pa_400_29030259__WY2005__r1,mid_E2_B,daily_level,mid_E2_B_s01_hx_pa_400_29030259__WY2005,2004-10-01,2005-09-30,365,56,60,0.5878394451683883,-0.006218426050499577,0.10259108882768189
mid_E2_B__daily_level__mid_E2_B_s01_hx_pa_400_29030259__WY2005__r1,mid_E2_B,daily_level,mid_E2_B_s01_hx_pa_400_29030259__WY2005,2004-10-01,2005-09-30,365,57,60,0.5782131924866384,-0.005843201683688542,0.10259108882768189
mid_E2_B__daily_level__mid_E2_B_s01_hx_pa_400_29030259__WY2005__r1,mid_E2_B,daily_level,mid_E2_B_s01_hx_pa_400_29030259__WY2005,2004-10-01,2005-09-30,365,58,60,0.568579579891161,-0.00580291021321454,0.10259108882768189
mid_E2_B__daily_level__mid_E2_B_s01_hx_pa_400_29030259__WY2005__r1,mid_E2_B,daily_level,mid_E2_B_s01_hx_pa_400_29030259__WY2005,2004-10-01,2005-09-30,365,59,60,0.5589377692751444,-0.006180344935435853,0.10259108882768189
mid_E2_B__daily_level__mid_E2_B_s01_hx_pa_400_29030259__WY2005__r1,mid_E2_B,daily_level,mid_E2_B_s01_hx_pa_400_29030259__WY2005,2004-10-01,2005-09-30,365,60,60,0.5492920816847304,-0.005719488937215865,0.10259108882768189
mid_E2_B__daily_level__mid_E2_B_s02_hx_vpa_400_27090342__WY2006__r1,mid_E2_B,daily_level,mid_E2_B_s02_hx_vpa_400_27090342__WY2006,2005-12-05,2006-09-13,283,0,60,1.0,1.0,0.11650990646244175
mid_E2_B__daily_level__mid_E2_B_s02_hx_vpa_400_27090342__WY2006__r1,mid_E2_B,daily_level,mid_E2_B_s02_hx_vpa_400_27090342__WY2006,2005-12-05,2006-09-13,283,1,60,0.9956187118457749,0.9956187118457751,0.11650990646244175
mid_E2_B__daily_level__mid_E2_B_s02_hx_vpa_400_27090342__WY2006__r1,mid_E2_B,daily_level,mid_E2_B_s02_hx_vpa_400_27090342__WY2006,2005-12-05,2006-09-13,283,2,60,0.9908096826101893,-0.0511171578300108,0.11650990646244175
mid_E2_B__daily_level__mid_E2_B_s02_hx_vpa_400_27090342__WY2006__r1,mid_E2_B,daily_level,mid_E2_B_s02_hx_vpa_400_27090342__WY2006,2005-12-05,2006-09-13,283,3,60,0.985618194636156,-0.043889580268202624,0.11650990646244175
mid_E2_B__daily_level__mid_E2_B_s02_hx_vpa_400_27090342__WY2006__r1,mid_E2_B,daily_level,mid_E2_B_s02_hx_vpa_400_27090342__WY2006,2005-12-05,2006-09-13,283,4,60,0.9800708760091187,-0.0394365378538533,0.11650990646244175
mid_E2_B__daily_level__mid_E2_B_s02_hx_vpa_400_27090342__WY2006__r1,mid_E2_B,daily_level,mid_E2_B_s02_hx_vpa_400_27090342__WY2006,2005-12-05,2006-09-13,283,5,60,0.9741738484838501,-0.037689292707110314,0.11650990646244175
mid_E2_B__daily_level__mid_E2_B_s02_hx_vpa_400_27090342__WY2006__r1,mid_E2_B,daily_level,mid_E2_B_s02_hx_vpa_400_27090342__WY2006,2005-12-05,2006-09-13,283,6,60,0.9679477629185372,-0.03438380443873367,0.11650990646244175
mid_E2_B__daily_level__mid_E2_B_s02_hx_vpa_400_27090342__WY2006__r1,mid_E2_B,daily_level,mid_E2_B_s02_hx_vpa_400_27090342__WY2006,2005-12-05,2006-09-13,283,7,60,0.9613683587659956,-0.0365038618190104,0.11650990646244175
mid_E2_B__daily_level__mid_E2_B_s02_hx_vpa_400_27090342__WY2006__r1,mid_E2_B,daily_level,mid_E2_B_s02_hx_vpa_400_27090342__WY2006,2005-12-05,2006-09-13,283,8,60,0.9544350712465327,-0.03571489600975037,0.11650990646244175
mid_E2_B__daily_level__mid_E2_B_s02_hx_vpa_400_27090342__WY2006__r1,mid_E2_B,daily_level,mid_E2_B_s02_hx_vpa_400_27090342__WY2006,2005-12-05,2006-09-13,283,9,60,0.9471738101758357,-0.031952111397866224,0.11650990646244175
mid_E2_B__daily_level__mid_E2_B_s02_hx_vpa_400_27090342__WY2006__r1,mid_E2_B,daily_level,mid_E2_B_s02_hx_vpa_400_27090342__WY2006,2005-12-05,2006-09-13,283,10,60,0.9396005849421045,-0.02962547767705644,0.11650990646244175
mid_E2_B__daily_level__mid_E2_B_s02_hx_vpa_400_27090342__WY2006__r1,mid_E2_B,daily_level,mid_E2_B_s02_hx_vpa_400_27090342__WY2006,2005-12-05,2006-09-13,283,11,60,0.9317310386293968,-0.027477223145653495,0.11650990646244175
mid_E2_B__daily_level__mid_E2_B_s02_hx_vpa_400_27090342__WY2006__r1,mid_E2_B,daily_level,mid_E2_B_s02_hx_vpa_400_27090342__WY2006,2005-12-05,2006-09-13,283,12,60,0.923583429529031,-0.025155103831028605,0.11650990646244175
mid_E2_B__daily_level__mid_E2_B_s02_hx_vpa_400_27090342__WY2006__r1,mid_E2_B,daily_level,mid_E2_B_s02_hx_vpa_400_27090342__WY2006,2005-12-05,2006-09-13,283,13,60,0.9151753623006851,-0.023028464996047937,0.11650990646244175
mid_E2_B__daily_level__mid_E2_B_s02_hx_vpa_400_27090342__WY2006__r1,mid_E2_B,daily_level,mid_E2_B_s02_hx_vpa_400_27090342__WY2006,2005-12-05,2006-09-13,283,14,60,0.9065121591295867,-0.02242456846516967,0.11650990646244175
mid_E2_B__daily_level__mid_E2_B_s02_hx_vpa_400_27090342__WY2006__r1,mid_E2_B,daily_level,mid_E2_B_s02_hx_vpa_400_27090342__WY2006,2005-12-05,2006-09-13,283,15,60,0.8975929925478139,-0.0225569785718533,0.11650990646244175
mid_E2_B__daily_level__mid_E2_B_s02_hx_vpa_400_27090342__WY2006__r1,mid_E2_B,daily_level,mid_E2_B_s02_hx_vpa_400_27090342__WY2006,2005-12-05,2006-09-13,283,16,60,0.8884230958886461,-0.02197027708530597,0.11650990646244175
mid_E2_B__daily_level__mid_E2_B_s02_hx_vpa_400_27090342__WY2006__r1,mid_E2_B,daily_level,mid_E2_B_s02_hx_vpa_400_27090342__WY2006,2005-12-05,2006-09-13,283,17,60,0.8790153569284916,-0.020529046474368127,0.11650990646244175
mid_E2_B__daily_level__mid_E2_B_s02_hx_vpa_400_27090342__WY2006__r1,mid_E2_B,daily_level,mid_E2_B_s02_hx_vpa_400_27090342__WY2006,2005-12-05,2006-09-13,283,18,60,0.8693813251931668,-0.019329827108525703,0.11650990646244175
mid_E2_B__daily_level__mid_E2_B_s02_hx_vpa_400_27090342__WY2006__r1,mid_E2_B,daily_level,mid_E2_B_s02_hx_vpa_400_27090342__WY2006,2005-12-05,2006-09-13,283,19,60,0.8595430197938073,-0.01697436248243791,0.11650990646244175
mid_E2_B__daily_level__mid_E2_B_s02_hx_vpa_400_27090342__WY2006__r1,mid_E2_B,daily_level,mid_E2_B_s02_hx_vpa_400_27090342__WY2006,2005-12-05,2006-09-13,283,20,60,0.849524056402231,-0.01454952835441226,0.11650990646244175
mid_E2_B__daily_level__mid_E2_B_s02_hx_vpa_400_27090342__WY2006__r1,mid_E2_B,daily_level,mid_E2_B_s02_hx_vpa_400_27090342__WY2006,2005-12-05,2006-09-13,283,21,60,0.839342603643033,-0.012855605732703444,0.11650990646244175
mid_E2_B__daily_level__mid_E2_B_s02_hx_vpa_400_27090342__WY2006__r1,mid_E2_B,daily_level,mid_E2_B_s02_hx_vpa_400_27090342__WY2006,2005-12-05,2006-09-13,283,22,60,0.829006695227718,-0.012392284425427707,0.11650990646244175
mid_E2_B__daily_level__mid_E2_B_s02_hx_vpa_400_27090342__WY2006__r1,mid_E2_B,daily_level,mid_E2_B_s02_hx_vpa_400_27090342__WY2006,2005-12-05,2006-09-13,283,23,60,0.8185181182510236,-0.012651575408767471,0.11650990646244175
mid_E2_B__daily_level__mid_E2_B_s02_hx_vpa_400_27090342__WY2006__r1,mid_E2_B,daily_level,mid_E2_B_s02_hx_vpa_400_27090342__WY2006,2005-12-05,2006-09-13,283,24,60,0.8078906434136837,-0.011476963598412476,0.11650990646244175
mid_E2_B__daily_level__mid_E2_B_s02_hx_vpa_400_27090342__WY2006__r1,mid_E2_B,daily_level,mid_E2_B_s02_hx_vpa_400_27090342__WY2006,2005-12-05,2006-09-13,283,25,60,0.797123608157608,-0.012048275058789196,0.11650990646244175
mid_E2_B__daily_level__mid_E2_B_s02_hx_vpa_400_27090342__WY2006__r1,mid_E2_B,daily_level,mid_E2_B_s02_hx_vpa_400_27090342__WY2006,2005-12-05,2006-09-13,283,26,60,0.7862044225898912,-0.013969105601020765,0.11650990646244175
mid_E2_B__daily_level__mid_E2_B_s02_hx_vpa_400_27090342__WY2006__r1,mid_E2_B,daily_level,mid_E2_B_s02_hx_vpa_400_27090342__WY2006,2005-12-05,2006-09-13,283,27,60,0.7751517943204247,-0.012125984180461576,0.11650990646244175
mid_E2_B__daily_level__mid_E2_B_s02_hx_vpa_400_27090342__WY2006__r1,mid_E2_B,daily_level,mid_E2_B_s02_hx_vpa_400_27090342__WY2006,2005-12-05,2006-09-13,283,28,60,0.7639936283062353,-0.009317924837883015,0.11650990646244175
mid_E2_B__daily_level__mid_E2_B_s02_hx_vpa_400_27090342__WY2006__r1,mid_E2_B,daily_level,mid_E2_B_s02_hx_vpa_400_27090342__WY2006,2005-12-05,2006-09-13,283,29,60,0.7527276929865775,-0.010143047430071685,0.11650990646244175
mid_E2_B__daily_level__mid_E2_B_s02_hx_vpa_400_27090342__WY2006__r1,mid_E2_B,daily_level,mid_E2_B_s02_hx_vpa_400_27090342__WY2006,2005-12-05,2006-09-13,283,30,60,0.7413676658321008,-0.009016480437333576,0.11650990646244175
mid_E2_B__daily_level__mid_E2_B_s02_hx_vpa_400_27090342__WY2006__r1,mid_E2_B,daily_level,mid_E2_B_s02_hx_vpa_400_27090342__WY2006,2005-12-05,2006-09-13,283,31,60,0.7299141023556996,-0.009461992919760355,0.11650990646244175
mid_E2_B__daily_level__mid_E2_B_s02_hx_vpa_400_27090342__WY2006__r1,mid_E2_B,daily_level,mid_E2_B_s02_hx_vpa_400_27090342__WY2006,2005-12-05,2006-09-13,283,32,60,0.7183675062133216,-0.00983907418687298,0.11650990646244175
mid_E2_B__daily_level__mid_E2_B_s02_hx_vpa_400_27090342__WY2006__r1,mid_E2_B,daily_level,mid_E2_B_s02_hx_vpa_400_27090342__WY2006,2005-12-05,2006-09-13,283,33,60,0.706740035662023,-0.008824647225561897,0.11650990646244175
mid_E2_B__daily_level__mid_E2_B_s02_hx_vpa_400_27090342__WY2006__r1,mid_E2_B,daily_level,mid_E2_B_s02_hx_vpa_400_27090342__WY2006,2005-12-05,2006-09-13,283,34,60,0.6950391612631708,-0.008448970029119906,0.11650990646244175
mid_E2_B__daily_level__mid_E2_B_s02_hx_vpa_400_27090342__WY2006__r1,mid_E2_B,daily_level,mid_E2_B_s02_hx_vpa_400_27090342__WY2006,2005-12-05,2006-09-13,283,35,60,0.6832754284897944,-0.007711437501570126,0.11650990646244175
mid_E2_B__daily_level__mid_E2_B_s02_hx_vpa_400_27090342__WY2006__r1,mid_E2_B,daily_level,mid_E2_B_s02_hx_vpa_400_27090342__WY2006,2005-12-05,2006-09-13,283,36,60,0.6714456317307183,-0.008593380040206738,0.11650990646244175
mid_E2_B__daily_level__mid_E2_B_s02_hx_vpa_400_27090342__WY2006__r1,mid_E2_B,daily_level,mid_E2_B_s02_hx_vpa_400_27090342__WY2006,2005-12-05,2006-09-13,283,37,60,0.6595622678189393,-0.00756999111284399,0.11650990646244175
mid_E2_B__daily_level__mid_E2_B_s02_hx_vpa_400_27090342__WY2006__r1,mid_E2_B,daily_level,mid_E2_B_s02_hx_vpa_400_27090342__WY2006,2005-12-05,2006-09-13,283,38,60,0.6476415293798157,-0.006145235845559634,0.11650990646244175
mid_E2_B__daily_level__mid_E2_B_s02_hx_vpa_400_27090342__WY2006__r1,mid_E2_B,daily_level,mid_E2_B_s02_hx_vpa_400_27090342__WY2006,2005-12-05,2006-09-13,283,39,60,0.635681720274539,-0.006857903681003836,0.11650990646244175
mid_E2_B__daily_level__mid_E2_B_s02_hx_vpa_400_27090342__WY2006__r1,mid_E2_B,daily_level,mid_E2_B_s02_hx_vpa_400_27090342__WY2006,2005-12-05,2006-09-13,283,40,60,0.6236821139025164,-0.00737765743271032,0.11650990646244175
mid_E2_B__daily_level__mid_E2_B_s02_hx_vpa_400_27090342__WY2006__r1,mid_E2_B,daily_level,mid_E2_B_s02_hx_vpa_400_27090342__WY2006,2005-12-05,2006-09-13,283,41,60,0.6116455764842059,-0.007447224816899674,0.11650990646244175
mid_E2_B__daily_level__mid_E2_B_s02_hx_vpa_400_27090342__WY2006__r1,mid_E2_B,daily_level,mid_E2_B_s02_hx_vpa_400_27090342__WY2006,2005-12-05,2006-09-13,283,42,60,0.5995866698739624,-0.0061415630902442965,0.11650990646244175
mid_E2_B__daily_level__mid_E2_B_s02_hx_vpa_400_27090342__WY2006__r1,mid_E2_B,daily_level,mid_E2_B_s02_hx_vpa_400_27090342__WY2006,2005-12-05,2006-09-13,283,43,60,0.5875035539649764,-0.006814170798028899,0.11650990646244175
mid_E2_B__daily_level__mid_E2_B_s02_hx_vpa_400_27090342__WY2006__r1,mid_E2_B,daily_level,mid_E2_B_s02_hx_vpa_400_27090342__WY2006,2005-12-05,2006-09-13,283,44,60,0.5753912167390588,-0.007818290043797369,0.11650990646244175
mid_E2_B__daily_level__mid_E2_B_s02_hx_vpa_400_27090342__WY2006__r1,mid_E2_B,daily_level,mid_E2_B_s02_hx_vpa_400_27090342__WY2006,2005-12-05,2006-09-13,283,45,60,0.5632653205925447,-0.006339295250960065,0.11650990646244175
mid_E2_B__daily_level__mid_E2_B_s02_hx_vpa_400_27090342__WY2006__r1,mid_E2_B,daily_level,mid_E2_B_s02_hx_vpa_400_27090342__WY2006,2005-12-05,2006-09-13,283,46,60,0.5511301382469485,-0.006251438460056904,0.11650990646244175
mid_E2_B__daily_level__mid_E2_B_s02_hx_vpa_400_27090342__WY2006__r1,mid_E2_B,daily_level,mid_E2_B_s02_hx_vpa_400_27090342__WY2006,2005-12-05,2006-09-13,283,47,60,0.5389796995527433,-0.007328509740843824,0.11650990646244175
mid_E2_B__daily_level__mid_E2_B_s02_hx_vpa_400_27090342__WY2006__r1,mid_E2_B,daily_level,mid_E2_B_s02_hx_vpa_400_27090342__WY2006,2005-12-05,2006-09-13,283,48,60,0.5268078413820181,-0.008358179937174283,0.11650990646244175
mid_E2_B__daily_level__mid_E2_B_s02_hx_vpa_400_27090342__WY2006__r1,mid_E2_B,daily_level,mid_E2_B_s02_hx_vpa_400_27090342__WY2006,2005-12-05,2006-09-13,283,49,60,0.5146295027535256,-0.006871804934757857,0.11650990646244175
mid_E2_B__daily_level__mid_E2_B_s02_hx_vpa_400_27090342__WY2006__r1,mid_E2_B,daily_level,mid_E2_B_s02_hx_vpa_400_27090342__WY2006,2005-12-05,2006-09-13,283,50,60,0.5024399244620019,-0.007749541783968263,0.11650990646244175
mid_E2_B__daily_level__mid_E2_B_s02_hx_vpa_400_27090342__WY2006__r1,mid_E2_B,daily_level,mid_E2_B_s02_hx_vpa_400_27090342__WY2006,2005-12-05,2006-09-13,283,51,60,0.4902391222563651,-0.008010341799065101,0.11650990646244175
mid_E2_B__daily_level__mid_E2_B_s02_hx_vpa_400_27090342__WY2006__r1,mid_E2_B,daily_level,mid_E2_B_s02_hx_vpa_400_27090342__WY2006,2005-12-05,2006-09-13,283,52,60,0.47804308848669297,-0.006411101454159793,0.11650990646244175
mid_E2_B__daily_level__mid_E2_B_s02_hx_vpa_400_27090342__WY2006__r1,mid_E2_B,daily_level,mid_E2_B_s02_hx_vpa_400_27090342__WY2006,2005-12-05,2006-09-13,283,53,60,0.46584154946480977,-0.007953843848177489,0.11650990646244175
mid_E2_B__daily_level__mid_E2_B_s02_hx_vpa_400_27090342__WY2006__r1,mid_E2_B,daily_level,mid_E2_B_s02_hx_vpa_400_27090342__WY2006,2005-12-05,2006-09-13,283,54,60,0.4536426094268429,-0.007214515662364697,0.11650990646244175
mid_E2_B__daily_level__mid_E2_B_s02_hx_vpa_400_27090342__WY2006__r1,mid_E2_B,daily_level,mid_E2_B_s02_hx_vpa_400_27090342__WY2006,2005-12-05,2006-09-13,283,55,60,0.44143340072343995,-0.008980484247717507,0.11650990646244175
mid_E2_B__daily_level__mid_E2_B_s02_hx_vpa_400_27090342__WY2006__r1,mid_E2_B,daily_level,mid_E2_B_s02_hx_vpa_400_27090342__WY2006,2005-12-05,2006-09-13,283,56,60,0.42922697278173294,-0.0076161103019746915,0.11650990646244175
mid_E2_B__daily_level__mid_E2_B_s02_hx_vpa_400_27090342__WY2006__r1,mid_E2_B,daily_level,mid_E2_B_s02_hx_vpa_400_27090342__WY2006,2005-12-05,2006-09-13,283,57,60,0.41702179552787333,-0.008009369154542966,0.11650990646244175
mid_E2_B__daily_level__mid_E2_B_s02_hx_vpa_400_27090342__WY2006__r1,mid_E2_B,daily_level,mid_E2_B_s02_hx_vpa_400_27090342__WY2006,2005-12-05,2006-09-13,283,58,60,0.404819128405983,-0.008074066053204406,0.11650990646244175
mid_E2_B__daily_level__mid_E2_B_s02_hx_vpa_400_27090342__WY2006__r1,mid_E2_B,daily_level,mid_E2_B_s02_hx_vpa_400_27090342__WY2006,2005-12-05,2006-09-13,283,59,60,0.39261682612885573,-0.008529065683846392,0.11650990646244175
mid_E2_B__daily_level__mid_E2_B_s02_hx_vpa_400_27090342__WY2006__r1,mid_E2_B,daily_level,mid_E2_B_s02_hx_vpa_400_27090342__WY2006,2005-12-05,2006-09-13,283,60,60,0.38041009480648075,-0.009265869126358555,0.11650990646244175
mid_E2_B__daily_level__mid_E2_B_s02_hx_vpa_400_27090342__WY2007__r1,mid_E2_B,daily_level,mid_E2_B_s02_hx_vpa_400_27090342__WY2007,2006-10-01,2007-02-22,145,0,36,1.0,1.0,0.16276914051333033
mid_E2_B__daily_level__mid_E2_B_s02_hx_vpa_400_27090342__WY2007__r1,mid_E2_B,daily_level,mid_E2_B_s02_hx_vpa_400_27090342__WY2007,2006-10-01,2007-02-22,145,1,36,0.9340886925096236,0.9340886925096232,0.16276914051333033
mid_E2_B__daily_level__mid_E2_B_s02_hx_vpa_400_27090342__WY2007__r1,mid_E2_B,daily_level,mid_E2_B_s02_hx_vpa_400_27090342__WY2007,2006-10-01,2007-02-22,145,2,36,0.8777669787562986,0.04114655344697985,0.16276914051333033
mid_E2_B__daily_level__mid_E2_B_s02_hx_vpa_400_27090342__WY2007__r1,mid_E2_B,daily_level,mid_E2_B_s02_hx_vpa_400_27090342__WY2007,2006-10-01,2007-02-22,145,3,36,0.8360695317452381,0.09004502096478063,0.16276914051333033
mid_E2_B__daily_level__mid_E2_B_s02_hx_vpa_400_27090342__WY2007__r1,mid_E2_B,daily_level,mid_E2_B_s02_hx_vpa_400_27090342__WY2007,2006-10-01,2007-02-22,145,4,36,0.8095796866270184,0.11417422508140575,0.16276914051333033
mid_E2_B__daily_level__mid_E2_B_s02_hx_vpa_400_27090342__WY2007__r1,mid_E2_B,daily_level,mid_E2_B_s02_hx_vpa_400_27090342__WY2007,2006-10-01,2007-02-22,145,5,36,0.8018546974740817,0.16881924224881567,0.16276914051333033
mid_E2_B__daily_level__mid_E2_B_s02_hx_vpa_400_27090342__WY2007__r1,mid_E2_B,daily_level,mid_E2_B_s02_hx_vpa_400_27090342__WY2007,2006-10-01,2007-02-22,145,6,36,0.7813126901995936,-0.04812775256320905,0.16276914051333033
mid_E2_B__daily_level__mid_E2_B_s02_hx_vpa_400_27090342__WY2007__r1,mid_E2_B,daily_level,mid_E2_B_s02_hx_vpa_400_27090342__WY2007,2006-10-01,2007-02-22,145,7,36,0.7634338532153555,0.055766085336880135,0.16276914051333033
mid_E2_B__daily_level__mid_E2_B_s02_hx_vpa_400_27090342__WY2007__r1,mid_E2_B,daily_level,mid_E2_B_s02_hx_vpa_400_27090342__WY2007,2006-10-01,2007-02-22,145,8,36,0.7494039378788484,0.05588091798061121,0.16276914051333033
mid_E2_B__daily_level__mid_E2_B_s02_hx_vpa_400_27090342__WY2007__r1,mid_E2_B,daily_level,mid_E2_B_s02_hx_vpa_400_27090342__WY2007,2006-10-01,2007-02-22,145,9,36,0.7345835216373539,0.015372811304110648,0.16276914051333033
mid_E2_B__daily_level__mid_E2_B_s02_hx_vpa_400_27090342__WY2007__r1,mid_E2_B,daily_level,mid_E2_B_s02_hx_vpa_400_27090342__WY2007,2006-10-01,2007-02-22,145,10,36,0.7248822802219493,0.03721165953110552,0.16276914051333033
mid_E2_B__daily_level__mid_E2_B_s02_hx_vpa_400_27090342__WY2007__r1,mid_E2_B,daily_level,mid_E2_B_s02_hx_vpa_400_27090342__WY2007,2006-10-01,2007-02-22,145,11,36,0.7066926946060956,-0.03470853172064426,0.16276914051333033
mid_E2_B__daily_level__mid_E2_B_s02_hx_vpa_400_27090342__WY2007__r1,mid_E2_B,daily_level,mid_E2_B_s02_hx_vpa_400_27090342__WY2007,2006-10-01,2007-02-22,145,12,36,0.6821981828066713,-0.04977661107728023,0.16276914051333033
mid_E2_B__daily_level__mid_E2_B_s02_hx_vpa_400_27090342__WY2007__r1,mid_E2_B,daily_level,mid_E2_B_s02_hx_vpa_400_27090342__WY2007,2006-10-01,2007-02-22,145,13,36,0.669354018827645,0.07053594953011814,0.16276914051333033
mid_E2_B__daily_level__mid_E2_B_s02_hx_vpa_400_27090342__WY2007__r1,mid_E2_B,daily_level,mid_E2_B_s02_hx_vpa_400_27090342__WY2007,2006-10-01,2007-02-22,145,14,36,0.6521620998711889,-0.03756097384935105,0.16276914051333033
mid_E2_B__daily_level__mid_E2_B_s02_hx_vpa_400_27090342__WY2007__r1,mid_E2_B,daily_level,mid_E2_B_s02_hx_vpa_400_27090342__WY2007,2006-10-01,2007-02-22,145,15,36,0.6349701809147328,-0.02590640425513091,0.16276914051333033
mid_E2_B__daily_level__mid_E2_B_s02_hx_vpa_400_27090342__WY2007__r1,mid_E2_B,daily_level,mid_E2_B_s02_hx_vpa_400_27090342__WY2007,2006-10-01,2007-02-22,145,16,36,0.6258713557062323,0.06555655234788249,0.16276914051333033
mid_E2_B__daily_level__mid_E2_B_s02_hx_vpa_400_27090342__WY2007__r1,mid_E2_B,daily_level,mid_E2_B_s02_hx_vpa_400_27090342__WY2007,2006-10-01,2007-02-22,145,17,36,0.6043316817723464,-0.07739127677181618,0.16276914051333033
mid_E2_B__daily_level__mid_E2_B_s02_hx_vpa_400_27090342__WY2007__r1,mid_E2_B,daily_level,mid_E2_B_s02_hx_vpa_400_27090342__WY2007,2006-10-01,2007-02-22,145,18,36,0.5823967573859667,-0.044365818300269616,0.16276914051333033
mid_E2_B__daily_level__mid_E2_B_s02_hx_vpa_400_27090342__WY2007__r1,mid_E2_B,daily_level,mid_E2_B_s02_hx_vpa_400_27090342__WY2007,2006-10-01,2007-02-22,145,19,36,0.5523687392516315,-0.08137185922118453,0.16276914051333033
mid_E2_B__daily_level__mid_E2_B_s02_hx_vpa_400_27090342__WY2007__r1,mid_E2_B,daily_level,mid_E2_B_s02_hx_vpa_400_27090342__WY2007,2006-10-01,2007-02-22,145,20,36,0.5193668021954307,-0.06490066365542799,0.16276914051333033
mid_E2_B__daily_level__mid_E2_B_s02_hx_vpa_400_27090342__WY2007__r1,mid_E2_B,daily_level,mid_E2_B_s02_hx_vpa_400_27090342__WY2007,2006-10-01,2007-02-22,145,21,36,0.4749026020169147,-0.1910410797670707,0.16276914051333033
mid_E2_B__daily_level__mid_E2_B_s02_hx_vpa_400_27090342__WY2007__r1,mid_E2_B,daily_level,mid_E2_B_s02_hx_vpa_400_27090342__WY2007,2006-10-01,2007-02-22,145,22,36,0.4361790739277199,-0.021748686877027405,0.16276914051333033
mid_E2_B__daily_level__mid_E2_B_s02_hx_vpa_400_27090342__WY2007__r1,mid_E2_B,daily_level,mid_E2_B_s02_hx_vpa_400_27090342__WY2007,2006-10-01,2007-02-22,145,23,36,0.4103952278936094,0.004386707771334311,0.16276914051333033
mid_E2_B__daily_level__mid_E2_B_s02_hx_vpa_400_27090342__WY2007__r1,mid_E2_B,daily_level,mid_E2_B_s02_hx_vpa_400_27090342__WY2007,2006-10-01,2007-02-22,145,24,36,0.3908318062221915,-0.004795177797068279,0.16276914051333033
mid_E2_B__daily_level__mid_E2_B_s02_hx_vpa_400_27090342__WY2007__r1,mid_E2_B,daily_level,mid_E2_B_s02_hx_vpa_400_27090342__WY2007,2006-10-01,2007-02-22,145,25,36,0.3673158800258375,-0.051080672150106296,0.16276914051333033
mid_E2_B__daily_level__mid_E2_B_s02_hx_vpa_400_27090342__WY2007__r1,mid_E2_B,daily_level,mid_E2_B_s02_hx_vpa_400_27090342__WY2007,2006-10-01,2007-02-22,145,26,36,0.348044125929708,0.04244378421760795,0.16276914051333033
mid_E2_B__daily_level__mid_E2_B_s02_hx_vpa_400_27090342__WY2007__r1,mid_E2_B,daily_level,mid_E2_B_s02_hx_vpa_400_27090342__WY2007,2006-10-01,2007-02-22,145,27,36,0.3216578636886934,-0.06128344459586574,0.16276914051333033
mid_E2_B__daily_level__mid_E2_B_s02_hx_vpa_400_27090342__WY2007__r1,mid_E2_B,daily_level,mid_E2_B_s02_hx_vpa_400_27090342__WY2007,2006-10-01,2007-02-22,145,28,36,0.2874701752750116,-0.07983352975522363,0.16276914051333033
mid_E2_B__daily_level__mid_E2_B_s02_hx_vpa_400_27090342__WY2007__r1,mid_E2_B,daily_level,mid_E2_B_s02_hx_vpa_400_27090342__WY2007,2006-10-01,2007-02-22,145,29,36,0.26010532743092657,0.004204026963234575,0.16276914051333033
mid_E2_B__daily_level__mid_E2_B_s02_hx_vpa_400_27090342__WY2007__r1,mid_E2_B,daily_level,mid_E2_B_s02_hx_vpa_400_27090342__WY2007,2006-10-01,2007-02-22,145,30,36,0.22057221738041732,-0.12757987628713116,0.16276914051333033
mid_E2_B__daily_level__mid_E2_B_s02_hx_vpa_400_27090342__WY2007__r1,mid_E2_B,daily_level,mid_E2_B_s02_hx_vpa_400_27090342__WY2007,2006-10-01,2007-02-22,145,31,36,0.1865726136648186,-0.01778154717130023,0.16276914051333033
mid_E2_B__daily_level__mid_E2_B_s02_hx_vpa_400_27090342__WY2007__r1,mid_E2_B,daily_level,mid_E2_B_s02_hx_vpa_400_27090342__WY2007,2006-10-01,2007-02-22,145,32,36,0.16047801899909245,0.021448027173280926,0.16276914051333033
mid_E2_B__daily_level__mid_E2_B_s02_hx_vpa_400_27090342__WY2007__r1,mid_E2_B,daily_level,mid_E2_B_s02_hx_vpa_400_27090342__WY2007,2006-10-01,2007-02-22,145,33,36,0.13122142071341725,-0.06358088633640549,0.16276914051333033
mid_E2_B__daily_level__mid_E2_B_s02_hx_vpa_400_27090342__WY2007__r1,mid_E2_B,daily_level,mid_E2_B_s02_hx_vpa_400_27090342__WY2007,2006-10-01,2007-02-22,145,34,36,0.1062934963488446,-0.018974851274086147,0.16276914051333033
mid_E2_B__daily_level__mid_E2_B_s02_hx_vpa_400_27090342__WY2007__r1,mid_E2_B,daily_level,mid_E2_B_s02_hx_vpa_400_27090342__WY2007,2006-10-01,2007-02-22,145,35,36,0.08138465304059925,0.043042833322788125,0.16276914051333033
mid_E2_B__daily_level__mid_E2_B_s02_hx_vpa_400_27090342__WY2007__r1,mid_E2_B,daily_level,mid_E2_B_s02_hx_vpa_400_27090342__WY2007,2006-10-01,2007-02-22,145,36,36,0.05884731244731556,-0.0062928466099848165,0.16276914051333033
mid_E2_B__daily_level__mid_E2_B_s05_hx_pa_400_29030259__WY2008__r1,mid_E2_B,daily_level,mid_E2_B_s05_hx_pa_400_29030259__WY2008,2008-04-24,2008-09-30,160,0,40,1.0,1.0,0.1549516053482506
mid_E2_B__daily_level__mid_E2_B_s05_hx_pa_400_29030259__WY2008__r1,mid_E2_B,daily_level,mid_E2_B_s05_hx_pa_400_29030259__WY2008,2008-04-24,2008-09-30,160,1,40,0.9614805947500807,0.9614805947500809,0.1549516053482506
mid_E2_B__daily_level__mid_E2_B_s05_hx_pa_400_29030259__WY2008__r1,mid_E2_B,daily_level,mid_E2_B_s05_hx_pa_400_29030259__WY2008,2008-04-24,2008-09-30,160,2,40,0.928029902237203,0.04744841543882477,0.1549516053482506
mid_E2_B__daily_level__mid_E2_B_s05_hx_pa_400_29030259__WY2008__r1,mid_E2_B,daily_level,mid_E2_B_s05_hx_pa_400_29030259__WY2008,2008-04-24,2008-09-30,160,3,40,0.8949498593432216,-0.00817419567694227,0.1549516053482506
mid_E2_B__daily_level__mid_E2_B_s05_hx_pa_400_29030259__WY2008__r1,mid_E2_B,daily_level,mid_E2_B_s05_hx_pa_400_29030259__WY2008,2008-04-24,2008-09-30,160,4,40,0.8689470066083342,0.077333638538738,0.1549516053482506
mid_E2_B__daily_level__mid_E2_B_s05_hx_pa_400_29030259__WY2008__r1,mid_E2_B,daily_level,mid_E2_B_s05_hx_pa_400_29030259__WY2008,2008-04-24,2008-09-30,160,5,40,0.8456337395695397,0.03390060474849134,0.1549516053482506
mid_E2_B__daily_level__mid_E2_B_s05_hx_pa_400_29030259__WY2008__r1,mid_E2_B,daily_level,mid_E2_B_s05_hx_pa_400_29030259__WY2008,2008-04-24,2008-09-30,160,6,40,0.8158673676273989,-0.09196050124658951,0.1549516053482506
mid_E2_B__daily_level__mid_E2_B_s05_hx_pa_400_29030259__WY2008__r1,mid_E2_B,daily_level,mid_E2_B_s05_hx_pa_400_29030259__WY2008,2008-04-24,2008-09-30,160,7,40,0.795107464629889,0.10367828425962025,0.1549516053482506
mid_E2_B__daily_level__mid_E2_B_s05_hx_pa_400_29030259__WY2008__r1,mid_E2_B,daily_level,mid_E2_B_s05_hx_pa_400_29030259__WY2008,2008-04-24,2008-09-30,160,8,40,0.7738406903586749,0.0021311145937456893,0.1549516053482506
mid_E2_B__daily_level__mid_E2_B_s05_hx_pa_400_29030259__WY2008__r1,mid_E2_B,daily_level,mid_E2_B_s05_hx_pa_400_29030259__WY2008,2008-04-24,2008-09-30,160,9,40,0.7561220150033899,0.02401254950333722,0.1549516053482506
mid_E2_B__daily_level__mid_E2_B_s05_hx_pa_400_29030259__WY2008__r1,mid_E2_B,daily_level,mid_E2_B_s05_hx_pa_400_29030259__WY2008,2008-04-24,2008-09-30,160,10,40,0.7399049457964532,0.03183440183162355,0.1549516053482506
mid_E2_B__daily_level__mid_E2_B_s05_hx_pa_400_29030259__WY2008__r1,mid_E2_B,daily_level,mid_E2_B_s05_hx_pa_400_29030259__WY2008,2008-04-24,2008-09-30,160,11,40,0.718131300251535,-0.06507985998900527,0.1549516053482506
mid_E2_B__daily_level__mid_E2_B_s05_hx_pa_400_29030259__WY2008__r1,mid_E2_B,daily_level,mid_E2_B_s05_hx_pa_400_29030259__WY2008,2008-04-24,2008-09-30,160,12,40,0.7077242430194323,0.12653659179263252,0.1549516053482506
mid_E2_B__daily_level__mid_E2_B_s05_hx_pa_400_29030259__WY2008__r1,mid_E2_B,daily_level,mid_E2_B_s05_hx_pa_400_29030259__WY2008,2008-04-24,2008-09-30,160,13,40,0.6962654278943935,0.015451493492669091,0.1549516053482506
mid_E2_B__daily_level__mid_E2_B_s05_hx_pa_400_29030259__WY2008__r1,mid_E2_B,daily_level,mid_E2_B_s05_hx_pa_400_29030259__WY2008,2008-04-24,2008-09-30,160,14,40,0.6759553731522957,-0.14418751383759207,0.1549516053482506
mid_E2_B__daily_level__mid_E2_B_s05_hx_pa_400_29030259__WY2008__r1,mid_E2_B,daily_level,mid_E2_B_s05_hx_pa_400_29030259__WY2008,2008-04-24,2008-09-30,160,15,40,0.653598825642618,-0.02057537075353688,0.1549516053482506
mid_E2_B__daily_level__mid_E2_B_s05_hx_pa_400_29030259__WY2008__r1,mid_E2_B,daily_level,mid_E2_B_s05_hx_pa_400_29030259__WY2008,2008-04-24,2008-09-30,160,16,40,0.635804119596277,0.07672994022678924,0.1549516053482506
mid_E2_B__daily_level__mid_E2_B_s05_hx_pa_400_29030259__WY2008__r1,mid_E2_B,daily_level,mid_E2_B_s05_hx_pa_400_29030259__WY2008,2008-04-24,2008-09-30,160,17,40,0.626100346256439,0.05013475240357657,0.1549516053482506
mid_E2_B__daily_level__mid_E2_B_s05_hx_pa_400_29030259__WY2008__r1,mid_E2_B,daily_level,mid_E2_B_s05_hx_pa_400_29030259__WY2008,2008-04-24,2008-09-30,160,18,40,0.6139002318936078,-0.011719997543279244,0.1549516053482506
mid_E2_B__daily_level__mid_E2_B_s05_hx_pa_400_29030259__WY2008__r1,mid_E2_B,daily_level,mid_E2_B_s05_hx_pa_400_29030259__WY2008,2008-04-24,2008-09-30,160,19,40,0.6034741669887411,0.041413270666248295,0.1549516053482506
mid_E2_B__daily_level__mid_E2_B_s05_hx_pa_400_29030259__WY2008__r1,mid_E2_B,daily_level,mid_E2_B_s05_hx_pa_400_29030259__WY2008,2008-04-24,2008-09-30,160,20,40,0.5948031438690752,0.029764584671530696,0.1549516053482506
mid_E2_B__daily_level__mid_E2_B_s05_hx_pa_400_29030259__WY2008__r1,mid_E2_B,daily_level,mid_E2_B_s05_hx_pa_400_29030259__WY2008,2008-04-24,2008-09-30,160,21,40,0.5858786851125571,-0.0045400319491867465,0.1549516053482506
mid_E2_B__daily_level__mid_E2_B_s05_hx_pa_400_29030259__WY2008__r1,mid_E2_B,daily_level,mid_E2_B_s05_hx_pa_400_29030259__WY2008,2008-04-24,2008-09-30,160,22,40,0.5832711096045771,0.06254389297796954,0.1549516053482506
mid_E2_B__daily_level__mid_E2_B_s05_hx_pa_400_29030259__WY2008__r1,mid_E2_B,daily_level,mid_E2_B_s05_hx_pa_400_29030259__WY2008,2008-04-24,2008-09-30,160,23,40,0.5791429202754845,0.023492263293353986,0.1549516053482506
mid_E2_B__daily_level__mid_E2_B_s05_hx_pa_400_29030259__WY2008__r1,mid_E2_B,daily_level,mid_E2_B_s05_hx_pa_400_29030259__WY2008,2008-04-24,2008-09-30,160,24,40,0.5701804461734387,-0.054786224666308614,0.1549516053482506
mid_E2_B__daily_level__mid_E2_B_s05_hx_pa_400_29030259__WY2008__r1,mid_E2_B,daily_level,mid_E2_B_s05_hx_pa_400_29030259__WY2008,2008-04-24,2008-09-30,160,25,40,0.5579233087923159,-0.059183407406184385,0.1549516053482506
mid_E2_B__daily_level__mid_E2_B_s05_hx_pa_400_29030259__WY2008__r1,mid_E2_B,daily_level,mid_E2_B_s05_hx_pa_400_29030259__WY2008,2008-04-24,2008-09-30,160,26,40,0.5466799139586013,0.0036228636320370044,0.1549516053482506
mid_E2_B__daily_level__mid_E2_B_s05_hx_pa_400_29030259__WY2008__r1,mid_E2_B,daily_level,mid_E2_B_s05_hx_pa_400_29030259__WY2008,2008-04-24,2008-09-30,160,27,40,0.5341693409406264,-0.015484718064866605,0.1549516053482506
mid_E2_B__daily_level__mid_E2_B_s05_hx_pa_400_29030259__WY2008__r1,mid_E2_B,daily_level,mid_E2_B_s05_hx_pa_400_29030259__WY2008,2008-04-24,2008-09-30,160,28,40,0.513586842888913,-0.08848574735517867,0.1549516053482506
mid_E2_B__daily_level__mid_E2_B_s05_hx_pa_400_29030259__WY2008__r1,mid_E2_B,daily_level,mid_E2_B_s05_hx_pa_400_29030259__WY2008,2008-04-24,2008-09-30,160,29,40,0.4975851939733005,0.025981614198748924,0.1549516053482506
mid_E2_B__daily_level__mid_E2_B_s05_hx_pa_400_29030259__WY2008__r1,mid_E2_B,daily_level,mid_E2_B_s05_hx_pa_400_29030259__WY2008,2008-04-24,2008-09-30,160,30,40,0.47475979053544615,-0.12052167197490062,0.1549516053482506
mid_E2_B__daily_level__mid_E2_B_s05_hx_pa_400_29030259__WY2008__r1,mid_E2_B,daily_level,mid_E2_B_s05_hx_pa_400_29030259__WY2008,2008-04-24,2008-09-30,160,31,40,0.456261800596841,0.024515953442018974,0.1549516053482506
mid_E2_B__daily_level__mid_E2_B_s05_hx_pa_400_29030259__WY2008__r1,mid_E2_B,daily_level,mid_E2_B_s05_hx_pa_400_29030259__WY2008,2008-04-24,2008-09-30,160,32,40,0.4331639538493706,-0.07493096128318927,0.1549516053482506
mid_E2_B__daily_level__mid_E2_B_s05_hx_pa_400_29030259__WY2008__r1,mid_E2_B,daily_level,mid_E2_B_s05_hx_pa_400_29030259__WY2008,2008-04-24,2008-09-30,160,33,40,0.4090523645544919,-0.04300676152665686,0.1549516053482506
mid_E2_B__daily_level__mid_E2_B_s05_hx_pa_400_29030259__WY2008__r1,mid_E2_B,daily_level,mid_E2_B_s05_hx_pa_400_29030259__WY2008,2008-04-24,2008-09-30,160,34,40,0.38468733962276114,-0.03409927455196265,0.1549516053482506
mid_E2_B__daily_level__mid_E2_B_s05_hx_pa_400_29030259__WY2008__r1,mid_E2_B,daily_level,mid_E2_B_s05_hx_pa_400_29030259__WY2008,2008-04-24,2008-09-30,160,35,40,0.35956200778047415,-0.03684784615900768,0.1549516053482506
mid_E2_B__daily_level__mid_E2_B_s05_hx_pa_400_29030259__WY2008__r1,mid_E2_B,daily_level,mid_E2_B_s05_hx_pa_400_29030259__WY2008,2008-04-24,2008-09-30,160,36,40,0.3382192028182044,-0.030081513522757466,0.1549516053482506
mid_E2_B__daily_level__mid_E2_B_s05_hx_pa_400_29030259__WY2008__r1,mid_E2_B,daily_level,mid_E2_B_s05_hx_pa_400_29030259__WY2008,2008-04-24,2008-09-30,160,37,40,0.3145954771242659,-0.003610603704691958,0.1549516053482506
mid_E2_B__daily_level__mid_E2_B_s05_hx_pa_400_29030259__WY2008__r1,mid_E2_B,daily_level,mid_E2_B_s05_hx_pa_400_29030259__WY2008,2008-04-24,2008-09-30,160,38,40,0.28793052378810247,-0.052107726458742745,0.1549516053482506
mid_E2_B__daily_level__mid_E2_B_s05_hx_pa_400_29030259__WY2008__r1,mid_E2_B,daily_level,mid_E2_B_s05_hx_pa_400_29030259__WY2008,2008-04-24,2008-09-30,160,39,40,0.26163622007083537,-0.06457082717325169,0.1549516053482506
mid_E2_B__daily_level__mid_E2_B_s05_hx_pa_400_29030259__WY2008__r1,mid_E2_B,daily_level,mid_E2_B_s05_hx_pa_400_29030259__WY2008,2008-04-24,2008-09-30,160,40,40,0.23850035797783709,0.03504914923815965,0.1549516053482506
mid_E2_B__daily_level__mid_E2_B_s05_hx_pa_400_29030259__WY2009__r1,mid_E2_B,daily_level,mid_E2_B_s05_hx_pa_400_29030259__WY2009,2008-10-01,2009-02-10,133,0,33,1.0,1.0,0.16995355402672752
mid_E2_B__daily_level__mid_E2_B_s05_hx_pa_400_29030259__WY2009__r1,mid_E2_B,daily_level,mid_E2_B_s05_hx_pa_400_29030259__WY2009,2008-10-01,2009-02-10,133,1,33,0.8098285658126319,0.8098285658126319,0.16995355402672752
mid_E2_B__daily_level__mid_E2_B_s05_hx_pa_400_29030259__WY2009__r1,mid_E2_B,daily_level,mid_E2_B_s05_hx_pa_400_29030259__WY2009,2008-10-01,2009-02-10,133,2,33,0.64643360364621,-0.027278648569543533,0.16995355402672752
mid_E2_B__daily_level__mid_E2_B_s05_hx_pa_400_29030259__WY2009__r1,mid_E2_B,daily_level,mid_E2_B_s05_hx_pa_400_29030259__WY2009,2008-10-01,2009-02-10,133,3,33,0.5842889205599398,0.19946165434843607,0.16995355402672752
mid_E2_B__daily_level__mid_E2_B_s05_hx_pa_400_29030259__WY2009__r1,mid_E2_B,daily_level,mid_E2_B_s05_hx_pa_400_29030259__WY2009,2008-10-01,2009-02-10,133,4,33,0.5329319538876419,0.021324406885942906,0.16995355402672752
mid_E2_B__daily_level__mid_E2_B_s05_hx_pa_400_29030259__WY2009__r1,mid_E2_B,daily_level,mid_E2_B_s05_hx_pa_400_29030259__WY2009,2008-10-01,2009-02-10,133,5,33,0.4766225830666908,0.025611243464579325,0.16995355402672752
mid_E2_B__daily_level__mid_E2_B_s05_hx_pa_400_29030259__WY2009__r1,mid_E2_B,daily_level,mid_E2_B_s05_hx_pa_400_29030259__WY2009,2008-10-01,2009-02-10,133,6,33,0.42819342089620943,0.015026734690435209,0.16995355402672752
mid_E2_B__daily_level__mid_E2_B_s05_hx_pa_400_29030259__WY2009__r1,mid_E2_B,daily_level,mid_E2_B_s05_hx_pa_400_29030259__WY2009,2008-10-01,2009-02-10,133,7,33,0.4078904638445655,0.07185882910918853,0.16995355402672752
mid_E2_B__daily_level__mid_E2_B_s05_hx_pa_400_29030259__WY2009__r1,mid_E2_B,daily_level,mid_E2_B_s05_hx_pa_400_29030259__WY2009,2008-10-01,2009-02-10,133,8,33,0.38488804059713927,0.006926160087894639,0.16995355402672752
mid_E2_B__daily_level__mid_E2_B_s05_hx_pa_400_29030259__WY2009__r1,mid_E2_B,daily_level,mid_E2_B_s05_hx_pa_400_29030259__WY2009,2008-10-01,2009-02-10,133,9,33,0.36097226412557615,0.031347371717461936,0.16995355402672752
mid_E2_B__daily_level__mid_E2_B_s05_hx_pa_400_29030259__WY2009__r1,mid_E2_B,daily_level,mid_E2_B_s05_hx_pa_400_29030259__WY2009,2008-10-01,2009-02-10,133,10,33,0.3446982096292916,0.02608193840616915,0.16995355402672752
mid_E2_B__daily_level__mid_E2_B_s05_hx_pa_400_29030259__WY2009__r1,mid_E2_B,daily_level,mid_E2_B_s05_hx_pa_400_29030259__WY2009,2008-10-01,2009-02-10,133,11,33,0.3290990216819526,0.014752414385606278,0.16995355402672752
mid_E2_B__daily_level__mid_E2_B_s05_hx_pa_400_29030259__WY2009__r1,mid_E2_B,daily_level,mid_E2_B_s05_hx_pa_400_29030259__WY2009,2008-10-01,2009-02-10,133,12,33,0.3317212305561445,0.07155927680027442,0.16995355402672752
mid_E2_B__daily_level__mid_E2_B_s05_hx_pa_400_29030259__WY2009__r1,mid_E2_B,daily_level,mid_E2_B_s05_hx_pa_400_29030259__WY2009,2008-10-01,2009-02-10,133,13,33,0.34357338117869735,0.05898040995612481,0.16995355402672752
mid_E2_B__daily_level__mid_E2_B_s05_hx_pa_400_29030259__WY2009__r1,mid_E2_B,daily_level,mid_E2_B_s05_hx_pa_400_29030259__WY2009,2008-10-01,2009-02-10,133,14,33,0.3342661821087457,-0.0067564942186701385,0.16995355402672752
mid_E2_B__daily_level__mid_E2_B_s05_hx_pa_400_29030259__WY2009__r1,mid_E2_B,daily_level,mid_E2_B_s05_hx_pa_400_29030259__WY2009,2008-10-01,2009-02-10,133,15,33,0.2950466649483114,-0.060161642687629184,0.16995355402672752
mid_E2_B__daily_level__mid_E2_B_s05_hx_pa_400_29030259__WY2009__r1,mid_E2_B,daily_level,mid_E2_B_s05_hx_pa_400_29030259__WY2009,2008-10-01,2009-02-10,133,16,33,0.2619009467283872,-0.013431964584883115,0.16995355402672752
mid_E2_B__daily_level__mid_E2_B_s05_hx_pa_400_29030259__WY2009__r1,mid_E2_B,daily_level,mid_E2_B_s05_hx_pa_400_29030259__WY2009,2008-10-01,2009-02-10,133,17,33,0.2487830350399534,0.011845224841072357,0.16995355402672752
mid_E2_B__daily_level__mid_E2_B_s05_hx_pa_400_29030259__WY2009__r1,mid_E2_B,daily_level,mid_E2_B_s05_hx_pa_400_29030259__WY2009,2008-10-01,2009-02-10,133,18,33,0.24241378884097545,0.023983524221238478,0.16995355402672752
mid_E2_B__daily_level__mid_E2_B_s05_hx_pa_400_29030259__WY2009__r1,mid_E2_B,daily_level,mid_E2_B_s05_hx_pa_400_29030259__WY2009,2008-10-01,2009-02-10,133,19,33,0.23717608580301158,0.025028972683013916,0.16995355402672752
mid_E2_B__daily_level__mid_E2_B_s05_hx_pa_400_29030259__WY2009__r1,mid_E2_B,daily_level,mid_E2_B_s05_hx_pa_400_29030259__WY2009,2008-10-01,2009-02-10,133,20,33,0.24700363677872766,0.058007242375830534,0.16995355402672752
mid_E2_B__daily_level__mid_E2_B_s05_hx_pa_400_29030259__WY2009__r1,mid_E2_B,daily_level,mid_E2_B_s05_hx_pa_400_29030259__WY2009,2008-10-01,2009-02-10,133,21,33,0.2539135316217842,0.014214916699544016,0.16995355402672752
mid_E2_B__daily_level__mid_E2_B_s05_hx_pa_400_29030259__WY2009__r1,mid_E2_B,daily_level,mid_E2_B_s05_hx_pa_400_29030259__WY2009,2008-10-01,2009-02-10,133,22,33,0.2444084393532697,-0.008239728955935168,0.16995355402672752
mid_E2_B__daily_level__mid_E2_B_s05_hx_pa_400_29030259__WY2009__r1,mid_E2_B,daily_level,mid_E2_B_s05_hx_pa_400_29030259__WY2009,2008-10-01,2009-02-10,133,23,33,0.21959960639588386,-0.03844248066840646,0.16995355402672752
mid_E2_B__daily_level__mid_E2_B_s05_hx_pa_400_29030259__WY2009__r1,mid_E2_B,daily_level,mid_E2_B_s05_hx_pa_400_29030259__WY2009,2008-10-01,2009-02-10,133,24,33,0.17207364908038228,-0.09517279492062794,0.16995355402672752
mid_E2_B__daily_level__mid_E2_B_s05_hx_pa_400_29030259__WY2009__r1,mid_E2_B,daily_level,mid_E2_B_s05_hx_pa_400_29030259__WY2009,2008-10-01,2009-02-10,133,25,33,0.115546088322554,-0.09199858238935134,0.16995355402672752
mid_E2_B__daily_level__mid_E2_B_s05_hx_pa_400_29030259__WY2009__r1,mid_E2_B,daily_level,mid_E2_B_s05_hx_pa_400_29030259__WY2009,2008-10-01,2009-02-10,133,26,33,0.10536612950509382,0.04998756033937092,0.16995355402672752
mid_E2_B__daily_level__mid_E2_B_s05_hx_pa_400_29030259__WY2009__r1,mid_E2_B,daily_level,mid_E2_B_s05_hx_pa_400_29030259__WY2009,2008-10-01,2009-02-10,133,27,33,0.09721077033447043,-0.02981346939190725,0.16995355402672752
mid_E2_B__daily_level__mid_E2_B_s05_hx_pa_400_29030259__WY2009__r1,mid_E2_B,daily_level,mid_E2_B_s05_hx_pa_400_29030259__WY2009,2008-10-01,2009-02-10,133,28,33,0.05620514020239058,-0.06746257472456071,0.16995355402672752
mid_E2_B__daily_level__mid_E2_B_s05_hx_pa_400_29030259__WY2009__r1,mid_E2_B,daily_level,mid_E2_B_s05_hx_pa_400_29030259__WY2009,2008-10-01,2009-02-10,133,29,33,0.03950485420150882,0.03940745944439016,0.16995355402672752
mid_E2_B__daily_level__mid_E2_B_s05_hx_pa_400_29030259__WY2009__r1,mid_E2_B,daily_level,mid_E2_B_s05_hx_pa_400_29030259__WY2009,2008-10-01,2009-02-10,133,30,33,0.05564469079292646,0.04801366524889698,0.16995355402672752
mid_E2_B__daily_level__mid_E2_B_s05_hx_pa_400_29030259__WY2009__r1,mid_E2_B,daily_level,mid_E2_B_s05_hx_pa_400_29030259__WY2009,2008-10-01,2009-02-10,133,31,33,0.0681717079644249,0.017738728603065124,0.16995355402672752
mid_E2_B__daily_level__mid_E2_B_s05_hx_pa_400_29030259__WY2009__r1,mid_E2_B,daily_level,mid_E2_B_s05_hx_pa_400_29030259__WY2009,2008-10-01,2009-02-10,133,32,33,0.06022439036152155,-0.015355742954563902,0.16995355402672752
mid_E2_B__daily_level__mid_E2_B_s05_hx_pa_400_29030259__WY2009__r1,mid_E2_B,daily_level,mid_E2_B_s05_hx_pa_400_29030259__WY2009,2008-10-01,2009-02-10,133,33,33,0.04462520241418259,-0.04166220069482168,0.16995355402672752
mid_E2_B__daily_level__mid_E2_B_s06_hx_vpa_400_27090342__WY2009__r2,mid_E2_B,daily_level,mid_E2_B_s06_hx_vpa_400_27090342__WY2009,2009-02-18,2009-09-25,220,0,55,1.0,1.0,0.13214317304279544
mid_E2_B__daily_level__mid_E2_B_s06_hx_vpa_400_27090342__WY2009__r2,mid_E2_B,daily_level,mid_E2_B_s06_hx_vpa_400_27090342__WY2009,2009-02-18,2009-09-25,220,1,55,0.9686842656393778,0.9686842656393776,0.13214317304279544
mid_E2_B__daily_level__mid_E2_B_s06_hx_vpa_400_27090342__WY2009__r2,mid_E2_B,daily_level,mid_E2_B_s06_hx_vpa_400_27090342__WY2009,2009-02-18,2009-09-25,220,2,55,0.9391016496195047,0.01220492193943191,0.13214317304279544
mid_E2_B__daily_level__mid_E2_B_s06_hx_vpa_400_27090342__WY2009__r2,mid_E2_B,daily_level,mid_E2_B_s06_hx_vpa_400_27090342__WY2009,2009-02-18,2009-09-25,220,3,55,0.9111320240150613,0.011664982480171516,0.13214317304279544
mid_E2_B__daily_level__mid_E2_B_s06_hx_vpa_400_27090342__WY2009__r2,mid_E2_B,daily_level,mid_E2_B_s06_hx_vpa_400_27090342__WY2009,2009-02-18,2009-09-25,220,4,55,0.8916314171456604,0.1241964425466722,0.13214317304279544
mid_E2_B__daily_level__mid_E2_B_s06_hx_vpa_400_27090342__WY2009__r2,mid_E2_B,daily_level,mid_E2_B_s06_hx_vpa_400_27090342__WY2009,2009-02-18,2009-09-25,220,5,55,0.8748336885959532,0.04244254107020397,0.13214317304279544
mid_E2_B__daily_level__mid_E2_B_s06_hx_vpa_400_27090342__WY2009__r2,mid_E2_B,daily_level,mid_E2_B_s06_hx_vpa_400_27090342__WY2009,2009-02-18,2009-09-25,220,6,55,0.8617599257311583,0.06267030313407648,0.13214317304279544
mid_E2_B__daily_level__mid_E2_B_s06_hx_vpa_400_27090342__WY2009__r2,mid_E2_B,daily_level,mid_E2_B_s06_hx_vpa_400_27090342__WY2009,2009-02-18,2009-09-25,220,7,55,0.8534399524928802,0.09773147922322334,0.13214317304279544
mid_E2_B__daily_level__mid_E2_B_s06_hx_vpa_400_27090342__WY2009__r2,mid_E2_B,daily_level,mid_E2_B_s06_hx_vpa_400_27090342__WY2009,2009-02-18,2009-09-25,220,8,55,0.8434294517237388,-0.007806613136887038,0.13214317304279544
mid_E2_B__daily_level__mid_E2_B_s06_hx_vpa_400_27090342__WY2009__r2,mid_E2_B,daily_level,mid_E2_B_s06_hx_vpa_400_27090342__WY2009,2009-02-18,2009-09-25,220,9,55,0.8297637858087321,-0.03999613041026254,0.13214317304279544
mid_E2_B__daily_level__mid_E2_B_s06_hx_vpa_400_27090342__WY2009__r2,mid_E2_B,daily_level,mid_E2_B_s06_hx_vpa_400_27090342__WY2009,2009-02-18,2009-09-25,220,10,55,0.818311749935754,0.05771707881741597,0.13214317304279544
mid_E2_B__daily_level__mid_E2_B_s06_hx_vpa_400_27090342__WY2009__r2,mid_E2_B,daily_level,mid_E2_B_s06_hx_vpa_400_27090342__WY2009,2009-02-18,2009-09-25,220,11,55,0.804276963668401,-0.03972354841146588,0.13214317304279544
mid_E2_B__daily_level__mid_E2_B_s06_hx_vpa_400_27090342__WY2009__r2,mid_E2_B,daily_level,mid_E2_B_s06_hx_vpa_400_27090342__WY2009,2009-02-18,2009-09-25,220,12,55,0.7938034243507545,0.04968853100574292,0.13214317304279544
mid_E2_B__daily_level__mid_E2_B_s06_hx_vpa_400_27090342__WY2009__r2,mid_E2_B,daily_level,mid_E2_B_s06_hx_vpa_400_27090342__WY2009,2009-02-18,2009-09-25,220,13,55,0.7840419160086394,0.02441115846740999,0.13214317304279544
mid_E2_B__daily_level__mid_E2_B_s06_hx_vpa_400_27090342__WY2009__r2,mid_E2_B,daily_level,mid_E2_B_s06_hx_vpa_400_27090342__WY2009,2009-02-18,2009-09-25,220,14,55,0.7748122467540765,-0.00654038242042652,0.13214317304279544
mid_E2_B__daily_level__mid_E2_B_s06_hx_vpa_400_27090342__WY2009__r2,mid_E2_B,daily_level,mid_E2_B_s06_hx_vpa_400_27090342__WY2009,2009-02-18,2009-09-25,220,15,55,0.7677536167316555,0.04462990718208162,0.13214317304279544
mid_E2_B__daily_level__mid_E2_B_s06_hx_vpa_400_27090342__WY2009__r2,mid_E2_B,daily_level,mid_E2_B_s06_hx_vpa_400_27090342__WY2009,2009-02-18,2009-09-25,220,16,55,0.7567739020195937,-0.049743330595019876,0.13214317304279544
mid_E2_B__daily_level__mid_E2_B_s06_hx_vpa_400_27090342__WY2009__r2,mid_E2_B,daily_level,mid_E2_B_s06_hx_vpa_400_27090342__WY2009,2009-02-18,2009-09-25,220,17,55,0.7470298668302524,0.01743142521745519,0.13214317304279544
mid_E2_B__daily_level__mid_E2_B_s06_hx_vpa_400_27090342__WY2009__r2,mid_E2_B,daily_level,mid_E2_B_s06_hx_vpa_400_27090342__WY2009,2009-02-18,2009-09-25,220,18,55,0.7324119140890747,-0.06726556286085446,0.13214317304279544
mid_E2_B__daily_level__mid_E2_B_s06_hx_vpa_400_27090342__WY2009__r2,mid_E2_B,daily_level,mid_E2_B_s06_hx_vpa_400_27090342__WY2009,2009-02-18,2009-09-25,220,19,55,0.7185660562860882,-0.0030522622235000956,0.13214317304279544
mid_E2_B__daily_level__mid_E2_B_s06_hx_vpa_400_27090342__WY2009__r2,mid_E2_B,daily_level,mid_E2_B_s06_hx_vpa_400_27090342__WY2009,2009-02-18,2009-09-25,220,20,55,0.7017858008891553,-0.06454676309283666,0.13214317304279544
mid_E2_B__daily_level__mid_E2_B_s06_hx_vpa_400_27090342__WY2009__r2,mid_E2_B,daily_level,mid_E2_B_s06_hx_vpa_400_27090342__WY2009,2009-02-18,2009-09-25,220,21,55,0.6902223736672438,0.0629026523894801,0.13214317304279544
mid_E2_B__daily_level__mid_E2_B_s06_hx_vpa_400_27090342__WY2009__r2,mid_E2_B,daily_level,mid_E2_B_s06_hx_vpa_400_27090342__WY2009,2009-02-18,2009-09-25,220,22,55,0.6784700179809663,-0.026119837425465635,0.13214317304279544
mid_E2_B__daily_level__mid_E2_B_s06_hx_vpa_400_27090342__WY2009__r2,mid_E2_B,daily_level,mid_E2_B_s06_hx_vpa_400_27090342__WY2009,2009-02-18,2009-09-25,220,23,55,0.6715741066937513,0.06243755545088423,0.13214317304279544
mid_E2_B__daily_level__mid_E2_B_s06_hx_vpa_400_27090342__WY2009__r2,mid_E2_B,daily_level,mid_E2_B_s06_hx_vpa_400_27090342__WY2009,2009-02-18,2009-09-25,220,24,55,0.663476916153339,-0.006602662803083459,0.13214317304279544
mid_E2_B__daily_level__mid_E2_B_s06_hx_vpa_400_27090342__WY2009__r2,mid_E2_B,daily_level,mid_E2_B_s06_hx_vpa_400_27090342__WY2009,2009-02-18,2009-09-25,220,25,55,0.651896015778654,-0.06822262752439887,0.13214317304279544
mid_E2_B__daily_level__mid_E2_B_s06_hx_vpa_400_27090342__WY2009__r2,mid_E2_B,daily_level,mid_E2_B_s06_hx_vpa_400_27090342__WY2009,2009-02-18,2009-09-25,220,26,55,0.6373119172709755,-0.024885802073988467,0.13214317304279544
mid_E2_B__daily_level__mid_E2_B_s06_hx_vpa_400_27090342__WY2009__r2,mid_E2_B,daily_level,mid_E2_B_s06_hx_vpa_400_27090342__WY2009,2009-02-18,2009-09-25,220,27,55,0.6192528455054112,-0.0731242229851714,0.13214317304279544
mid_E2_B__daily_level__mid_E2_B_s06_hx_vpa_400_27090342__WY2009__r2,mid_E2_B,daily_level,mid_E2_B_s06_hx_vpa_400_27090342__WY2009,2009-02-18,2009-09-25,220,28,55,0.6042482992591135,0.034768963602771756,0.13214317304279544
mid_E2_B__daily_level__mid_E2_B_s06_hx_vpa_400_27090342__WY2009__r2,mid_E2_B,daily_level,mid_E2_B_s06_hx_vpa_400_27090342__WY2009,2009-02-18,2009-09-25,220,29,55,0.5966829478062531,0.09587484890507089,0.13214317304279544
mid_E2_B__daily_level__mid_E2_B_s06_hx_vpa_400_27090342__WY2009__r2,mid_E2_B,daily_level,mid_E2_B_s06_hx_vpa_400_27090342__WY2009,2009-02-18,2009-09-25,220,30,55,0.5901386837186106,0.0003678447733758831,0.13214317304279544
mid_E2_B__daily_level__mid_E2_B_s06_hx_vpa_400_27090342__WY2009__r2,mid_E2_B,daily_level,mid_E2_B_s06_hx_vpa_400_27090342__WY2009,2009-02-18,2009-09-25,220,31,55,0.5864559214156867,0.03482598654348403,0.13214317304279544
mid_E2_B__daily_level__mid_E2_B_s06_hx_vpa_400_27090342__WY2009__r2,mid_E2_B,daily_level,mid_E2_B_s06_hx_vpa_400_27090342__WY2009,2009-02-18,2009-09-25,220,32,55,0.576616875958138,-0.07358609056703977,0.13214317304279544
mid_E2_B__daily_level__mid_E2_B_s06_hx_vpa_400_27090342__WY2009__r2,mid_E2_B,daily_level,mid_E2_B_s06_hx_vpa_400_27090342__WY2009,2009-02-18,2009-09-25,220,33,55,0.5646242644212209,-0.03202315542914591,0.13214317304279544
mid_E2_B__daily_level__mid_E2_B_s06_hx_vpa_400_27090342__WY2009__r2,mid_E2_B,daily_level,mid_E2_B_s06_hx_vpa_400_27090342__WY2009,2009-02-18,2009-09-25,220,34,55,0.5483245207255667,-0.05691527141401753,0.13214317304279544
mid_E2_B__daily_level__mid_E2_B_s06_hx_vpa_400_27090342__WY2009__r2,mid_E2_B,daily_level,mid_E2_B_s06_hx_vpa_400_27090342__WY2009,2009-02-18,2009-09-25,220,35,55,0.5248083649343409,-0.11988260943527523,0.13214317304279544
mid_E2_B__daily_level__mid_E2_B_s06_hx_vpa_400_27090342__WY2009__r2,mid_E2_B,daily_level,mid_E2_B_s06_hx_vpa_400_27090342__WY2009,2009-02-18,2009-09-25,220,36,55,0.5053678220275996,0.006913113173224002,0.13214317304279544
mid_E2_B__daily_level__mid_E2_B_s06_hx_vpa_400_27090342__WY2009__r2,mid_E2_B,daily_level,mid_E2_B_s06_hx_vpa_400_27090342__WY2009,2009-02-18,2009-09-25,220,37,55,0.4876003334989477,0.0020956857032073924,0.13214317304279544
mid_E2_B__daily_level__mid_E2_B_s06_hx_vpa_400_27090342__WY2009__r2,mid_E2_B,daily_level,mid_E2_B_s06_hx_vpa_400_27090342__WY2009,2009-02-18,2009-09-25,220,38,55,0.47656000878820165,0.035752897099117,0.13214317304279544
mid_E2_B__daily_level__mid_E2_B_s06_hx_vpa_400_27090342__WY2009__r2,mid_E2_B,daily_level,mid_E2_B_s06_hx_vpa_400_27090342__WY2009,2009-02-18,2009-09-25,220,39,55,0.4642239405920748,-0.03148986949649884,0.13214317304279544
mid_E2_B__daily_level__mid_E2_B_s06_hx_vpa_400_27090342__WY2009__r2,mid_E2_B,daily_level,mid_E2_B_s06_hx_vpa_400_27090342__WY2009,2009-02-18,2009-09-25,220,40,55,0.45210246455345104,-0.006671671414019721,0.13214317304279544
mid_E2_B__daily_level__mid_E2_B_s06_hx_vpa_400_27090342__WY2009__r2,mid_E2_B,daily_level,mid_E2_B_s06_hx_vpa_400_27090342__WY2009,2009-02-18,2009-09-25,220,41,55,0.43770729451013884,-0.05013763916763417,0.13214317304279544
mid_E2_B__daily_level__mid_E2_B_s06_hx_vpa_400_27090342__WY2009__r2,mid_E2_B,daily_level,mid_E2_B_s06_hx_vpa_400_27090342__WY2009,2009-02-18,2009-09-25,220,42,55,0.4227114848402282,0.006737635916600846,0.13214317304279544
mid_E2_B__daily_level__mid_E2_B_s06_hx_vpa_400_27090342__WY2009__r2,mid_E2_B,daily_level,mid_E2_B_s06_hx_vpa_400_27090342__WY2009,2009-02-18,2009-09-25,220,43,55,0.4063942679918,-0.01773330072602134,0.13214317304279544
mid_E2_B__daily_level__mid_E2_B_s06_hx_vpa_400_27090342__WY2009__r2,mid_E2_B,daily_level,mid_E2_B_s06_hx_vpa_400_27090342__WY2009,2009-02-18,2009-09-25,220,44,55,0.3864644768073929,-0.09170038395420683,0.13214317304279544
mid_E2_B__daily_level__mid_E2_B_s06_hx_vpa_400_27090342__WY2009__r2,mid_E2_B,daily_level,mid_E2_B_s06_hx_vpa_400_27090342__WY2009,2009-02-18,2009-09-25,220,45,55,0.36482723097537273,-0.04629942286191977,0.13214317304279544
mid_E2_B__daily_level__mid_E2_B_s06_hx_vpa_400_27090342__WY2009__r2,mid_E2_B,daily_level,mid_E2_B_s06_hx_vpa_400_27090342__WY2009,2009-02-18,2009-09-25,220,46,55,0.3482009577372585,0.014581506290746223,0.13214317304279544
mid_E2_B__daily_level__mid_E2_B_s06_hx_vpa_400_27090342__WY2009__r2,mid_E2_B,daily_level,mid_E2_B_s06_hx_vpa_400_27090342__WY2009,2009-02-18,2009-09-25,220,47,55,0.33608821827502144,0.048372170746511824,0.13214317304279544
mid_E2_B__daily_level__mid_E2_B_s06_hx_vpa_400_27090342__WY2009__r2,mid_E2_B,daily_level,mid_E2_B_s06_hx_vpa_400_27090342__WY2009,2009-02-18,2009-09-25,220,48,55,0.33183512134484106,0.10992946202742584,0.13214317304279544
mid_E2_B__daily_level__mid_E2_B_s06_hx_vpa_400_27090342__WY2009__r2,mid_E2_B,daily_level,mid_E2_B_s06_hx_vpa_400_27090342__WY2009,2009-02-18,2009-09-25,220,49,55,0.32822580088716946,0.05469662599091252,0.13214317304279544
mid_E2_B__daily_level__mid_E2_B_s06_hx_vpa_400_27090342__WY2009__r2,mid_E2_B,daily_level,mid_E2_B_s06_hx_vpa_400_27090342__WY2009,2009-02-18,2009-09-25,220,50,55,0.3221369308436937,-0.012064899680598115,0.13214317304279544
mid_E2_B__daily_level__mid_E2_B_s06_hx_vpa_400_27090342__WY2009__r2,mid_E2_B,daily_level,mid_E2_B_s06_hx_vpa_400_27090342__WY2009,2009-02-18,2009-09-25,220,51,55,0.3105309128118964,-0.030243529217017767,0.13214317304279544
mid_E2_B__daily_level__mid_E2_B_s06_hx_vpa_400_27090342__WY2009__r2,mid_E2_B,daily_level,mid_E2_B_s06_hx_vpa_400_27090342__WY2009,2009-02-18,2009-09-25,220,52,55,0.2935704655269837,-0.07784839432112842,0.13214317304279544
mid_E2_B__daily_level__mid_E2_B_s06_hx_vpa_400_27090342__WY2009__r2,mid_E2_B,daily_level,mid_E2_B_s06_hx_vpa_400_27090342__WY2009,2009-02-18,2009-09-25,220,53,55,0.27728764894807895,-0.015197406488914388,0.13214317304279544
mid_E2_B__daily_level__mid_E2_B_s06_hx_vpa_400_27090342__WY2009__r2,mid_E2_B,daily_level,mid_E2_B_s06_hx_vpa_400_27090342__WY2009,2009-02-18,2009-09-25,220,54,55,0.26229183927816807,-0.007707628104774801,0.13214317304279544
mid_E2_B__daily_level__mid_E2_B_s06_hx_vpa_400_27090342__WY2009__r2,mid_E2_B,daily_level,mid_E2_B_s06_hx_vpa_400_27090342__WY2009,2009-02-18,2009-09-25,220,55,55,0.25167196230604116,0.0015349679083610749,0.13214317304279544
mid_E2_B__daily_level__mid_E2_B_s06_hx_vpa_400_27090342__WY2010__r3,mid_E2_B,daily_level,mid_E2_B_s06_hx_vpa_400_27090342__WY2010,2010-01-26,2010-09-30,248,0,60,1.0,1.0,0.12446012446018669
mid_E2_B__daily_level__mid_E2_B_s06_hx_vpa_400_27090342__WY2010__r3,mid_E2_B,daily_level,mid_E2_B_s06_hx_vpa_400_27090342__WY2010,2010-01-26,2010-09-30,248,1,60,0.93852339274077,0.9385233927407701,0.12446012446018669
mid_E2_B__daily_level__mid_E2_B_s06_hx_vpa_400_27090342__WY2010__r3,mid_E2_B,daily_level,mid_E2_B_s06_hx_vpa_400_27090342__WY2010,2010-01-26,2010-09-30,248,2,60,0.8779800109133319,-0.02388231996035192,0.12446012446018669
mid_E2_B__daily_level__mid_E2_B_s06_hx_vpa_400_27090342__WY2010__r3,mid_E2_B,daily_level,mid_E2_B_s06_hx_vpa_400_27090342__WY2010,2010-01-26,2010-09-30,248,3,60,0.8273689956705745,0.051208116965553246,0.12446012446018669
mid_E2_B__daily_level__mid_E2_B_s06_hx_vpa_400_27090342__WY2010__r3,mid_E2_B,daily_level,mid_E2_B_s06_hx_vpa_400_27090342__WY2010,2010-01-26,2010-09-30,248,4,60,0.7906381194453496,0.08997139510631272,0.12446012446018669
mid_E2_B__daily_level__mid_E2_B_s06_hx_vpa_400_27090342__WY2010__r3,mid_E2_B,daily_level,mid_E2_B_s06_hx_vpa_400_27090342__WY2010,2010-01-26,2010-09-30,248,5,60,0.7725107234898447,0.1448539606816202,0.12446012446018669
mid_E2_B__daily_level__mid_E2_B_s06_hx_vpa_400_27090342__WY2010__r3,mid_E2_B,daily_level,mid_E2_B_s06_hx_vpa_400_27090342__WY2010,2010-01-26,2010-09-30,248,6,60,0.7565841629872434,0.031144723373362285,0.12446012446018669
mid_E2_B__daily_level__mid_E2_B_s06_hx_vpa_400_27090342__WY2010__r3,mid_E2_B,daily_level,mid_E2_B_s06_hx_vpa_400_27090342__WY2010,2010-01-26,2010-09-30,248,7,60,0.7491774166786955,0.10496948781557831,0.12446012446018669
mid_E2_B__daily_level__mid_E2_B_s06_hx_vpa_400_27090342__WY2010__r3,mid_E2_B,daily_level,mid_E2_B_s06_hx_vpa_400_27090342__WY2010,2010-01-26,2010-09-30,248,8,60,0.7408247306954162,0.03489996427317512,0.12446012446018669
mid_E2_B__daily_level__mid_E2_B_s06_hx_vpa_400_27090342__WY2010__r3,mid_E2_B,daily_level,mid_E2_B_s06_hx_vpa_400_27090342__WY2010,2010-01-26,2010-09-30,248,9,60,0.7359468473076226,0.07877738816009128,0.12446012446018669
mid_E2_B__daily_level__mid_E2_B_s06_hx_vpa_400_27090342__WY2010__r3,mid_E2_B,daily_level,mid_E2_B_s06_hx_vpa_400_27090342__WY2010,2010-01-26,2010-09-30,248,10,60,0.7214519105600583,-0.04558690003692791,0.12446012446018669
mid_E2_B__daily_level__mid_E2_B_s06_hx_vpa_400_27090342__WY2010__r3,mid_E2_B,daily_level,mid_E2_B_s06_hx_vpa_400_27090342__WY2010,2010-01-26,2010-09-30,248,11,60,0.7031668579920982,0.004213763115265304,0.12446012446018669
mid_E2_B__daily_level__mid_E2_B_s06_hx_vpa_400_27090342__WY2010__r3,mid_E2_B,daily_level,mid_E2_B_s06_hx_vpa_400_27090342__WY2010,2010-01-26,2010-09-30,248,12,60,0.6760657493695836,-0.07523028671599495,0.12446012446018669
mid_E2_B__daily_level__mid_E2_B_s06_hx_vpa_400_27090342__WY2010__r3,mid_E2_B,daily_level,mid_E2_B_s06_hx_vpa_400_27090342__WY2010,2010-01-26,2010-09-30,248,13,60,0.6478546873384123,-0.01848017713957094,0.12446012446018669
mid_E2_B__daily_level__mid_E2_B_s06_hx_vpa_400_27090342__WY2010__r3,mid_E2_B,daily_level,mid_E2_B_s06_hx_vpa_400_27090342__WY2010,2010-01-26,2010-09-30,248,14,60,0.6308308876700942,0.04794774254852041,0.12446012446018669
mid_E2_B__daily_level__mid_E2_B_s06_hx_vpa_400_27090342__WY2010__r3,mid_E2_B,daily_level,mid_E2_B_s06_hx_vpa_400_27090342__WY2010,2010-01-26,2010-09-30,248,15,60,0.6220115889709191,0.04906950564256173,0.12446012446018669
mid_E2_B__daily_level__mid_E2_B_s06_hx_vpa_400_27090342__WY2010__r3,mid_E2_B,daily_level,mid_E2_B_s06_hx_vpa_400_27090342__WY2010,2010-01-26,2010-09-30,248,16,60,0.621857046835313,0.05285076782945586,0.12446012446018669
mid_E2_B__daily_level__mid_E2_B_s06_hx_vpa_400_27090342__WY2010__r3,mid_E2_B,daily_level,mid_E2_B_s06_hx_vpa_400_27090342__WY2010,2010-01-26,2010-09-30,248,17,60,0.6169791634475195,-0.015948043446183172,0.12446012446018669
mid_E2_B__daily_level__mid_E2_B_s06_hx_vpa_400_27090342__WY2010__r3,mid_E2_B,daily_level,mid_E2_B_s06_hx_vpa_400_27090342__WY2010,2010-01-26,2010-09-30,248,18,60,0.6158786816371817,0.06311592239600931,0.12446012446018669
mid_E2_B__daily_level__mid_E2_B_s06_hx_vpa_400_27090342__WY2010__r3,mid_E2_B,daily_level,mid_E2_B_s06_hx_vpa_400_27090342__WY2010,2010-01-26,2010-09-30,248,19,60,0.6160394527264861,0.04987062107604649,0.12446012446018669
mid_E2_B__daily_level__mid_E2_B_s06_hx_vpa_400_27090342__WY2010__r3,mid_E2_B,daily_level,mid_E2_B_s06_hx_vpa_400_27090342__WY2010,2010-01-26,2010-09-30,248,20,60,0.6165091799192313,0.04627009884175407,0.12446012446018669
mid_E2_B__daily_level__mid_E2_B_s06_hx_vpa_400_27090342__WY2010__r3,mid_E2_B,daily_level,mid_E2_B_s06_hx_vpa_400_27090342__WY2010,2010-01-26,2010-09-30,248,21,60,0.6136681182504159,0.009929580608491119,0.12446012446018669
mid_E2_B__daily_level__mid_E2_B_s06_hx_vpa_400_27090342__WY2010__r3,mid_E2_B,daily_level,mid_E2_B_s06_hx_vpa_400_27090342__WY2010,2010-01-26,2010-09-30,248,22,60,0.6061068938901478,0.010670114286066758,0.12446012446018669
mid_E2_B__daily_level__mid_E2_B_s06_hx_vpa_400_27090342__WY2010__r3,mid_E2_B,daily_level,mid_E2_B_s06_hx_vpa_400_27090342__WY2010,2010-01-26,2010-09-30,248,23,60,0.5963289412733013,-0.007200795230937736,0.12446012446018669
mid_E2_B__daily_level__mid_E2_B_s06_hx_vpa_400_27090342__WY2010__r3,mid_E2_B,daily_level,mid_E2_B_s06_hx_vpa_400_27090342__WY2010,2010-01-26,2010-09-30,248,24,60,0.5936328219740012,0.07102993513845479,0.12446012446018669
mid_E2_B__daily_level__mid_E2_B_s06_hx_vpa_400_27090342__WY2010__r3,mid_E2_B,daily_level,mid_E2_B_s06_hx_vpa_400_27090342__WY2010,2010-01-26,2010-09-30,248,25,60,0.6011843824842928,0.07379010783011568,0.12446012446018669
mid_E2_B__daily_level__mid_E2_B_s06_hx_vpa_400_27090342__WY2010__r3,mid_E2_B,daily_level,mid_E2_B_s06_hx_vpa_400_27090342__WY2010,2010-01-26,2010-09-30,248,26,60,0.606692764154136,0.0015947938085685816,0.12446012446018669
mid_E2_B__daily_level__mid_E2_B_s06_hx_vpa_400_27090342__WY2010__r3,mid_E2_B,daily_level,mid_E2_B_s06_hx_vpa_400_27090342__WY2010,2010-01-26,2010-09-30,248,27,60,0.612049846332994,0.022247446496177384,0.12446012446018669
mid_E2_B__daily_level__mid_E2_B_s06_hx_vpa_400_27090342__WY2010__r3,mid_E2_B,daily_level,mid_E2_B_s06_hx_vpa_400_27090342__WY2010,2010-01-26,2010-09-30,248,28,60,0.6021142371036922,-0.08930054667303983,0.12446012446018669
mid_E2_B__daily_level__mid_E2_B_s06_hx_vpa_400_27090342__WY2010__r3,mid_E2_B,daily_level,mid_E2_B_s06_hx_vpa_400_27090342__WY2010,2010-01-26,2010-09-30,248,29,60,0.5854057506602844,-0.043065548125639806,0.12446012446018669
mid_E2_B__daily_level__mid_E2_B_s06_hx_vpa_400_27090342__WY2010__r3,mid_E2_B,daily_level,mid_E2_B_s06_hx_vpa_400_27090342__WY2010,2010-01-26,2010-09-30,248,30,60,0.5735782620815194,0.02056457217206988,0.12446012446018669
mid_E2_B__daily_level__mid_E2_B_s06_hx_vpa_400_27090342__WY2010__r3,mid_E2_B,daily_level,mid_E2_B_s06_hx_vpa_400_27090342__WY2010,2010-01-26,2010-09-30,248,31,60,0.5532436735516411,-0.09427281561987418,0.12446012446018669
mid_E2_B__daily_level__mid_E2_B_s06_hx_vpa_400_27090342__WY2010__r3,mid_E2_B,daily_level,mid_E2_B_s06_hx_vpa_400_27090342__WY2010,2010-01-26,2010-09-30,248,32,60,0.5382757669667112,0.004819279417934628,0.12446012446018669
mid_E2_B__daily_level__mid_E2_B_s06_hx_vpa_400_27090342__WY2010__r3,mid_E2_B,daily_level,mid_E2_B_s06_hx_vpa_400_27090342__WY2010,2010-01-26,2010-09-30,248,33,60,0.5266186492433416,0.008103160243641773,0.12446012446018669
mid_E2_B__daily_level__mid_E2_B_s06_hx_vpa_400_27090342__WY2010__r3,mid_E2_B,daily_level,mid_E2_B_s06_hx_vpa_400_27090342__WY2010,2010-01-26,2010-09-30,248,34,60,0.518745290218898,-8.846152417499812e-05,0.12446012446018669
mid_E2_B__daily_level__mid_E2_B_s06_hx_vpa_400_27090342__WY2010__r3,mid_E2_B,daily_level,mid_E2_B_s06_hx_vpa_400_27090342__WY2010,2010-01-26,2010-09-30,248,35,60,0.5113321867888803,-0.027244900328115187,0.12446012446018669
mid_E2_B__daily_level__mid_E2_B_s06_hx_vpa_400_27090342__WY2010__r3,mid_E2_B,daily_level,mid_E2_B_s06_hx_vpa_400_27090342__WY2010,2010-01-26,2010-09-30,248,36,60,0.5028154870716758,-0.0209058287188836,0.12446012446018669
mid_E2_B__daily_level__mid_E2_B_s06_hx_vpa_400_27090342__WY2010__r3,mid_E2_B,daily_level,mid_E2_B_s06_hx_vpa_400_27090342__WY2010,2010-01-26,2010-09-30,248,37,60,0.4894114323683585,-0.03805768334776804,0.12446012446018669
mid_E2_B__daily_level__mid_E2_B_s06_hx_vpa_400_27090342__WY2010__r3,mid_E2_B,daily_level,mid_E2_B_s06_hx_vpa_400_27090342__WY2010,2010-01-26,2010-09-30,248,38,60,0.47490695993858917,0.011941693154713459,0.12446012446018669
mid_E2_B__daily_level__mid_E2_B_s06_hx_vpa_400_27090342__WY2010__r3,mid_E2_B,daily_level,mid_E2_B_s06_hx_vpa_400_27090342__WY2010,2010-01-26,2010-09-30,248,39,60,0.4556759676958975,-0.04568363217741538,0.12446012446018669
mid_E2_B__daily_level__mid_E2_B_s06_hx_vpa_400_27090342__WY2010__r3,mid_E2_B,daily_level,mid_E2_B_s06_hx_vpa_400_27090342__WY2010,2010-01-26,2010-09-30,248,40,60,0.4348747664501232,-0.015526997211904913,0.12446012446018669
mid_E2_B__daily_level__mid_E2_B_s06_hx_vpa_400_27090342__WY2010__r3,mid_E2_B,daily_level,mid_E2_B_s06_hx_vpa_400_27090342__WY2010,2010-01-26,2010-09-30,248,41,60,0.41815992288524556,-0.019178899683992265,0.12446012446018669
mid_E2_B__daily_level__mid_E2_B_s06_hx_vpa_400_27090342__WY2010__r3,mid_E2_B,daily_level,mid_E2_B_s06_hx_vpa_400_27090342__WY2010,2010-01-26,2010-09-30,248,42,60,0.391042921459056,-0.12687455604021988,0.12446012446018669
mid_E2_B__daily_level__mid_E2_B_s06_hx_vpa_400_27090342__WY2010__r3,mid_E2_B,daily_level,mid_E2_B_s06_hx_vpa_400_27090342__WY2010,2010-01-26,2010-09-30,248,43,60,0.36597863455551993,-0.04676518322869002,0.12446012446018669
mid_E2_B__daily_level__mid_E2_B_s06_hx_vpa_400_27090342__WY2010__r3,mid_E2_B,daily_level,mid_E2_B_s06_hx_vpa_400_27090342__WY2010,2010-01-26,2010-09-30,248,44,60,0.3451710761882756,-0.023585345492710207,0.12446012446018669
mid_E2_B__daily_level__mid_E2_B_s06_hx_vpa_400_27090342__WY2010__r3,mid_E2_B,daily_level,mid_E2_B_s06_hx_vpa_400_27090342__WY2010,2010-01-26,2010-09-30,248,45,60,0.33255530454723464,0.005551066056571044,0.12446012446018669
mid_E2_B__daily_level__mid_E2_B_s06_hx_vpa_400_27090342__WY2010__r3,mid_E2_B,daily_level,mid_E2_B_s06_hx_vpa_400_27090342__WY2010,2010-01-26,2010-09-30,248,46,60,0.3271980942006052,0.003113549415917853,0.12446012446018669
mid_E2_B__daily_level__mid_E2_B_s06_hx_vpa_400_27090342__WY2010__r3,mid_E2_B,daily_level,mid_E2_B_s06_hx_vpa_400_27090342__WY2010,2010-01-26,2010-09-30,248,47,60,0.324521046265715,0.03039261319980474,0.12446012446018669
mid_E2_B__daily_level__mid_E2_B_s06_hx_vpa_400_27090342__WY2010__r3,mid_E2_B,daily_level,mid_E2_B_s06_hx_vpa_400_27090342__WY2010,2010-01-26,2010-09-30,248,48,60,0.3207340449221681,0.00378383937446745,0.12446012446018669
mid_E2_B__daily_level__mid_E2_B_s06_hx_vpa_400_27090342__WY2010__r3,mid_E2_B,daily_level,mid_E2_B_s06_hx_vpa_400_27090342__WY2010,2010-01-26,2010-09-30,248,49,60,0.3186749091941591,0.0534947273586943,0.12446012446018669
mid_E2_B__daily_level__mid_E2_B_s06_hx_vpa_400_27090342__WY2010__r3,mid_E2_B,daily_level,mid_E2_B_s06_hx_vpa_400_27090342__WY2010,2010-01-26,2010-09-30,248,50,60,0.3166062377839451,0.019211827915623845,0.12446012446018669
mid_E2_B__daily_level__mid_E2_B_s06_hx_vpa_400_27090342__WY2010__r3,mid_E2_B,daily_level,mid_E2_B_s06_hx_vpa_400_27090342__WY2010,2010-01-26,2010-09-30,248,51,60,0.3085466151004314,-0.01804023704414711,0.12446012446018669
mid_E2_B__daily_level__mid_E2_B_s06_hx_vpa_400_27090342__WY2010__r3,mid_E2_B,daily_level,mid_E2_B_s06_hx_vpa_400_27090342__WY2010,2010-01-26,2010-09-30,248,52,60,0.3025365283788361,0.012426352025230972,0.12446012446018669
mid_E2_B__daily_level__mid_E2_B_s06_hx_vpa_400_27090342__WY2010__r3,mid_E2_B,daily_level,mid_E2_B_s06_hx_vpa_400_27090342__WY2010,2010-01-26,2010-09-30,248,53,60,0.2958958152074198,0.01723594557402508,0.12446012446018669
mid_E2_B__daily_level__mid_E2_B_s06_hx_vpa_400_27090342__WY2010__r3,mid_E2_B,daily_level,mid_E2_B_s06_hx_vpa_400_27090342__WY2010,2010-01-26,2010-09-30,248,54,60,0.2859411346137082,-0.04597950388559597,0.12446012446018669
mid_E2_B__daily_level__mid_E2_B_s06_hx_vpa_400_27090342__WY2010__r3,mid_E2_B,daily_level,mid_E2_B_s06_hx_vpa_400_27090342__WY2010,2010-01-26,2010-09-30,248,55,60,0.2821382404664862,0.032225079005843975,0.12446012446018669
mid_E2_B__daily_level__mid_E2_B_s06_hx_vpa_400_27090342__WY2010__r3,mid_E2_B,daily_level,mid_E2_B_s06_hx_vpa_400_27090342__WY2010,2010-01-26,2010-09-30,248,56,60,0.28322270130537736,0.03792278344352632,0.12446012446018669
mid_E2_B__daily_level__mid_E2_B_s06_hx_vpa_400_27090342__WY2010__r3,mid_E2_B,daily_level,mid_E2_B_s06_hx_vpa_400_27090342__WY2010,2010-01-26,2010-09-30,248,57,60,0.2838341923069027,-0.022506805486381613,0.12446012446018669
mid_E2_B__daily_level__mid_E2_B_s06_hx_vpa_400_27090342__WY2010__r3,mid_E2_B,daily_level,mid_E2_B_s06_hx_vpa_400_27090342__WY2010,2010-01-26,2010-09-30,248,58,60,0.2792430150974047,-0.01791048534886825,0.12446012446018669
mid_E2_B__daily_level__mid_E2_B_s06_hx_vpa_400_27090342__WY2010__r3,mid_E2_B,daily_level,mid_E2_B_s06_hx_vpa_400_27090342__WY2010,2010-01-26,2010-09-30,248,59,60,0.26078759167404925,-0.11577108198508612,0.12446012446018669
mid_E2_B__daily_level__mid_E2_B_s06_hx_vpa_400_27090342__WY2010__r3,mid_E2_B,daily_level,mid_E2_B_s06_hx_vpa_400_27090342__WY2010,2010-01-26,2010-09-30,248,60,60,0.24154388518841743,-0.035718859772302214,0.12446012446018669
mid_E2_B__daily_level__mid_E2_B_s06_hx_vpa_400_27090342__WY2012__r1,mid_E2_B,daily_level,mid_E2_B_s06_hx_vpa_400_27090342__WY2012,2011-10-01,2012-08-21,326,0,60,1.0,1.0,0.10855436002185541
mid_E2_B__daily_level__mid_E2_B_s06_hx_vpa_400_27090342__WY2012__r1,mid_E2_B,daily_level,mid_E2_B_s06_hx_vpa_400_27090342__WY2012,2011-10-01,2012-08-21,326,1,60,0.9752916540424209,0.9752916540424211,0.10855436002185541
mid_E2_B__daily_level__mid_E2_B_s06_hx_vpa_400_27090342__WY2012__r1,mid_E2_B,daily_level,mid_E2_B_s06_hx_vpa_400_27090342__WY2012,2011-10-01,2012-08-21,326,2,60,0.9481015521231841,-0.06335791320320797,0.10855436002185541
mid_E2_B__daily_level__mid_E2_B_s06_hx_vpa_400_27090342__WY2012__r1,mid_E2_B,daily_level,mid_E2_B_s06_hx_vpa_400_27090342__WY2012,2011-10-01,2012-08-21,326,3,60,0.9237932849136308,0.04782293639995627,0.10855436002185541
mid_E2_B__daily_level__mid_E2_B_s06_hx_vpa_400_27090342__WY2012__r1,mid_E2_B,daily_level,mid_E2_B_s06_hx_vpa_400_27090342__WY2012,2011-10-01,2012-08-21,326,4,60,0.9064996323234694,0.12577768305607503,0.10855436002185541
mid_E2_B__daily_level__mid_E2_B_s06_hx_vpa_400_27090342__WY2012__r1,mid_E2_B,daily_level,mid_E2_B_s06_hx_vpa_400_27090342__WY2012,2011-10-01,2012-08-21,326,5,60,0.8928044513057185,0.055283211993898226,0.10855436002185541
mid_E2_B__daily_level__mid_E2_B_s06_hx_vpa_400_27090342__WY2012__r1,mid_E2_B,daily_level,mid_E2_B_s06_hx_vpa_400_27090342__WY2012,2011-10-01,2012-08-21,326,6,60,0.8796689331032393,0.013651951750372458,0.10855436002185541
mid_E2_B__daily_level__mid_E2_B_s06_hx_vpa_400_27090342__WY2012__r1,mid_E2_B,daily_level,mid_E2_B_s06_hx_vpa_400_27090342__WY2012,2011-10-01,2012-08-21,326,7,60,0.8707877471607535,0.10791329572126693,0.10855436002185541
mid_E2_B__daily_level__mid_E2_B_s06_hx_vpa_400_27090342__WY2012__r1,mid_E2_B,daily_level,mid_E2_B_s06_hx_vpa_400_27090342__WY2012,2011-10-01,2012-08-21,326,8,60,0.8626105208420074,0.023323693887902022,0.10855436002185541
mid_E2_B__daily_level__mid_E2_B_s06_hx_vpa_400_27090342__WY2012__r1,mid_E2_B,daily_level,mid_E2_B_s06_hx_vpa_400_27090342__WY2012,2011-10-01,2012-08-21,326,9,60,0.8564262310639861,0.05785834411559086,0.10855436002185541
mid_E2_B__daily_level__mid_E2_B_s06_hx_vpa_400_27090342__WY2012__r1,mid_E2_B,daily_level,mid_E2_B_s06_hx_vpa_400_27090342__WY2012,2011-10-01,2012-08-21,326,10,60,0.8530503225815188,0.08773100004041859,0.10855436002185541
mid_E2_B__daily_level__mid_E2_B_s06_hx_vpa_400_27090342__WY2012__r1,mid_E2_B,daily_level,mid_E2_B_s06_hx_vpa_400_27090342__WY2012,2011-10-01,2012-08-21,326,11,60,0.8497351902741941,0.023646373288226077,0.10855436002185541
mid_E2_B__daily_level__mid_E2_B_s06_hx_vpa_400_27090342__WY2012__r1,mid_E2_B,daily_level,mid_E2_B_s06_hx_vpa_400_27090342__WY2012,2011-10-01,2012-08-21,326,12,60,0.8462731511386105,0.027640572418561236,0.10855436002185541
mid_E2_B__daily_level__mid_E2_B_s06_hx_vpa_400_27090342__WY2012__r1,mid_E2_B,daily_level,mid_E2_B_s06_hx_vpa_400_27090342__WY2012,2011-10-01,2012-08-21,326,13,60,0.8398938555961738,-0.019600008880577155,0.10855436002185541
mid_E2_B__daily_level__mid_E2_B_s06_hx_vpa_400_27090342__WY2012__r1,mid_E2_B,daily_level,mid_E2_B_s06_hx_vpa_400_27090342__WY2012,2011-10-01,2012-08-21,326,14,60,0.8318736033248824,-0.010925215849113361,0.10855436002185541
mid_E2_B__daily_level__mid_E2_B_s06_hx_vpa_400_27090342__WY2012__r1,mid_E2_B,daily_level,mid_E2_B_s06_hx_vpa_400_27090342__WY2012,2011-10-01,2012-08-21,326,15,60,0.8220908419744507,-0.02499659436146347,0.10855436002185541
mid_E2_B__daily_level__mid_E2_B_s06_hx_vpa_400_27090342__WY2012__r1,mid_E2_B,daily_level,mid_E2_B_s06_hx_vpa_400_27090342__WY2012,2011-10-01,2012-08-21,326,16,60,0.8115179903471631,-0.014806082403543853,0.10855436002185541
mid_E2_B__daily_level__mid_E2_B_s06_hx_vpa_400_27090342__WY2012__r1,mid_E2_B,daily_level,mid_E2_B_s06_hx_vpa_400_27090342__WY2012,2011-10-01,2012-08-21,326,17,60,0.8030368831527032,0.032139710469415314,0.10855436002185541
mid_E2_B__daily_level__mid_E2_B_s06_hx_vpa_400_27090342__WY2012__r1,mid_E2_B,daily_level,mid_E2_B_s06_hx_vpa_400_27090342__WY2012,2011-10-01,2012-08-21,326,18,60,0.7890605657174207,-0.13195733908858603,0.10855436002185541
mid_E2_B__daily_level__mid_E2_B_s06_hx_vpa_400_27090342__WY2012__r1,mid_E2_B,daily_level,mid_E2_B_s06_hx_vpa_400_27090342__WY2012,2011-10-01,2012-08-21,326,19,60,0.7718023348244285,-0.08000993068869099,0.10855436002185541
mid_E2_B__daily_level__mid_E2_B_s06_hx_vpa_400_27090342__WY2012__r1,mid_E2_B,daily_level,mid_E2_B_s06_hx_vpa_400_27090342__WY2012,2011-10-01,2012-08-21,326,20,60,0.752746173155127,-0.06016726711748536,0.10855436002185541
mid_E2_B__daily_level__mid_E2_B_s06_hx_vpa_400_27090342__WY2012__r1,mid_E2_B,daily_level,mid_E2_B_s06_hx_vpa_400_27090342__WY2012,2011-10-01,2012-08-21,326,21,60,0.7376050411729363,0.019925564213430853,0.10855436002185541
mid_E2_B__daily_level__mid_E2_B_s06_hx_vpa_400_27090342__WY2012__r1,mid_E2_B,daily_level,mid_E2_B_s06_hx_vpa_400_27090342__WY2012,2011-10-01,2012-08-21,326,22,60,0.7278729887784519,0.04466294671927459,0.10855436002185541
mid_E2_B__daily_level__mid_E2_B_s06_hx_vpa_400_27090342__WY2012__r1,mid_E2_B,daily_level,mid_E2_B_s06_hx_vpa_400_27090342__WY2012,2011-10-01,2012-08-21,326,23,60,0.7191133551862521,-0.013308276445127276,0.10855436002185541
mid_E2_B__daily_level__mid_E2_B_s06_hx_vpa_400_27090342__WY2012__r1,mid_E2_B,daily_level,mid_E2_B_s06_hx_vpa_400_27090342__WY2012,2011-10-01,2012-08-21,326,24,60,0.7177076387863269,0.14319549337895188,0.10855436002185541
mid_E2_B__daily_level__mid_E2_B_s06_hx_vpa_400_27090342__WY2012__r1,mid_E2_B,daily_level,mid_E2_B_s06_hx_vpa_400_27090342__WY2012,2011-10-01,2012-08-21,326,25,60,0.715207951233832,-0.017572702822965483,0.10855436002185541
mid_E2_B__daily_level__mid_E2_B_s06_hx_vpa_400_27090342__WY2012__r1,mid_E2_B,daily_level,mid_E2_B_s06_hx_vpa_400_27090342__WY2012,2011-10-01,2012-08-21,326,26,60,0.7130729207321936,0.0337258352703906,0.10855436002185541
mid_E2_B__daily_level__mid_E2_B_s06_hx_vpa_400_27090342__WY2012__r1,mid_E2_B,daily_level,mid_E2_B_s06_hx_vpa_400_27090342__WY2012,2011-10-01,2012-08-21,326,27,60,0.7082637385242738,-0.01619608674301901,0.10855436002185541
mid_E2_B__daily_level__mid_E2_B_s06_hx_vpa_400_27090342__WY2012__r1,mid_E2_B,daily_level,mid_E2_B_s06_hx_vpa_400_27090342__WY2012,2011-10-01,2012-08-21,326,28,60,0.6983493576043609,-0.08219303545069558,0.10855436002185541
mid_E2_B__daily_level__mid_E2_B_s06_hx_vpa_400_27090342__WY2012__r1,mid_E2_B,daily_level,mid_E2_B_s06_hx_vpa_400_27090342__WY2012,2011-10-01,2012-08-21,326,29,60,0.6860039296787377,-0.0457113504758504,0.10855436002185541
mid_E2_B__daily_level__mid_E2_B_s06_hx_vpa_400_27090342__WY2012__r1,mid_E2_B,daily_level,mid_E2_B_s06_hx_vpa_400_27090342__WY2012,2011-10-01,2012-08-21,326,30,60,0.6716021790174556,-0.019400353449853462,0.10855436002185541
mid_E2_B__daily_level__mid_E2_B_s06_hx_vpa_400_27090342__WY2012__r1,mid_E2_B,daily_level,mid_E2_B_s06_hx_vpa_400_27090342__WY2012,2011-10-01,2012-08-21,326,31,60,0.657833544585575,-0.007676412409148023,0.10855436002185541
mid_E2_B__daily_level__mid_E2_B_s06_hx_vpa_400_27090342__WY2012__r1,mid_E2_B,daily_level,mid_E2_B_s06_hx_vpa_400_27090342__WY2012,2011-10-01,2012-08-21,326,32,60,0.6412337843999577,-0.07594187038930265,0.10855436002185541
mid_E2_B__daily_level__mid_E2_B_s06_hx_vpa_400_27090342__WY2012__r1,mid_E2_B,daily_level,mid_E2_B_s06_hx_vpa_400_27090342__WY2012,2011-10-01,2012-08-21,326,33,60,0.6236616054120564,-0.027895317287248644,0.10855436002185541
mid_E2_B__daily_level__mid_E2_B_s06_hx_vpa_400_27090342__WY2012__r1,mid_E2_B,daily_level,mid_E2_B_s06_hx_vpa_400_27090342__WY2012,2011-10-01,2012-08-21,326,34,60,0.6091081007429026,0.011258161978828077,0.10855436002185541
mid_E2_B__daily_level__mid_E2_B_s06_hx_vpa_400_27090342__WY2012__r1,mid_E2_B,daily_level,mid_E2_B_s06_hx_vpa_400_27090342__WY2012,2011-10-01,2012-08-21,326,35,60,0.5971679716048878,0.009713769792799802,0.10855436002185541
mid_E2_B__daily_level__mid_E2_B_s06_hx_vpa_400_27090342__WY2012__r1,mid_E2_B,daily_level,mid_E2_B_s06_hx_vpa_400_27090342__WY2012,2011-10-01,2012-08-21,326,36,60,0.5879273486511285,0.014608079973513663,0.10855436002185541
mid_E2_B__daily_level__mid_E2_B_s06_hx_vpa_400_27090342__WY2012__r1,mid_E2_B,daily_level,mid_E2_B_s06_hx_vpa_400_27090342__WY2012,2011-10-01,2012-08-21,326,37,60,0.579086804445395,0.008261033260818118,0.10855436002185541
mid_E2_B__daily_level__mid_E2_B_s06_hx_vpa_400_27090342__WY2012__r1,mid_E2_B,daily_level,mid_E2_B_s06_hx_vpa_400_27090342__WY2012,2011-10-01,2012-08-21,326,38,60,0.5712186790419456,0.005221233255763987,0.10855436002185541
mid_E2_B__daily_level__mid_E2_B_s06_hx_vpa_400_27090342__WY2012__r1,mid_E2_B,daily_level,mid_E2_B_s06_hx_vpa_400_27090342__WY2012,2011-10-01,2012-08-21,326,39,60,0.5648699580170655,0.010617172778128093,0.10855436002185541
mid_E2_B__daily_level__mid_E2_B_s06_hx_vpa_400_27090342__WY2012__r1,mid_E2_B,daily_level,mid_E2_B_s06_hx_vpa_400_27090342__WY2012,2011-10-01,2012-08-21,326,40,60,0.5582527778136405,0.009817033720115036,0.10855436002185541
mid_E2_B__daily_level__mid_E2_B_s06_hx_vpa_400_27090342__WY2012__r1,mid_E2_B,daily_level,mid_E2_B_s06_hx_vpa_400_27090342__WY2012,2011-10-01,2012-08-21,326,41,60,0.5503592979322175,-0.05175545292576944,0.10855436002185541
mid_E2_B__daily_level__mid_E2_B_s06_hx_vpa_400_27090342__WY2012__r1,mid_E2_B,daily_level,mid_E2_B_s06_hx_vpa_400_27090342__WY2012,2011-10-01,2012-08-21,326,42,60,0.5442283271299347,0.06428898188252795,0.10855436002185541
mid_E2_B__daily_level__mid_E2_B_s06_hx_vpa_400_27090342__WY2012__r1,mid_E2_B,daily_level,mid_E2_B_s06_hx_vpa_400_27090342__WY2012,2011-10-01,2012-08-21,326,43,60,0.5384873678564821,0.012933512331377748,0.10855436002185541
mid_E2_B__daily_level__mid_E2_B_s06_hx_vpa_400_27090342__WY2012__r1,mid_E2_B,daily_level,mid_E2_B_s06_hx_vpa_400_27090342__WY2012,2011-10-01,2012-08-21,326,44,60,0.5291606142496065,-0.047402818304499314,0.10855436002185541
mid_E2_B__daily_level__mid_E2_B_s06_hx_vpa_400_27090342__WY2012__r1,mid_E2_B,daily_level,mid_E2_B_s06_hx_vpa_400_27090342__WY2012,2011-10-01,2012-08-21,326,45,60,0.5159188309556199,-0.01808004932855169,0.10855436002185541
mid_E2_B__daily_level__mid_E2_B_s06_hx_vpa_400_27090342__WY2012__r1,mid_E2_B,daily_level,mid_E2_B_s06_hx_vpa_400_27090342__WY2012,2011-10-01,2012-08-21,326,46,60,0.5013045501113232,-0.008261320681151138,0.10855436002185541
mid_E2_B__daily_level__mid_E2_B_s06_hx_vpa_400_27090342__WY2012__r1,mid_E2_B,daily_level,mid_E2_B_s06_hx_vpa_400_27090342__WY2012,2011-10-01,2012-08-21,326,47,60,0.4867156237450002,0.010551420934670434,0.10855436002185541
mid_E2_B__daily_level__mid_E2_B_s06_hx_vpa_400_27090342__WY2012__r1,mid_E2_B,daily_level,mid_E2_B_s06_hx_vpa_400_27090342__WY2012,2011-10-01,2012-08-21,326,48,60,0.47267368295496215,-0.04203602720850395,0.10855436002185541
mid_E2_B__daily_level__mid_E2_B_s06_hx_vpa_400_27090342__WY2012__r1,mid_E2_B,daily_level,mid_E2_B_s06_hx_vpa_400_27090342__WY2012,2011-10-01,2012-08-21,326,49,60,0.46148822239663423,0.040576962808621025,0.10855436002185541
mid_E2_B__daily_level__mid_E2_B_s06_hx_vpa_400_27090342__WY2012__r1,mid_E2_B,daily_level,mid_E2_B_s06_hx_vpa_400_27090342__WY2012,2011-10-01,2012-08-21,326,50,60,0.4556510652508699,0.08615186178559511,0.10855436002185541
mid_E2_B__daily_level__mid_E2_B_s06_hx_vpa_400_27090342__WY2012__r1,mid_E2_B,daily_level,mid_E2_B_s06_hx_vpa_400_27090342__WY2012,2011-10-01,2012-08-21,326,51,60,0.45141944313679133,-0.005156922301730888,0.10855436002185541
mid_E2_B__daily_level__mid_E2_B_s06_hx_vpa_400_27090342__WY2012__r1,mid_E2_B,daily_level,mid_E2_B_s06_hx_vpa_400_27090342__WY2012,2011-10-01,2012-08-21,326,52,60,0.4455468642938578,-0.044835343854257595,0.10855436002185541
mid_E2_B__daily_level__mid_E2_B_s06_hx_vpa_400_27090342__WY2012__r1,mid_E2_B,daily_level,mid_E2_B_s06_hx_vpa_400_27090342__WY2012,2011-10-01,2012-08-21,326,53,60,0.43967428545092435,-0.007836144019990882,0.10855436002185541
mid_E2_B__daily_level__mid_E2_B_s06_hx_vpa_400_27090342__WY2012__r1,mid_E2_B,daily_level,mid_E2_B_s06_hx_vpa_400_27090342__WY2012,2011-10-01,2012-08-21,326,54,60,0.43325472103170604,-0.014336342812681159,0.10855436002185541
mid_E2_B__daily_level__mid_E2_B_s06_hx_vpa_400_27090342__WY2012__r1,mid_E2_B,daily_level,mid_E2_B_s06_hx_vpa_400_27090342__WY2012,2011-10-01,2012-08-21,326,55,60,0.42767334582549954,0.008538337911461425,0.10855436002185541
mid_E2_B__daily_level__mid_E2_B_s06_hx_vpa_400_27090342__WY2012__r1,mid_E2_B,daily_level,mid_E2_B_s06_hx_vpa_400_27090342__WY2012,2011-10-01,2012-08-21,326,56,60,0.4227605085458636,0.037711897733378574,0.10855436002185541
mid_E2_B__daily_level__mid_E2_B_s06_hx_vpa_400_27090342__WY2012__r1,mid_E2_B,daily_level,mid_E2_B_s06_hx_vpa_400_27090342__WY2012,2011-10-01,2012-08-21,326,57,60,0.4173133629289296,0.010881971440200946,0.10855436002185541
mid_E2_B__daily_level__mid_E2_B_s06_hx_vpa_400_27090342__WY2012__r1,mid_E2_B,daily_level,mid_E2_B_s06_hx_vpa_400_27090342__WY2012,2011-10-01,2012-08-21,326,58,60,0.41144078408599605,0.03364229341174813,0.10855436002185541
mid_E2_B__daily_level__mid_E2_B_s06_hx_vpa_400_27090342__WY2012__r1,mid_E2_B,daily_level,mid_E2_B_s06_hx_vpa_400_27090342__WY2012,2011-10-01,2012-08-21,326,59,60,0.406783728745918,0.07855387642391402,0.10855436002185541
mid_E2_B__daily_level__mid_E2_B_s06_hx_vpa_400_27090342__WY2012__r1,mid_E2_B,daily_level,mid_E2_B_s06_hx_vpa_400_27090342__WY2012,2011-10-01,2012-08-21,326,60,60,0.4001818358012714,-0.037192155112642455,0.10855436002185541
mid_E2_B__daily_level__mid_E2_B_s06_hx_vpa_400_27090342__WY2013__r1,mid_E2_B,daily_level,mid_E2_B_s06_hx_vpa_400_27090342__WY2013,2012-10-02,2013-04-18,199,0,49,1.0,1.0,0.13894071618163384
mid_E2_B__daily_level__mid_E2_B_s06_hx_vpa_400_27090342__WY2013__r1,mid_E2_B,daily_level,mid_E2_B_s06_hx_vpa_400_27090342__WY2013,2012-10-02,2013-04-18,199,1,49,0.9468566173737144,0.9468566173737144,0.13894071618163384
mid_E2_B__daily_level__mid_E2_B_s06_hx_vpa_400_27090342__WY2013__r1,mid_E2_B,daily_level,mid_E2_B_s06_hx_vpa_400_27090342__WY2013,2012-10-02,2013-04-18,199,2,49,0.9064925960470612,0.09621976796917799,0.13894071618163384
mid_E2_B__daily_level__mid_E2_B_s06_hx_vpa_400_27090342__WY2013__r1,mid_E2_B,daily_level,mid_E2_B_s06_hx_vpa_400_27090342__WY2013,2012-10-02,2013-04-18,199,3,49,0.8781248150599329,0.11011387712216916,0.13894071618163384
mid_E2_B__daily_level__mid_E2_B_s06_hx_vpa_400_27090342__WY2013__r1,mid_E2_B,daily_level,mid_E2_B_s06_hx_vpa_400_27090342__WY2013,2012-10-02,2013-04-18,199,4,49,0.8384483084991253,-0.09647459821669589,0.13894071618163384
mid_E2_B__daily_level__mid_E2_B_s06_hx_vpa_400_27090342__WY2013__r1,mid_E2_B,daily_level,mid_E2_B_s06_hx_vpa_400_27090342__WY2013,2012-10-02,2013-04-18,199,5,49,0.8008122505820694,-0.010078793832136985,0.13894071618163384
mid_E2_B__daily_level__mid_E2_B_s06_hx_vpa_400_27090342__WY2013__r1,mid_E2_B,daily_level,mid_E2_B_s06_hx_vpa_400_27090342__WY2013,2012-10-02,2013-04-18,199,6,49,0.7659666187881949,-0.011516102501993333,0.13894071618163384
mid_E2_B__daily_level__mid_E2_B_s06_hx_vpa_400_27090342__WY2013__r1,mid_E2_B,daily_level,mid_E2_B_s06_hx_vpa_400_27090342__WY2013,2012-10-02,2013-04-18,199,7,49,0.7492164776113162,0.17676733378831927,0.13894071618163384
mid_E2_B__daily_level__mid_E2_B_s06_hx_vpa_400_27090342__WY2013__r1,mid_E2_B,daily_level,mid_E2_B_s06_hx_vpa_400_27090342__WY2013,2012-10-02,2013-04-18,199,8,49,0.7324552886075449,0.036484030940350604,0.13894071618163384
mid_E2_B__daily_level__mid_E2_B_s06_hx_vpa_400_27090342__WY2013__r1,mid_E2_B,daily_level,mid_E2_B_s06_hx_vpa_400_27090342__WY2013,2012-10-02,2013-04-18,199,9,49,0.7195837845027541,0.07487566154111996,0.13894071618163384
mid_E2_B__daily_level__mid_E2_B_s06_hx_vpa_400_27090342__WY2013__r1,mid_E2_B,daily_level,mid_E2_B_s06_hx_vpa_400_27090342__WY2013,2012-10-02,2013-04-18,199,10,49,0.7150669870271694,0.061399226252025256,0.13894071618163384
mid_E2_B__daily_level__mid_E2_B_s06_hx_vpa_400_27090342__WY2013__r1,mid_E2_B,daily_level,mid_E2_B_s06_hx_vpa_400_27090342__WY2013,2012-10-02,2013-04-18,199,11,49,0.7120667162507828,0.049797620217550756,0.13894071618163384
mid_E2_B__daily_level__mid_E2_B_s06_hx_vpa_400_27090342__WY2013__r1,mid_E2_B,daily_level,mid_E2_B_s06_hx_vpa_400_27090342__WY2013,2012-10-02,2013-04-18,199,12,49,0.7038293506109561,-0.030774079861417232,0.13894071618163384
mid_E2_B__daily_level__mid_E2_B_s06_hx_vpa_400_27090342__WY2013__r1,mid_E2_B,daily_level,mid_E2_B_s06_hx_vpa_400_27090342__WY2013,2012-10-02,2013-04-18,199,13,49,0.6945828084761455,0.008408172466270972,0.13894071618163384
mid_E2_B__daily_level__mid_E2_B_s06_hx_vpa_400_27090342__WY2013__r1,mid_E2_B,daily_level,mid_E2_B_s06_hx_vpa_400_27090342__WY2013,2012-10-02,2013-04-18,199,14,49,0.6880531819240403,0.024550936781276005,0.13894071618163384
mid_E2_B__daily_level__mid_E2_B_s06_hx_vpa_400_27090342__WY2013__r1,mid_E2_B,daily_level,mid_E2_B_s06_hx_vpa_400_27090342__WY2013,2012-10-02,2013-04-18,199,15,49,0.6757680624773872,-0.016863948676791786,0.13894071618163384
mid_E2_B__daily_level__mid_E2_B_s06_hx_vpa_400_27090342__WY2013__r1,mid_E2_B,daily_level,mid_E2_B_s06_hx_vpa_400_27090342__WY2013,2012-10-02,2013-04-18,199,16,49,0.6646833319142404,0.035350357600875154,0.13894071618163384
mid_E2_B__daily_level__mid_E2_B_s06_hx_vpa_400_27090342__WY2013__r1,mid_E2_B,daily_level,mid_E2_B_s06_hx_vpa_400_27090342__WY2013,2012-10-02,2013-04-18,199,17,49,0.6470030486963013,-0.06190467830034105,0.13894071618163384
mid_E2_B__daily_level__mid_E2_B_s06_hx_vpa_400_27090342__WY2013__r1,mid_E2_B,daily_level,mid_E2_B_s06_hx_vpa_400_27090342__WY2013,2012-10-02,2013-04-18,199,18,49,0.627271269007718,-0.03451185924475955,0.13894071618163384
mid_E2_B__daily_level__mid_E2_B_s06_hx_vpa_400_27090342__WY2013__r1,mid_E2_B,daily_level,mid_E2_B_s06_hx_vpa_400_27090342__WY2013,2012-10-02,2013-04-18,199,19,49,0.5970542517653612,-0.14225657098231434,0.13894071618163384
mid_E2_B__daily_level__mid_E2_B_s06_hx_vpa_400_27090342__WY2013__r1,mid_E2_B,daily_level,mid_E2_B_s06_hx_vpa_400_27090342__WY2013,2012-10-02,2013-04-18,199,20,49,0.5664990010535281,-0.037665633178561884,0.13894071618163384
mid_E2_B__daily_level__mid_E2_B_s06_hx_vpa_400_27090342__WY2013__r1,mid_E2_B,daily_level,mid_E2_B_s06_hx_vpa_400_27090342__WY2013,2012-10-02,2013-04-18,199,21,49,0.5406790189143664,-0.01900298832711366,0.13894071618163384
mid_E2_B__daily_level__mid_E2_B_s06_hx_vpa_400_27090342__WY2013__r1,mid_E2_B,daily_level,mid_E2_B_s06_hx_vpa_400_27090342__WY2013,2012-10-02,2013-04-18,199,22,49,0.5244434515208246,0.1156603601068856,0.13894071618163384
mid_E2_B__daily_level__mid_E2_B_s06_hx_vpa_400_27090342__WY2013__r1,mid_E2_B,daily_level,mid_E2_B_s06_hx_vpa_400_27090342__WY2013,2012-10-02,2013-04-18,199,23,49,0.5053218518098396,-0.03505778694766975,0.13894071618163384
mid_E2_B__daily_level__mid_E2_B_s06_hx_vpa_400_27090342__WY2013__r1,mid_E2_B,daily_level,mid_E2_B_s06_hx_vpa_400_27090342__WY2013,2012-10-02,2013-04-18,199,24,49,0.48857893421208254,0.008651586877975135,0.13894071618163384
mid_E2_B__daily_level__mid_E2_B_s06_hx_vpa_400_27090342__WY2013__r1,mid_E2_B,daily_level,mid_E2_B_s06_hx_vpa_400_27090342__WY2013,2012-10-02,2013-04-18,199,25,49,0.4751558885955073,-0.061254299684295486,0.13894071618163384
mid_E2_B__daily_level__mid_E2_B_s06_hx_vpa_400_27090342__WY2013__r1,mid_E2_B,daily_level,mid_E2_B_s06_hx_vpa_400_27090342__WY2013,2012-10-02,2013-04-18,199,26,49,0.46333945195894555,0.0021735611057781806,0.13894071618163384
mid_E2_B__daily_level__mid_E2_B_s06_hx_vpa_400_27090342__WY2013__r1,mid_E2_B,daily_level,mid_E2_B_s06_hx_vpa_400_27090342__WY2013,2012-10-02,2013-04-18,199,27,49,0.4480671700871414,-0.06245821345911535,0.13894071618163384
mid_E2_B__daily_level__mid_E2_B_s06_hx_vpa_400_27090342__WY2013__r1,mid_E2_B,daily_level,mid_E2_B_s06_hx_vpa_400_27090342__WY2013,2012-10-02,2013-04-18,199,28,49,0.43701175875690174,0.060006357861982156,0.13894071618163384
mid_E2_B__daily_level__mid_E2_B_s06_hx_vpa_400_27090342__WY2013__r1,mid_E2_B,daily_level,mid_E2_B_s06_hx_vpa_400_27090342__WY2013,2012-10-02,2013-04-18,199,29,49,0.42333503803821887,-0.03652966906006882,0.13894071618163384
mid_E2_B__daily_level__mid_E2_B_s06_hx_vpa_400_27090342__WY2013__r1,mid_E2_B,daily_level,mid_E2_B_s06_hx_vpa_400_27090342__WY2013,2012-10-02,2013-04-18,199,30,49,0.4033164397668507,-0.031104056037093895,0.13894071618163384
mid_E2_B__daily_level__mid_E2_B_s06_hx_vpa_400_27090342__WY2013__r1,mid_E2_B,daily_level,mid_E2_B_s06_hx_vpa_400_27090342__WY2013,2012-10-02,2013-04-18,199,31,49,0.38828678517026155,0.025065062971815773,0.13894071618163384
mid_E2_B__daily_level__mid_E2_B_s06_hx_vpa_400_27090342__WY2013__r1,mid_E2_B,daily_level,mid_E2_B_s06_hx_vpa_400_27090342__WY2013,2012-10-02,2013-04-18,199,32,49,0.3745255060842095,0.010314254089190872,0.13894071618163384
mid_E2_B__daily_level__mid_E2_B_s06_hx_vpa_400_27090342__WY2013__r1,mid_E2_B,daily_level,mid_E2_B_s06_hx_vpa_400_27090342__WY2013,2012-10-02,2013-04-18,199,33,49,0.35739294013028433,-0.030423384683972106,0.13894071618163384
mid_E2_B__daily_level__mid_E2_B_s06_hx_vpa_400_27090342__WY2013__r1,mid_E2_B,daily_level,mid_E2_B_s06_hx_vpa_400_27090342__WY2013,2012-10-02,2013-04-18,199,34,49,0.3351868721342111,-0.06643883311017983,0.13894071618163384
mid_E2_B__daily_level__mid_E2_B_s06_hx_vpa_400_27090342__WY2013__r1,mid_E2_B,daily_level,mid_E2_B_s06_hx_vpa_400_27090342__WY2013,2012-10-02,2013-04-18,199,35,49,0.3149256465876278,-0.0015062890629776522,0.13894071618163384
mid_E2_B__daily_level__mid_E2_B_s06_hx_vpa_400_27090342__WY2013__r1,mid_E2_B,daily_level,mid_E2_B_s06_hx_vpa_400_27090342__WY2013,2012-10-02,2013-04-18,199,36,49,0.2993151312463472,0.019143215121502875,0.13894071618163384
mid_E2_B__daily_level__mid_E2_B_s06_hx_vpa_400_27090342__WY2013__r1,mid_E2_B,daily_level,mid_E2_B_s06_hx_vpa_400_27090342__WY2013,2012-10-02,2013-04-18,199,37,49,0.28015316447556265,0.019011203767656477,0.13894071618163384
mid_E2_B__daily_level__mid_E2_B_s06_hx_vpa_400_27090342__WY2013__r1,mid_E2_B,daily_level,mid_E2_B_s06_hx_vpa_400_27090342__WY2013,2012-10-02,2013-04-18,199,38,49,0.27281832130956535,0.0995312423004926,0.13894071618163384
mid_E2_B__daily_level__mid_E2_B_s06_hx_vpa_400_27090342__WY2013__r1,mid_E2_B,daily_level,mid_E2_B_s06_hx_vpa_400_27090342__WY2013,2012-10-02,2013-04-18,199,39,49,0.26233272289712484,-0.040179277084911445,0.13894071618163384
mid_E2_B__daily_level__mid_E2_B_s06_hx_vpa_400_27090342__WY2013__r1,mid_E2_B,daily_level,mid_E2_B_s06_hx_vpa_400_27090342__WY2013,2012-10-02,2013-04-18,199,40,49,0.2569554696731856,0.02191246166184555,0.13894071618163384
mid_E2_B__daily_level__mid_E2_B_s06_hx_vpa_400_27090342__WY2013__r1,mid_E2_B,daily_level,mid_E2_B_s06_hx_vpa_400_27090342__WY2013,2012-10-02,2013-04-18,199,41,49,0.25496055114401206,0.026879648763751655,0.13894071618163384
mid_E2_B__daily_level__mid_E2_B_s06_hx_vpa_400_27090342__WY2013__r1,mid_E2_B,daily_level,mid_E2_B_s06_hx_vpa_400_27090342__WY2013,2012-10-02,2013-04-18,199,42,49,0.24672488516986102,-0.04082647531975426,0.13894071618163384
mid_E2_B__daily_level__mid_E2_B_s06_hx_vpa_400_27090342__WY2013__r1,mid_E2_B,daily_level,mid_E2_B_s06_hx_vpa_400_27090342__WY2013,2012-10-02,2013-04-18,199,43,49,0.24263257919679762,0.04066392570576175,0.13894071618163384
mid_E2_B__daily_level__mid_E2_B_s06_hx_vpa_400_27090342__WY2013__r1,mid_E2_B,daily_level,mid_E2_B_s06_hx_vpa_400_27090342__WY2013,2012-10-02,2013-04-18,199,44,49,0.22916534227265242,-0.07898072278129945,0.13894071618163384
mid_E2_B__daily_level__mid_E2_B_s06_hx_vpa_400_27090342__WY2013__r1,mid_E2_B,daily_level,mid_E2_B_s06_hx_vpa_400_27090342__WY2013,2012-10-02,2013-04-18,199,45,49,0.21436726712438584,-0.004782204697905383,0.13894071618163384
mid_E2_B__daily_level__mid_E2_B_s06_hx_vpa_400_27090342__WY2013__r1,mid_E2_B,daily_level,mid_E2_B_s06_hx_vpa_400_27090342__WY2013,2012-10-02,2013-04-18,199,46,49,0.19880816666979703,-0.03128577422594022,0.13894071618163384
mid_E2_B__daily_level__mid_E2_B_s06_hx_vpa_400_27090342__WY2013__r1,mid_E2_B,daily_level,mid_E2_B_s06_hx_vpa_400_27090342__WY2013,2012-10-02,2013-04-18,199,47,49,0.1673520931498102,-0.1454737471858881,0.13894071618163384
mid_E2_B__daily_level__mid_E2_B_s06_hx_vpa_400_27090342__WY2013__r1,mid_E2_B,daily_level,mid_E2_B_s06_hx_vpa_400_27090342__WY2013,2012-10-02,2013-04-18,199,48,49,0.13869749357989727,-0.05384750647237673,0.13894071618163384
mid_E2_B__daily_level__mid_E2_B_s06_hx_vpa_400_27090342__WY2013__r1,mid_E2_B,daily_level,mid_E2_B_s06_hx_vpa_400_27090342__WY2013,2012-10-02,2013-04-18,199,49,49,0.1103700796525686,-0.05311453885653805,0.13894071618163384
mid_E2_B__daily_level__mid_E2_B_s06_hx_vpa_400_27090342__WY2014__r4,mid_E2_B,daily_level,mid_E2_B_s06_hx_vpa_400_27090342__WY2014,2014-04-02,2014-09-30,182,0,45,1.0,1.0,0.14528486606557584
mid_E2_B__daily_level__mid_E2_B_s06_hx_vpa_400_27090342__WY2014__r4,mid_E2_B,daily_level,mid_E2_B_s06_hx_vpa_400_27090342__WY2014,2014-04-02,2014-09-30,182,1,45,0.9461454905108716,0.9461454905108715,0.14528486606557584
mid_E2_B__daily_level__mid_E2_B_s06_hx_vpa_400_27090342__WY2014__r4,mid_E2_B,daily_level,mid_E2_B_s06_hx_vpa_400_27090342__WY2014,2014-04-02,2014-09-30,182,2,45,0.891144336583172,-0.03861275079655452,0.14528486606557584
mid_E2_B__daily_level__mid_E2_B_s06_hx_vpa_400_27090342__WY2014__r4,mid_E2_B,daily_level,mid_E2_B_s06_hx_vpa_400_27090342__WY2014,2014-04-02,2014-09-30,182,3,45,0.8203625902225127,-0.17976407974343706,0.14528486606557584
mid_E2_B__daily_level__mid_E2_B_s06_hx_vpa_400_27090342__WY2014__r4,mid_E2_B,daily_level,mid_E2_B_s06_hx_vpa_400_27090342__WY2014,2014-04-02,2014-09-30,182,4,45,0.7601812057460907,0.06708903737994062,0.14528486606557584
mid_E2_B__daily_level__mid_E2_B_s06_hx_vpa_400_27090342__WY2014__r4,mid_E2_B,daily_level,mid_E2_B_s06_hx_vpa_400_27090342__WY2014,2014-04-02,2014-09-30,182,5,45,0.7105202162249757,0.08953511843108364,0.14528486606557584
mid_E2_B__daily_level__mid_E2_B_s06_hx_vpa_400_27090342__WY2014__r4,mid_E2_B,daily_level,mid_E2_B_s06_hx_vpa_400_27090342__WY2014,2014-04-02,2014-09-30,182,6,45,0.6800865293109177,0.12867302902976155,0.14528486606557584
mid_E2_B__daily_level__mid_E2_B_s06_hx_vpa_400_27090342__WY2014__r4,mid_E2_B,daily_level,mid_E2_B_s06_hx_vpa_400_27090342__WY2014,2014-04-02,2014-09-30,182,7,45,0.6591865267714576,0.04889470027534739,0.14528486606557584
mid_E2_B__daily_level__mid_E2_B_s06_hx_vpa_400_27090342__WY2014__r4,mid_E2_B,daily_level,mid_E2_B_s06_hx_vpa_400_27090342__WY2014,2014-04-02,2014-09-30,182,8,45,0.6553005048908436,0.12380502690724776,0.14528486606557584
mid_E2_B__daily_level__mid_E2_B_s06_hx_vpa_400_27090342__WY2014__r4,mid_E2_B,daily_level,mid_E2_B_s06_hx_vpa_400_27090342__WY2014,2014-04-02,2014-09-30,182,9,45,0.6548679700427112,0.04776463713938886,0.14528486606557584
mid_E2_B__daily_level__mid_E2_B_s06_hx_vpa_400_27090342__WY2014__r4,mid_E2_B,daily_level,mid_E2_B_s06_hx_vpa_400_27090342__WY2014,2014-04-02,2014-09-30,182,10,45,0.6515620472397669,-0.02803544116551699,0.14528486606557584
mid_E2_B__daily_level__mid_E2_B_s06_hx_vpa_400_27090342__WY2014__r4,mid_E2_B,daily_level,mid_E2_B_s06_hx_vpa_400_27090342__WY2014,2014-04-02,2014-09-30,182,11,45,0.6504694463850339,0.07500164437253933,0.14528486606557584
mid_E2_B__daily_level__mid_E2_B_s06_hx_vpa_400_27090342__WY2014__r4,mid_E2_B,daily_level,mid_E2_B_s06_hx_vpa_400_27090342__WY2014,2014-04-02,2014-09-30,182,12,45,0.6426365821815837,0.0022451588913635604,0.14528486606557584
mid_E2_B__daily_level__mid_E2_B_s06_hx_vpa_400_27090342__WY2014__r4,mid_E2_B,daily_level,mid_E2_B_s06_hx_vpa_400_27090342__WY2014,2014-04-02,2014-09-30,182,13,45,0.6338170073974249,0.02934293344754504,0.14528486606557584
mid_E2_B__daily_level__mid_E2_B_s06_hx_vpa_400_27090342__WY2014__r4,mid_E2_B,daily_level,mid_E2_B_s06_hx_vpa_400_27090342__WY2014,2014-04-02,2014-09-30,182,14,45,0.6157836159543928,-0.04853045063725244,0.14528486606557584
mid_E2_B__daily_level__mid_E2_B_s06_hx_vpa_400_27090342__WY2014__r4,mid_E2_B,daily_level,mid_E2_B_s06_hx_vpa_400_27090342__WY2014,2014-04-02,2014-09-30,182,15,45,0.6034238103504372,0.0743161591413437,0.14528486606557584
mid_E2_B__daily_level__mid_E2_B_s06_hx_vpa_400_27090342__WY2014__r4,mid_E2_B,daily_level,mid_E2_B_s06_hx_vpa_400_27090342__WY2014,2014-04-02,2014-09-30,182,16,45,0.5892505174429258,0.01929999623732513,0.14528486606557584
mid_E2_B__daily_level__mid_E2_B_s06_hx_vpa_400_27090342__WY2014__r4,mid_E2_B,daily_level,mid_E2_B_s06_hx_vpa_400_27090342__WY2014,2014-04-02,2014-09-30,182,17,45,0.5880643959424936,0.09687765723996139,0.14528486606557584
mid_E2_B__daily_level__mid_E2_B_s06_hx_vpa_400_27090342__WY2014__r4,mid_E2_B,daily_level,mid_E2_B_s06_hx_vpa_400_27090342__WY2014,2014-04-02,2014-09-30,182,18,45,0.5813781761776149,-0.0399414880366276,0.14528486606557584
mid_E2_B__daily_level__mid_E2_B_s06_hx_vpa_400_27090342__WY2014__r4,mid_E2_B,daily_level,mid_E2_B_s06_hx_vpa_400_27090342__WY2014,2014-04-02,2014-09-30,182,19,45,0.581352252832522,0.031371703436274594,0.14528486606557584
mid_E2_B__daily_level__mid_E2_B_s06_hx_vpa_400_27090342__WY2014__r4,mid_E2_B,daily_level,mid_E2_B_s06_hx_vpa_400_27090342__WY2014,2014-04-02,2014-09-30,182,20,45,0.5874932706168603,0.11362993426490235,0.14528486606557584
mid_E2_B__daily_level__mid_E2_B_s06_hx_vpa_400_27090342__WY2014__r4,mid_E2_B,daily_level,mid_E2_B_s06_hx_vpa_400_27090342__WY2014,2014-04-02,2014-09-30,182,21,45,0.5946277758402914,0.016860046636795835,0.14528486606557584
mid_E2_B__daily_level__mid_E2_B_s06_hx_vpa_400_27090342__WY2014__r4,mid_E2_B,daily_level,mid_E2_B_s06_hx_vpa_400_27090342__WY2014,2014-04-02,2014-09-30,182,22,45,0.5911551423211008,-0.08393417668245526,0.14528486606557584
mid_E2_B__daily_level__mid_E2_B_s06_hx_vpa_400_27090342__WY2014__r4,mid_E2_B,daily_level,mid_E2_B_s06_hx_vpa_400_27090342__WY2014,2014-04-02,2014-09-30,182,23,45,0.5840690879115669,-0.004723797434734287,0.14528486606557584
mid_E2_B__daily_level__mid_E2_B_s06_hx_vpa_400_27090342__WY2014__r4,mid_E2_B,daily_level,mid_E2_B_s06_hx_vpa_400_27090342__WY2014,2014-04-02,2014-09-30,182,24,45,0.5570888880299902,-0.13541519054324516,0.14528486606557584
mid_E2_B__daily_level__mid_E2_B_s06_hx_vpa_400_27090342__WY2014__r4,mid_E2_B,daily_level,mid_E2_B_s06_hx_vpa_400_27090342__WY2014,2014-04-02,2014-09-30,182,25,45,0.5224616811479194,-0.07695914641763592,0.14528486606557584
mid_E2_B__daily_level__mid_E2_B_s06_hx_vpa_400_27090342__WY2014__r4,mid_E2_B,daily_level,mid_E2_B_s06_hx_vpa_400_27090342__WY2014,2014-04-02,2014-09-30,182,26,45,0.47608069108465556,-0.11566557307745834,0.14528486606557584
mid_E2_B__daily_level__mid_E2_B_s06_hx_vpa_400_27090342__WY2014__r4,mid_E2_B,daily_level,mid_E2_B_s06_hx_vpa_400_27090342__WY2014,2014-04-02,2014-09-30,182,27,45,0.43528654307315323,0.0339494689516026,0.14528486606557584
mid_E2_B__daily_level__mid_E2_B_s06_hx_vpa_400_27090342__WY2014__r4,mid_E2_B,daily_level,mid_E2_B_s06_hx_vpa_400_27090342__WY2014,2014-04-02,2014-09-30,182,28,45,0.403286046500717,0.01845261717484084,0.14528486606557584
mid_E2_B__daily_level__mid_E2_B_s06_hx_vpa_400_27090342__WY2014__r4,mid_E2_B,daily_level,mid_E2_B_s06_hx_vpa_400_27090342__WY2014,2014-04-02,2014-09-30,182,29,45,0.3901862079612298,0.06808707826712425,0.14528486606557584
mid_E2_B__daily_level__mid_E2_B_s06_hx_vpa_400_27090342__WY2014__r4,mid_E2_B,daily_level,mid_E2_B_s06_hx_vpa_400_27090342__WY2014,2014-04-02,2014-09-30,182,30,45,0.3820199223252874,-0.050942615221349574,0.14528486606557584
mid_E2_B__daily_level__mid_E2_B_s06_hx_vpa_400_27090342__WY2014__r4,mid_E2_B,daily_level,mid_E2_B_s06_hx_vpa_400_27090342__WY2014,2014-04-02,2014-09-30,182,31,45,0.3765670907862949,-0.06441653718123663,0.14528486606557584
mid_E2_B__daily_level__mid_E2_B_s06_hx_vpa_400_27090342__WY2014__r4,mid_E2_B,daily_level,mid_E2_B_s06_hx_vpa_400_27090342__WY2014,2014-04-02,2014-09-30,182,32,45,0.37678784508637914,0.033644140692623066,0.14528486606557584
mid_E2_B__daily_level__mid_E2_B_s06_hx_vpa_400_27090342__WY2014__r4,mid_E2_B,daily_level,mid_E2_B_s06_hx_vpa_400_27090342__WY2014,2014-04-02,2014-09-30,182,33,45,0.3713350135473866,-0.04177799289396037,0.14528486606557584
mid_E2_B__daily_level__mid_E2_B_s06_hx_vpa_400_27090342__WY2014__r4,mid_E2_B,daily_level,mid_E2_B_s06_hx_vpa_400_27090342__WY2014,2014-04-02,2014-09-30,182,34,45,0.37229580078300256,0.07438211629266939,0.14528486606557584
mid_E2_B__daily_level__mid_E2_B_s06_hx_vpa_400_27090342__WY2014__r4,mid_E2_B,daily_level,mid_E2_B_s06_hx_vpa_400_27090342__WY2014,2014-04-02,2014-09-30,182,35,45,0.35476254148870895,-0.13162948143872097,0.14528486606557584
mid_E2_B__daily_level__mid_E2_B_s06_hx_vpa_400_27090342__WY2014__r4,mid_E2_B,daily_level,mid_E2_B_s06_hx_vpa_400_27090342__WY2014,2014-04-02,2014-09-30,182,36,45,0.3384626704203014,0.0072646484903419,0.14528486606557584
mid_E2_B__daily_level__mid_E2_B_s06_hx_vpa_400_27090342__WY2014__r4,mid_E2_B,daily_level,mid_E2_B_s06_hx_vpa_400_27090342__WY2014,2014-04-02,2014-09-30,182,37,45,0.3135290817706901,-0.03671693272063095,0.14528486606557584
mid_E2_B__daily_level__mid_E2_B_s06_hx_vpa_400_27090342__WY2014__r4,mid_E2_B,daily_level,mid_E2_B_s06_hx_vpa_400_27090342__WY2014,2014-04-02,2014-09-30,182,38,45,0.29228888094035377,-0.02644588545278321,0.14528486606557584
mid_E2_B__daily_level__mid_E2_B_s06_hx_vpa_400_27090342__WY2014__r4,mid_E2_B,daily_level,mid_E2_B_s06_hx_vpa_400_27090342__WY2014,2014-04-02,2014-09-30,182,39,45,0.2584748970643616,-0.11076629640860675,0.14528486606557584
mid_E2_B__daily_level__mid_E2_B_s06_hx_vpa_400_27090342__WY2014__r4,mid_E2_B,daily_level,mid_E2_B_s06_hx_vpa_400_27090342__WY2014,2014-04-02,2014-09-30,182,40,45,0.2303277221690623,-0.06553266268678198,0.14528486606557584
mid_E2_B__daily_level__mid_E2_B_s06_hx_vpa_400_27090342__WY2014__r4,mid_E2_B,daily_level,mid_E2_B_s06_hx_vpa_400_27090342__WY2014,2014-04-02,2014-09-30,182,41,45,0.20070048140269947,-0.019566551778994898,0.14528486606557584
mid_E2_B__daily_level__mid_E2_B_s06_hx_vpa_400_27090342__WY2014__r4,mid_E2_B,daily_level,mid_E2_B_s06_hx_vpa_400_27090342__WY2014,2014-04-02,2014-09-30,182,42,45,0.18554047791447908,0.04790920453614999,0.14528486606557584
mid_E2_B__daily_level__mid_E2_B_s06_hx_vpa_400_27090342__WY2014__r4,mid_E2_B,daily_level,mid_E2_B_s06_hx_vpa_400_27090342__WY2014,2014-04-02,2014-09-30,182,43,45,0.17210721794249945,-0.012810514759532725,0.14528486606557584
mid_E2_B__daily_level__mid_E2_B_s06_hx_vpa_400_27090342__WY2014__r4,mid_E2_B,daily_level,mid_E2_B_s06_hx_vpa_400_27090342__WY2014,2014-04-02,2014-09-30,182,44,45,0.16640093189994584,0.013640751613558022,0.14528486606557584
mid_E2_B__daily_level__mid_E2_B_s06_hx_vpa_400_27090342__WY2014__r4,mid_E2_B,daily_level,mid_E2_B_s06_hx_vpa_400_27090342__WY2014,2014-04-02,2014-09-30,182,45,45,0.1648081988964742,0.03836022440153013,0.14528486606557584
mid_E2_B__daily_level__mid_E2_B_s06_hx_vpa_400_27090342__WY2015__r1,mid_E2_B,daily_level,mid_E2_B_s06_hx_vpa_400_27090342__WY2015,2014-10-01,2015-04-07,189,0,47,1.0,1.0,0.14256902162084836
mid_E2_B__daily_level__mid_E2_B_s06_hx_vpa_400_27090342__WY2015__r1,mid_E2_B,daily_level,mid_E2_B_s06_hx_vpa_400_27090342__WY2015,2014-10-01,2015-04-07,189,1,47,0.9537672097790961,0.9537672097790963,0.14256902162084836
mid_E2_B__daily_level__mid_E2_B_s06_hx_vpa_400_27090342__WY2015__r1,mid_E2_B,daily_level,mid_E2_B_s06_hx_vpa_400_27090342__WY2015,2014-10-01,2015-04-07,189,2,47,0.9148190521595068,0.05698294512455663,0.14256902162084836
mid_E2_B__daily_level__mid_E2_B_s06_hx_vpa_400_27090342__WY2015__r1,mid_E2_B,daily_level,mid_E2_B_s06_hx_vpa_400_27090342__WY2015,2014-10-01,2015-04-07,189,3,47,0.869202999333073,-0.08830883635046834,0.14256902162084836
mid_E2_B__daily_level__mid_E2_B_s06_hx_vpa_400_27090342__WY2015__r1,mid_E2_B,daily_level,mid_E2_B_s06_hx_vpa_400_27090342__WY2015,2014-10-01,2015-04-07,189,4,47,0.8314082008732752,0.05253191285850859,0.14256902162084836
mid_E2_B__daily_level__mid_E2_B_s06_hx_vpa_400_27090342__WY2015__r1,mid_E2_B,daily_level,mid_E2_B_s06_hx_vpa_400_27090342__WY2015,2014-10-01,2015-04-07,189,5,47,0.7993623396868734,0.060023920319370726,0.14256902162084836
mid_E2_B__daily_level__mid_E2_B_s06_hx_vpa_400_27090342__WY2015__r1,mid_E2_B,daily_level,mid_E2_B_s06_hx_vpa_400_27090342__WY2015,2014-10-01,2015-04-07,189,6,47,0.7610757402678869,-0.08917820592534535,0.14256902162084836
mid_E2_B__daily_level__mid_E2_B_s06_hx_vpa_400_27090342__WY2015__r1,mid_E2_B,daily_level,mid_E2_B_s06_hx_vpa_400_27090342__WY2015,2014-10-01,2015-04-07,189,7,47,0.7231888443792808,-0.03046203913123023,0.14256902162084836
mid_E2_B__daily_level__mid_E2_B_s06_hx_vpa_400_27090342__WY2015__r1,mid_E2_B,daily_level,mid_E2_B_s06_hx_vpa_400_27090342__WY2015,2014-10-01,2015-04-07,189,8,47,0.6748450601088116,-0.11917633923841925,0.14256902162084836
mid_E2_B__daily_level__mid_E2_B_s06_hx_vpa_400_27090342__WY2015__r1,mid_E2_B,daily_level,mid_E2_B_s06_hx_vpa_400_27090342__WY2015,2014-10-01,2015-04-07,189,9,47,0.6198451771678045,-0.1270677508704818,0.14256902162084836
mid_E2_B__daily_level__mid_E2_B_s06_hx_vpa_400_27090342__WY2015__r1,mid_E2_B,daily_level,mid_E2_B_s06_hx_vpa_400_27090342__WY2015,2014-10-01,2015-04-07,189,10,47,0.5691656054650946,0.007201905073047131,0.14256902162084836
mid_E2_B__daily_level__mid_E2_B_s06_hx_vpa_400_27090342__WY2015__r1,mid_E2_B,daily_level,mid_E2_B_s06_hx_vpa_400_27090342__WY2015,2014-10-01,2015-04-07,189,11,47,0.5264731591484672,0.06529346628426934,0.14256902162084836
mid_E2_B__daily_level__mid_E2_B_s06_hx_vpa_400_27090342__WY2015__r1,mid_E2_B,daily_level,mid_E2_B_s06_hx_vpa_400_27090342__WY2015,2014-10-01,2015-04-07,189,12,47,0.4779483682734372,-0.11780671924077538,0.14256902162084836
mid_E2_B__daily_level__mid_E2_B_s06_hx_vpa_400_27090342__WY2015__r1,mid_E2_B,daily_level,mid_E2_B_s06_hx_vpa_400_27090342__WY2015,2014-10-01,2015-04-07,189,13,47,0.42977628435536647,-0.04432522143342,0.14256902162084836
mid_E2_B__daily_level__mid_E2_B_s06_hx_vpa_400_27090342__WY2015__r1,mid_E2_B,daily_level,mid_E2_B_s06_hx_vpa_400_27090342__WY2015,2014-10-01,2015-04-07,189,14,47,0.38913229493546203,0.10111628304192516,0.14256902162084836
mid_E2_B__daily_level__mid_E2_B_s06_hx_vpa_400_27090342__WY2015__r1,mid_E2_B,daily_level,mid_E2_B_s06_hx_vpa_400_27090342__WY2015,2014-10-01,2015-04-07,189,15,47,0.34623549452331587,-0.037135259569343,0.14256902162084836
mid_E2_B__daily_level__mid_E2_B_s06_hx_vpa_400_27090342__WY2015__r1,mid_E2_B,daily_level,mid_E2_B_s06_hx_vpa_400_27090342__WY2015,2014-10-01,2015-04-07,189,16,47,0.3056304405667413,-0.029428275434619938,0.14256902162084836
mid_E2_B__daily_level__mid_E2_B_s06_hx_vpa_400_27090342__WY2015__r1,mid_E2_B,daily_level,mid_E2_B_s06_hx_vpa_400_27090342__WY2015,2014-10-01,2015-04-07,189,17,47,0.2640470323839814,-0.00666600468919678,0.14256902162084836
mid_E2_B__daily_level__mid_E2_B_s06_hx_vpa_400_27090342__WY2015__r1,mid_E2_B,daily_level,mid_E2_B_s06_hx_vpa_400_27090342__WY2015,2014-10-01,2015-04-07,189,18,47,0.22504723799024015,-0.022606451578305216,0.14256902162084836
mid_E2_B__daily_level__mid_E2_B_s06_hx_vpa_400_27090342__WY2015__r1,mid_E2_B,daily_level,mid_E2_B_s06_hx_vpa_400_27090342__WY2015,2014-10-01,2015-04-07,189,19,47,0.1829917701665365,-0.0811828791320893,0.14256902162084836
mid_E2_B__daily_level__mid_E2_B_s06_hx_vpa_400_27090342__WY2015__r1,mid_E2_B,daily_level,mid_E2_B_s06_hx_vpa_400_27090342__WY2015,2014-10-01,2015-04-07,189,20,47,0.14185110693040856,-0.00033699388260495554,0.14256902162084836
mid_E2_B__daily_level__mid_E2_B_s06_hx_vpa_400_27090342__WY2015__r1,mid_E2_B,daily_level,mid_E2_B_s06_hx_vpa_400_27090342__WY2015,2014-10-01,2015-04-07,189,21,47,0.100188130291659,-0.053968738951000586,0.14256902162084836
mid_E2_B__daily_level__mid_E2_B_s06_hx_vpa_400_27090342__WY2015__r1,mid_E2_B,daily_level,mid_E2_B_s06_hx_vpa_400_27090342__WY2015,2014-10-01,2015-04-07,189,22,47,0.06978194456729152,0.05245995589571791,0.14256902162084836
mid_E2_B__daily_level__mid_E2_B_s06_hx_vpa_400_27090342__WY2015__r1,mid_E2_B,daily_level,mid_E2_B_s06_hx_vpa_400_27090342__WY2015,2014-10-01,2015-04-07,189,23,47,0.047082662636112556,0.09830637257197737,0.14256902162084836
mid_E2_B__daily_level__mid_E2_B_s06_hx_vpa_400_27090342__WY2015__r1,mid_E2_B,daily_level,mid_E2_B_s06_hx_vpa_400_27090342__WY2015,2014-10-01,2015-04-07,189,24,47,0.037674535575842515,0.15538813386151687,0.14256902162084836
mid_E2_B__daily_level__mid_E2_B_s06_hx_vpa_400_27090342__WY2015__r1,mid_E2_B,daily_level,mid_E2_B_s06_hx_vpa_400_27090342__WY2015,2014-10-01,2015-04-07,189,25,47,0.034269372005404565,0.05833535964305397,0.14256902162084836
mid_E2_B__daily_level__mid_E2_B_s06_hx_vpa_400_27090342__WY2015__r1,mid_E2_B,daily_level,mid_E2_B_s06_hx_vpa_400_27090342__WY2015,2014-10-01,2015-04-07,189,26,47,0.02315564158004879,-0.07351563128259375,0.14256902162084836
mid_E2_B__daily_level__mid_E2_B_s06_hx_vpa_400_27090342__WY2015__r1,mid_E2_B,daily_level,mid_E2_B_s06_hx_vpa_400_27090342__WY2015,2014-10-01,2015-04-07,189,27,47,0.016085943031915597,0.05169171942928592,0.14256902162084836
mid_E2_B__daily_level__mid_E2_B_s06_hx_vpa_400_27090342__WY2015__r1,mid_E2_B,daily_level,mid_E2_B_s06_hx_vpa_400_27090342__WY2015,2014-10-01,2015-04-07,189,28,47,0.012656884797360414,0.06555069386958308,0.14256902162084836
mid_E2_B__daily_level__mid_E2_B_s06_hx_vpa_400_27090342__WY2015__r1,mid_E2_B,daily_level,mid_E2_B_s06_hx_vpa_400_27090342__WY2015,2014-10-01,2015-04-07,189,29,47,0.005501603196932597,-0.12309383387104045,0.14256902162084836
mid_E2_B__daily_level__mid_E2_B_s06_hx_vpa_400_27090342__WY2015__r1,mid_E2_B,daily_level,mid_E2_B_s06_hx_vpa_400_27090342__WY2015,2014-10-01,2015-04-07,189,30,47,0.007739552749142535,0.026296225106275023,0.14256902162084836
mid_E2_B__daily_level__mid_E2_B_s06_hx_vpa_400_27090342__WY2015__r1,mid_E2_B,daily_level,mid_E2_B_s06_hx_vpa_400_27090342__WY2015,2014-10-01,2015-04-07,189,31,47,0.017095423735455646,0.0953510024333855,0.14256902162084836
mid_E2_B__daily_level__mid_E2_B_s06_hx_vpa_400_27090342__WY2015__r1,mid_E2_B,daily_level,mid_E2_B_s06_hx_vpa_400_27090342__WY2015,2014-10-01,2015-04-07,189,32,47,0.028665484767536043,-0.0230265033986663,0.14256902162084836
mid_E2_B__daily_level__mid_E2_B_s06_hx_vpa_400_27090342__WY2015__r1,mid_E2_B,daily_level,mid_E2_B_s06_hx_vpa_400_27090342__WY2015,2014-10-01,2015-04-07,189,33,47,0.042841261937521025,0.03810231265048159,0.14256902162084836
mid_E2_B__daily_level__mid_E2_B_s06_hx_vpa_400_27090342__WY2015__r1,mid_E2_B,daily_level,mid_E2_B_s06_hx_vpa_400_27090342__WY2015,2014-10-01,2015-04-07,189,34,47,0.05571466358496218,0.06455406372133016,0.14256902162084836
mid_E2_B__daily_level__mid_E2_B_s06_hx_vpa_400_27090342__WY2015__r1,mid_E2_B,daily_level,mid_E2_B_s06_hx_vpa_400_27090342__WY2015,2014-10-01,2015-04-07,189,35,47,0.07166928346286185,0.00644221387285036,0.14256902162084836
mid_E2_B__daily_level__mid_E2_B_s06_hx_vpa_400_27090342__WY2015__r1,mid_E2_B,daily_level,mid_E2_B_s06_hx_vpa_400_27090342__WY2015,2014-10-01,2015-04-07,189,36,47,0.09307085273148386,0.06323004509106632,0.14256902162084836
mid_E2_B__daily_level__mid_E2_B_s06_hx_vpa_400_27090342__WY2015__r1,mid_E2_B,daily_level,mid_E2_B_s06_hx_vpa_400_27090342__WY2015,2014-10-01,2015-04-07,189,37,47,0.1093898468491467,0.028366898212407333,0.14256902162084836
mid_E2_B__daily_level__mid_E2_B_s06_hx_vpa_400_27090342__WY2015__r1,mid_E2_B,daily_level,mid_E2_B_s06_hx_vpa_400_27090342__WY2015,2014-10-01,2015-04-07,189,38,47,0.12345646081957543,-0.09070708794222689,0.14256902162084836
mid_E2_B__daily_level__mid_E2_B_s06_hx_vpa_400_27090342__WY2015__r1,mid_E2_B,daily_level,mid_E2_B_s06_hx_vpa_400_27090342__WY2015,2014-10-01,2015-04-07,189,39,47,0.13850108003173334,-0.0458376658960572,0.14256902162084836
mid_E2_B__daily_level__mid_E2_B_s06_hx_vpa_400_27090342__WY2015__r1,mid_E2_B,daily_level,mid_E2_B_s06_hx_vpa_400_27090342__WY2015,2014-10-01,2015-04-07,189,40,47,0.14017447613678435,-0.1307934965140365,0.14256902162084836
mid_E2_B__daily_level__mid_E2_B_s06_hx_vpa_400_27090342__WY2015__r1,mid_E2_B,daily_level,mid_E2_B_s06_hx_vpa_400_27090342__WY2015,2014-10-01,2015-04-07,189,41,47,0.14934468739245518,0.03799713861243722,0.14256902162084836
mid_E2_B__daily_level__mid_E2_B_s06_hx_vpa_400_27090342__WY2015__r1,mid_E2_B,daily_level,mid_E2_B_s06_hx_vpa_400_27090342__WY2015,2014-10-01,2015-04-07,189,42,47,0.15795655798597552,-0.028075865207642155,0.14256902162084836
mid_E2_B__daily_level__mid_E2_B_s06_hx_vpa_400_27090342__WY2015__r1,mid_E2_B,daily_level,mid_E2_B_s06_hx_vpa_400_27090342__WY2015,2014-10-01,2015-04-07,189,43,47,0.16901492594486994,0.002371948242713851,0.14256902162084836
mid_E2_B__daily_level__mid_E2_B_s06_hx_vpa_400_27090342__WY2015__r1,mid_E2_B,daily_level,mid_E2_B_s06_hx_vpa_400_27090342__WY2015,2014-10-01,2015-04-07,189,44,47,0.1657639359519244,-0.1401306560414065,0.14256902162084836
mid_E2_B__daily_level__mid_E2_B_s06_hx_vpa_400_27090342__WY2015__r1,mid_E2_B,daily_level,mid_E2_B_s06_hx_vpa_400_27090342__WY2015,2014-10-01,2015-04-07,189,45,47,0.1489463432578599,-0.1196941186680579,0.14256902162084836
mid_E2_B__daily_level__mid_E2_B_s06_hx_vpa_400_27090342__WY2015__r1,mid_E2_B,daily_level,mid_E2_B_s06_hx_vpa_400_27090342__WY2015,2014-10-01,2015-04-07,189,46,47,0.12999878210009874,0.009094919890697743,0.14256902162084836
mid_E2_B__daily_level__mid_E2_B_s06_hx_vpa_400_27090342__WY2015__r1,mid_E2_B,daily_level,mid_E2_B_s06_hx_vpa_400_27090342__WY2015,2014-10-01,2015-04-07,189,47,47,0.10351242425418475,-0.0851176142493487,0.14256902162084836
mid_E2_B__daily_level__mid_E2_B_s06_hx_vpa_400_27090342__WY2016__r1,mid_E2_B,daily_level,mid_E2_B_s06_hx_vpa_400_27090342__WY2016,2015-10-01,2016-05-31,244,0,60,1.0,1.0,0.12547614233423807
mid_E2_B__daily_level__mid_E2_B_s06_hx_vpa_400_27090342__WY2016__r1,mid_E2_B,daily_level,mid_E2_B_s06_hx_vpa_400_27090342__WY2016,2015-10-01,2016-05-31,244,1,60,0.9402956208594389,0.9402956208594391,0.12547614233423807
mid_E2_B__daily_level__mid_E2_B_s06_hx_vpa_400_27090342__WY2016__r1,mid_E2_B,daily_level,mid_E2_B_s06_hx_vpa_400_27090342__WY2016,2015-10-01,2016-05-31,244,2,60,0.8790951824504042,-0.043685178391059065,0.12547614233423807
mid_E2_B__daily_level__mid_E2_B_s06_hx_vpa_400_27090342__WY2016__r1,mid_E2_B,daily_level,mid_E2_B_s06_hx_vpa_400_27090342__WY2016,2015-10-01,2016-05-31,244,3,60,0.8216791768493519,0.0003133585673084001,0.12547614233423807
mid_E2_B__daily_level__mid_E2_B_s06_hx_vpa_400_27090342__WY2016__r1,mid_E2_B,daily_level,mid_E2_B_s06_hx_vpa_400_27090342__WY2016,2015-10-01,2016-05-31,244,4,60,0.7650550847533907,-0.025518049459654593,0.12547614233423807
mid_E2_B__daily_level__mid_E2_B_s06_hx_vpa_400_27090342__WY2016__r1,mid_E2_B,daily_level,mid_E2_B_s06_hx_vpa_400_27090342__WY2016,2015-10-01,2016-05-31,244,5,60,0.7100933697926098,-0.016903920680103587,0.12547614233423807
mid_E2_B__daily_level__mid_E2_B_s06_hx_vpa_400_27090342__WY2016__r1,mid_E2_B,daily_level,mid_E2_B_s06_hx_vpa_400_27090342__WY2016,2015-10-01,2016-05-31,244,6,60,0.662123417488619,0.028321169043997327,0.12547614233423807
mid_E2_B__daily_level__mid_E2_B_s06_hx_vpa_400_27090342__WY2016__r1,mid_E2_B,daily_level,mid_E2_B_s06_hx_vpa_400_27090342__WY2016,2015-10-01,2016-05-31,244,7,60,0.6424511477154811,0.21516295587721693,0.12547614233423807
mid_E2_B__daily_level__mid_E2_B_s06_hx_vpa_400_27090342__WY2016__r1,mid_E2_B,daily_level,mid_E2_B_s06_hx_vpa_400_27090342__WY2016,2015-10-01,2016-05-31,244,8,60,0.6218987959296004,-0.024685373362226475,0.12547614233423807
mid_E2_B__daily_level__mid_E2_B_s06_hx_vpa_400_27090342__WY2016__r1,mid_E2_B,daily_level,mid_E2_B_s06_hx_vpa_400_27090342__WY2016,2015-10-01,2016-05-31,244,9,60,0.604280050852862,0.026286067334367492,0.12547614233423807
mid_E2_B__daily_level__mid_E2_B_s06_hx_vpa_400_27090342__WY2016__r1,mid_E2_B,daily_level,mid_E2_B_s06_hx_vpa_400_27090342__WY2016,2015-10-01,2016-05-31,244,10,60,0.5852922893118574,-0.024385123123196836,0.12547614233423807
mid_E2_B__daily_level__mid_E2_B_s06_hx_vpa_400_27090342__WY2016__r1,mid_E2_B,daily_level,mid_E2_B_s06_hx_vpa_400_27090342__WY2016,2015-10-01,2016-05-31,244,11,60,0.5739415235972761,0.06682381275452118,0.12547614233423807
mid_E2_B__daily_level__mid_E2_B_s06_hx_vpa_400_27090342__WY2016__r1,mid_E2_B,daily_level,mid_E2_B_s06_hx_vpa_400_27090342__WY2016,2015-10-01,2016-05-31,244,12,60,0.5693773283762221,0.07553541326530638,0.12547614233423807
mid_E2_B__daily_level__mid_E2_B_s06_hx_vpa_400_27090342__WY2016__r1,mid_E2_B,daily_level,mid_E2_B_s06_hx_vpa_400_27090342__WY2016,2015-10-01,2016-05-31,244,13,60,0.5627307533108095,0.03815150683474792,0.12547614233423807
mid_E2_B__daily_level__mid_E2_B_s06_hx_vpa_400_27090342__WY2016__r1,mid_E2_B,daily_level,mid_E2_B_s06_hx_vpa_400_27090342__WY2016,2015-10-01,2016-05-31,244,14,60,0.5557908175744827,-0.00421854790440172,0.12547614233423807
mid_E2_B__daily_level__mid_E2_B_s06_hx_vpa_400_27090342__WY2016__r1,mid_E2_B,daily_level,mid_E2_B_s06_hx_vpa_400_27090342__WY2016,2015-10-01,2016-05-31,244,15,60,0.5484204592144375,0.009905564506667663,0.12547614233423807
mid_E2_B__daily_level__mid_E2_B_s06_hx_vpa_400_27090342__WY2016__r1,mid_E2_B,daily_level,mid_E2_B_s06_hx_vpa_400_27090342__WY2016,2015-10-01,2016-05-31,244,16,60,0.5391528748761025,-0.017083160961123934,0.12547614233423807
mid_E2_B__daily_level__mid_E2_B_s06_hx_vpa_400_27090342__WY2016__r1,mid_E2_B,daily_level,mid_E2_B_s06_hx_vpa_400_27090342__WY2016,2015-10-01,2016-05-31,244,17,60,0.5284184871831962,0.028184074119850314,0.12547614233423807
mid_E2_B__daily_level__mid_E2_B_s06_hx_vpa_400_27090342__WY2016__r1,mid_E2_B,daily_level,mid_E2_B_s06_hx_vpa_400_27090342__WY2016,2015-10-01,2016-05-31,244,18,60,0.5091277465886244,-0.05028238129201253,0.12547614233423807
mid_E2_B__daily_level__mid_E2_B_s06_hx_vpa_400_27090342__WY2016__r1,mid_E2_B,daily_level,mid_E2_B_s06_hx_vpa_400_27090342__WY2016,2015-10-01,2016-05-31,244,19,60,0.48583736187421056,-0.03443662344263599,0.12547614233423807
mid_E2_B__daily_level__mid_E2_B_s06_hx_vpa_400_27090342__WY2016__r1,mid_E2_B,daily_level,mid_E2_B_s06_hx_vpa_400_27090342__WY2016,2015-10-01,2016-05-31,244,20,60,0.46357373950799685,-0.004410471969833745,0.12547614233423807
mid_E2_B__daily_level__mid_E2_B_s06_hx_vpa_400_27090342__WY2016__r1,mid_E2_B,daily_level,mid_E2_B_s06_hx_vpa_400_27090342__WY2016,2015-10-01,2016-05-31,244,21,60,0.4444296792488821,0.02016747122541811,0.12547614233423807
mid_E2_B__daily_level__mid_E2_B_s06_hx_vpa_400_27090342__WY2016__r1,mid_E2_B,daily_level,mid_E2_B_s06_hx_vpa_400_27090342__WY2016,2015-10-01,2016-05-31,244,22,60,0.42617531938516307,-0.0013248878882805033,0.12547614233423807
mid_E2_B__daily_level__mid_E2_B_s06_hx_vpa_400_27090342__WY2016__r1,mid_E2_B,daily_level,mid_E2_B_s06_hx_vpa_400_27090342__WY2016,2015-10-01,2016-05-31,244,23,60,0.4071875578441582,-0.012817407238300077,0.12547614233423807
mid_E2_B__daily_level__mid_E2_B_s06_hx_vpa_400_27090342__WY2016__r1,mid_E2_B,daily_level,mid_E2_B_s06_hx_vpa_400_27090342__WY2016,2015-10-01,2016-05-31,244,24,60,0.39060519349827294,-0.02305020412911282,0.12547614233423807
mid_E2_B__daily_level__mid_E2_B_s06_hx_vpa_400_27090342__WY2016__r1,mid_E2_B,daily_level,mid_E2_B_s06_hx_vpa_400_27090342__WY2016,2015-10-01,2016-05-31,244,25,60,0.3730449602493399,-0.03162617354765744,0.12547614233423807
mid_E2_B__daily_level__mid_E2_B_s06_hx_vpa_400_27090342__WY2016__r1,mid_E2_B,daily_level,mid_E2_B_s06_hx_vpa_400_27090342__WY2016,2015-10-01,2016-05-31,244,26,60,0.3587213127631168,0.020225740244812124,0.12547614233423807
mid_E2_B__daily_level__mid_E2_B_s06_hx_vpa_400_27090342__WY2016__r1,mid_E2_B,daily_level,mid_E2_B_s06_hx_vpa_400_27090342__WY2016,2015-10-01,2016-05-31,244,27,60,0.3454148092424405,0.009924373387516982,0.12547614233423807
mid_E2_B__daily_level__mid_E2_B_s06_hx_vpa_400_27090342__WY2016__r1,mid_E2_B,daily_level,mid_E2_B_s06_hx_vpa_400_27090342__WY2016,2015-10-01,2016-05-31,244,28,60,0.3330372811796594,-0.004600542545772503,0.12547614233423807
mid_E2_B__daily_level__mid_E2_B_s06_hx_vpa_400_27090342__WY2016__r1,mid_E2_B,daily_level,mid_E2_B_s06_hx_vpa_400_27090342__WY2016,2015-10-01,2016-05-31,244,29,60,0.32310442537449696,-0.00248271066414555,0.12547614233423807
mid_E2_B__daily_level__mid_E2_B_s06_hx_vpa_400_27090342__WY2016__r1,mid_E2_B,daily_level,mid_E2_B_s06_hx_vpa_400_27090342__WY2016,2015-10-01,2016-05-31,244,30,60,0.31316195118668166,-0.013039580090054,0.12547614233423807
mid_E2_B__daily_level__mid_E2_B_s06_hx_vpa_400_27090342__WY2016__r1,mid_E2_B,daily_level,mid_E2_B_s06_hx_vpa_400_27090342__WY2016,2015-10-01,2016-05-31,244,31,60,0.30542930041337624,0.01353037991002093,0.12547614233423807
mid_E2_B__daily_level__mid_E2_B_s06_hx_vpa_400_27090342__WY2016__r1,mid_E2_B,daily_level,mid_E2_B_s06_hx_vpa_400_27090342__WY2016,2015-10-01,2016-05-31,244,32,60,0.29503676607059276,-0.011314387339779828,0.12547614233423807
mid_E2_B__daily_level__mid_E2_B_s06_hx_vpa_400_27090342__WY2016__r1,mid_E2_B,daily_level,mid_E2_B_s06_hx_vpa_400_27090342__WY2016,2015-10-01,2016-05-31,244,33,60,0.28128020239494833,-0.03079330323571011,0.12547614233423807
mid_E2_B__daily_level__mid_E2_B_s06_hx_vpa_400_27090342__WY2016__r1,mid_E2_B,daily_level,mid_E2_B_s06_hx_vpa_400_27090342__WY2016,2015-10-01,2016-05-31,244,34,60,0.2683351897556446,0.0022032898419822714,0.12547614233423807
mid_E2_B__daily_level__mid_E2_B_s06_hx_vpa_400_27090342__WY2016__r1,mid_E2_B,daily_level,mid_E2_B_s06_hx_vpa_400_27090342__WY2016,2015-10-01,2016-05-31,244,35,60,0.26688975510980195,0.10411768758835632,0.12547614233423807
mid_E2_B__daily_level__mid_E2_B_s06_hx_vpa_400_27090342__WY2016__r1,mid_E2_B,daily_level,mid_E2_B_s06_hx_vpa_400_27090342__WY2016,2015-10-01,2016-05-31,244,36,60,0.26446645156091175,-0.005007957472321097,0.12547614233423807
mid_E2_B__daily_level__mid_E2_B_s06_hx_vpa_400_27090342__WY2016__r1,mid_E2_B,daily_level,mid_E2_B_s06_hx_vpa_400_27090342__WY2016,2015-10-01,2016-05-31,244,37,60,0.25976479362110955,-0.003134072049395913,0.12547614233423807
mid_E2_B__daily_level__mid_E2_B_s06_hx_vpa_400_27090342__WY2016__r1,mid_E2_B,daily_level,mid_E2_B_s06_hx_vpa_400_27090342__WY2016,2015-10-01,2016-05-31,244,38,60,0.2592387160505091,0.021926411690959685,0.12547614233423807
mid_E2_B__daily_level__mid_E2_B_s06_hx_vpa_400_27090342__WY2016__r1,mid_E2_B,daily_level,mid_E2_B_s06_hx_vpa_400_27090342__WY2016,2015-10-01,2016-05-31,244,39,60,0.2561701793319851,-0.03138501792626306,0.12547614233423807
mid_E2_B__daily_level__mid_E2_B_s06_hx_vpa_400_27090342__WY2016__r1,mid_E2_B,daily_level,mid_E2_B_s06_hx_vpa_400_27090342__WY2016,2015-10-01,2016-05-31,244,40,60,0.25116514157267206,0.0032424653588914378,0.12547614233423807
mid_E2_B__daily_level__mid_E2_B_s06_hx_vpa_400_27090342__WY2016__r1,mid_E2_B,daily_level,mid_E2_B_s06_hx_vpa_400_27090342__WY2016,2015-10-01,2016-05-31,244,41,60,0.24076258808129172,-0.0018021579997277238,0.12547614233423807
mid_E2_B__daily_level__mid_E2_B_s06_hx_vpa_400_27090342__WY2016__r1,mid_E2_B,daily_level,mid_E2_B_s06_hx_vpa_400_27090342__WY2016,2015-10-01,2016-05-31,244,42,60,0.23171943267152503,0.004970532620683611,0.12547614233423807
mid_E2_B__daily_level__mid_E2_B_s06_hx_vpa_400_27090342__WY2016__r1,mid_E2_B,daily_level,mid_E2_B_s06_hx_vpa_400_27090342__WY2016,2015-10-01,2016-05-31,244,43,60,0.22629439220303416,0.023657534892172722,0.12547614233423807
mid_E2_B__daily_level__mid_E2_B_s06_hx_vpa_400_27090342__WY2016__r1,mid_E2_B,daily_level,mid_E2_B_s06_hx_vpa_400_27090342__WY2016,2015-10-01,2016-05-31,244,44,60,0.21567702816573853,-0.049769190996041456,0.12547614233423807
mid_E2_B__daily_level__mid_E2_B_s06_hx_vpa_400_27090342__WY2016__r1,mid_E2_B,daily_level,mid_E2_B_s06_hx_vpa_400_27090342__WY2016,2015-10-01,2016-05-31,244,45,60,0.20696650848938553,0.01337857637022972,0.12547614233423807
mid_E2_B__daily_level__mid_E2_B_s06_hx_vpa_400_27090342__WY2016__r1,mid_E2_B,daily_level,mid_E2_B_s06_hx_vpa_400_27090342__WY2016,2015-10-01,2016-05-31,244,46,60,0.20448469311269007,0.058323776472090735,0.12547614233423807
mid_E2_B__daily_level__mid_E2_B_s06_hx_vpa_400_27090342__WY2016__r1,mid_E2_B,daily_level,mid_E2_B_s06_hx_vpa_400_27090342__WY2016,2015-10-01,2016-05-31,244,47,60,0.2049068277652906,0.012030487628489,0.12547614233423807
mid_E2_B__daily_level__mid_E2_B_s06_hx_vpa_400_27090342__WY2016__r1,mid_E2_B,daily_level,mid_E2_B_s06_hx_vpa_400_27090342__WY2016,2015-10-01,2016-05-31,244,48,60,0.2111376640083708,0.06476046413200925,0.12547614233423807
mid_E2_B__daily_level__mid_E2_B_s06_hx_vpa_400_27090342__WY2016__r1,mid_E2_B,daily_level,mid_E2_B_s06_hx_vpa_400_27090342__WY2016,2015-10-01,2016-05-31,244,49,60,0.2208303164746168,0.046084829544813515,0.12547614233423807
mid_E2_B__daily_level__mid_E2_B_s06_hx_vpa_400_27090342__WY2016__r1,mid_E2_B,daily_level,mid_E2_B_s06_hx_vpa_400_27090342__WY2016,2015-10-01,2016-05-31,244,50,60,0.23066964927631986,-0.009549764899556386,0.12547614233423807
mid_E2_B__daily_level__mid_E2_B_s06_hx_vpa_400_27090342__WY2016__r1,mid_E2_B,daily_level,mid_E2_B_s06_hx_vpa_400_27090342__WY2016,2015-10-01,2016-05-31,244,51,60,0.23478844899519505,-0.027567863364820738,0.12547614233423807
mid_E2_B__daily_level__mid_E2_B_s06_hx_vpa_400_27090342__WY2016__r1,mid_E2_B,daily_level,mid_E2_B_s06_hx_vpa_400_27090342__WY2016,2015-10-01,2016-05-31,244,52,60,0.23729376502404184,0.0010918121242692218,0.12547614233423807
mid_E2_B__daily_level__mid_E2_B_s06_hx_vpa_400_27090342__WY2016__r1,mid_E2_B,daily_level,mid_E2_B_s06_hx_vpa_400_27090342__WY2016,2015-10-01,2016-05-31,244,53,60,0.237501089130727,-0.009027779248999352,0.12547614233423807
mid_E2_B__daily_level__mid_E2_B_s06_hx_vpa_400_27090342__WY2016__r1,mid_E2_B,daily_level,mid_E2_B_s06_hx_vpa_400_27090342__WY2016,2015-10-01,2016-05-31,244,54,60,0.22831125338550315,-0.04817097821557933,0.12547614233423807
mid_E2_B__daily_level__mid_E2_B_s06_hx_vpa_400_27090342__WY2016__r1,mid_E2_B,daily_level,mid_E2_B_s06_hx_vpa_400_27090342__WY2016,2015-10-01,2016-05-31,244,55,60,0.2162855978214417,-0.017947233029084214,0.12547614233423807
mid_E2_B__daily_level__mid_E2_B_s06_hx_vpa_400_27090342__WY2016__r1,mid_E2_B,daily_level,mid_E2_B_s06_hx_vpa_400_27090342__WY2016,2015-10-01,2016-05-31,244,56,60,0.20666533945249937,0.021160929248016592,0.12547614233423807
mid_E2_B__daily_level__mid_E2_B_s06_hx_vpa_400_27090342__WY2016__r1,mid_E2_B,daily_level,mid_E2_B_s06_hx_vpa_400_27090342__WY2016,2015-10-01,2016-05-31,244,57,60,0.19084523193185834,-0.07388124679383028,0.12547614233423807
mid_E2_B__daily_level__mid_E2_B_s06_hx_vpa_400_27090342__WY2016__r1,mid_E2_B,daily_level,mid_E2_B_s06_hx_vpa_400_27090342__WY2016,2015-10-01,2016-05-31,244,58,60,0.17394946861786512,-0.013194846436643778,0.12547614233423807
mid_E2_B__daily_level__mid_E2_B_s06_hx_vpa_400_27090342__WY2016__r1,mid_E2_B,daily_level,mid_E2_B_s06_hx_vpa_400_27090342__WY2016,2015-10-01,2016-05-31,244,59,60,0.1622364104900236,0.028117574387458075,0.12547614233423807
mid_E2_B__daily_level__mid_E2_B_s06_hx_vpa_400_27090342__WY2016__r1,mid_E2_B,daily_level,mid_E2_B_s06_hx_vpa_400_27090342__WY2016,2015-10-01,2016-05-31,244,60,60,0.15938268431741498,0.04785841084560017,0.12547614233423807
mid_E2_B__daily_level__mid_E2_B_s07_hx_pa_400_39070751__WY2016__r1,mid_E2_B,daily_level,mid_E2_B_s07_hx_pa_400_39070751__WY2016,2016-06-01,2016-09-30,122,0,30,1.0,1.0,0.17745006224333632
mid_E2_B__daily_level__mid_E2_B_s07_hx_pa_400_39070751__WY2016__r1,mid_E2_B,daily_level,mid_E2_B_s07_hx_pa_400_39070751__WY2016,2016-06-01,2016-09-30,122,1,30,0.5721989116639684,0.5721989116639682,0.17745006224333632
mid_E2_B__daily_level__mid_E2_B_s07_hx_pa_400_39070751__WY2016__r1,mid_E2_B,daily_level,mid_E2_B_s07_hx_pa_400_39070751__WY2016,2016-06-01,2016-09-30,122,2,30,0.3190739091137254,-0.012396415590338524,0.17745006224333632
mid_E2_B__daily_level__mid_E2_B_s07_hx_pa_400_39070751__WY2016__r1,mid_E2_B,daily_level,mid_E2_B_s07_hx_pa_400_39070751__WY2016,2016-06-01,2016-09-30,122,3,30,0.27761208103592,0.14850633972425745,0.17745006224333632
mid_E2_B__daily_level__mid_E2_B_s07_hx_pa_400_39070751__WY2016__r1,mid_E2_B,daily_level,mid_E2_B_s07_hx_pa_400_39070751__WY2016,2016-06-01,2016-09-30,122,4,30,0.25381788959492785,0.05917701851882552,0.17745006224333632
mid_E2_B__daily_level__mid_E2_B_s07_hx_pa_400_39070751__WY2016__r1,mid_E2_B,daily_level,mid_E2_B_s07_hx_pa_400_39070751__WY2016,2016-06-01,2016-09-30,122,5,30,0.2517371511722325,0.09445340030958185,0.17745006224333632
mid_E2_B__daily_level__mid_E2_B_s07_hx_pa_400_39070751__WY2016__r1,mid_E2_B,daily_level,mid_E2_B_s07_hx_pa_400_39070751__WY2016,2016-06-01,2016-09-30,122,6,30,0.249656412749537,0.06687464573515925,0.17745006224333632
mid_E2_B__daily_level__mid_E2_B_s07_hx_pa_400_39070751__WY2016__r1,mid_E2_B,daily_level,mid_E2_B_s07_hx_pa_400_39070751__WY2016,2016-06-01,2016-09-30,122,7,30,0.23948404156387482,0.057111701911205785,0.17745006224333632
mid_E2_B__daily_level__mid_E2_B_s07_hx_pa_400_39070751__WY2016__r1,mid_E2_B,daily_level,mid_E2_B_s07_hx_pa_400_39070751__WY2016,2016-06-01,2016-09-30,122,8,30,0.2214010584824263,0.03657573886206104,0.17745006224333632
mid_E2_B__daily_level__mid_E2_B_s07_hx_pa_400_39070751__WY2016__r1,mid_E2_B,daily_level,mid_E2_B_s07_hx_pa_400_39070751__WY2016,2016-06-01,2016-09-30,122,9,30,0.1908050079571282,0.010129138863611904,0.17745006224333632
mid_E2_B__daily_level__mid_E2_B_s07_hx_pa_400_39070751__WY2016__r1,mid_E2_B,daily_level,mid_E2_B_s07_hx_pa_400_39070751__WY2016,2016-06-01,2016-09-30,122,10,30,0.14952872626818284,-0.016140140908147138,0.17745006224333632
mid_E2_B__daily_level__mid_E2_B_s07_hx_pa_400_39070751__WY2016__r1,mid_E2_B,daily_level,mid_E2_B_s07_hx_pa_400_39070751__WY2016,2016-06-01,2016-09-30,122,11,30,0.1249968747934303,-0.004044919096103457,0.17745006224333632
mid_E2_B__daily_level__mid_E2_B_s07_hx_pa_400_39070751__WY2016__r1,mid_E2_B,daily_level,mid_E2_B_s07_hx_pa_400_39070751__WY2016,2016-06-01,2016-09-30,122,12,30,0.11942243363415193,0.006349068212351457,0.17745006224333632
mid_E2_B__daily_level__mid_E2_B_s07_hx_pa_400_39070751__WY2016__r1,mid_E2_B,daily_level,mid_E2_B_s07_hx_pa_400_39070751__WY2016,2016-06-01,2016-09-30,122,13,30,0.053296512403008305,-0.09112836358946853,0.17745006224333632
mid_E2_B__daily_level__mid_E2_B_s07_hx_pa_400_39070751__WY2016__r1,mid_E2_B,daily_level,mid_E2_B_s07_hx_pa_400_39070751__WY2016,2016-06-01,2016-09-30,122,14,30,-0.002149177664488058,-0.06044049747533563,0.17745006224333632
mid_E2_B__daily_level__mid_E2_B_s07_hx_pa_400_39070751__WY2016__r1,mid_E2_B,daily_level,mid_E2_B_s07_hx_pa_400_39070751__WY2016,2016-06-01,2016-09-30,122,15,30,-0.005325092333625254,-0.019401999535210337,0.17745006224333632
mid_E2_B__daily_level__mid_E2_B_s07_hx_pa_400_39070751__WY2016__r1,mid_E2_B,daily_level,mid_E2_B_s07_hx_pa_400_39070751__WY2016,2016-06-01,2016-09-30,122,16,30,0.013402517926073741,0.008595899536685552,0.17745006224333632
mid_E2_B__daily_level__mid_E2_B_s07_hx_pa_400_39070751__WY2016__r1,mid_E2_B,daily_level,mid_E2_B_s07_hx_pa_400_39070751__WY2016,2016-06-01,2016-09-30,122,17,30,-0.00026355599617138297,-0.029341807534746828,0.17745006224333632
mid_E2_B__daily_level__mid_E2_B_s07_hx_pa_400_39070751__WY2016__r1,mid_E2_B,daily_level,mid_E2_B_s07_hx_pa_400_39070751__WY2016,2016-06-01,2016-09-30,122,18,30,0.0020816657836954795,0.018492215805593733,0.17745006224333632
mid_E2_B__daily_level__mid_E2_B_s07_hx_pa_400_39070751__WY2016__r1,mid_E2_B,daily_level,mid_E2_B_s07_hx_pa_400_39070751__WY2016,2016-06-01,2016-09-30,122,19,30,0.009576931234846545,0.015333434652343636,0.17745006224333632
mid_E2_B__daily_level__mid_E2_B_s07_hx_pa_400_39070751__WY2016__r1,mid_E2_B,daily_level,mid_E2_B_s07_hx_pa_400_39070751__WY2016,2016-06-01,2016-09-30,122,20,30,0.03289342047757021,0.05537150705876915,0.17745006224333632
mid_E2_B__daily_level__mid_E2_B_s07_hx_pa_400_39070751__WY2016__r1,mid_E2_B,daily_level,mid_E2_B_s07_hx_pa_400_39070751__WY2016,2016-06-01,2016-09-30,122,21,30,0.0821592510306135,0.09480033683382624,0.17745006224333632
mid_E2_B__daily_level__mid_E2_B_s07_hx_pa_400_39070751__WY2016__r1,mid_E2_B,daily_level,mid_E2_B_s07_hx_pa_400_39070751__WY2016,2016-06-01,2016-09-30,122,22,30,-0.029801153770623773,-0.14963839022622058,0.17745006224333632
mid_E2_B__daily_level__mid_E2_B_s07_hx_pa_400_39070751__WY2016__r1,mid_E2_B,daily_level,mid_E2_B_s07_hx_pa_400_39070751__WY2016,2016-06-01,2016-09-30,122,23,30,-0.028569210323916714,0.07149677368735533,0.17745006224333632
mid_E2_B__daily_level__mid_E2_B_s07_hx_pa_400_39070751__WY2016__r1,mid_E2_B,daily_level,mid_E2_B_s07_hx_pa_400_39070751__WY2016,2016-06-01,2016-09-30,122,24,30,-0.006356948370993796,-0.021155746908875627,0.17745006224333632
mid_E2_B__daily_level__mid_E2_B_s07_hx_pa_400_39070751__WY2016__r1,mid_E2_B,daily_level,mid_E2_B_s07_hx_pa_400_39070751__WY2016,2016-06-01,2016-09-30,122,25,30,-0.00788557314878882,0.007962962668296086,0.17745006224333632
mid_E2_B__daily_level__mid_E2_B_s07_hx_pa_400_39070751__WY2016__r1,mid_E2_B,daily_level,mid_E2_B_s07_hx_pa_400_39070751__WY2016,2016-06-01,2016-09-30,122,26,30,-0.008862084281683412,-0.01313519749024766,0.17745006224333632
mid_E2_B__daily_level__mid_E2_B_s07_hx_pa_400_39070751__WY2016__r1,mid_E2_B,daily_level,mid_E2_B_s07_hx_pa_400_39070751__WY2016,2016-06-01,2016-09-30,122,27,30,-0.014993164607541794,-0.02220385941679434,0.17745006224333632
mid_E2_B__daily_level__mid_E2_B_s07_hx_pa_400_39070751__WY2016__r1,mid_E2_B,daily_level,mid_E2_B_s07_hx_pa_400_39070751__WY2016,2016-06-01,2016-09-30,122,28,30,-0.05922461195320825,-0.08575253211080107,0.17745006224333632
mid_E2_B__daily_level__mid_E2_B_s07_hx_pa_400_39070751__WY2016__r1,mid_E2_B,daily_level,mid_E2_B_s07_hx_pa_400_39070751__WY2016,2016-06-01,2016-09-30,122,29,30,-0.053946852125017854,0.01067215337613623,0.17745006224333632
mid_E2_B__daily_level__mid_E2_B_s07_hx_pa_400_39070751__WY2016__r1,mid_E2_B,daily_level,mid_E2_B_s07_hx_pa_400_39070751__WY2016,2016-06-01,2016-09-30,122,30,30,-0.030634888403973718,0.0029721829012603314,0.17745006224333632
mid_E2_B__daily_level__mid_E2_B_s07_hx_pa_400_39070751__WY2017__r4,mid_E2_B,daily_level,mid_E2_B_s07_hx_pa_400_39070751__WY2017,2017-03-07,2017-09-30,208,0,52,1.0,1.0,0.13590154807518115
mid_E2_B__daily_level__mid_E2_B_s07_hx_pa_400_39070751__WY2017__r4,mid_E2_B,daily_level,mid_E2_B_s07_hx_pa_400_39070751__WY2017,2017-03-07,2017-09-30,208,1,52,0.9542759290718744,0.9542759290718744,0.13590154807518115
mid_E2_B__daily_level__mid_E2_B_s07_hx_pa_400_39070751__WY2017__r4,mid_E2_B,daily_level,mid_E2_B_s07_hx_pa_400_39070751__WY2017,2017-03-07,2017-09-30,208,2,52,0.9195433120817058,0.09960851788835601,0.13590154807518115
mid_E2_B__daily_level__mid_E2_B_s07_hx_pa_400_39070751__WY2017__r4,mid_E2_B,daily_level,mid_E2_B_s07_hx_pa_400_39070751__WY2017,2017-03-07,2017-09-30,208,3,52,0.8837693994553097,-0.015557437870554301,0.13590154807518115
mid_E2_B__daily_level__mid_E2_B_s07_hx_pa_400_39070751__WY2017__r4,mid_E2_B,daily_level,mid_E2_B_s07_hx_pa_400_39070751__WY2017,2017-03-07,2017-09-30,208,4,52,0.834071876607357,-0.17740936058481915,0.13590154807518115
mid_E2_B__daily_level__mid_E2_B_s07_hx_pa_400_39070751__WY2017__r4,mid_E2_B,daily_level,mid_E2_B_s07_hx_pa_400_39070751__WY2017,2017-03-07,2017-09-30,208,5,52,0.7938286569962638,0.04445405632384035,0.13590154807518115
mid_E2_B__daily_level__mid_E2_B_s07_hx_pa_400_39070751__WY2017__r4,mid_E2_B,daily_level,mid_E2_B_s07_hx_pa_400_39070751__WY2017,2017-03-07,2017-09-30,208,6,52,0.7516135870772033,-0.02128724841023234,0.13590154807518115
mid_E2_B__daily_level__mid_E2_B_s07_hx_pa_400_39070751__WY2017__r4,mid_E2_B,daily_level,mid_E2_B_s07_hx_pa_400_39070751__WY2017,2017-03-07,2017-09-30,208,7,52,0.7149801923383654,0.06015923372972173,0.13590154807518115
mid_E2_B__daily_level__mid_E2_B_s07_hx_pa_400_39070751__WY2017__r4,mid_E2_B,daily_level,mid_E2_B_s07_hx_pa_400_39070751__WY2017,2017-03-07,2017-09-30,208,8,52,0.6831598974292012,0.02470471845781404,0.13590154807518115
mid_E2_B__daily_level__mid_E2_B_s07_hx_pa_400_39070751__WY2017__r4,mid_E2_B,daily_level,mid_E2_B_s07_hx_pa_400_39070751__WY2017,2017-03-07,2017-09-30,208,9,52,0.6558998162666271,0.05309021923316573,0.13590154807518115
mid_E2_B__daily_level__mid_E2_B_s07_hx_pa_400_39070751__WY2017__r4,mid_E2_B,daily_level,mid_E2_B_s07_hx_pa_400_39070751__WY2017,2017-03-07,2017-09-30,208,10,52,0.6257075788204536,-0.06315722160796204,0.13590154807518115
mid_E2_B__daily_level__mid_E2_B_s07_hx_pa_400_39070751__WY2017__r4,mid_E2_B,daily_level,mid_E2_B_s07_hx_pa_400_39070751__WY2017,2017-03-07,2017-09-30,208,11,52,0.5963748234867219,-0.022992819369915308,0.13590154807518115
mid_E2_B__daily_level__mid_E2_B_s07_hx_pa_400_39070751__WY2017__r4,mid_E2_B,daily_level,mid_E2_B_s07_hx_pa_400_39070751__WY2017,2017-03-07,2017-09-30,208,12,52,0.5746055107424777,0.0591098741101377,0.13590154807518115
mid_E2_B__daily_level__mid_E2_B_s07_hx_pa_400_39070751__WY2017__r4,mid_E2_B,daily_level,mid_E2_B_s07_hx_pa_400_39070751__WY2017,2017-03-07,2017-09-30,208,13,52,0.5473355124786059,-0.03462930716609662,0.13590154807518115
mid_E2_B__daily_level__mid_E2_B_s07_hx_pa_400_39070751__WY2017__r4,mid_E2_B,daily_level,mid_E2_B_s07_hx_pa_400_39070751__WY2017,2017-03-07,2017-09-30,208,14,52,0.5304702063259282,0.0925128328750237,0.13590154807518115
mid_E2_B__daily_level__mid_E2_B_s07_hx_pa_400_39070751__WY2017__r4,mid_E2_B,daily_level,mid_E2_B_s07_hx_pa_400_39070751__WY2017,2017-03-07,2017-09-30,208,15,52,0.5197526765525332,0.07372246237929182,0.13590154807518115
mid_E2_B__daily_level__mid_E2_B_s07_hx_pa_400_39070751__WY2017__r4,mid_E2_B,daily_level,mid_E2_B_s07_hx_pa_400_39070751__WY2017,2017-03-07,2017-09-30,208,16,52,0.5041005624585714,-0.02843437063707951,0.13590154807518115
mid_E2_B__daily_level__mid_E2_B_s07_hx_pa_400_39070751__WY2017__r4,mid_E2_B,daily_level,mid_E2_B_s07_hx_pa_400_39070751__WY2017,2017-03-07,2017-09-30,208,17,52,0.4876699559127634,-0.07748635646396115,0.13590154807518115
mid_E2_B__daily_level__mid_E2_B_s07_hx_pa_400_39070751__WY2017__r4,mid_E2_B,daily_level,mid_E2_B_s07_hx_pa_400_39070751__WY2017,2017-03-07,2017-09-30,208,18,52,0.4677105141552953,-0.060916973112536806,0.13590154807518115
mid_E2_B__daily_level__mid_E2_B_s07_hx_pa_400_39070751__WY2017__r4,mid_E2_B,daily_level,mid_E2_B_s07_hx_pa_400_39070751__WY2017,2017-03-07,2017-09-30,208,19,52,0.4379529763159914,-0.1167715508698879,0.13590154807518115
mid_E2_B__daily_level__mid_E2_B_s07_hx_pa_400_39070751__WY2017__r4,mid_E2_B,daily_level,mid_E2_B_s07_hx_pa_400_39070751__WY2017,2017-03-07,2017-09-30,208,20,52,0.40733595636424574,-0.028355395649143855,0.13590154807518115
mid_E2_B__daily_level__mid_E2_B_s07_hx_pa_400_39070751__WY2017__r4,mid_E2_B,daily_level,mid_E2_B_s07_hx_pa_400_39070751__WY2017,2017-03-07,2017-09-30,208,21,52,0.3722496294278029,-0.049094822461134176,0.13590154807518115
mid_E2_B__daily_level__mid_E2_B_s07_hx_pa_400_39070751__WY2017__r4,mid_E2_B,daily_level,mid_E2_B_s07_hx_pa_400_39070751__WY2017,2017-03-07,2017-09-30,208,22,52,0.343776356206513,0.09755495148635529,0.13590154807518115
mid_E2_B__daily_level__mid_E2_B_s07_hx_pa_400_39070751__WY2017__r4,mid_E2_B,daily_level,mid_E2_B_s07_hx_pa_400_39070751__WY2017,2017-03-07,2017-09-30,208,23,52,0.30833631932379607,-0.0973765958453418,0.13590154807518115
mid_E2_B__daily_level__mid_E2_B_s07_hx_pa_400_39070751__WY2017__r4,mid_E2_B,daily_level,mid_E2_B_s07_hx_pa_400_39070751__WY2017,2017-03-07,2017-09-30,208,24,52,0.2728962824410792,-0.05907840687723055,0.13590154807518115
mid_E2_B__daily_level__mid_E2_B_s07_hx_pa_400_39070751__WY2017__r4,mid_E2_B,daily_level,mid_E2_B_s07_hx_pa_400_39070751__WY2017,2017-03-07,2017-09-30,208,25,52,0.24089417400812937,-0.031217010961070626,0.13590154807518115
mid_E2_B__daily_level__mid_E2_B_s07_hx_pa_400_39070751__WY2017__r4,mid_E2_B,daily_level,mid_E2_B_s07_hx_pa_400_39070751__WY2017,2017-03-07,2017-09-30,208,26,52,0.2072540910108915,-0.014965112001413823,0.13590154807518115
mid_E2_B__daily_level__mid_E2_B_s07_hx_pa_400_39070751__WY2017__r4,mid_E2_B,daily_level,mid_E2_B_s07_hx_pa_400_39070751__WY2017,2017-03-07,2017-09-30,208,27,52,0.18091464741875968,0.041638806220401524,0.13590154807518115
mid_E2_B__daily_level__mid_E2_B_s07_hx_pa_400_39070751__WY2017__r4,mid_E2_B,daily_level,mid_E2_B_s07_hx_pa_400_39070751__WY2017,2017-03-07,2017-09-30,208,28,52,0.15328102210731664,0.01022089917761023,0.13590154807518115
mid_E2_B__daily_level__mid_E2_B_s07_hx_pa_400_39070751__WY2017__r4,mid_E2_B,daily_level,mid_E2_B_s07_hx_pa_400_39070751__WY2017,2017-03-07,2017-09-30,208,29,52,0.12822584313319885,0.008377549804020275,0.13590154807518115
mid_E2_B__daily_level__mid_E2_B_s07_hx_pa_400_39070751__WY2017__r4,mid_E2_B,daily_level,mid_E2_B_s07_hx_pa_400_39070751__WY2017,2017-03-07,2017-09-30,208,30,52,0.10291777807599717,-0.0734600277930619,0.13590154807518115
mid_E2_B__daily_level__mid_E2_B_s07_hx_pa_400_39070751__WY2017__r4,mid_E2_B,daily_level,mid_E2_B_s07_hx_pa_400_39070751__WY2017,2017-03-07,2017-09-30,208,31,52,0.07898488439870227,-0.03161615465648942,0.13590154807518115
mid_E2_B__daily_level__mid_E2_B_s07_hx_pa_400_39070751__WY2017__r4,mid_E2_B,daily_level,mid_E2_B_s07_hx_pa_400_39070751__WY2017,2017-03-07,2017-09-30,208,32,52,0.05617427601823042,-0.05096510808473181,0.13590154807518115
mid_E2_B__daily_level__mid_E2_B_s07_hx_pa_400_39070751__WY2017__r4,mid_E2_B,daily_level,mid_E2_B_s07_hx_pa_400_39070751__WY2017,2017-03-07,2017-09-30,208,33,52,0.02988524435769381,-0.04253215736143976,0.13590154807518115
mid_E2_B__daily_level__mid_E2_B_s07_hx_pa_400_39070751__WY2017__r4,mid_E2_B,daily_level,mid_E2_B_s07_hx_pa_400_39070751__WY2017,2017-03-07,2017-09-30,208,34,52,0.0019987329631669286,-0.07148891250406741,0.13590154807518115
mid_E2_B__daily_level__mid_E2_B_s07_hx_pa_400_39070751__WY2017__r4,mid_E2_B,daily_level,mid_E2_B_s07_hx_pa_400_39070751__WY2017,2017-03-07,2017-09-30,208,35,52,-0.031641350034071,-0.055975048463581346,0.13590154807518115
mid_E2_B__daily_level__mid_E2_B_s07_hx_pa_400_39070751__WY2017__r4,mid_E2_B,daily_level,mid_E2_B_s07_hx_pa_400_39070751__WY2017,2017-03-07,2017-09-30,208,36,52,-0.06029643677914675,0.030718264341457784,0.13590154807518115
mid_E2_B__daily_level__mid_E2_B_s07_hx_pa_400_39070751__WY2017__r4,mid_E2_B,daily_level,mid_E2_B_s07_hx_pa_400_39070751__WY2017,2017-03-07,2017-09-30,208,37,52,-0.08654497360938562,0.014030254999022955,0.13590154807518115
mid_E2_B__daily_level__mid_E2_B_s07_hx_pa_400_39070751__WY2017__r4,mid_E2_B,daily_level,mid_E2_B_s07_hx_pa_400_39070751__WY2017,2017-03-07,2017-09-30,208,38,52,-0.1241692520528559,-0.14917233158825535,0.13590154807518115
mid_E2_B__daily_level__mid_E2_B_s07_hx_pa_400_39070751__WY2017__r4,mid_E2_B,daily_level,mid_E2_B_s07_hx_pa_400_39070751__WY2017,2017-03-07,2017-09-30,208,39,52,-0.15526146644176894,-0.012534307248835629,0.13590154807518115
mid_E2_B__daily_level__mid_E2_B_s07_hx_pa_400_39070751__WY2017__r4,mid_E2_B,daily_level,mid_E2_B_s07_hx_pa_400_39070751__WY2017,2017-03-07,2017-09-30,208,40,52,-0.17901254659527793,0.06929796728014938,0.13590154807518115
mid_E2_B__daily_level__mid_E2_B_s07_hx_pa_400_39070751__WY2017__r4,mid_E2_B,daily_level,mid_E2_B_s07_hx_pa_400_39070751__WY2017,2017-03-07,2017-09-30,208,41,52,-0.20344129533744312,0.040853552501036464,0.13590154807518115
mid_E2_B__daily_level__mid_E2_B_s07_hx_pa_400_39070751__WY2017__r4,mid_E2_B,daily_level,mid_E2_B_s07_hx_pa_400_39070751__WY2017,2017-03-07,2017-09-30,208,42,52,-0.22486681523671073,-0.010660628388780315,0.13590154807518115
mid_E2_B__daily_level__mid_E2_B_s07_hx_pa_400_39070751__WY2017__r4,mid_E2_B,daily_level,mid_E2_B_s07_hx_pa_400_39070751__WY2017,2017-03-07,2017-09-30,208,43,52,-0.24543285302353668,-0.022641321889351,0.13590154807518115
mid_E2_B__daily_level__mid_E2_B_s07_hx_pa_400_39070751__WY2017__r4,mid_E2_B,daily_level,mid_E2_B_s07_hx_pa_400_39070751__WY2017,2017-03-07,2017-09-30,208,44,52,-0.2654832015428975,-0.05203680663663428,0.13590154807518115
mid_E2_B__daily_level__mid_E2_B_s07_hx_pa_400_39070751__WY2017__r4,mid_E2_B,daily_level,mid_E2_B_s07_hx_pa_400_39070751__WY2017,2017-03-07,2017-09-30,208,45,52,-0.27797010747277107,0.025731682559715023,0.13590154807518115
mid_E2_B__daily_level__mid_E2_B_s07_hx_pa_400_39070751__WY2017__r4,mid_E2_B,daily_level,mid_E2_B_s07_hx_pa_400_39070751__WY2017,2017-03-07,2017-09-30,208,46,52,-0.29639239852914134,-0.08704509919910702,0.13590154807518115
mid_E2_B__daily_level__mid_E2_B_s07_hx_pa_400_39070751__WY2017__r4,mid_E2_B,daily_level,mid_E2_B_s07_hx_pa_400_39070751__WY2017,2017-03-07,2017-09-30,208,47,52,-0.31549235817416765,-0.04010087236521907,0.13590154807518115
mid_E2_B__daily_level__mid_E2_B_s07_hx_pa_400_39070751__WY2017__r4,mid_E2_B,daily_level,mid_E2_B_s07_hx_pa_400_39070751__WY2017,2017-03-07,2017-09-30,208,48,52,-0.33287335359431036,-0.023387179614992558,0.13590154807518115
mid_E2_B__daily_level__mid_E2_B_s07_hx_pa_400_39070751__WY2017__r4,mid_E2_B,daily_level,mid_E2_B_s07_hx_pa_400_39070751__WY2017,2017-03-07,2017-09-30,208,49,52,-0.3470693066477699,0.02793529566962046,0.13590154807518115
mid_E2_B__daily_level__mid_E2_B_s07_hx_pa_400_39070751__WY2017__r4,mid_E2_B,daily_level,mid_E2_B_s07_hx_pa_400_39070751__WY2017,2017-03-07,2017-09-30,208,50,52,-0.3589396994469881,0.049453466927421946,0.13590154807518115
mid_E2_B__daily_level__mid_E2_B_s07_hx_pa_400_39070751__WY2017__r4,mid_E2_B,daily_level,mid_E2_B_s07_hx_pa_400_39070751__WY2017,2017-03-07,2017-09-30,208,51,52,-0.36977871371127624,-0.013249953092726793,0.13590154807518115
mid_E2_B__daily_level__mid_E2_B_s07_hx_pa_400_39070751__WY2017__r4,mid_E2_B,daily_level,mid_E2_B_s07_hx_pa_400_39070751__WY2017,2017-03-07,2017-09-30,208,52,52,-0.37691699634141607,0.0020119527820091484,0.13590154807518115
mid_E2_B__daily_level__mid_E2_B_s07_hx_pa_400_39070751__WY2018__r3,mid_E2_B,daily_level,mid_E2_B_s07_hx_pa_400_39070751__WY2018,2018-03-19,2018-09-24,190,0,47,1.0,1.0,0.14219334502156228
mid_E2_B__daily_level__mid_E2_B_s07_hx_pa_400_39070751__WY2018__r3,mid_E2_B,daily_level,mid_E2_B_s07_hx_pa_400_39070751__WY2018,2018-03-19,2018-09-24,190,1,47,0.9434193058798871,0.9434193058798871,0.14219334502156228
mid_E2_B__daily_level__mid_E2_B_s07_hx_pa_400_39070751__WY2018__r3,mid_E2_B,daily_level,mid_E2_B_s07_hx_pa_400_39070751__WY2018,2018-03-19,2018-09-24,190,2,47,0.8902579107046664,0.0019818476849208736,0.14219334502156228
mid_E2_B__daily_level__mid_E2_B_s07_hx_pa_400_39070751__WY2018__r3,mid_E2_B,daily_level,mid_E2_B_s07_hx_pa_400_39070751__WY2018,2018-03-19,2018-09-24,190,3,47,0.8431527593735553,0.0278381648254099,0.14219334502156228
mid_E2_B__daily_level__mid_E2_B_s07_hx_pa_400_39070751__WY2018__r3,mid_E2_B,daily_level,mid_E2_B_s07_hx_pa_400_39070751__WY2018,2018-03-19,2018-09-24,190,4,47,0.8043405609266123,0.05300676944290269,0.14219334502156228
mid_E2_B__daily_level__mid_E2_B_s07_hx_pa_400_39070751__WY2018__r3,mid_E2_B,daily_level,mid_E2_B_s07_hx_pa_400_39070751__WY2018,2018-03-19,2018-09-24,190,5,47,0.7728824905090269,0.05267463497277625,0.14219334502156228
mid_E2_B__daily_level__mid_E2_B_s07_hx_pa_400_39070751__WY2018__r3,mid_E2_B,daily_level,mid_E2_B_s07_hx_pa_400_39070751__WY2018,2018-03-19,2018-09-24,190,6,47,0.7328415844450851,-0.08438054980923052,0.14219334502156228
mid_E2_B__daily_level__mid_E2_B_s07_hx_pa_400_39070751__WY2018__r3,mid_E2_B,daily_level,mid_E2_B_s07_hx_pa_400_39070751__WY2018,2018-03-19,2018-09-24,190,7,47,0.6890453789618974,-0.049193039693655544,0.14219334502156228
mid_E2_B__daily_level__mid_E2_B_s07_hx_pa_400_39070751__WY2018__r3,mid_E2_B,daily_level,mid_E2_B_s07_hx_pa_400_39070751__WY2018,2018-03-19,2018-09-24,190,8,47,0.6558661296438237,0.07338586781135431,0.14219334502156228
mid_E2_B__daily_level__mid_E2_B_s07_hx_pa_400_39070751__WY2018__r3,mid_E2_B,daily_level,mid_E2_B_s07_hx_pa_400_39070751__WY2018,2018-03-19,2018-09-24,190,9,47,0.6442222048462086,0.17700171186090335,0.14219334502156228
mid_E2_B__daily_level__mid_E2_B_s07_hx_pa_400_39070751__WY2018__r3,mid_E2_B,daily_level,mid_E2_B_s07_hx_pa_400_39070751__WY2018,2018-03-19,2018-09-24,190,10,47,0.6413175865040849,0.08347005454349347,0.14219334502156228
mid_E2_B__daily_level__mid_E2_B_s07_hx_pa_400_39070751__WY2018__r3,mid_E2_B,daily_level,mid_E2_B_s07_hx_pa_400_39070751__WY2018,2018-03-19,2018-09-24,190,11,47,0.6477781578539937,0.1255049600577952,0.14219334502156228
mid_E2_B__daily_level__mid_E2_B_s07_hx_pa_400_39070751__WY2018__r3,mid_E2_B,daily_level,mid_E2_B_s07_hx_pa_400_39070751__WY2018,2018-03-19,2018-09-24,190,12,47,0.6495446049298446,0.023094545905764253,0.14219334502156228
mid_E2_B__daily_level__mid_E2_B_s07_hx_pa_400_39070751__WY2018__r3,mid_E2_B,daily_level,mid_E2_B_s07_hx_pa_400_39070751__WY2018,2018-03-19,2018-09-24,190,13,47,0.6459679856390138,-0.011848372345100262,0.14219334502156228
mid_E2_B__daily_level__mid_E2_B_s07_hx_pa_400_39070751__WY2018__r3,mid_E2_B,daily_level,mid_E2_B_s07_hx_pa_400_39070751__WY2018,2018-03-19,2018-09-24,190,14,47,0.639574891783748,-0.03818659546725209,0.14219334502156228
mid_E2_B__daily_level__mid_E2_B_s07_hx_pa_400_39070751__WY2018__r3,mid_E2_B,daily_level,mid_E2_B_s07_hx_pa_400_39070751__WY2018,2018-03-19,2018-09-24,190,15,47,0.6342770935924295,0.0015003693506123747,0.14219334502156228
mid_E2_B__daily_level__mid_E2_B_s07_hx_pa_400_39070751__WY2018__r3,mid_E2_B,daily_level,mid_E2_B_s07_hx_pa_400_39070751__WY2018,2018-03-19,2018-09-24,190,16,47,0.6244416419361881,-0.03508843542979107,0.14219334502156228
mid_E2_B__daily_level__mid_E2_B_s07_hx_pa_400_39070751__WY2018__r3,mid_E2_B,daily_level,mid_E2_B_s07_hx_pa_400_39070751__WY2018,2018-03-19,2018-09-24,190,17,47,0.6164838399895698,0.054804283362237464,0.14219334502156228
mid_E2_B__daily_level__mid_E2_B_s07_hx_pa_400_39070751__WY2018__r3,mid_E2_B,daily_level,mid_E2_B_s07_hx_pa_400_39070751__WY2018,2018-03-19,2018-09-24,190,18,47,0.6085029791868684,0.057574848254697414,0.14219334502156228
mid_E2_B__daily_level__mid_E2_B_s07_hx_pa_400_39070751__WY2018__r3,mid_E2_B,daily_level,mid_E2_B_s07_hx_pa_400_39070751__WY2018,2018-03-19,2018-09-24,190,19,47,0.5960190532033692,0.015299863617137806,0.14219334502156228
mid_E2_B__daily_level__mid_E2_B_s07_hx_pa_400_39070751__WY2018__r3,mid_E2_B,daily_level,mid_E2_B_s07_hx_pa_400_39070751__WY2018,2018-03-19,2018-09-24,190,20,47,0.5830541853644226,0.002315136234573651,0.14219334502156228
mid_E2_B__daily_level__mid_E2_B_s07_hx_pa_400_39070751__WY2018__r3,mid_E2_B,daily_level,mid_E2_B_s07_hx_pa_400_39070751__WY2018,2018-03-19,2018-09-24,190,21,47,0.5824274525910788,0.11932816219472539,0.14219334502156228
mid_E2_B__daily_level__mid_E2_B_s07_hx_pa_400_39070751__WY2018__r3,mid_E2_B,daily_level,mid_E2_B_s07_hx_pa_400_39070751__WY2018,2018-03-19,2018-09-24,190,22,47,0.5902270846549555,0.08038544754216842,0.14219334502156228
mid_E2_B__daily_level__mid_E2_B_s07_hx_pa_400_39070751__WY2018__r3,mid_E2_B,daily_level,mid_E2_B_s07_hx_pa_400_39070751__WY2018,2018-03-19,2018-09-24,190,23,47,0.5972674215292391,-0.00014839509363614206,0.14219334502156228
mid_E2_B__daily_level__mid_E2_B_s07_hx_pa_400_39070751__WY2018__r3,mid_E2_B,daily_level,mid_E2_B_s07_hx_pa_400_39070751__WY2018,2018-03-19,2018-09-24,190,24,47,0.5948091567584379,-0.07581745699762954,0.14219334502156228
mid_E2_B__daily_level__mid_E2_B_s07_hx_pa_400_39070751__WY2018__r3,mid_E2_B,daily_level,mid_E2_B_s07_hx_pa_400_39070751__WY2018,2018-03-19,2018-09-24,190,25,47,0.579073932067223,-0.10141296944118063,0.14219334502156228
mid_E2_B__daily_level__mid_E2_B_s07_hx_pa_400_39070751__WY2018__r3,mid_E2_B,daily_level,mid_E2_B_s07_hx_pa_400_39070751__WY2018,2018-03-19,2018-09-24,190,26,47,0.5611250571920313,-0.05753881001207526,0.14219334502156228
mid_E2_B__daily_level__mid_E2_B_s07_hx_pa_400_39070751__WY2018__r3,mid_E2_B,daily_level,mid_E2_B_s07_hx_pa_400_39070751__WY2018,2018-03-19,2018-09-24,190,27,47,0.5494119558261668,0.015633557993074195,0.14219334502156228
mid_E2_B__daily_level__mid_E2_B_s07_hx_pa_400_39070751__WY2018__r3,mid_E2_B,daily_level,mid_E2_B_s07_hx_pa_400_39070751__WY2018,2018-03-19,2018-09-24,190,28,47,0.5345924971336801,-0.03298238476430478,0.14219334502156228
mid_E2_B__daily_level__mid_E2_B_s07_hx_pa_400_39070751__WY2018__r3,mid_E2_B,daily_level,mid_E2_B_s07_hx_pa_400_39070751__WY2018,2018-03-19,2018-09-24,190,29,47,0.5029318381947933,-0.1265515147930713,0.14219334502156228
mid_E2_B__daily_level__mid_E2_B_s07_hx_pa_400_39070751__WY2018__r3,mid_E2_B,daily_level,mid_E2_B_s07_hx_pa_400_39070751__WY2018,2018-03-19,2018-09-24,190,30,47,0.4681417630732011,-0.010305221518278675,0.14219334502156228
mid_E2_B__daily_level__mid_E2_B_s07_hx_pa_400_39070751__WY2018__r3,mid_E2_B,daily_level,mid_E2_B_s07_hx_pa_400_39070751__WY2018,2018-03-19,2018-09-24,190,31,47,0.4305352133871744,-0.032932231102695324,0.14219334502156228
mid_E2_B__daily_level__mid_E2_B_s07_hx_pa_400_39070751__WY2018__r3,mid_E2_B,daily_level,mid_E2_B_s07_hx_pa_400_39070751__WY2018,2018-03-19,2018-09-24,190,32,47,0.3923027804646064,-0.10883980385567509,0.14219334502156228
mid_E2_B__daily_level__mid_E2_B_s07_hx_pa_400_39070751__WY2018__r3,mid_E2_B,daily_level,mid_E2_B_s07_hx_pa_400_39070751__WY2018,2018-03-19,2018-09-24,190,33,47,0.37497978882595573,0.07787391175923224,0.14219334502156228
mid_E2_B__daily_level__mid_E2_B_s07_hx_pa_400_39070751__WY2018__r3,mid_E2_B,daily_level,mid_E2_B_s07_hx_pa_400_39070751__WY2018,2018-03-19,2018-09-24,190,34,47,0.366842457214119,0.06321781400341417,0.14219334502156228
mid_E2_B__daily_level__mid_E2_B_s07_hx_pa_400_39070751__WY2018__r3,mid_E2_B,daily_level,mid_E2_B_s07_hx_pa_400_39070751__WY2018,2018-03-19,2018-09-24,190,35,47,0.3563580634652538,-0.03373640740465664,0.14219334502156228
mid_E2_B__daily_level__mid_E2_B_s07_hx_pa_400_39070751__WY2018__r3,mid_E2_B,daily_level,mid_E2_B_s07_hx_pa_400_39070751__WY2018,2018-03-19,2018-09-24,190,36,47,0.35868121720939633,0.09670488816897195,0.14219334502156228
mid_E2_B__daily_level__mid_E2_B_s07_hx_pa_400_39070751__WY2018__r3,mid_E2_B,daily_level,mid_E2_B_s07_hx_pa_400_39070751__WY2018,2018-03-19,2018-09-24,190,37,47,0.35318083049677623,-0.07705206811368116,0.14219334502156228
mid_E2_B__daily_level__mid_E2_B_s07_hx_pa_400_39070751__WY2018__r3,mid_E2_B,daily_level,mid_E2_B_s07_hx_pa_400_39070751__WY2018,2018-03-19,2018-09-24,190,38,47,0.35375974648434794,0.012119317143168285,0.14219334502156228
mid_E2_B__daily_level__mid_E2_B_s07_hx_pa_400_39070751__WY2018__r3,mid_E2_B,daily_level,mid_E2_B_s07_hx_pa_400_39070751__WY2018,2018-03-19,2018-09-24,190,39,47,0.3515221879074851,-0.08868903735512312,0.14219334502156228
mid_E2_B__daily_level__mid_E2_B_s07_hx_pa_400_39070751__WY2018__r3,mid_E2_B,daily_level,mid_E2_B_s07_hx_pa_400_39070751__WY2018,2018-03-19,2018-09-24,190,40,47,0.3430488558212948,-0.0687475002575282,0.14219334502156228
mid_E2_B__daily_level__mid_E2_B_s07_hx_pa_400_39070751__WY2018__r3,mid_E2_B,daily_level,mid_E2_B_s07_hx_pa_400_39070751__WY2018,2018-03-19,2018-09-24,190,41,47,0.3278472789422886,-0.05439055717231499,0.14219334502156228
mid_E2_B__daily_level__mid_E2_B_s07_hx_pa_400_39070751__WY2018__r3,mid_E2_B,daily_level,mid_E2_B_s07_hx_pa_400_39070751__WY2018,2018-03-19,2018-09-24,190,42,47,0.31094758201887734,0.014118466113718893,0.14219334502156228
mid_E2_B__daily_level__mid_E2_B_s07_hx_pa_400_39070751__WY2018__r3,mid_E2_B,daily_level,mid_E2_B_s07_hx_pa_400_39070751__WY2018,2018-03-19,2018-09-24,190,43,47,0.28875093644095046,-0.010538668230095988,0.14219334502156228
mid_E2_B__daily_level__mid_E2_B_s07_hx_pa_400_39070751__WY2018__r3,mid_E2_B,daily_level,mid_E2_B_s07_hx_pa_400_39070751__WY2018,2018-03-19,2018-09-24,190,44,47,0.26016204654456104,-0.04307030132072078,0.14219334502156228
mid_E2_B__daily_level__mid_E2_B_s07_hx_pa_400_39070751__WY2018__r3,mid_E2_B,daily_level,mid_E2_B_s07_hx_pa_400_39070751__WY2018,2018-03-19,2018-09-24,190,45,47,0.2353053972113348,-0.0352243899594718,0.14219334502156228
mid_E2_B__daily_level__mid_E2_B_s07_hx_pa_400_39070751__WY2018__r3,mid_E2_B,daily_level,mid_E2_B_s07_hx_pa_400_39070751__WY2018,2018-03-19,2018-09-24,190,46,47,0.20854803931240212,-0.048794845143369646,0.14219334502156228
mid_E2_B__daily_level__mid_E2_B_s07_hx_pa_400_39070751__WY2018__r3,mid_E2_B,daily_level,mid_E2_B_s07_hx_pa_400_39070751__WY2018,2018-03-19,2018-09-24,190,47,47,0.19583846595151844,0.09334796553470615,0.14219334502156228
mid_P1__daily_first_difference__mid_P1_s01_usgs5_depth_1_79m__r18,mid_P1,daily_first_difference,mid_P1_s01_usgs5_depth_1_79m,2004-08-12,2005-09-30,415,0,60,1.0,1.0,0.09621261596006793
mid_P1__daily_first_difference__mid_P1_s01_usgs5_depth_1_79m__r18,mid_P1,daily_first_difference,mid_P1_s01_usgs5_depth_1_79m,2004-08-12,2005-09-30,415,1,60,0.09817016277802604,0.09817016277802604,0.09621261596006793
mid_P1__daily_first_difference__mid_P1_s01_usgs5_depth_1_79m__r18,mid_P1,daily_first_difference,mid_P1_s01_usgs5_depth_1_79m,2004-08-12,2005-09-30,415,2,60,-0.12141660232651454,-0.1323292909622981,0.09621261596006793
mid_P1__daily_first_difference__mid_P1_s01_usgs5_depth_1_79m__r18,mid_P1,daily_first_difference,mid_P1_s01_usgs5_depth_1_79m,2004-08-12,2005-09-30,415,3,60,-0.04864708632415892,-0.022773946704963667,0.09621261596006793
mid_P1__daily_first_difference__mid_P1_s01_usgs5_depth_1_79m__r18,mid_P1,daily_first_difference,mid_P1_s01_usgs5_depth_1_79m,2004-08-12,2005-09-30,415,4,60,-0.01979799394134932,-0.028853847551964688,0.09621261596006793
mid_P1__daily_first_difference__mid_P1_s01_usgs5_depth_1_79m__r18,mid_P1,daily_first_difference,mid_P1_s01_usgs5_depth_1_79m,2004-08-12,2005-09-30,415,5,60,-0.03848799650829716,-0.04364493996886669,0.09621261596006793
mid_P1__daily_first_difference__mid_P1_s01_usgs5_depth_1_79m__r18,mid_P1,daily_first_difference,mid_P1_s01_usgs5_depth_1_79m,2004-08-12,2005-09-30,415,6,60,-0.09921434171068003,-0.10071124357813281,0.09621261596006793
mid_P1__daily_first_difference__mid_P1_s01_usgs5_depth_1_79m__r18,mid_P1,daily_first_difference,mid_P1_s01_usgs5_depth_1_79m,2004-08-12,2005-09-30,415,7,60,-0.019981373109490802,-0.012131970207225196,0.09621261596006793
mid_P1__daily_first_difference__mid_P1_s01_usgs5_depth_1_79m__r18,mid_P1,daily_first_difference,mid_P1_s01_usgs5_depth_1_79m,2004-08-12,2005-09-30,415,8,60,0.2213561880148882,0.2034951954255238,0.09621261596006793
mid_P1__daily_first_difference__mid_P1_s01_usgs5_depth_1_79m__r18,mid_P1,daily_first_difference,mid_P1_s01_usgs5_depth_1_79m,2004-08-12,2005-09-30,415,9,60,0.03322811346319779,-0.025224831288219642,0.09621261596006793
mid_P1__daily_first_difference__mid_P1_s01_usgs5_depth_1_79m__r18,mid_P1,daily_first_difference,mid_P1_s01_usgs5_depth_1_79m,2004-08-12,2005-09-30,415,10,60,0.006946340090147056,0.05338624032626216,0.09621261596006793
mid_P1__daily_first_difference__mid_P1_s01_usgs5_depth_1_79m__r18,mid_P1,daily_first_difference,mid_P1_s01_usgs5_depth_1_79m,2004-08-12,2005-09-30,415,11,60,-0.004206558057595626,-0.001461968299760635,0.09621261596006793
mid_P1__daily_first_difference__mid_P1_s01_usgs5_depth_1_79m__r18,mid_P1,daily_first_difference,mid_P1_s01_usgs5_depth_1_79m,2004-08-12,2005-09-30,415,12,60,-0.0005488391231961091,0.00871383249821567,0.09621261596006793
mid_P1__daily_first_difference__mid_P1_s01_usgs5_depth_1_79m__r18,mid_P1,daily_first_difference,mid_P1_s01_usgs5_depth_1_79m,2004-08-12,2005-09-30,415,13,60,-0.027274361872928716,-0.0176652074935571,0.09621261596006793
mid_P1__daily_first_difference__mid_P1_s01_usgs5_depth_1_79m__r18,mid_P1,daily_first_difference,mid_P1_s01_usgs5_depth_1_79m,2004-08-12,2005-09-30,415,14,60,-0.0831402770991124,-0.044404833999141274,0.09621261596006793
mid_P1__daily_first_difference__mid_P1_s01_usgs5_depth_1_79m__r18,mid_P1,daily_first_difference,mid_P1_s01_usgs5_depth_1_79m,2004-08-12,2005-09-30,415,15,60,-0.04287746822294538,-0.02313394313601883,0.09621261596006793
mid_P1__daily_first_difference__mid_P1_s01_usgs5_depth_1_79m__r18,mid_P1,daily_first_difference,mid_P1_s01_usgs5_depth_1_79m,2004-08-12,2005-09-30,415,16,60,0.01409245685209622,-0.03988366844945691,0.09621261596006793
mid_P1__daily_first_difference__mid_P1_s01_usgs5_depth_1_79m__r18,mid_P1,daily_first_difference,mid_P1_s01_usgs5_depth_1_79m,2004-08-12,2005-09-30,415,17,60,-0.04728868431811271,-0.062273327562469935,0.09621261596006793
mid_P1__daily_first_difference__mid_P1_s01_usgs5_depth_1_79m__r18,mid_P1,daily_first_difference,mid_P1_s01_usgs5_depth_1_79m,2004-08-12,2005-09-30,415,18,60,0.025150200334664252,0.017047495403704566,0.09621261596006793
mid_P1__daily_first_difference__mid_P1_s01_usgs5_depth_1_79m__r18,mid_P1,daily_first_difference,mid_P1_s01_usgs5_depth_1_79m,2004-08-12,2005-09-30,415,19,60,0.009550265564836184,-0.018684578918232764,0.09621261596006793
mid_P1__daily_first_difference__mid_P1_s01_usgs5_depth_1_79m__r18,mid_P1,daily_first_difference,mid_P1_s01_usgs5_depth_1_79m,2004-08-12,2005-09-30,415,20,60,0.0059723463920241,-0.006423734201626302,0.09621261596006793
mid_P1__daily_first_difference__mid_P1_s01_usgs5_depth_1_79m__r18,mid_P1,daily_first_difference,mid_P1_s01_usgs5_depth_1_79m,2004-08-12,2005-09-30,415,21,60,0.019523467466412574,0.019742429656866036,0.09621261596006793
mid_P1__daily_first_difference__mid_P1_s01_usgs5_depth_1_79m__r18,mid_P1,daily_first_difference,mid_P1_s01_usgs5_depth_1_79m,2004-08-12,2005-09-30,415,22,60,-0.020803663163787116,-0.004027059905092173,0.09621261596006793
mid_P1__daily_first_difference__mid_P1_s01_usgs5_depth_1_79m__r18,mid_P1,daily_first_difference,mid_P1_s01_usgs5_depth_1_79m,2004-08-12,2005-09-30,415,23,60,-0.03680807123304182,-0.023850764559420982,0.09621261596006793
mid_P1__daily_first_difference__mid_P1_s01_usgs5_depth_1_79m__r18,mid_P1,daily_first_difference,mid_P1_s01_usgs5_depth_1_79m,2004-08-12,2005-09-30,415,24,60,-0.05245940599012521,-0.04424611963366307,0.09621261596006793
mid_P1__daily_first_difference__mid_P1_s01_usgs5_depth_1_79m__r18,mid_P1,daily_first_difference,mid_P1_s01_usgs5_depth_1_79m,2004-08-12,2005-09-30,415,25,60,-0.04483028772851569,-0.01647237076815965,0.09621261596006793
mid_P1__daily_first_difference__mid_P1_s01_usgs5_depth_1_79m__r18,mid_P1,daily_first_difference,mid_P1_s01_usgs5_depth_1_79m,2004-08-12,2005-09-30,415,26,60,-0.027632729165141992,-0.04909510278036827,0.09621261596006793
mid_P1__daily_first_difference__mid_P1_s01_usgs5_depth_1_79m__r18,mid_P1,daily_first_difference,mid_P1_s01_usgs5_depth_1_79m,2004-08-12,2005-09-30,415,27,60,0.0041104778679462994,0.002621456761833852,0.09621261596006793
mid_P1__daily_first_difference__mid_P1_s01_usgs5_depth_1_79m__r18,mid_P1,daily_first_difference,mid_P1_s01_usgs5_depth_1_79m,2004-08-12,2005-09-30,415,28,60,0.007834184593829813,-0.015705761362945506,0.09621261596006793
mid_P1__daily_first_difference__mid_P1_s01_usgs5_depth_1_79m__r18,mid_P1,daily_first_difference,mid_P1_s01_usgs5_depth_1_79m,2004-08-12,2005-09-30,415,29,60,-0.041464108250097644,-0.07036069257184281,0.09621261596006793
mid_P1__daily_first_difference__mid_P1_s01_usgs5_depth_1_79m__r18,mid_P1,daily_first_difference,mid_P1_s01_usgs5_depth_1_79m,2004-08-12,2005-09-30,415,30,60,-0.004269821970819163,-0.006353809762704414,0.09621261596006793
mid_P1__daily_first_difference__mid_P1_s01_usgs5_depth_1_79m__r18,mid_P1,daily_first_difference,mid_P1_s01_usgs5_depth_1_79m,2004-08-12,2005-09-30,415,31,60,0.04771135594789075,0.0336036067223434,0.09621261596006793
mid_P1__daily_first_difference__mid_P1_s01_usgs5_depth_1_79m__r18,mid_P1,daily_first_difference,mid_P1_s01_usgs5_depth_1_79m,2004-08-12,2005-09-30,415,32,60,-0.021365598080465762,-0.023713036894122037,0.09621261596006793
mid_P1__daily_first_difference__mid_P1_s01_usgs5_depth_1_79m__r18,mid_P1,daily_first_difference,mid_P1_s01_usgs5_depth_1_79m,2004-08-12,2005-09-30,415,33,60,-0.06225973710492665,-0.0430772370178127,0.09621261596006793
mid_P1__daily_first_difference__mid_P1_s01_usgs5_depth_1_79m__r18,mid_P1,daily_first_difference,mid_P1_s01_usgs5_depth_1_79m,2004-08-12,2005-09-30,415,34,60,0.07011138645724614,0.09979299800346791,0.09621261596006793
mid_P1__daily_first_difference__mid_P1_s01_usgs5_depth_1_79m__r18,mid_P1,daily_first_difference,mid_P1_s01_usgs5_depth_1_79m,2004-08-12,2005-09-30,415,35,60,0.22151585949641275,0.21436987830958062,0.09621261596006793
mid_P1__daily_first_difference__mid_P1_s01_usgs5_depth_1_79m__r18,mid_P1,daily_first_difference,mid_P1_s01_usgs5_depth_1_79m,2004-08-12,2005-09-30,415,36,60,-0.01866889839286223,-0.05480584883106285,0.09621261596006793
mid_P1__daily_first_difference__mid_P1_s01_usgs5_depth_1_79m__r18,mid_P1,daily_first_difference,mid_P1_s01_usgs5_depth_1_79m,2004-08-12,2005-09-30,415,37,60,-0.08157280900160792,-0.0022713046070530207,0.09621261596006793
mid_P1__daily_first_difference__mid_P1_s01_usgs5_depth_1_79m__r18,mid_P1,daily_first_difference,mid_P1_s01_usgs5_depth_1_79m,2004-08-12,2005-09-30,415,38,60,0.012536080890111085,0.03443532628160723,0.09621261596006793
mid_P1__daily_first_difference__mid_P1_s01_usgs5_depth_1_79m__r18,mid_P1,daily_first_difference,mid_P1_s01_usgs5_depth_1_79m,2004-08-12,2005-09-30,415,39,60,0.05438000689810617,0.02156927735579869,0.09621261596006793
mid_P1__daily_first_difference__mid_P1_s01_usgs5_depth_1_79m__r18,mid_P1,daily_first_difference,mid_P1_s01_usgs5_depth_1_79m,2004-08-12,2005-09-30,415,40,60,0.006059385874697046,0.011553659148950814,0.09621261596006793
mid_P1__daily_first_difference__mid_P1_s01_usgs5_depth_1_79m__r18,mid_P1,daily_first_difference,mid_P1_s01_usgs5_depth_1_79m,2004-08-12,2005-09-30,415,41,60,-0.018163304836953807,0.032769820116748685,0.09621261596006793
mid_P1__daily_first_difference__mid_P1_s01_usgs5_depth_1_79m__r18,mid_P1,daily_first_difference,mid_P1_s01_usgs5_depth_1_79m,2004-08-12,2005-09-30,415,42,60,0.028424688743145847,0.005427607135729161,0.09621261596006793
mid_P1__daily_first_difference__mid_P1_s01_usgs5_depth_1_79m__r18,mid_P1,daily_first_difference,mid_P1_s01_usgs5_depth_1_79m,2004-08-12,2005-09-30,415,43,60,0.07405895529104511,-0.039440434083726265,0.09621261596006793
mid_P1__daily_first_difference__mid_P1_s01_usgs5_depth_1_79m__r18,mid_P1,daily_first_difference,mid_P1_s01_usgs5_depth_1_79m,2004-08-12,2005-09-30,415,44,60,-0.019519561083216105,-0.009475991572427475,0.09621261596006793
mid_P1__daily_first_difference__mid_P1_s01_usgs5_depth_1_79m__r18,mid_P1,daily_first_difference,mid_P1_s01_usgs5_depth_1_79m,2004-08-12,2005-09-30,415,45,60,-0.05067952702210794,-0.02004319755295404,0.09621261596006793
mid_P1__daily_first_difference__mid_P1_s01_usgs5_depth_1_79m__r18,mid_P1,daily_first_difference,mid_P1_s01_usgs5_depth_1_79m,2004-08-12,2005-09-30,415,46,60,-0.01722802733130302,-0.03019789816708679,0.09621261596006793
mid_P1__daily_first_difference__mid_P1_s01_usgs5_depth_1_79m__r18,mid_P1,daily_first_difference,mid_P1_s01_usgs5_depth_1_79m,2004-08-12,2005-09-30,415,47,60,0.1387810482337415,0.14525973000016956,0.09621261596006793
mid_P1__daily_first_difference__mid_P1_s01_usgs5_depth_1_79m__r18,mid_P1,daily_first_difference,mid_P1_s01_usgs5_depth_1_79m,2004-08-12,2005-09-30,415,48,60,-0.013950494553957454,-0.0351281423658395,0.09621261596006793
mid_P1__daily_first_difference__mid_P1_s01_usgs5_depth_1_79m__r18,mid_P1,daily_first_difference,mid_P1_s01_usgs5_depth_1_79m,2004-08-12,2005-09-30,415,49,60,-0.04979783295141681,-0.00651576747325895,0.09621261596006793
mid_P1__daily_first_difference__mid_P1_s01_usgs5_depth_1_79m__r18,mid_P1,daily_first_difference,mid_P1_s01_usgs5_depth_1_79m,2004-08-12,2005-09-30,415,50,60,0.018005791002138078,0.022108176452561648,0.09621261596006793
mid_P1__daily_first_difference__mid_P1_s01_usgs5_depth_1_79m__r18,mid_P1,daily_first_difference,mid_P1_s01_usgs5_depth_1_79m,2004-08-12,2005-09-30,415,51,60,0.06706545544961932,0.06622346888057083,0.09621261596006793
mid_P1__daily_first_difference__mid_P1_s01_usgs5_depth_1_79m__r18,mid_P1,daily_first_difference,mid_P1_s01_usgs5_depth_1_79m,2004-08-12,2005-09-30,415,52,60,0.008180613518207145,0.02112597511616205,0.09621261596006793
mid_P1__daily_first_difference__mid_P1_s01_usgs5_depth_1_79m__r18,mid_P1,daily_first_difference,mid_P1_s01_usgs5_depth_1_79m,2004-08-12,2005-09-30,415,53,60,-0.0038018497154528974,0.015583089519488886,0.09621261596006793
mid_P1__daily_first_difference__mid_P1_s01_usgs5_depth_1_79m__r18,mid_P1,daily_first_difference,mid_P1_s01_usgs5_depth_1_79m,2004-08-12,2005-09-30,415,54,60,-0.008185742429191014,0.028294179760004555,0.09621261596006793
mid_P1__daily_first_difference__mid_P1_s01_usgs5_depth_1_79m__r18,mid_P1,daily_first_difference,mid_P1_s01_usgs5_depth_1_79m,2004-08-12,2005-09-30,415,55,60,-0.036558513689922315,-0.10875004934182891,0.09621261596006793
mid_P1__daily_first_difference__mid_P1_s01_usgs5_depth_1_79m__r18,mid_P1,daily_first_difference,mid_P1_s01_usgs5_depth_1_79m,2004-08-12,2005-09-30,415,56,60,-0.016941610078683503,-0.003817716766655334,0.09621261596006793
mid_P1__daily_first_difference__mid_P1_s01_usgs5_depth_1_79m__r18,mid_P1,daily_first_difference,mid_P1_s01_usgs5_depth_1_79m,2004-08-12,2005-09-30,415,57,60,-0.020493449146906196,-0.004156614778886139,0.09621261596006793
mid_P1__daily_first_difference__mid_P1_s01_usgs5_depth_1_79m__r18,mid_P1,daily_first_difference,mid_P1_s01_usgs5_depth_1_79m,2004-08-12,2005-09-30,415,58,60,-0.050088803490675,-0.05140315856596767,0.09621261596006793
mid_P1__daily_first_difference__mid_P1_s01_usgs5_depth_1_79m__r18,mid_P1,daily_first_difference,mid_P1_s01_usgs5_depth_1_79m,2004-08-12,2005-09-30,415,59,60,-0.027697323299571308,-0.044232524856845,0.09621261596006793
mid_P1__daily_first_difference__mid_P1_s01_usgs5_depth_1_79m__r18,mid_P1,daily_first_difference,mid_P1_s01_usgs5_depth_1_79m,2004-08-12,2005-09-30,415,60,60,-0.0297175230862151,-0.03282142249030347,0.09621261596006793
mid_P1__daily_first_difference__mid_P1_s02_usgsct2_depth_1_82m__r9,mid_P1,daily_first_difference,mid_P1_s02_usgsct2_depth_1_82m,2015-07-05,2018-09-24,1178,0,60,1.0,1.0,0.057106221581310374
mid_P1__daily_first_difference__mid_P1_s02_usgsct2_depth_1_82m__r9,mid_P1,daily_first_difference,mid_P1_s02_usgsct2_depth_1_82m,2015-07-05,2018-09-24,1178,1,60,-0.030752717726168624,-0.03075271772616863,0.057106221581310374
mid_P1__daily_first_difference__mid_P1_s02_usgsct2_depth_1_82m__r9,mid_P1,daily_first_difference,mid_P1_s02_usgsct2_depth_1_82m,2015-07-05,2018-09-24,1178,2,60,-0.1438004059539954,-0.14488315589750306,0.057106221581310374
mid_P1__daily_first_difference__mid_P1_s02_usgsct2_depth_1_82m__r9,mid_P1,daily_first_difference,mid_P1_s02_usgsct2_depth_1_82m,2015-07-05,2018-09-24,1178,3,60,-0.1190951737146494,-0.1314956794900436,0.057106221581310374
mid_P1__daily_first_difference__mid_P1_s02_usgsct2_depth_1_82m__r9,mid_P1,daily_first_difference,mid_P1_s02_usgsct2_depth_1_82m,2015-07-05,2018-09-24,1178,4,60,-0.003651748984785744,-0.03709818144979448,0.057106221581310374
mid_P1__daily_first_difference__mid_P1_s02_usgsct2_depth_1_82m__r9,mid_P1,daily_first_difference,mid_P1_s02_usgsct2_depth_1_82m,2015-07-05,2018-09-24,1178,5,60,-0.0027095407285688865,-0.04347751368782449,0.057106221581310374
mid_P1__daily_first_difference__mid_P1_s02_usgsct2_depth_1_82m__r9,mid_P1,daily_first_difference,mid_P1_s02_usgsct2_depth_1_82m,2015-07-05,2018-09-24,1178,6,60,0.07563022429104165,0.05337342527509494,0.057106221581310374
mid_P1__daily_first_difference__mid_P1_s02_usgsct2_depth_1_82m__r9,mid_P1,daily_first_difference,mid_P1_s02_usgsct2_depth_1_82m,2015-07-05,2018-09-24,1178,7,60,0.06770539081370547,0.06632777077592064,0.057106221581310374
mid_P1__daily_first_difference__mid_P1_s02_usgsct2_depth_1_82m__r9,mid_P1,daily_first_difference,mid_P1_s02_usgsct2_depth_1_82m,2015-07-05,2018-09-24,1178,8,60,-0.012747096844295364,0.010042833852527083,0.057106221581310374
mid_P1__daily_first_difference__mid_P1_s02_usgsct2_depth_1_82m__r9,mid_P1,daily_first_difference,mid_P1_s02_usgsct2_depth_1_82m,2015-07-05,2018-09-24,1178,9,60,-0.01171623638508293,0.02600586809914944,0.057106221581310374
mid_P1__daily_first_difference__mid_P1_s02_usgsct2_depth_1_82m__r9,mid_P1,daily_first_difference,mid_P1_s02_usgsct2_depth_1_82m,2015-07-05,2018-09-24,1178,10,60,0.009988918392547447,0.030373909564915667,0.057106221581310374
mid_P1__daily_first_difference__mid_P1_s02_usgsct2_depth_1_82m__r9,mid_P1,daily_first_difference,mid_P1_s02_usgsct2_depth_1_82m,2015-07-05,2018-09-24,1178,11,60,-0.032641029068602875,-0.025916235197976912,0.057106221581310374
mid_P1__daily_first_difference__mid_P1_s02_usgsct2_depth_1_82m__r9,mid_P1,daily_first_difference,mid_P1_s02_usgsct2_depth_1_82m,2015-07-05,2018-09-24,1178,12,60,-0.08748212422865605,-0.09101702119697057,0.057106221581310374
mid_P1__daily_first_difference__mid_P1_s02_usgsct2_depth_1_82m__r9,mid_P1,daily_first_difference,mid_P1_s02_usgsct2_depth_1_82m,2015-07-05,2018-09-24,1178,13,60,-0.09575967921730964,-0.1289226232342067,0.057106221581310374
mid_P1__daily_first_difference__mid_P1_s02_usgsct2_depth_1_82m__r9,mid_P1,daily_first_difference,mid_P1_s02_usgsct2_depth_1_82m,2015-07-05,2018-09-24,1178,14,60,-0.0468987305790241,-0.11025281291500895,0.057106221581310374
mid_P1__daily_first_difference__mid_P1_s02_usgsct2_depth_1_82m__r9,mid_P1,daily_first_difference,mid_P1_s02_usgsct2_depth_1_82m,2015-07-05,2018-09-24,1178,15,60,0.1379114373179831,0.07442441708871822,0.057106221581310374
mid_P1__daily_first_difference__mid_P1_s02_usgsct2_depth_1_82m__r9,mid_P1,daily_first_difference,mid_P1_s02_usgsct2_depth_1_82m,2015-07-05,2018-09-24,1178,16,60,0.04755531984731432,0.011200885367601682,0.057106221581310374
mid_P1__daily_first_difference__mid_P1_s02_usgsct2_depth_1_82m__r9,mid_P1,daily_first_difference,mid_P1_s02_usgsct2_depth_1_82m,2015-07-05,2018-09-24,1178,17,60,0.005884615515528546,0.03153642082685149,0.057106221581310374
mid_P1__daily_first_difference__mid_P1_s02_usgsct2_depth_1_82m__r9,mid_P1,daily_first_difference,mid_P1_s02_usgsct2_depth_1_82m,2015-07-05,2018-09-24,1178,18,60,-0.08383057624440152,-0.02895747257542795,0.057106221581310374
mid_P1__daily_first_difference__mid_P1_s02_usgsct2_depth_1_82m__r9,mid_P1,daily_first_difference,mid_P1_s02_usgsct2_depth_1_82m,2015-07-05,2018-09-24,1178,19,60,0.11293908252967624,0.16379432373306113,0.057106221581310374
mid_P1__daily_first_difference__mid_P1_s02_usgsct2_depth_1_82m__r9,mid_P1,daily_first_difference,mid_P1_s02_usgsct2_depth_1_82m,2015-07-05,2018-09-24,1178,20,60,-0.018575931399739197,0.02087679803809316,0.057106221581310374
mid_P1__daily_first_difference__mid_P1_s02_usgsct2_depth_1_82m__r9,mid_P1,daily_first_difference,mid_P1_s02_usgsct2_depth_1_82m,2015-07-05,2018-09-24,1178,21,60,-0.06290862322097929,-0.04616165172948084,0.057106221581310374
mid_P1__daily_first_difference__mid_P1_s02_usgsct2_depth_1_82m__r9,mid_P1,daily_first_difference,mid_P1_s02_usgsct2_depth_1_82m,2015-07-05,2018-09-24,1178,22,60,-0.039260498184778427,-0.05251911569938614,0.057106221581310374
mid_P1__daily_first_difference__mid_P1_s02_usgsct2_depth_1_82m__r9,mid_P1,daily_first_difference,mid_P1_s02_usgsct2_depth_1_82m,2015-07-05,2018-09-24,1178,23,60,0.03278724160432079,-0.013016247796566339,0.057106221581310374
mid_P1__daily_first_difference__mid_P1_s02_usgsct2_depth_1_82m__r9,mid_P1,daily_first_difference,mid_P1_s02_usgsct2_depth_1_82m,2015-07-05,2018-09-24,1178,24,60,0.07722210187154613,0.043553551976979875,0.057106221581310374
mid_P1__daily_first_difference__mid_P1_s02_usgsct2_depth_1_82m__r9,mid_P1,daily_first_difference,mid_P1_s02_usgsct2_depth_1_82m,2015-07-05,2018-09-24,1178,25,60,0.04583304696748399,0.007793525411528737,0.057106221581310374
mid_P1__daily_first_difference__mid_P1_s02_usgsct2_depth_1_82m__r9,mid_P1,daily_first_difference,mid_P1_s02_usgsct2_depth_1_82m,2015-07-05,2018-09-24,1178,26,60,-0.04317758941121031,-0.05997128880720498,0.057106221581310374
mid_P1__daily_first_difference__mid_P1_s02_usgsct2_depth_1_82m__r9,mid_P1,daily_first_difference,mid_P1_s02_usgsct2_depth_1_82m,2015-07-05,2018-09-24,1178,27,60,-0.0314870952038269,0.006884069238017337,0.057106221581310374
mid_P1__daily_first_difference__mid_P1_s02_usgsct2_depth_1_82m__r9,mid_P1,daily_first_difference,mid_P1_s02_usgsct2_depth_1_82m,2015-07-05,2018-09-24,1178,28,60,-0.002517328989004303,0.048606612849055514,0.057106221581310374
mid_P1__daily_first_difference__mid_P1_s02_usgsct2_depth_1_82m__r9,mid_P1,daily_first_difference,mid_P1_s02_usgsct2_depth_1_82m,2015-07-05,2018-09-24,1178,29,60,0.010409144000612755,0.036314123248929096,0.057106221581310374
mid_P1__daily_first_difference__mid_P1_s02_usgsct2_depth_1_82m__r9,mid_P1,daily_first_difference,mid_P1_s02_usgsct2_depth_1_82m,2015-07-05,2018-09-24,1178,30,60,-0.0012731864151318427,-0.01296210795635739,0.057106221581310374
mid_P1__daily_first_difference__mid_P1_s02_usgsct2_depth_1_82m__r9,mid_P1,daily_first_difference,mid_P1_s02_usgsct2_depth_1_82m,2015-07-05,2018-09-24,1178,31,60,0.008225785633268983,0.004608976961169798,0.057106221581310374
mid_P1__daily_first_difference__mid_P1_s02_usgsct2_depth_1_82m__r9,mid_P1,daily_first_difference,mid_P1_s02_usgsct2_depth_1_82m,2015-07-05,2018-09-24,1178,32,60,-0.004172301828956597,0.008841350598406558,0.057106221581310374
mid_P1__daily_first_difference__mid_P1_s02_usgsct2_depth_1_82m__r9,mid_P1,daily_first_difference,mid_P1_s02_usgsct2_depth_1_82m,2015-07-05,2018-09-24,1178,33,60,-0.007241163464913863,0.017195267786434654,0.057106221581310374
mid_P1__daily_first_difference__mid_P1_s02_usgsct2_depth_1_82m__r9,mid_P1,daily_first_difference,mid_P1_s02_usgsct2_depth_1_82m,2015-07-05,2018-09-24,1178,34,60,0.022152904778277308,-0.0303502830037647,0.057106221581310374
mid_P1__daily_first_difference__mid_P1_s02_usgsct2_depth_1_82m__r9,mid_P1,daily_first_difference,mid_P1_s02_usgsct2_depth_1_82m,2015-07-05,2018-09-24,1178,35,60,-0.03701820112114262,-0.0713100477103762,0.057106221581310374
mid_P1__daily_first_difference__mid_P1_s02_usgsct2_depth_1_82m__r9,mid_P1,daily_first_difference,mid_P1_s02_usgsct2_depth_1_82m,2015-07-05,2018-09-24,1178,36,60,0.07230047152020068,0.09065937841731128,0.057106221581310374
mid_P1__daily_first_difference__mid_P1_s02_usgsct2_depth_1_82m__r9,mid_P1,daily_first_difference,mid_P1_s02_usgsct2_depth_1_82m,2015-07-05,2018-09-24,1178,37,60,0.01955697580883384,0.08232146266994887,0.057106221581310374
mid_P1__daily_first_difference__mid_P1_s02_usgsct2_depth_1_82m__r9,mid_P1,daily_first_difference,mid_P1_s02_usgsct2_depth_1_82m,2015-07-05,2018-09-24,1178,38,60,-0.0983160774960666,-0.09837604877638256,0.057106221581310374
mid_P1__daily_first_difference__mid_P1_s02_usgsct2_depth_1_82m__r9,mid_P1,daily_first_difference,mid_P1_s02_usgsct2_depth_1_82m,2015-07-05,2018-09-24,1178,39,60,-0.007976966525769735,-0.02398476623074131,0.057106221581310374
mid_P1__daily_first_difference__mid_P1_s02_usgsct2_depth_1_82m__r9,mid_P1,daily_first_difference,mid_P1_s02_usgsct2_depth_1_82m,2015-07-05,2018-09-24,1178,40,60,-0.0168393181366313,-0.04423381503723699,0.057106221581310374
mid_P1__daily_first_difference__mid_P1_s02_usgsct2_depth_1_82m__r9,mid_P1,daily_first_difference,mid_P1_s02_usgsct2_depth_1_82m,2015-07-05,2018-09-24,1178,41,60,-0.02781672698200066,-0.02461014832591485,0.057106221581310374
mid_P1__daily_first_difference__mid_P1_s02_usgsct2_depth_1_82m__r9,mid_P1,daily_first_difference,mid_P1_s02_usgsct2_depth_1_82m,2015-07-05,2018-09-24,1178,42,60,0.009222543883884203,-0.011061058128130241,0.057106221581310374
mid_P1__daily_first_difference__mid_P1_s02_usgsct2_depth_1_82m__r9,mid_P1,daily_first_difference,mid_P1_s02_usgsct2_depth_1_82m,2015-07-05,2018-09-24,1178,43,60,0.11213187735776911,0.05690225308508345,0.057106221581310374
mid_P1__daily_first_difference__mid_P1_s02_usgsct2_depth_1_82m__r9,mid_P1,daily_first_difference,mid_P1_s02_usgsct2_depth_1_82m,2015-07-05,2018-09-24,1178,44,60,-0.014559668643246265,-0.01967404783212108,0.057106221581310374
mid_P1__daily_first_difference__mid_P1_s02_usgsct2_depth_1_82m__r9,mid_P1,daily_first_difference,mid_P1_s02_usgsct2_depth_1_82m,2015-07-05,2018-09-24,1178,45,60,-0.06143756822135166,0.015672782442074314,0.057106221581310374
mid_P1__daily_first_difference__mid_P1_s02_usgsct2_depth_1_82m__r9,mid_P1,daily_first_difference,mid_P1_s02_usgsct2_depth_1_82m,2015-07-05,2018-09-24,1178,46,60,-0.017073657319264583,0.021252197371961778,0.057106221581310374
mid_P1__daily_first_difference__mid_P1_s02_usgsct2_depth_1_82m__r9,mid_P1,daily_first_difference,mid_P1_s02_usgsct2_depth_1_82m,2015-07-05,2018-09-24,1178,47,60,0.03532167889718337,0.026650210786945867,0.057106221581310374
mid_P1__daily_first_difference__mid_P1_s02_usgsct2_depth_1_82m__r9,mid_P1,daily_first_difference,mid_P1_s02_usgsct2_depth_1_82m,2015-07-05,2018-09-24,1178,48,60,-0.017262382714157098,-0.031522336927871944,0.057106221581310374
mid_P1__daily_first_difference__mid_P1_s02_usgsct2_depth_1_82m__r9,mid_P1,daily_first_difference,mid_P1_s02_usgsct2_depth_1_82m,2015-07-05,2018-09-24,1178,49,60,-0.012134652242235668,-0.01640750769274264,0.057106221581310374
mid_P1__daily_first_difference__mid_P1_s02_usgsct2_depth_1_82m__r9,mid_P1,daily_first_difference,mid_P1_s02_usgsct2_depth_1_82m,2015-07-05,2018-09-24,1178,50,60,-0.01023570517347711,-0.014459999528448234,0.057106221581310374
mid_P1__daily_first_difference__mid_P1_s02_usgsct2_depth_1_82m__r9,mid_P1,daily_first_difference,mid_P1_s02_usgsct2_depth_1_82m,2015-07-05,2018-09-24,1178,51,60,0.0452050650073821,0.010485029799556088,0.057106221581310374
mid_P1__daily_first_difference__mid_P1_s02_usgsct2_depth_1_82m__r9,mid_P1,daily_first_difference,mid_P1_s02_usgsct2_depth_1_82m,2015-07-05,2018-09-24,1178,52,60,0.04511234565605295,0.002946712998798417,0.057106221581310374
mid_P1__daily_first_difference__mid_P1_s02_usgsct2_depth_1_82m__r9,mid_P1,daily_first_difference,mid_P1_s02_usgsct2_depth_1_82m,2015-07-05,2018-09-24,1178,53,60,-0.022866906769874528,-0.03337542386087508,0.057106221581310374
mid_P1__daily_first_difference__mid_P1_s02_usgsct2_depth_1_82m__r9,mid_P1,daily_first_difference,mid_P1_s02_usgsct2_depth_1_82m,2015-07-05,2018-09-24,1178,54,60,-0.009551866794414676,0.04121909221212445,0.057106221581310374
mid_P1__daily_first_difference__mid_P1_s02_usgsct2_depth_1_82m__r9,mid_P1,daily_first_difference,mid_P1_s02_usgsct2_depth_1_82m,2015-07-05,2018-09-24,1178,55,60,-0.03617074378180029,-0.007867559646707536,0.057106221581310374
mid_P1__daily_first_difference__mid_P1_s02_usgsct2_depth_1_82m__r9,mid_P1,daily_first_difference,mid_P1_s02_usgsct2_depth_1_82m,2015-07-05,2018-09-24,1178,56,60,0.01290429646952247,0.013890631871797201,0.057106221581310374
mid_P1__daily_first_difference__mid_P1_s02_usgsct2_depth_1_82m__r9,mid_P1,daily_first_difference,mid_P1_s02_usgsct2_depth_1_82m,2015-07-05,2018-09-24,1178,57,60,-0.022200909187598556,0.004688443022855891,0.057106221581310374
mid_P1__daily_first_difference__mid_P1_s02_usgsct2_depth_1_82m__r9,mid_P1,daily_first_difference,mid_P1_s02_usgsct2_depth_1_82m,2015-07-05,2018-09-24,1178,58,60,0.03550397158898314,0.00597320268109825,0.057106221581310374
mid_P1__daily_first_difference__mid_P1_s02_usgsct2_depth_1_82m__r9,mid_P1,daily_first_difference,mid_P1_s02_usgsct2_depth_1_82m,2015-07-05,2018-09-24,1178,59,60,0.017125973699471914,0.01345002861822097,0.057106221581310374
mid_P1__daily_first_difference__mid_P1_s02_usgsct2_depth_1_82m__r9,mid_P1,daily_first_difference,mid_P1_s02_usgsct2_depth_1_82m,2015-07-05,2018-09-24,1178,60,60,-0.01194787867732895,-0.013607222623155295,0.057106221581310374
mid_P1__daily_level__mid_P1_s01_usgs5_depth_1_79m__r18,mid_P1,daily_level,mid_P1_s01_usgs5_depth_1_79m,2004-08-11,2005-09-30,416,0,60,1.0,1.0,0.09609690621771018
mid_P1__daily_level__mid_P1_s01_usgs5_depth_1_79m__r18,mid_P1,daily_level,mid_P1_s01_usgs5_depth_1_79m,2004-08-11,2005-09-30,416,1,60,0.9843064673734842,0.984306467373484,0.09609690621771018
mid_P1__daily_level__mid_P1_s01_usgs5_depth_1_79m__r18,mid_P1,daily_level,mid_P1_s01_usgs5_depth_1_79m,2004-08-11,2005-09-30,416,2,60,0.9659020742820925,-0.09496061414865654,0.09609690621771018
mid_P1__daily_level__mid_P1_s01_usgs5_depth_1_79m__r18,mid_P1,daily_level,mid_P1_s01_usgs5_depth_1_79m,2004-08-11,2005-09-30,416,3,60,0.950914090489911,0.1088004079039524,0.09609690621771018
mid_P1__daily_level__mid_P1_s01_usgs5_depth_1_79m__r18,mid_P1,daily_level,mid_P1_s01_usgs5_depth_1_79m,2004-08-11,2005-09-30,416,4,60,0.9373384885077395,0.017530140651142338,0.09609690621771018
mid_P1__daily_level__mid_P1_s01_usgs5_depth_1_79m__r18,mid_P1,daily_level,mid_P1_s01_usgs5_depth_1_79m,2004-08-11,2005-09-30,416,5,60,0.9243844130859465,0.01945792037815203,0.09609690621771018
mid_P1__daily_level__mid_P1_s01_usgs5_depth_1_79m__r18,mid_P1,daily_level,mid_P1_s01_usgs5_depth_1_79m,2004-08-11,2005-09-30,416,6,60,0.9125008847409568,0.03193442407529804,0.09609690621771018
mid_P1__daily_level__mid_P1_s01_usgs5_depth_1_79m__r18,mid_P1,daily_level,mid_P1_s01_usgs5_depth_1_79m,2004-08-11,2005-09-30,416,7,60,0.9033770028705111,0.08378617155590573,0.09609690621771018
mid_P1__daily_level__mid_P1_s01_usgs5_depth_1_79m__r18,mid_P1,daily_level,mid_P1_s01_usgs5_depth_1_79m,2004-08-11,2005-09-30,416,8,60,0.8948089074004084,0.00673842812360975,0.09609690621771018
mid_P1__daily_level__mid_P1_s01_usgs5_depth_1_79m__r18,mid_P1,daily_level,mid_P1_s01_usgs5_depth_1_79m,2004-08-11,2005-09-30,416,9,60,0.8800914273590251,-0.18713045944701348,0.09609690621771018
mid_P1__daily_level__mid_P1_s01_usgs5_depth_1_79m__r18,mid_P1,daily_level,mid_P1_s01_usgs5_depth_1_79m,2004-08-11,2005-09-30,416,10,60,0.8644533811014666,0.008760907114654696,0.09609690621771018
mid_P1__daily_level__mid_P1_s01_usgs5_depth_1_79m__r18,mid_P1,daily_level,mid_P1_s01_usgs5_depth_1_79m,2004-08-11,2005-09-30,416,11,60,0.8486297458461781,-0.049098274528233565,0.09609690621771018
mid_P1__daily_level__mid_P1_s01_usgs5_depth_1_79m__r18,mid_P1,daily_level,mid_P1_s01_usgs5_depth_1_79m,2004-08-11,2005-09-30,416,12,60,0.8329304526033336,-0.008885419036478097,0.09609690621771018
mid_P1__daily_level__mid_P1_s01_usgs5_depth_1_79m__r18,mid_P1,daily_level,mid_P1_s01_usgs5_depth_1_79m,2004-08-11,2005-09-30,416,13,60,0.8172325963711439,-0.015523078067088799,0.09609690621771018
mid_P1__daily_level__mid_P1_s01_usgs5_depth_1_79m__r18,mid_P1,daily_level,mid_P1_s01_usgs5_depth_1_79m,2004-08-11,2005-09-30,416,14,60,0.8022871615206463,0.0075615580316451105,0.09609690621771018
mid_P1__daily_level__mid_P1_s01_usgs5_depth_1_79m__r18,mid_P1,daily_level,mid_P1_s01_usgs5_depth_1_79m,2004-08-11,2005-09-30,416,15,60,0.7896539806400135,0.03438531391501556,0.09609690621771018
mid_P1__daily_level__mid_P1_s01_usgs5_depth_1_79m__r18,mid_P1,daily_level,mid_P1_s01_usgs5_depth_1_79m,2004-08-11,2005-09-30,416,16,60,0.7782131448138427,0.014891079730289532,0.09609690621771018
mid_P1__daily_level__mid_P1_s01_usgs5_depth_1_79m__r18,mid_P1,daily_level,mid_P1_s01_usgs5_depth_1_79m,2004-08-11,2005-09-30,416,17,60,0.7663876558482283,0.022866931376719198,0.09609690621771018
mid_P1__daily_level__mid_P1_s01_usgs5_depth_1_79m__r18,mid_P1,daily_level,mid_P1_s01_usgs5_depth_1_79m,2004-08-11,2005-09-30,416,18,60,0.7558772067741135,0.04932692903904747,0.09609690621771018
mid_P1__daily_level__mid_P1_s01_usgs5_depth_1_79m__r18,mid_P1,daily_level,mid_P1_s01_usgs5_depth_1_79m,2004-08-11,2005-09-30,416,19,60,0.7446671992503885,-0.023058315863179545,0.09609690621771018
mid_P1__daily_level__mid_P1_s01_usgs5_depth_1_79m__r18,mid_P1,daily_level,mid_P1_s01_usgs5_depth_1_79m,2004-08-11,2005-09-30,416,20,60,0.7331915444193371,0.00752576435220581,0.09609690621771018
mid_P1__daily_level__mid_P1_s01_usgs5_depth_1_79m__r18,mid_P1,daily_level,mid_P1_s01_usgs5_depth_1_79m,2004-08-11,2005-09-30,416,21,60,0.7215458097225951,-0.001200197432144721,0.09609690621771018
mid_P1__daily_level__mid_P1_s01_usgs5_depth_1_79m__r18,mid_P1,daily_level,mid_P1_s01_usgs5_depth_1_79m,2004-08-11,2005-09-30,416,22,60,0.709353356928996,-0.024030524289420326,0.09609690621771018
mid_P1__daily_level__mid_P1_s01_usgs5_depth_1_79m__r18,mid_P1,daily_level,mid_P1_s01_usgs5_depth_1_79m,2004-08-11,2005-09-30,416,23,60,0.6977395492645576,-0.0024881228886632703,0.09609690621771018
mid_P1__daily_level__mid_P1_s01_usgs5_depth_1_79m__r18,mid_P1,daily_level,mid_P1_s01_usgs5_depth_1_79m,2004-08-11,2005-09-30,416,24,60,0.687141930167688,0.014849752065108838,0.09609690621771018
mid_P1__daily_level__mid_P1_s01_usgs5_depth_1_79m__r18,mid_P1,daily_level,mid_P1_s01_usgs5_depth_1_79m,2004-08-11,2005-09-30,416,25,60,0.6780034585712159,0.034173702905239633,0.09609690621771018
mid_P1__daily_level__mid_P1_s01_usgs5_depth_1_79m__r18,mid_P1,daily_level,mid_P1_s01_usgs5_depth_1_79m,2004-08-11,2005-09-30,416,26,60,0.6701061458750712,0.011851324679607804,0.09609690621771018
mid_P1__daily_level__mid_P1_s01_usgs5_depth_1_79m__r18,mid_P1,daily_level,mid_P1_s01_usgs5_depth_1_79m,2004-08-11,2005-09-30,416,27,60,0.6629792607764711,0.03525982696141768,0.09609690621771018
mid_P1__daily_level__mid_P1_s01_usgs5_depth_1_79m__r18,mid_P1,daily_level,mid_P1_s01_usgs5_depth_1_79m,2004-08-11,2005-09-30,416,28,60,0.6557343685658611,-0.005929519795553241,0.09609690621771018
mid_P1__daily_level__mid_P1_s01_usgs5_depth_1_79m__r18,mid_P1,daily_level,mid_P1_s01_usgs5_depth_1_79m,2004-08-11,2005-09-30,416,29,60,0.6482755133072471,0.006697477087631702,0.09609690621771018
mid_P1__daily_level__mid_P1_s01_usgs5_depth_1_79m__r18,mid_P1,daily_level,mid_P1_s01_usgs5_depth_1_79m,2004-08-11,2005-09-30,416,30,60,0.6419699724337476,0.05464080589925851,0.09609690621771018
mid_P1__daily_level__mid_P1_s01_usgs5_depth_1_79m__r18,mid_P1,daily_level,mid_P1_s01_usgs5_depth_1_79m,2004-08-11,2005-09-30,416,31,60,0.635783189164279,0.0012655381539893697,0.09609690621771018
mid_P1__daily_level__mid_P1_s01_usgs5_depth_1_79m__r18,mid_P1,daily_level,mid_P1_s01_usgs5_depth_1_79m,2004-08-11,2005-09-30,416,32,60,0.628269310260924,-0.03617996940615594,0.09609690621771018
mid_P1__daily_level__mid_P1_s01_usgs5_depth_1_79m__r18,mid_P1,daily_level,mid_P1_s01_usgs5_depth_1_79m,2004-08-11,2005-09-30,416,33,60,0.6213460407715176,0.015467358398826158,0.09609690621771018
mid_P1__daily_level__mid_P1_s01_usgs5_depth_1_79m__r18,mid_P1,daily_level,mid_P1_s01_usgs5_depth_1_79m,2004-08-11,2005-09-30,416,34,60,0.616154515224744,0.034003793774805224,0.09609690621771018
mid_P1__daily_level__mid_P1_s01_usgs5_depth_1_79m__r18,mid_P1,daily_level,mid_P1_s01_usgs5_depth_1_79m,2004-08-11,2005-09-30,416,35,60,0.6090128391230027,-0.08894707480105574,0.09609690621771018
mid_P1__daily_level__mid_P1_s01_usgs5_depth_1_79m__r18,mid_P1,daily_level,mid_P1_s01_usgs5_depth_1_79m,2004-08-11,2005-09-30,416,36,60,0.5957097065553641,-0.19553227174294024,0.09609690621771018
mid_P1__daily_level__mid_P1_s01_usgs5_depth_1_79m__r18,mid_P1,daily_level,mid_P1_s01_usgs5_depth_1_79m,2004-08-11,2005-09-30,416,37,60,0.5829258413317182,0.0360262361815796,0.09609690621771018
mid_P1__daily_level__mid_P1_s01_usgs5_depth_1_79m__r18,mid_P1,daily_level,mid_P1_s01_usgs5_depth_1_79m,2004-08-11,2005-09-30,416,38,60,0.572407245687146,0.00402490204469445,0.09609690621771018
mid_P1__daily_level__mid_P1_s01_usgs5_depth_1_79m__r18,mid_P1,daily_level,mid_P1_s01_usgs5_depth_1_79m,2004-08-11,2005-09-30,416,39,60,0.56154361943631,-0.03641130795015968,0.09609690621771018
mid_P1__daily_level__mid_P1_s01_usgs5_depth_1_79m__r18,mid_P1,daily_level,mid_P1_s01_usgs5_depth_1_79m,2004-08-11,2005-09-30,416,40,60,0.5491637436629804,-0.02969820896455268,0.09609690621771018
mid_P1__daily_level__mid_P1_s01_usgs5_depth_1_79m__r18,mid_P1,daily_level,mid_P1_s01_usgs5_depth_1_79m,2004-08-11,2005-09-30,416,41,60,0.5366113679272259,-0.018041764784196987,0.09609690621771018
mid_P1__daily_level__mid_P1_s01_usgs5_depth_1_79m__r18,mid_P1,daily_level,mid_P1_s01_usgs5_depth_1_79m,2004-08-11,2005-09-30,416,42,60,0.5245699812930495,-0.03306059962755719,0.09609690621771018
mid_P1__daily_level__mid_P1_s01_usgs5_depth_1_79m__r18,mid_P1,daily_level,mid_P1_s01_usgs5_depth_1_79m,2004-08-11,2005-09-30,416,43,60,0.5117361238441,-0.01698528034114976,0.09609690621771018
mid_P1__daily_level__mid_P1_s01_usgs5_depth_1_79m__r18,mid_P1,daily_level,mid_P1_s01_usgs5_depth_1_79m,2004-08-11,2005-09-30,416,44,60,0.49684231462776324,0.012578290455123178,0.09609690621771018
mid_P1__daily_level__mid_P1_s01_usgs5_depth_1_79m__r18,mid_P1,daily_level,mid_P1_s01_usgs5_depth_1_79m,2004-08-11,2005-09-30,416,45,60,0.48248776810071436,0.0031172670448631917,0.09609690621771018
mid_P1__daily_level__mid_P1_s01_usgs5_depth_1_79m__r18,mid_P1,daily_level,mid_P1_s01_usgs5_depth_1_79m,2004-08-11,2005-09-30,416,46,60,0.46948815936843336,0.0063379483547919705,0.09609690621771018
mid_P1__daily_level__mid_P1_s01_usgs5_depth_1_79m__r18,mid_P1,daily_level,mid_P1_s01_usgs5_depth_1_79m,2004-08-11,2005-09-30,416,47,60,0.45689781247917827,0.012451461268510494,0.09609690621771018
mid_P1__daily_level__mid_P1_s01_usgs5_depth_1_79m__r18,mid_P1,daily_level,mid_P1_s01_usgs5_depth_1_79m,2004-08-11,2005-09-30,416,48,60,0.44042925273182226,-0.13332260459055434,0.09609690621771018
mid_P1__daily_level__mid_P1_s01_usgs5_depth_1_79m__r18,mid_P1,daily_level,mid_P1_s01_usgs5_depth_1_79m,2004-08-11,2005-09-30,416,49,60,0.4243524130371199,0.01701569172990508,0.09609690621771018
mid_P1__daily_level__mid_P1_s01_usgs5_depth_1_79m__r18,mid_P1,daily_level,mid_P1_s01_usgs5_depth_1_79m,2004-08-11,2005-09-30,416,50,60,0.40966805011100055,-0.0022244331735287583,0.09609690621771018
mid_P1__daily_level__mid_P1_s01_usgs5_depth_1_79m__r18,mid_P1,daily_level,mid_P1_s01_usgs5_depth_1_79m,2004-08-11,2005-09-30,416,51,60,0.394482590903343,-0.0296696750716414,0.09609690621771018
mid_P1__daily_level__mid_P1_s01_usgs5_depth_1_79m__r18,mid_P1,daily_level,mid_P1_s01_usgs5_depth_1_79m,2004-08-11,2005-09-30,416,52,60,0.3774390606198908,-0.06444540234106516,0.09609690621771018
mid_P1__daily_level__mid_P1_s01_usgs5_depth_1_79m__r18,mid_P1,daily_level,mid_P1_s01_usgs5_depth_1_79m,2004-08-11,2005-09-30,416,53,60,0.3601753359891035,-0.030136902698412227,0.09609690621771018
mid_P1__daily_level__mid_P1_s01_usgs5_depth_1_79m__r18,mid_P1,daily_level,mid_P1_s01_usgs5_depth_1_79m,2004-08-11,2005-09-30,416,54,60,0.343024707038877,-0.0259890786378868,0.09609690621771018
mid_P1__daily_level__mid_P1_s01_usgs5_depth_1_79m__r18,mid_P1,daily_level,mid_P1_s01_usgs5_depth_1_79m,2004-08-11,2005-09-30,416,55,60,0.32610911003811294,-0.029287839354213478,0.09609690621771018
mid_P1__daily_level__mid_P1_s01_usgs5_depth_1_79m__r18,mid_P1,daily_level,mid_P1_s01_usgs5_depth_1_79m,2004-08-11,2005-09-30,416,56,60,0.3102177303970728,0.0714243171374436,0.09609690621771018
mid_P1__daily_level__mid_P1_s01_usgs5_depth_1_79m__r18,mid_P1,daily_level,mid_P1_s01_usgs5_depth_1_79m,2004-08-11,2005-09-30,416,57,60,0.29480492375105555,-0.005667429547432962,0.09609690621771018
mid_P1__daily_level__mid_P1_s01_usgs5_depth_1_79m__r18,mid_P1,daily_level,mid_P1_s01_usgs5_depth_1_79m,2004-08-11,2005-09-30,416,58,60,0.27993648878748517,-0.008560171253625052,0.09609690621771018
mid_P1__daily_level__mid_P1_s01_usgs5_depth_1_79m__r18,mid_P1,daily_level,mid_P1_s01_usgs5_depth_1_79m,2004-08-11,2005-09-30,416,59,60,0.2664612852105726,0.0324744062316043,0.09609690621771018
mid_P1__daily_level__mid_P1_s01_usgs5_depth_1_79m__r18,mid_P1,daily_level,mid_P1_s01_usgs5_depth_1_79m,2004-08-11,2005-09-30,416,60,60,0.253760447451726,0.02502543484606381,0.09609690621771018
mid_P1__daily_level__mid_P1_s02_usgsct2_depth_1_82m__r10,mid_P1,daily_level,mid_P1_s02_usgsct2_depth_1_82m,2015-07-04,2018-09-24,1179,0,60,1.0,1.0,0.05708199836852114
mid_P1__daily_level__mid_P1_s02_usgsct2_depth_1_82m__r10,mid_P1,daily_level,mid_P1_s02_usgsct2_depth_1_82m,2015-07-04,2018-09-24,1179,1,60,0.9785910028093451,0.9785910028093451,0.05708199836852114
mid_P1__daily_level__mid_P1_s02_usgsct2_depth_1_82m__r10,mid_P1,daily_level,mid_P1_s02_usgsct2_depth_1_82m,2015-07-04,2018-09-24,1179,2,60,0.9584853106995677,0.019947283221533444,0.05708199836852114
mid_P1__daily_level__mid_P1_s02_usgsct2_depth_1_82m__r10,mid_P1,daily_level,mid_P1_s02_usgsct2_depth_1_82m,2015-07-04,2018-09-24,1179,3,60,0.9444694729331153,0.13447376947982292,0.05708199836852114
mid_P1__daily_level__mid_P1_s02_usgsct2_depth_1_82m__r10,mid_P1,daily_level,mid_P1_s02_usgsct2_depth_1_82m,2015-07-04,2018-09-24,1179,4,60,0.9354991854250062,0.12317527903930868,0.05708199836852114
mid_P1__daily_level__mid_P1_s02_usgsct2_depth_1_82m__r10,mid_P1,daily_level,mid_P1_s02_usgsct2_depth_1_82m,2015-07-04,2018-09-24,1179,5,60,0.9266835158324365,0.030460135302245516,0.05708199836852114
mid_P1__daily_level__mid_P1_s02_usgsct2_depth_1_82m__r10,mid_P1,daily_level,mid_P1_s02_usgsct2_depth_1_82m,2015-07-04,2018-09-24,1179,6,60,0.9179825701397495,0.037074129778932555,0.05708199836852114
mid_P1__daily_level__mid_P1_s02_usgsct2_depth_1_82m__r10,mid_P1,daily_level,mid_P1_s02_usgsct2_depth_1_82m,2015-07-04,2018-09-24,1179,7,60,0.9060764212347825,-0.05866808961006329,0.05708199836852114
mid_P1__daily_level__mid_P1_s02_usgsct2_depth_1_82m__r10,mid_P1,daily_level,mid_P1_s02_usgsct2_depth_1_82m,2015-07-04,2018-09-24,1179,8,60,0.8913035596031453,-0.07188240126456223,0.05708199836852114
mid_P1__daily_level__mid_P1_s02_usgsct2_depth_1_82m__r10,mid_P1,daily_level,mid_P1_s02_usgsct2_depth_1_82m,2015-07-04,2018-09-24,1179,9,60,0.8770704219169831,-0.016476081367377955,0.05708199836852114
mid_P1__daily_level__mid_P1_s02_usgsct2_depth_1_82m__r10,mid_P1,daily_level,mid_P1_s02_usgsct2_depth_1_82m,2015-07-04,2018-09-24,1179,10,60,0.8633333605400347,-0.032324552682977514,0.05708199836852114
mid_P1__daily_level__mid_P1_s02_usgsct2_depth_1_82m__r10,mid_P1,daily_level,mid_P1_s02_usgsct2_depth_1_82m,2015-07-04,2018-09-24,1179,11,60,0.8491757695273545,-0.03711861712015386,0.05708199836852114
mid_P1__daily_level__mid_P1_s02_usgsct2_depth_1_82m__r10,mid_P1,daily_level,mid_P1_s02_usgsct2_depth_1_82m,2015-07-04,2018-09-24,1179,12,60,0.8363978195896015,0.018238494376244672,0.05708199836852114
mid_P1__daily_level__mid_P1_s02_usgsct2_depth_1_82m__r10,mid_P1,daily_level,mid_P1_s02_usgsct2_depth_1_82m,2015-07-04,2018-09-24,1179,13,60,0.8273263588776474,0.08334675468931334,0.05708199836852114
mid_P1__daily_level__mid_P1_s02_usgsct2_depth_1_82m__r10,mid_P1,daily_level,mid_P1_s02_usgsct2_depth_1_82m,2015-07-04,2018-09-24,1179,14,60,0.8223094557977838,0.121567493256017,0.05708199836852114
mid_P1__daily_level__mid_P1_s02_usgsct2_depth_1_82m__r10,mid_P1,daily_level,mid_P1_s02_usgsct2_depth_1_82m,2015-07-04,2018-09-24,1179,15,60,0.8192758787573867,0.10360197974732062,0.05708199836852114
mid_P1__daily_level__mid_P1_s02_usgsct2_depth_1_82m__r10,mid_P1,daily_level,mid_P1_s02_usgsct2_depth_1_82m,2015-07-04,2018-09-24,1179,16,60,0.8104054080552144,-0.07877930097080822,0.05708199836852114
mid_P1__daily_level__mid_P1_s02_usgsct2_depth_1_82m__r10,mid_P1,daily_level,mid_P1_s02_usgsct2_depth_1_82m,2015-07-04,2018-09-24,1179,17,60,0.7995213983617943,-0.0163611318259765,0.05708199836852114
mid_P1__daily_level__mid_P1_s02_usgsct2_depth_1_82m__r10,mid_P1,daily_level,mid_P1_s02_usgsct2_depth_1_82m,2015-07-04,2018-09-24,1179,18,60,0.7883882278772342,-0.0358964525730305,0.05708199836852114
mid_P1__daily_level__mid_P1_s02_usgsct2_depth_1_82m__r10,mid_P1,daily_level,mid_P1_s02_usgsct2_depth_1_82m,2015-07-04,2018-09-24,1179,19,60,0.7808045251854484,0.024307610836765338,0.05708199836852114
mid_P1__daily_level__mid_P1_s02_usgsct2_depth_1_82m__r10,mid_P1,daily_level,mid_P1_s02_usgsct2_depth_1_82m,2015-07-04,2018-09-24,1179,20,60,0.7684364598720027,-0.16669200909632326,0.05708199836852114
mid_P1__daily_level__mid_P1_s02_usgsct2_depth_1_82m__r10,mid_P1,daily_level,mid_P1_s02_usgsct2_depth_1_82m,2015-07-04,2018-09-24,1179,21,60,0.7568573284741275,-0.02627556462550641,0.05708199836852114
mid_P1__daily_level__mid_P1_s02_usgsct2_depth_1_82m__r10,mid_P1,daily_level,mid_P1_s02_usgsct2_depth_1_82m,2015-07-04,2018-09-24,1179,22,60,0.7479418090023797,0.03968749568334972,0.05708199836852114
mid_P1__daily_level__mid_P1_s02_usgsct2_depth_1_82m__r10,mid_P1,daily_level,mid_P1_s02_usgsct2_depth_1_82m,2015-07-04,2018-09-24,1179,23,60,0.7406886168134393,0.04578764492948496,0.05708199836852114
mid_P1__daily_level__mid_P1_s02_usgsct2_depth_1_82m__r10,mid_P1,daily_level,mid_P1_s02_usgsct2_depth_1_82m,2015-07-04,2018-09-24,1179,24,60,0.732047180443425,0.006408340801964697,0.05708199836852114
mid_P1__daily_level__mid_P1_s02_usgsct2_depth_1_82m__r10,mid_P1,daily_level,mid_P1_s02_usgsct2_depth_1_82m,2015-07-04,2018-09-24,1179,25,60,0.7201360846370493,-0.04976495746545395,0.05708199836852114
mid_P1__daily_level__mid_P1_s02_usgsct2_depth_1_82m__r10,mid_P1,daily_level,mid_P1_s02_usgsct2_depth_1_82m,2015-07-04,2018-09-24,1179,26,60,0.7062843725452997,-0.014874017038445294,0.05708199836852114
mid_P1__daily_level__mid_P1_s02_usgsct2_depth_1_82m__r10,mid_P1,daily_level,mid_P1_s02_usgsct2_depth_1_82m,2015-07-04,2018-09-24,1179,27,60,0.6942608411911481,0.05254764966983601,0.05708199836852114
mid_P1__daily_level__mid_P1_s02_usgsct2_depth_1_82m__r10,mid_P1,daily_level,mid_P1_s02_usgsct2_depth_1_82m,2015-07-04,2018-09-24,1179,28,60,0.6835729151105474,-0.012505494668261643,0.05708199836852114
mid_P1__daily_level__mid_P1_s02_usgsct2_depth_1_82m__r10,mid_P1,daily_level,mid_P1_s02_usgsct2_depth_1_82m,2015-07-04,2018-09-24,1179,29,60,0.6729891634127537,-0.053560855160902386,0.05708199836852114
mid_P1__daily_level__mid_P1_s02_usgsct2_depth_1_82m__r10,mid_P1,daily_level,mid_P1_s02_usgsct2_depth_1_82m,2015-07-04,2018-09-24,1179,30,60,0.661964677975047,-0.041716717078519726,0.05708199836852114
mid_P1__daily_level__mid_P1_s02_usgsct2_depth_1_82m__r10,mid_P1,daily_level,mid_P1_s02_usgsct2_depth_1_82m,2015-07-04,2018-09-24,1179,31,60,0.6509955297642971,0.006523455880626656,0.05708199836852114
mid_P1__daily_level__mid_P1_s02_usgsct2_depth_1_82m__r10,mid_P1,daily_level,mid_P1_s02_usgsct2_depth_1_82m,2015-07-04,2018-09-24,1179,32,60,0.6396766637730023,-0.010979127711159416,0.05708199836852114
mid_P1__daily_level__mid_P1_s02_usgsct2_depth_1_82m__r10,mid_P1,daily_level,mid_P1_s02_usgsct2_depth_1_82m,2015-07-04,2018-09-24,1179,33,60,0.6285358863773515,-0.015227742161586729,0.05708199836852114
mid_P1__daily_level__mid_P1_s02_usgsct2_depth_1_82m__r10,mid_P1,daily_level,mid_P1_s02_usgsct2_depth_1_82m,2015-07-04,2018-09-24,1179,34,60,0.6177007248837078,-0.023845396753915876,0.05708199836852114
mid_P1__daily_level__mid_P1_s02_usgsct2_depth_1_82m__r10,mid_P1,daily_level,mid_P1_s02_usgsct2_depth_1_82m,2015-07-04,2018-09-24,1179,35,60,0.6059275875910802,0.021931649255280666,0.05708199836852114
mid_P1__daily_level__mid_P1_s02_usgsct2_depth_1_82m__r10,mid_P1,daily_level,mid_P1_s02_usgsct2_depth_1_82m,2015-07-04,2018-09-24,1179,36,60,0.5957238001925115,0.06297167914990966,0.05708199836852114
mid_P1__daily_level__mid_P1_s02_usgsct2_depth_1_82m__r10,mid_P1,daily_level,mid_P1_s02_usgsct2_depth_1_82m,2015-07-04,2018-09-24,1179,37,60,0.5824587400861139,-0.09662249129806721,0.05708199836852114
mid_P1__daily_level__mid_P1_s02_usgsct2_depth_1_82m__r10,mid_P1,daily_level,mid_P1_s02_usgsct2_depth_1_82m,2015-07-04,2018-09-24,1179,38,60,0.568363654793246,-0.08870586021899117,0.05708199836852114
mid_P1__daily_level__mid_P1_s02_usgsct2_depth_1_82m__r10,mid_P1,daily_level,mid_P1_s02_usgsct2_depth_1_82m,2015-07-04,2018-09-24,1179,39,60,0.5584313677222976,0.08934238641391704,0.05708199836852114
mid_P1__daily_level__mid_P1_s02_usgsct2_depth_1_82m__r10,mid_P1,daily_level,mid_P1_s02_usgsct2_depth_1_82m,2015-07-04,2018-09-24,1179,40,60,0.5488368329412946,0.01631506444300233,0.05708199836852114
mid_P1__daily_level__mid_P1_s02_usgsct2_depth_1_82m__r10,mid_P1,daily_level,mid_P1_s02_usgsct2_depth_1_82m,2015-07-04,2018-09-24,1179,41,60,0.5399552910471104,0.03701907858481443,0.05708199836852114
mid_P1__daily_level__mid_P1_s02_usgsct2_depth_1_82m__r10,mid_P1,daily_level,mid_P1_s02_usgsct2_depth_1_82m,2015-07-04,2018-09-24,1179,42,60,0.5322527419423599,0.018501225544808174,0.05708199836852114
mid_P1__daily_level__mid_P1_s02_usgsct2_depth_1_82m__r10,mid_P1,daily_level,mid_P1_s02_usgsct2_depth_1_82m,2015-07-04,2018-09-24,1179,43,60,0.5241609068856061,0.004562088997459155,0.05708199836852114
mid_P1__daily_level__mid_P1_s02_usgsct2_depth_1_82m__r10,mid_P1,daily_level,mid_P1_s02_usgsct2_depth_1_82m,2015-07-04,2018-09-24,1179,44,60,0.5113212988170323,-0.06360239618510774,0.05708199836852114
mid_P1__daily_level__mid_P1_s02_usgsct2_depth_1_82m__r10,mid_P1,daily_level,mid_P1_s02_usgsct2_depth_1_82m,2015-07-04,2018-09-24,1179,45,60,0.49909816116698347,0.012502497513256551,0.05708199836852114
mid_P1__daily_level__mid_P1_s02_usgsct2_depth_1_82m__r10,mid_P1,daily_level,mid_P1_s02_usgsct2_depth_1_82m,2015-07-04,2018-09-24,1179,46,60,0.48947393840755843,-0.021190738192685916,0.05708199836852114
mid_P1__daily_level__mid_P1_s02_usgsct2_depth_1_82m__r10,mid_P1,daily_level,mid_P1_s02_usgsct2_depth_1_82m,2015-07-04,2018-09-24,1179,47,60,0.4805750421263459,-0.02735937567264932,0.05708199836852114
mid_P1__daily_level__mid_P1_s02_usgsct2_depth_1_82m__r10,mid_P1,daily_level,mid_P1_s02_usgsct2_depth_1_82m,2015-07-04,2018-09-24,1179,48,60,0.4701762165381973,-0.033904926091287285,0.05708199836852114
mid_P1__daily_level__mid_P1_s02_usgsct2_depth_1_82m__r10,mid_P1,daily_level,mid_P1_s02_usgsct2_depth_1_82m,2015-07-04,2018-09-24,1179,49,60,0.46051070834193086,0.023547421482950033,0.05708199836852114
mid_P1__daily_level__mid_P1_s02_usgsct2_depth_1_82m__r10,mid_P1,daily_level,mid_P1_s02_usgsct2_depth_1_82m,2015-07-04,2018-09-24,1179,50,60,0.45135899310326455,0.00912458992750833,0.05708199836852114
mid_P1__daily_level__mid_P1_s02_usgsct2_depth_1_82m__r10,mid_P1,daily_level,mid_P1_s02_usgsct2_depth_1_82m,2015-07-04,2018-09-24,1179,51,60,0.44264066755353987,0.007324050756783996,0.05708199836852114
mid_P1__daily_level__mid_P1_s02_usgsct2_depth_1_82m__r10,mid_P1,daily_level,mid_P1_s02_usgsct2_depth_1_82m,2015-07-04,2018-09-24,1179,52,60,0.43200831549408536,-0.018127071614126054,0.05708199836852114
mid_P1__daily_level__mid_P1_s02_usgsct2_depth_1_82m__r10,mid_P1,daily_level,mid_P1_s02_usgsct2_depth_1_82m,2015-07-04,2018-09-24,1179,53,60,0.4194658627519691,-0.011292459772336692,0.05708199836852114
mid_P1__daily_level__mid_P1_s02_usgsct2_depth_1_82m__r10,mid_P1,daily_level,mid_P1_s02_usgsct2_depth_1_82m,2015-07-04,2018-09-24,1179,54,60,0.4078916170730757,0.02549332288433605,0.05708199836852114
mid_P1__daily_level__mid_P1_s02_usgsct2_depth_1_82m__r10,mid_P1,daily_level,mid_P1_s02_usgsct2_depth_1_82m,2015-07-04,2018-09-24,1179,55,60,0.39672180669799595,-0.047176017079251384,0.05708199836852114
mid_P1__daily_level__mid_P1_s02_usgsct2_depth_1_82m__r10,mid_P1,daily_level,mid_P1_s02_usgsct2_depth_1_82m,2015-07-04,2018-09-24,1179,56,60,0.38708153735095696,0.0008657731992592242,0.05708199836852114
mid_P1__daily_level__mid_P1_s02_usgsct2_depth_1_82m__r10,mid_P1,daily_level,mid_P1_s02_usgsct2_depth_1_82m,2015-07-04,2018-09-24,1179,57,60,0.3768968510323485,-0.021161660782262923,0.05708199836852114
mid_P1__daily_level__mid_P1_s02_usgsct2_depth_1_82m__r10,mid_P1,daily_level,mid_P1_s02_usgsct2_depth_1_82m,2015-07-04,2018-09-24,1179,58,60,0.36765020934001214,-0.011725305496068383,0.05708199836852114
mid_P1__daily_level__mid_P1_s02_usgsct2_depth_1_82m__r10,mid_P1,daily_level,mid_P1_s02_usgsct2_depth_1_82m,2015-07-04,2018-09-24,1179,59,60,0.35690150069693305,-0.013368848618413441,0.05708199836852114
mid_P1__daily_level__mid_P1_s02_usgsct2_depth_1_82m__r10,mid_P1,daily_level,mid_P1_s02_usgsct2_depth_1_82m,2015-07-04,2018-09-24,1179,60,60,0.34542645604100125,-0.02089807999117178,0.05708199836852114
mid_P2__daily_first_difference__mid_P2_s01_usgs6_depth_3_69m__r29,mid_P2,daily_first_difference,mid_P2_s01_usgs6_depth_3_69m,2015-07-05,2018-09-25,1179,0,60,1.0,1.0,0.05708199836852114
mid_P2__daily_first_difference__mid_P2_s01_usgs6_depth_3_69m__r29,mid_P2,daily_first_difference,mid_P2_s01_usgs6_depth_3_69m,2015-07-05,2018-09-25,1179,1,60,0.12090831519168109,0.12090831519168105,0.05708199836852114
mid_P2__daily_first_difference__mid_P2_s01_usgs6_depth_3_69m__r29,mid_P2,daily_first_difference,mid_P2_s01_usgs6_depth_3_69m,2015-07-05,2018-09-25,1179,2,60,-0.0401716700571309,-0.05560334608539059,0.05708199836852114
mid_P2__daily_first_difference__mid_P2_s01_usgs6_depth_3_69m__r29,mid_P2,daily_first_difference,mid_P2_s01_usgs6_depth_3_69m,2015-07-05,2018-09-25,1179,3,60,-0.03834497526210632,-0.02697136782079489,0.05708199836852114
mid_P2__daily_first_difference__mid_P2_s01_usgs6_depth_3_69m__r29,mid_P2,daily_first_difference,mid_P2_s01_usgs6_depth_3_69m,2015-07-05,2018-09-25,1179,4,60,-0.0028912012277764816,0.0031692291024273313,0.05708199836852114
mid_P2__daily_first_difference__mid_P2_s01_usgs6_depth_3_69m__r29,mid_P2,daily_first_difference,mid_P2_s01_usgs6_depth_3_69m,2015-07-05,2018-09-25,1179,5,60,0.06786408234110783,0.06596559536255699,0.05708199836852114
mid_P2__daily_first_difference__mid_P2_s01_usgs6_depth_3_69m__r29,mid_P2,daily_first_difference,mid_P2_s01_usgs6_depth_3_69m,2015-07-05,2018-09-25,1179,6,60,0.034996572958785395,0.01759787142173749,0.05708199836852114
mid_P2__daily_first_difference__mid_P2_s01_usgs6_depth_3_69m__r29,mid_P2,daily_first_difference,mid_P2_s01_usgs6_depth_3_69m,2015-07-05,2018-09-25,1179,7,60,0.0469547295070124,0.04727228389542914,0.05708199836852114
mid_P2__daily_first_difference__mid_P2_s01_usgs6_depth_3_69m__r29,mid_P2,daily_first_difference,mid_P2_s01_usgs6_depth_3_69m,2015-07-05,2018-09-25,1179,8,60,0.018054713951886524,0.013287296406764173,0.05708199836852114
mid_P2__daily_first_difference__mid_P2_s01_usgs6_depth_3_69m__r29,mid_P2,daily_first_difference,mid_P2_s01_usgs6_depth_3_69m,2015-07-05,2018-09-25,1179,9,60,0.0013538454404874152,0.003672681521265947,0.05708199836852114
mid_P2__daily_first_difference__mid_P2_s01_usgs6_depth_3_69m__r29,mid_P2,daily_first_difference,mid_P2_s01_usgs6_depth_3_69m,2015-07-05,2018-09-25,1179,10,60,-0.01198888608935404,-0.012906198154905988,0.05708199836852114
mid_P2__daily_first_difference__mid_P2_s01_usgs6_depth_3_69m__r29,mid_P2,daily_first_difference,mid_P2_s01_usgs6_depth_3_69m,2015-07-05,2018-09-25,1179,11,60,-0.026692222090047873,-0.026058450681789067,0.05708199836852114
mid_P2__daily_first_difference__mid_P2_s01_usgs6_depth_3_69m__r29,mid_P2,daily_first_difference,mid_P2_s01_usgs6_depth_3_69m,2015-07-05,2018-09-25,1179,12,60,-0.0361554089290319,-0.03825182258225053,0.05708199836852114
mid_P2__daily_first_difference__mid_P2_s01_usgs6_depth_3_69m__r29,mid_P2,daily_first_difference,mid_P2_s01_usgs6_depth_3_69m,2015-07-05,2018-09-25,1179,13,60,-0.02909394789940999,-0.028239456675114273,0.05708199836852114
mid_P2__daily_first_difference__mid_P2_s01_usgs6_depth_3_69m__r29,mid_P2,daily_first_difference,mid_P2_s01_usgs6_depth_3_69m,2015-07-05,2018-09-25,1179,14,60,0.020722573258710412,0.019983063899286908,0.05708199836852114
mid_P2__daily_first_difference__mid_P2_s01_usgs6_depth_3_69m__r29,mid_P2,daily_first_difference,mid_P2_s01_usgs6_depth_3_69m,2015-07-05,2018-09-25,1179,15,60,0.052186128745359744,0.04362075399202627,0.05708199836852114
mid_P2__daily_first_difference__mid_P2_s01_usgs6_depth_3_69m__r29,mid_P2,daily_first_difference,mid_P2_s01_usgs6_depth_3_69m,2015-07-05,2018-09-25,1179,16,60,0.019525356746264322,0.011984707305590895,0.05708199836852114
mid_P2__daily_first_difference__mid_P2_s01_usgs6_depth_3_69m__r29,mid_P2,daily_first_difference,mid_P2_s01_usgs6_depth_3_69m,2015-07-05,2018-09-25,1179,17,60,-0.0012498238684609806,0.007843683450122393,0.05708199836852114
mid_P2__daily_first_difference__mid_P2_s01_usgs6_depth_3_69m__r29,mid_P2,daily_first_difference,mid_P2_s01_usgs6_depth_3_69m,2015-07-05,2018-09-25,1179,18,60,-0.00850256331733262,0.0035396627899991827,0.05708199836852114
mid_P2__daily_first_difference__mid_P2_s01_usgs6_depth_3_69m__r29,mid_P2,daily_first_difference,mid_P2_s01_usgs6_depth_3_69m,2015-07-05,2018-09-25,1179,19,60,0.02434411975285834,0.03000610023399934,0.05708199836852114
mid_P2__daily_first_difference__mid_P2_s01_usgs6_depth_3_69m__r29,mid_P2,daily_first_difference,mid_P2_s01_usgs6_depth_3_69m,2015-07-05,2018-09-25,1179,20,60,0.038455261756814726,0.029019878541285793,0.05708199836852114
mid_P2__daily_first_difference__mid_P2_s01_usgs6_depth_3_69m__r29,mid_P2,daily_first_difference,mid_P2_s01_usgs6_depth_3_69m,2015-07-05,2018-09-25,1179,21,60,0.0016798761126775967,-0.010249480769482426,0.05708199836852114
mid_P2__daily_first_difference__mid_P2_s01_usgs6_depth_3_69m__r29,mid_P2,daily_first_difference,mid_P2_s01_usgs6_depth_3_69m,2015-07-05,2018-09-25,1179,22,60,-0.004435995990262059,-0.006726113920835981,0.05708199836852114
mid_P2__daily_first_difference__mid_P2_s01_usgs6_depth_3_69m__r29,mid_P2,daily_first_difference,mid_P2_s01_usgs6_depth_3_69m,2015-07-05,2018-09-25,1179,23,60,0.037791704936515694,0.0366829417141702,0.05708199836852114
mid_P2__daily_first_difference__mid_P2_s01_usgs6_depth_3_69m__r29,mid_P2,daily_first_difference,mid_P2_s01_usgs6_depth_3_69m,2015-07-05,2018-09-25,1179,24,60,0.06598737107214543,0.051696128585995094,0.05708199836852114
mid_P2__daily_first_difference__mid_P2_s01_usgs6_depth_3_69m__r29,mid_P2,daily_first_difference,mid_P2_s01_usgs6_depth_3_69m,2015-07-05,2018-09-25,1179,25,60,0.04517881794133067,0.029665932017974454,0.05708199836852114
mid_P2__daily_first_difference__mid_P2_s01_usgs6_depth_3_69m__r29,mid_P2,daily_first_difference,mid_P2_s01_usgs6_depth_3_69m,2015-07-05,2018-09-25,1179,26,60,0.0015538705858385304,-0.00016092269514119382,0.05708199836852114
mid_P2__daily_first_difference__mid_P2_s01_usgs6_depth_3_69m__r29,mid_P2,daily_first_difference,mid_P2_s01_usgs6_depth_3_69m,2015-07-05,2018-09-25,1179,27,60,-0.010221702322303409,-0.0012801068482242374,0.05708199836852114
mid_P2__daily_first_difference__mid_P2_s01_usgs6_depth_3_69m__r29,mid_P2,daily_first_difference,mid_P2_s01_usgs6_depth_3_69m,2015-07-05,2018-09-25,1179,28,60,0.009741622551420885,0.012366325278861563,0.05708199836852114
mid_P2__daily_first_difference__mid_P2_s01_usgs6_depth_3_69m__r29,mid_P2,daily_first_difference,mid_P2_s01_usgs6_depth_3_69m,2015-07-05,2018-09-25,1179,29,60,0.0074094050918502834,-0.004488410494708723,0.05708199836852114
mid_P2__daily_first_difference__mid_P2_s01_usgs6_depth_3_69m__r29,mid_P2,daily_first_difference,mid_P2_s01_usgs6_depth_3_69m,2015-07-05,2018-09-25,1179,30,60,0.004880124953580158,-0.006749351978969642,0.05708199836852114
mid_P2__daily_first_difference__mid_P2_s01_usgs6_depth_3_69m__r29,mid_P2,daily_first_difference,mid_P2_s01_usgs6_depth_3_69m,2015-07-05,2018-09-25,1179,31,60,0.014344178201221256,0.008675635204910853,0.05708199836852114
mid_P2__daily_first_difference__mid_P2_s01_usgs6_depth_3_69m__r29,mid_P2,daily_first_difference,mid_P2_s01_usgs6_depth_3_69m,2015-07-05,2018-09-25,1179,32,60,0.013801405017536093,0.010344118712344063,0.05708199836852114
mid_P2__daily_first_difference__mid_P2_s01_usgs6_depth_3_69m__r29,mid_P2,daily_first_difference,mid_P2_s01_usgs6_depth_3_69m,2015-07-05,2018-09-25,1179,33,60,-0.007581438276657233,-0.009964424040635822,0.05708199836852114
mid_P2__daily_first_difference__mid_P2_s01_usgs6_depth_3_69m__r29,mid_P2,daily_first_difference,mid_P2_s01_usgs6_depth_3_69m,2015-07-05,2018-09-25,1179,34,60,0.0188480331662819,0.02288186305794598,0.05708199836852114
mid_P2__daily_first_difference__mid_P2_s01_usgs6_depth_3_69m__r29,mid_P2,daily_first_difference,mid_P2_s01_usgs6_depth_3_69m,2015-07-05,2018-09-25,1179,35,60,0.00347498796940296,0.00018724324708189221,0.05708199836852114
mid_P2__daily_first_difference__mid_P2_s01_usgs6_depth_3_69m__r29,mid_P2,daily_first_difference,mid_P2_s01_usgs6_depth_3_69m,2015-07-05,2018-09-25,1179,36,60,0.011715196164456087,0.01859195278683445,0.05708199836852114
mid_P2__daily_first_difference__mid_P2_s01_usgs6_depth_3_69m__r29,mid_P2,daily_first_difference,mid_P2_s01_usgs6_depth_3_69m,2015-07-05,2018-09-25,1179,37,60,0.032180604395845934,0.03441749903946335,0.05708199836852114
mid_P2__daily_first_difference__mid_P2_s01_usgs6_depth_3_69m__r29,mid_P2,daily_first_difference,mid_P2_s01_usgs6_depth_3_69m,2015-07-05,2018-09-25,1179,38,60,-0.026870851627571298,-0.03766063394826061,0.05708199836852114
mid_P2__daily_first_difference__mid_P2_s01_usgs6_depth_3_69m__r29,mid_P2,daily_first_difference,mid_P2_s01_usgs6_depth_3_69m,2015-07-05,2018-09-25,1179,39,60,0.003916301240274773,0.0026060741150954665,0.05708199836852114
mid_P2__daily_first_difference__mid_P2_s01_usgs6_depth_3_69m__r29,mid_P2,daily_first_difference,mid_P2_s01_usgs6_depth_3_69m,2015-07-05,2018-09-25,1179,40,60,-0.0004377294260021895,-0.008919332069140197,0.05708199836852114
mid_P2__daily_first_difference__mid_P2_s01_usgs6_depth_3_69m__r29,mid_P2,daily_first_difference,mid_P2_s01_usgs6_depth_3_69m,2015-07-05,2018-09-25,1179,41,60,0.0019256061404644186,-0.0013548725780281117,0.05708199836852114
mid_P2__daily_first_difference__mid_P2_s01_usgs6_depth_3_69m__r29,mid_P2,daily_first_difference,mid_P2_s01_usgs6_depth_3_69m,2015-07-05,2018-09-25,1179,42,60,0.03537622538246703,0.030381714643673844,0.05708199836852114
mid_P2__daily_first_difference__mid_P2_s01_usgs6_depth_3_69m__r29,mid_P2,daily_first_difference,mid_P2_s01_usgs6_depth_3_69m,2015-07-05,2018-09-25,1179,43,60,0.032033463929056684,0.02197705374946995,0.05708199836852114
mid_P2__daily_first_difference__mid_P2_s01_usgs6_depth_3_69m__r29,mid_P2,daily_first_difference,mid_P2_s01_usgs6_depth_3_69m,2015-07-05,2018-09-25,1179,44,60,0.014655385044989125,0.005345503943754289,0.05708199836852114
mid_P2__daily_first_difference__mid_P2_s01_usgs6_depth_3_69m__r29,mid_P2,daily_first_difference,mid_P2_s01_usgs6_depth_3_69m,2015-07-05,2018-09-25,1179,45,60,-0.00573663722797976,-0.0017888243904751048,0.05708199836852114
mid_P2__daily_first_difference__mid_P2_s01_usgs6_depth_3_69m__r29,mid_P2,daily_first_difference,mid_P2_s01_usgs6_depth_3_69m,2015-07-05,2018-09-25,1179,46,60,-0.010158258529383821,-0.005623202354695608,0.05708199836852114
mid_P2__daily_first_difference__mid_P2_s01_usgs6_depth_3_69m__r29,mid_P2,daily_first_difference,mid_P2_s01_usgs6_depth_3_69m,2015-07-05,2018-09-25,1179,47,60,-0.004990733160508585,-0.009068605621163793,0.05708199836852114
mid_P2__daily_first_difference__mid_P2_s01_usgs6_depth_3_69m__r29,mid_P2,daily_first_difference,mid_P2_s01_usgs6_depth_3_69m,2015-07-05,2018-09-25,1179,48,60,0.0064840402323189565,-0.0033134453568344035,0.05708199836852114
mid_P2__daily_first_difference__mid_P2_s01_usgs6_depth_3_69m__r29,mid_P2,daily_first_difference,mid_P2_s01_usgs6_depth_3_69m,2015-07-05,2018-09-25,1179,49,60,0.007709415562014107,-0.0039685709390101095,0.05708199836852114
mid_P2__daily_first_difference__mid_P2_s01_usgs6_depth_3_69m__r29,mid_P2,daily_first_difference,mid_P2_s01_usgs6_depth_3_69m,2015-07-05,2018-09-25,1179,50,60,-0.006015842909005869,-0.012721500584251946,0.05708199836852114
mid_P2__daily_first_difference__mid_P2_s01_usgs6_depth_3_69m__r29,mid_P2,daily_first_difference,mid_P2_s01_usgs6_depth_3_69m,2015-07-05,2018-09-25,1179,51,60,0.007390688697134866,0.004262661051004053,0.05708199836852114
mid_P2__daily_first_difference__mid_P2_s01_usgs6_depth_3_69m__r29,mid_P2,daily_first_difference,mid_P2_s01_usgs6_depth_3_69m,2015-07-05,2018-09-25,1179,52,60,0.01788039831582338,0.015736580868439456,0.05708199836852114
mid_P2__daily_first_difference__mid_P2_s01_usgs6_depth_3_69m__r29,mid_P2,daily_first_difference,mid_P2_s01_usgs6_depth_3_69m,2015-07-05,2018-09-25,1179,53,60,0.007463474156273873,0.008305496604053718,0.05708199836852114
mid_P2__daily_first_difference__mid_P2_s01_usgs6_depth_3_69m__r29,mid_P2,daily_first_difference,mid_P2_s01_usgs6_depth_3_69m,2015-07-05,2018-09-25,1179,54,60,-0.00848144387063181,-0.005441160691198294,0.05708199836852114
mid_P2__daily_first_difference__mid_P2_s01_usgs6_depth_3_69m__r29,mid_P2,daily_first_difference,mid_P2_s01_usgs6_depth_3_69m,2015-07-05,2018-09-25,1179,55,60,-0.00968555040705092,-0.0029365637990043793,0.05708199836852114
mid_P2__daily_first_difference__mid_P2_s01_usgs6_depth_3_69m__r29,mid_P2,daily_first_difference,mid_P2_s01_usgs6_depth_3_69m,2015-07-05,2018-09-25,1179,56,60,-0.006257443437510995,-0.009273068648901135,0.05708199836852114
mid_P2__daily_first_difference__mid_P2_s01_usgs6_depth_3_69m__r29,mid_P2,daily_first_difference,mid_P2_s01_usgs6_depth_3_69m,2015-07-05,2018-09-25,1179,57,60,0.004651191076032882,-0.002642388280351554,0.05708199836852114
mid_P2__daily_first_difference__mid_P2_s01_usgs6_depth_3_69m__r29,mid_P2,daily_first_difference,mid_P2_s01_usgs6_depth_3_69m,2015-07-05,2018-09-25,1179,58,60,0.0059634116188793255,-0.0016713684791902134,0.05708199836852114
mid_P2__daily_first_difference__mid_P2_s01_usgs6_depth_3_69m__r29,mid_P2,daily_first_difference,mid_P2_s01_usgs6_depth_3_69m,2015-07-05,2018-09-25,1179,59,60,-0.0018180479419842178,-0.008903943300917825,0.05708199836852114
mid_P2__daily_first_difference__mid_P2_s01_usgs6_depth_3_69m__r29,mid_P2,daily_first_difference,mid_P2_s01_usgs6_depth_3_69m,2015-07-05,2018-09-25,1179,60,60,-0.0024859153038763056,-0.005232488940328754,0.05708199836852114
mid_P2__daily_level__mid_P2_s01_usgs6_depth_3_69m__r30,mid_P2,daily_level,mid_P2_s01_usgs6_depth_3_69m,2015-07-04,2018-09-25,1180,0,60,1.0,1.0,0.05705780595447904
mid_P2__daily_level__mid_P2_s01_usgs6_depth_3_69m__r30,mid_P2,daily_level,mid_P2_s01_usgs6_depth_3_69m,2015-07-04,2018-09-25,1180,1,60,0.9898340098120724,0.9898340098120724,0.05705780595447904
mid_P2__daily_level__mid_P2_s01_usgs6_depth_3_69m__r30,mid_P2,daily_level,mid_P2_s01_usgs6_depth_3_69m,2015-07-04,2018-09-25,1180,2,60,0.9841644501110489,0.21717152741858117,0.05705780595447904
mid_P2__daily_level__mid_P2_s01_usgs6_depth_3_69m__r30,mid_P2,daily_level,mid_P2_s01_usgs6_depth_3_69m,2015-07-04,2018-09-25,1180,3,60,0.9791003744291621,0.07973512365512557,0.05705780595447904
mid_P2__daily_level__mid_P2_s01_usgs6_depth_3_69m__r30,mid_P2,daily_level,mid_P2_s01_usgs6_depth_3_69m,2015-07-04,2018-09-25,1180,4,60,0.9746102194354805,0.054183227064015474,0.05705780595447904
mid_P2__daily_level__mid_P2_s01_usgs6_depth_3_69m__r30,mid_P2,daily_level,mid_P2_s01_usgs6_depth_3_69m,2015-07-04,2018-09-25,1180,5,60,0.9701634572496217,0.023555026334718444,0.05705780595447904
mid_P2__daily_level__mid_P2_s01_usgs6_depth_3_69m__r30,mid_P2,daily_level,mid_P2_s01_usgs6_depth_3_69m,2015-07-04,2018-09-25,1180,6,60,0.9646972104239905,-0.04412846285814286,0.05705780595447904
mid_P2__daily_level__mid_P2_s01_usgs6_depth_3_69m__r30,mid_P2,daily_level,mid_P2_s01_usgs6_depth_3_69m,2015-07-04,2018-09-25,1180,7,60,0.9587072618163743,-0.05049614716900049,0.05705780595447904
mid_P2__daily_level__mid_P2_s01_usgs6_depth_3_69m__r30,mid_P2,daily_level,mid_P2_s01_usgs6_depth_3_69m,2015-07-04,2018-09-25,1180,8,60,0.9520103160109263,-0.06451909432968779,0.05705780595447904
mid_P2__daily_level__mid_P2_s01_usgs6_depth_3_69m__r30,mid_P2,daily_level,mid_P2_s01_usgs6_depth_3_69m,2015-07-04,2018-09-25,1180,9,60,0.9450466758265333,-0.05077792484647432,0.05705780595447904
mid_P2__daily_level__mid_P2_s01_usgs6_depth_3_69m__r30,mid_P2,daily_level,mid_P2_s01_usgs6_depth_3_69m,2015-07-04,2018-09-25,1180,10,60,0.9380626385042046,-0.029878034867691774,0.05705780595447904
mid_P2__daily_level__mid_P2_s01_usgs6_depth_3_69m__r30,mid_P2,daily_level,mid_P2_s01_usgs6_depth_3_69m,2015-07-04,2018-09-25,1180,11,60,0.9312581692485152,-0.005590855012692004,0.05705780595447904
mid_P2__daily_level__mid_P2_s01_usgs6_depth_3_69m__r30,mid_P2,daily_level,mid_P2_s01_usgs6_depth_3_69m,2015-07-04,2018-09-25,1180,12,60,0.9248550523458715,0.020950061155783337,0.05705780595447904
mid_P2__daily_level__mid_P2_s01_usgs6_depth_3_69m__r30,mid_P2,daily_level,mid_P2_s01_usgs6_depth_3_69m,2015-07-04,2018-09-25,1180,13,60,0.9189929172280479,0.04492366577761018,0.05705780595447904
mid_P2__daily_level__mid_P2_s01_usgs6_depth_3_69m__r30,mid_P2,daily_level,mid_P2_s01_usgs6_depth_3_69m,2015-07-04,2018-09-25,1180,14,60,0.9135682002632669,0.0518062918919634,0.05705780595447904
mid_P2__daily_level__mid_P2_s01_usgs6_depth_3_69m__r30,mid_P2,daily_level,mid_P2_s01_usgs6_depth_3_69m,2015-07-04,2018-09-25,1180,15,60,0.9078321028487609,0.014297025420986138,0.05705780595447904
mid_P2__daily_level__mid_P2_s01_usgs6_depth_3_69m__r30,mid_P2,daily_level,mid_P2_s01_usgs6_depth_3_69m,2015-07-04,2018-09-25,1180,16,60,0.9013119799095857,-0.03389140884931714,0.05705780595447904
mid_P2__daily_level__mid_P2_s01_usgs6_depth_3_69m__r30,mid_P2,daily_level,mid_P2_s01_usgs6_depth_3_69m,2015-07-04,2018-09-25,1180,17,60,0.8944984490167504,-0.038567048912678356,0.05705780595447904
mid_P2__daily_level__mid_P2_s01_usgs6_depth_3_69m__r30,mid_P2,daily_level,mid_P2_s01_usgs6_depth_3_69m,2015-07-04,2018-09-25,1180,18,60,0.8877035847973531,-0.03079422699745659,0.05705780595447904
mid_P2__daily_level__mid_P2_s01_usgs6_depth_3_69m__r30,mid_P2,daily_level,mid_P2_s01_usgs6_depth_3_69m,2015-07-04,2018-09-25,1180,19,60,0.881036330509043,-0.022806106034145356,0.05705780595447904
mid_P2__daily_level__mid_P2_s01_usgs6_depth_3_69m__r30,mid_P2,daily_level,mid_P2_s01_usgs6_depth_3_69m,2015-07-04,2018-09-25,1180,20,60,0.8740032640147524,-0.03867590725354262,0.05705780595447904
mid_P2__daily_level__mid_P2_s01_usgs6_depth_3_69m__r30,mid_P2,daily_level,mid_P2_s01_usgs6_depth_3_69m,2015-07-04,2018-09-25,1180,21,60,0.8663924046765832,-0.04999712990767449,0.05705780595447904
mid_P2__daily_level__mid_P2_s01_usgs6_depth_3_69m__r30,mid_P2,daily_level,mid_P2_s01_usgs6_depth_3_69m,2015-07-04,2018-09-25,1180,22,60,0.8587582386771854,-0.021652208564850603,0.05705780595447904
mid_P2__daily_level__mid_P2_s01_usgs6_depth_3_69m__r30,mid_P2,daily_level,mid_P2_s01_usgs6_depth_3_69m,2015-07-04,2018-09-25,1180,23,60,0.8511905740348952,-0.0006782086468395048,0.05705780595447904
mid_P2__daily_level__mid_P2_s01_usgs6_depth_3_69m__r30,mid_P2,daily_level,mid_P2_s01_usgs6_depth_3_69m,2015-07-04,2018-09-25,1180,24,60,0.8430550688644537,-0.024370101725062373,0.05705780595447904
mid_P2__daily_level__mid_P2_s01_usgs6_depth_3_69m__r30,mid_P2,daily_level,mid_P2_s01_usgs6_depth_3_69m,2015-07-04,2018-09-25,1180,25,60,0.8339306880612267,-0.05868713499666046,0.05705780595447904
mid_P2__daily_level__mid_P2_s01_usgs6_depth_3_69m__r30,mid_P2,daily_level,mid_P2_s01_usgs6_depth_3_69m,2015-07-04,2018-09-25,1180,26,60,0.8241254314005452,-0.0629808026100025,0.05705780595447904
mid_P2__daily_level__mid_P2_s01_usgs6_depth_3_69m__r30,mid_P2,daily_level,mid_P2_s01_usgs6_depth_3_69m,2015-07-04,2018-09-25,1180,27,60,0.8142987352408505,-0.03707251210997526,0.05705780595447904
mid_P2__daily_level__mid_P2_s01_usgs6_depth_3_69m__r30,mid_P2,daily_level,mid_P2_s01_usgs6_depth_3_69m,2015-07-04,2018-09-25,1180,28,60,0.8046254264784417,-0.017862178918814815,0.05705780595447904
mid_P2__daily_level__mid_P2_s01_usgs6_depth_3_69m__r30,mid_P2,daily_level,mid_P2_s01_usgs6_depth_3_69m,2015-07-04,2018-09-25,1180,29,60,0.7948056141709112,-0.019784050282563772,0.05705780595447904
mid_P2__daily_level__mid_P2_s01_usgs6_depth_3_69m__r30,mid_P2,daily_level,mid_P2_s01_usgs6_depth_3_69m,2015-07-04,2018-09-25,1180,30,60,0.7848743264922462,-0.01062098682981159,0.05705780595447904
mid_P2__daily_level__mid_P2_s01_usgs6_depth_3_69m__r30,mid_P2,daily_level,mid_P2_s01_usgs6_depth_3_69m,2015-07-04,2018-09-25,1180,31,60,0.7748695518520374,0.00020686065932719905,0.05705780595447904
mid_P2__daily_level__mid_P2_s01_usgs6_depth_3_69m__r30,mid_P2,daily_level,mid_P2_s01_usgs6_depth_3_69m,2015-07-04,2018-09-25,1180,32,60,0.7646491172374633,-0.005460386640082897,0.05705780595447904
mid_P2__daily_level__mid_P2_s01_usgs6_depth_3_69m__r30,mid_P2,daily_level,mid_P2_s01_usgs6_depth_3_69m,2015-07-04,2018-09-25,1180,33,60,0.754221630832754,-0.013686538399802788,0.05705780595447904
mid_P2__daily_level__mid_P2_s01_usgs6_depth_3_69m__r30,mid_P2,daily_level,mid_P2_s01_usgs6_depth_3_69m,2015-07-04,2018-09-25,1180,34,60,0.743907836451906,-0.003731961216170457,0.05705780595447904
mid_P2__daily_level__mid_P2_s01_usgs6_depth_3_69m__r30,mid_P2,daily_level,mid_P2_s01_usgs6_depth_3_69m,2015-07-04,2018-09-25,1180,35,60,0.7333109403494612,-0.021493587990753144,0.05705780595447904
mid_P2__daily_level__mid_P2_s01_usgs6_depth_3_69m__r30,mid_P2,daily_level,mid_P2_s01_usgs6_depth_3_69m,2015-07-04,2018-09-25,1180,36,60,0.7226614075305812,-0.021228676733017846,0.05705780595447904
mid_P2__daily_level__mid_P2_s01_usgs6_depth_3_69m__r30,mid_P2,daily_level,mid_P2_s01_usgs6_depth_3_69m,2015-07-04,2018-09-25,1180,37,60,0.7118361395133517,-0.030175227231872444,0.05705780595447904
mid_P2__daily_level__mid_P2_s01_usgs6_depth_3_69m__r30,mid_P2,daily_level,mid_P2_s01_usgs6_depth_3_69m,2015-07-04,2018-09-25,1180,38,60,0.7005293038820246,-0.05021064694727729,0.05705780595447904
mid_P2__daily_level__mid_P2_s01_usgs6_depth_3_69m__r30,mid_P2,daily_level,mid_P2_s01_usgs6_depth_3_69m,2015-07-04,2018-09-25,1180,39,60,0.6896258962636282,-0.005962953940375094,0.05705780595447904
mid_P2__daily_level__mid_P2_s01_usgs6_depth_3_69m__r30,mid_P2,daily_level,mid_P2_s01_usgs6_depth_3_69m,2015-07-04,2018-09-25,1180,40,60,0.6786638930455499,0.0007377406535155036,0.05705780595447904
mid_P2__daily_level__mid_P2_s01_usgs6_depth_3_69m__r30,mid_P2,daily_level,mid_P2_s01_usgs6_depth_3_69m,2015-07-04,2018-09-25,1180,41,60,0.6677080043315011,0.006672850521626345,0.05705780595447904
mid_P2__daily_level__mid_P2_s01_usgs6_depth_3_69m__r30,mid_P2,daily_level,mid_P2_s01_usgs6_depth_3_69m,2015-07-04,2018-09-25,1180,42,60,0.6567229521492927,0.006480716672306701,0.05705780595447904
mid_P2__daily_level__mid_P2_s01_usgs6_depth_3_69m__r30,mid_P2,daily_level,mid_P2_s01_usgs6_depth_3_69m,2015-07-04,2018-09-25,1180,43,60,0.6452064724948026,-0.021362932998652797,0.05705780595447904
mid_P2__daily_level__mid_P2_s01_usgs6_depth_3_69m__r30,mid_P2,daily_level,mid_P2_s01_usgs6_depth_3_69m,2015-07-04,2018-09-25,1180,44,60,0.6332106039493922,-0.03571568348636754,0.05705780595447904
mid_P2__daily_level__mid_P2_s01_usgs6_depth_3_69m__r30,mid_P2,daily_level,mid_P2_s01_usgs6_depth_3_69m,2015-07-04,2018-09-25,1180,45,60,0.6209943331181935,-0.03128784399705343,0.05705780595447904
mid_P2__daily_level__mid_P2_s01_usgs6_depth_3_69m__r30,mid_P2,daily_level,mid_P2_s01_usgs6_depth_3_69m,2015-07-04,2018-09-25,1180,46,60,0.6088639789013822,-0.018795493997873673,0.05705780595447904
mid_P2__daily_level__mid_P2_s01_usgs6_depth_3_69m__r30,mid_P2,daily_level,mid_P2_s01_usgs6_depth_3_69m,2015-07-04,2018-09-25,1180,47,60,0.5968880157935438,-0.008431976434935966,0.05705780595447904
mid_P2__daily_level__mid_P2_s01_usgs6_depth_3_69m__r30,mid_P2,daily_level,mid_P2_s01_usgs6_depth_3_69m,2015-07-04,2018-09-25,1180,48,60,0.5849867549039607,3.5802292903169214e-06,0.05705780595447904
mid_P2__daily_level__mid_P2_s01_usgs6_depth_3_69m__r30,mid_P2,daily_level,mid_P2_s01_usgs6_depth_3_69m,2015-07-04,2018-09-25,1180,49,60,0.5729878185894737,0.0018729980340558793,0.05705780595447904
mid_P2__daily_level__mid_P2_s01_usgs6_depth_3_69m__r30,mid_P2,daily_level,mid_P2_s01_usgs6_depth_3_69m,2015-07-04,2018-09-25,1180,50,60,0.56087279358651,0.0033271099317880672,0.05705780595447904
mid_P2__daily_level__mid_P2_s01_usgs6_depth_3_69m__r30,mid_P2,daily_level,mid_P2_s01_usgs6_depth_3_69m,2015-07-04,2018-09-25,1180,51,60,0.5488503724201927,0.012115081944766258,0.05705780595447904
mid_P2__daily_level__mid_P2_s01_usgs6_depth_3_69m__r30,mid_P2,daily_level,mid_P2_s01_usgs6_depth_3_69m,2015-07-04,2018-09-25,1180,52,60,0.5367145828002198,0.0026134091702979616,0.05705780595447904
mid_P2__daily_level__mid_P2_s01_usgs6_depth_3_69m__r30,mid_P2,daily_level,mid_P2_s01_usgs6_depth_3_69m,2015-07-04,2018-09-25,1180,53,60,0.5243119616799914,-0.016444044976156768,0.05705780595447904
mid_P2__daily_level__mid_P2_s01_usgs6_depth_3_69m__r30,mid_P2,daily_level,mid_P2_s01_usgs6_depth_3_69m,2015-07-04,2018-09-25,1180,54,60,0.5117969266097784,-0.023913134270495934,0.05705780595447904
mid_P2__daily_level__mid_P2_s01_usgs6_depth_3_69m__r30,mid_P2,daily_level,mid_P2_s01_usgs6_depth_3_69m,2015-07-04,2018-09-25,1180,55,60,0.49941151339050555,-0.016590780897822517,0.05705780595447904
mid_P2__daily_level__mid_P2_s01_usgs6_depth_3_69m__r30,mid_P2,daily_level,mid_P2_s01_usgs6_depth_3_69m,2015-07-04,2018-09-25,1180,56,60,0.48716876709632934,-0.010643125511973479,0.05705780595447904
mid_P2__daily_level__mid_P2_s01_usgs6_depth_3_69m__r30,mid_P2,daily_level,mid_P2_s01_usgs6_depth_3_69m,2015-07-04,2018-09-25,1180,57,60,0.47501810288242374,-0.002917786028468678,0.05705780595447904
mid_P2__daily_level__mid_P2_s01_usgs6_depth_3_69m__r30,mid_P2,daily_level,mid_P2_s01_usgs6_depth_3_69m,2015-07-04,2018-09-25,1180,58,60,0.46279724597896826,-0.001285983074360809,0.05705780595447904
mid_P2__daily_level__mid_P2_s01_usgs6_depth_3_69m__r30,mid_P2,daily_level,mid_P2_s01_usgs6_depth_3_69m,2015-07-04,2018-09-25,1180,59,60,0.45048647855120655,-0.00027958210067958794,0.05705780595447904
mid_P2__daily_level__mid_P2_s01_usgs6_depth_3_69m__r30,mid_P2,daily_level,mid_P2_s01_usgs6_depth_3_69m,2015-07-04,2018-09-25,1180,60,60,0.4382026861831092,0.005779117358770942,0.05705780595447904
mid_R__daily_cumulative_difference__mid_R_s01_pre_fire__r11,mid_R,daily_cumulative_difference,mid_R_s01_pre_fire,2000-12-16,2001-09-30,289,0,60,1.0,1.0,0.11529411764705882
mid_R__daily_cumulative_difference__mid_R_s01_pre_fire__r11,mid_R,daily_cumulative_difference,mid_R_s01_pre_fire,2000-12-16,2001-09-30,289,1,60,0.5060401999152014,0.5060401999152014,0.11529411764705882
mid_R__daily_cumulative_difference__mid_R_s01_pre_fire__r11,mid_R,daily_cumulative_difference,mid_R_s01_pre_fire,2000-12-16,2001-09-30,289,2,60,0.240356701366459,-0.02113118680942558,0.11529411764705882
mid_R__daily_cumulative_difference__mid_R_s01_pre_fire__r11,mid_R,daily_cumulative_difference,mid_R_s01_pre_fire,2000-12-16,2001-09-30,289,3,60,0.15406627099057174,0.0545449729347689,0.11529411764705882
mid_R__daily_cumulative_difference__mid_R_s01_pre_fire__r11,mid_R,daily_cumulative_difference,mid_R_s01_pre_fire,2000-12-16,2001-09-30,289,4,60,0.058343827445509644,-0.0501678258096891,0.11529411764705882
mid_R__daily_cumulative_difference__mid_R_s01_pre_fire__r11,mid_R,daily_cumulative_difference,mid_R_s01_pre_fire,2000-12-16,2001-09-30,289,5,60,0.01662784210176439,0.00035676518658311614,0.11529411764705882
mid_R__daily_cumulative_difference__mid_R_s01_pre_fire__r11,mid_R,daily_cumulative_difference,mid_R_s01_pre_fire,2000-12-16,2001-09-30,289,6,60,0.0037095345676334958,-0.003260519141937968,0.11529411764705882
mid_R__daily_cumulative_difference__mid_R_s01_pre_fire__r11,mid_R,daily_cumulative_difference,mid_R_s01_pre_fire,2000-12-16,2001-09-30,289,7,60,0.10352095922448687,0.1442578370422937,0.11529411764705882
mid_R__daily_cumulative_difference__mid_R_s01_pre_fire__r11,mid_R,daily_cumulative_difference,mid_R_s01_pre_fire,2000-12-16,2001-09-30,289,8,60,0.10872997163969339,0.0020781466723076053,0.11529411764705882
mid_R__daily_cumulative_difference__mid_R_s01_pre_fire__r11,mid_R,daily_cumulative_difference,mid_R_s01_pre_fire,2000-12-16,2001-09-30,289,9,60,0.09613032024899437,0.02989632350440629,0.11529411764705882
mid_R__daily_cumulative_difference__mid_R_s01_pre_fire__r11,mid_R,daily_cumulative_difference,mid_R_s01_pre_fire,2000-12-16,2001-09-30,289,10,60,0.12552996414171066,0.059190292495648666,0.11529411764705882
mid_R__daily_cumulative_difference__mid_R_s01_pre_fire__r11,mid_R,daily_cumulative_difference,mid_R_s01_pre_fire,2000-12-16,2001-09-30,289,11,60,0.1743427794916501,0.10617445307157561,0.11529411764705882
mid_R__daily_cumulative_difference__mid_R_s01_pre_fire__r11,mid_R,daily_cumulative_difference,mid_R_s01_pre_fire,2000-12-16,2001-09-30,289,12,60,0.28983530017626885,0.20884091214888142,0.11529411764705882
mid_R__daily_cumulative_difference__mid_R_s01_pre_fire__r11,mid_R,daily_cumulative_difference,mid_R_s01_pre_fire,2000-12-16,2001-09-30,289,13,60,0.3026198718372123,0.09773139236876048,0.11529411764705882
mid_R__daily_cumulative_difference__mid_R_s01_pre_fire__r11,mid_R,daily_cumulative_difference,mid_R_s01_pre_fire,2000-12-16,2001-09-30,289,14,60,0.11190191290763159,-0.16998050574492496,0.11529411764705882
mid_R__daily_cumulative_difference__mid_R_s01_pre_fire__r11,mid_R,daily_cumulative_difference,mid_R_s01_pre_fire,2000-12-16,2001-09-30,289,15,60,0.03435881253083616,-0.01932265282851559,0.11529411764705882
mid_R__daily_cumulative_difference__mid_R_s01_pre_fire__r11,mid_R,daily_cumulative_difference,mid_R_s01_pre_fire,2000-12-16,2001-09-30,289,16,60,0.003933619149032286,-0.010604836193542222,0.11529411764705882
mid_R__daily_cumulative_difference__mid_R_s01_pre_fire__r11,mid_R,daily_cumulative_difference,mid_R_s01_pre_fire,2000-12-16,2001-09-30,289,17,60,0.04905785540277869,0.11606388541304982,0.11529411764705882
mid_R__daily_cumulative_difference__mid_R_s01_pre_fire__r11,mid_R,daily_cumulative_difference,mid_R_s01_pre_fire,2000-12-16,2001-09-30,289,18,60,0.015613974800241485,-0.05143500988237549,0.11529411764705882
mid_R__daily_cumulative_difference__mid_R_s01_pre_fire__r11,mid_R,daily_cumulative_difference,mid_R_s01_pre_fire,2000-12-16,2001-09-30,289,19,60,-0.03220894800422641,-0.11040102508536388,0.11529411764705882
mid_R__daily_cumulative_difference__mid_R_s01_pre_fire__r11,mid_R,daily_cumulative_difference,mid_R_s01_pre_fire,2000-12-16,2001-09-30,289,20,60,0.09921685409919824,0.1032429547008982,0.11529411764705882
mid_R__daily_cumulative_difference__mid_R_s01_pre_fire__r11,mid_R,daily_cumulative_difference,mid_R_s01_pre_fire,2000-12-16,2001-09-30,289,21,60,-0.001980308897871317,-0.14564863298903447,0.11529411764705882
mid_R__daily_cumulative_difference__mid_R_s01_pre_fire__r11,mid_R,daily_cumulative_difference,mid_R_s01_pre_fire,2000-12-16,2001-09-30,289,22,60,-0.08341275090565256,-0.0733500997395314,0.11529411764705882
mid_R__daily_cumulative_difference__mid_R_s01_pre_fire__r11,mid_R,daily_cumulative_difference,mid_R_s01_pre_fire,2000-12-16,2001-09-30,289,23,60,-0.04132572760303073,0.0004162277472373047,0.11529411764705882
mid_R__daily_cumulative_difference__mid_R_s01_pre_fire__r11,mid_R,daily_cumulative_difference,mid_R_s01_pre_fire,2000-12-16,2001-09-30,289,24,60,-0.00767401388028574,-0.05681802644486279,0.11529411764705882
mid_R__daily_cumulative_difference__mid_R_s01_pre_fire__r11,mid_R,daily_cumulative_difference,mid_R_s01_pre_fire,2000-12-16,2001-09-30,289,25,60,0.057347242445256415,0.03176602550810417,0.11529411764705882
mid_R__daily_cumulative_difference__mid_R_s01_pre_fire__r11,mid_R,daily_cumulative_difference,mid_R_s01_pre_fire,2000-12-16,2001-09-30,289,26,60,0.03335868495762209,0.0018830049216829391,0.11529411764705882
mid_R__daily_cumulative_difference__mid_R_s01_pre_fire__r11,mid_R,daily_cumulative_difference,mid_R_s01_pre_fire,2000-12-16,2001-09-30,289,27,60,0.05185610101575943,0.05785939705098471,0.11529411764705882
mid_R__daily_cumulative_difference__mid_R_s01_pre_fire__r11,mid_R,daily_cumulative_difference,mid_R_s01_pre_fire,2000-12-16,2001-09-30,289,28,60,0.0646987956134119,0.04426970667132377,0.11529411764705882
mid_R__daily_cumulative_difference__mid_R_s01_pre_fire__r11,mid_R,daily_cumulative_difference,mid_R_s01_pre_fire,2000-12-16,2001-09-30,289,29,60,0.04187762739706667,-0.004412923852874222,0.11529411764705882
mid_R__daily_cumulative_difference__mid_R_s01_pre_fire__r11,mid_R,daily_cumulative_difference,mid_R_s01_pre_fire,2000-12-16,2001-09-30,289,30,60,0.017299095947611996,-0.038838249178454805,0.11529411764705882
mid_R__daily_cumulative_difference__mid_R_s01_pre_fire__r11,mid_R,daily_cumulative_difference,mid_R_s01_pre_fire,2000-12-16,2001-09-30,289,31,60,-0.008503012398488552,0.04565131340734224,0.11529411764705882
mid_R__daily_cumulative_difference__mid_R_s01_pre_fire__r11,mid_R,daily_cumulative_difference,mid_R_s01_pre_fire,2000-12-16,2001-09-30,289,32,60,0.03173991356964227,0.06111889794188825,0.11529411764705882
mid_R__daily_cumulative_difference__mid_R_s01_pre_fire__r11,mid_R,daily_cumulative_difference,mid_R_s01_pre_fire,2000-12-16,2001-09-30,289,33,60,0.1562860795168415,0.1994852572369532,0.11529411764705882
mid_R__daily_cumulative_difference__mid_R_s01_pre_fire__r11,mid_R,daily_cumulative_difference,mid_R_s01_pre_fire,2000-12-16,2001-09-30,289,34,60,0.0888398500188143,0.006315838652253252,0.11529411764705882
mid_R__daily_cumulative_difference__mid_R_s01_pre_fire__r11,mid_R,daily_cumulative_difference,mid_R_s01_pre_fire,2000-12-16,2001-09-30,289,35,60,-0.0032504336998844113,-0.08269006429829684,0.11529411764705882
mid_R__daily_cumulative_difference__mid_R_s01_pre_fire__r11,mid_R,daily_cumulative_difference,mid_R_s01_pre_fire,2000-12-16,2001-09-30,289,36,60,-0.042178131865104856,-0.0543084424715276,0.11529411764705882
mid_R__daily_cumulative_difference__mid_R_s01_pre_fire__r11,mid_R,daily_cumulative_difference,mid_R_s01_pre_fire,2000-12-16,2001-09-30,289,37,60,0.027351008271524948,0.08031397457906232,0.11529411764705882
mid_R__daily_cumulative_difference__mid_R_s01_pre_fire__r11,mid_R,daily_cumulative_difference,mid_R_s01_pre_fire,2000-12-16,2001-09-30,289,38,60,0.021245449155838748,-0.01594569743108644,0.11529411764705882
mid_R__daily_cumulative_difference__mid_R_s01_pre_fire__r11,mid_R,daily_cumulative_difference,mid_R_s01_pre_fire,2000-12-16,2001-09-30,289,39,60,-0.018928619608259464,0.0027287949747023953,0.11529411764705882
mid_R__daily_cumulative_difference__mid_R_s01_pre_fire__r11,mid_R,daily_cumulative_difference,mid_R_s01_pre_fire,2000-12-16,2001-09-30,289,40,60,0.18984167254070802,0.1800677672917713,0.11529411764705882
mid_R__daily_cumulative_difference__mid_R_s01_pre_fire__r11,mid_R,daily_cumulative_difference,mid_R_s01_pre_fire,2000-12-16,2001-09-30,289,41,60,0.16970101614007796,-0.0539892702088994,0.11529411764705882
mid_R__daily_cumulative_difference__mid_R_s01_pre_fire__r11,mid_R,daily_cumulative_difference,mid_R_s01_pre_fire,2000-12-16,2001-09-30,289,42,60,0.09656530020439766,0.012758969037961636,0.11529411764705882
mid_R__daily_cumulative_difference__mid_R_s01_pre_fire__r11,mid_R,daily_cumulative_difference,mid_R_s01_pre_fire,2000-12-16,2001-09-30,289,43,60,0.08058993975316185,0.010362131227454933,0.11529411764705882
mid_R__daily_cumulative_difference__mid_R_s01_pre_fire__r11,mid_R,daily_cumulative_difference,mid_R_s01_pre_fire,2000-12-16,2001-09-30,289,44,60,0.13334952283709192,0.10314167166772667,0.11529411764705882
mid_R__daily_cumulative_difference__mid_R_s01_pre_fire__r11,mid_R,daily_cumulative_difference,mid_R_s01_pre_fire,2000-12-16,2001-09-30,289,45,60,0.22978320956479836,0.09873082977549774,0.11529411764705882
mid_R__daily_cumulative_difference__mid_R_s01_pre_fire__r11,mid_R,daily_cumulative_difference,mid_R_s01_pre_fire,2000-12-16,2001-09-30,289,46,60,0.23637453070296455,0.04979944139009794,0.11529411764705882
mid_R__daily_cumulative_difference__mid_R_s01_pre_fire__r11,mid_R,daily_cumulative_difference,mid_R_s01_pre_fire,2000-12-16,2001-09-30,289,47,60,0.1303378867621233,-0.07649767812325088,0.11529411764705882
mid_R__daily_cumulative_difference__mid_R_s01_pre_fire__r11,mid_R,daily_cumulative_difference,mid_R_s01_pre_fire,2000-12-16,2001-09-30,289,48,60,0.02902977074933613,-0.033407927593326524,0.11529411764705882
mid_R__daily_cumulative_difference__mid_R_s01_pre_fire__r11,mid_R,daily_cumulative_difference,mid_R_s01_pre_fire,2000-12-16,2001-09-30,289,49,60,-0.011512027441437136,0.0038788424770839717,0.11529411764705882
mid_R__daily_cumulative_difference__mid_R_s01_pre_fire__r11,mid_R,daily_cumulative_difference,mid_R_s01_pre_fire,2000-12-16,2001-09-30,289,50,60,0.015786410536396334,0.03521730032614344,0.11529411764705882
mid_R__daily_cumulative_difference__mid_R_s01_pre_fire__r11,mid_R,daily_cumulative_difference,mid_R_s01_pre_fire,2000-12-16,2001-09-30,289,51,60,-0.018976696114267066,-0.07560656700143155,0.11529411764705882
mid_R__daily_cumulative_difference__mid_R_s01_pre_fire__r11,mid_R,daily_cumulative_difference,mid_R_s01_pre_fire,2000-12-16,2001-09-30,289,52,60,0.0032851412904848906,-0.06756826028091824,0.11529411764705882
mid_R__daily_cumulative_difference__mid_R_s01_pre_fire__r11,mid_R,daily_cumulative_difference,mid_R_s01_pre_fire,2000-12-16,2001-09-30,289,53,60,0.1457752894221061,0.03300093397714895,0.11529411764705882
mid_R__daily_cumulative_difference__mid_R_s01_pre_fire__r11,mid_R,daily_cumulative_difference,mid_R_s01_pre_fire,2000-12-16,2001-09-30,289,54,60,0.13967898379688742,0.0388853835879335,0.11529411764705882
mid_R__daily_cumulative_difference__mid_R_s01_pre_fire__r11,mid_R,daily_cumulative_difference,mid_R_s01_pre_fire,2000-12-16,2001-09-30,289,55,60,0.0667964958740804,-0.014079492227202945,0.11529411764705882
mid_R__daily_cumulative_difference__mid_R_s01_pre_fire__r11,mid_R,daily_cumulative_difference,mid_R_s01_pre_fire,2000-12-16,2001-09-30,289,56,60,0.06821328149791085,0.040361868202940535,0.11529411764705882
mid_R__daily_cumulative_difference__mid_R_s01_pre_fire__r11,mid_R,daily_cumulative_difference,mid_R_s01_pre_fire,2000-12-16,2001-09-30,289,57,60,0.17941216493297088,0.02561327940104384,0.11529411764705882
mid_R__daily_cumulative_difference__mid_R_s01_pre_fire__r11,mid_R,daily_cumulative_difference,mid_R_s01_pre_fire,2000-12-16,2001-09-30,289,58,60,0.20345004541415912,-0.014658276251777866,0.11529411764705882
mid_R__daily_cumulative_difference__mid_R_s01_pre_fire__r11,mid_R,daily_cumulative_difference,mid_R_s01_pre_fire,2000-12-16,2001-09-30,289,59,60,0.08668935340269084,0.0075713848052158085,0.11529411764705882
mid_R__daily_cumulative_difference__mid_R_s01_pre_fire__r11,mid_R,daily_cumulative_difference,mid_R_s01_pre_fire,2000-12-16,2001-09-30,289,60,60,0.03377664548004645,-0.05024917678957404,0.11529411764705882
mid_R__daily_cumulative_difference__mid_R_s02_post_fire__r12,mid_R,daily_cumulative_difference,mid_R_s02_post_fire,2007-10-02,2008-09-30,365,0,60,1.0,1.0,0.10259108882768189
mid_R__daily_cumulative_difference__mid_R_s02_post_fire__r12,mid_R,daily_cumulative_difference,mid_R_s02_post_fire,2007-10-02,2008-09-30,365,1,60,0.21064245802282375,0.21064245802282375,0.10259108882768189
mid_R__daily_cumulative_difference__mid_R_s02_post_fire__r12,mid_R,daily_cumulative_difference,mid_R_s02_post_fire,2007-10-02,2008-09-30,365,2,60,0.18743850262276907,0.14971096993429353,0.10259108882768189
mid_R__daily_cumulative_difference__mid_R_s02_post_fire__r12,mid_R,daily_cumulative_difference,mid_R_s02_post_fire,2007-10-02,2008-09-30,365,3,60,0.12967504522079049,0.06911503416217404,0.10259108882768189
mid_R__daily_cumulative_difference__mid_R_s02_post_fire__r12,mid_R,daily_cumulative_difference,mid_R_s02_post_fire,2007-10-02,2008-09-30,365,4,60,0.07913378889385078,0.01823074772185111,0.10259108882768189
mid_R__daily_cumulative_difference__mid_R_s02_post_fire__r12,mid_R,daily_cumulative_difference,mid_R_s02_post_fire,2007-10-02,2008-09-30,365,5,60,0.026689874693690982,-0.021805825263225595,0.10259108882768189
mid_R__daily_cumulative_difference__mid_R_s02_post_fire__r12,mid_R,daily_cumulative_difference,mid_R_s02_post_fire,2007-10-02,2008-09-30,365,6,60,0.05714429551682707,0.03598115968922955,0.10259108882768189
mid_R__daily_cumulative_difference__mid_R_s02_post_fire__r12,mid_R,daily_cumulative_difference,mid_R_s02_post_fire,2007-10-02,2008-09-30,365,7,60,0.024158529698112864,0.0011638012000308796,0.10259108882768189
mid_R__daily_cumulative_difference__mid_R_s02_post_fire__r12,mid_R,daily_cumulative_difference,mid_R_s02_post_fire,2007-10-02,2008-09-30,365,8,60,-0.027482533599329013,-0.04929263642535733,0.10259108882768189
mid_R__daily_cumulative_difference__mid_R_s02_post_fire__r12,mid_R,daily_cumulative_difference,mid_R_s02_post_fire,2007-10-02,2008-09-30,365,9,60,-0.01659265510766432,-0.015568267881199947,0.10259108882768189
mid_R__daily_cumulative_difference__mid_R_s02_post_fire__r12,mid_R,daily_cumulative_difference,mid_R_s02_post_fire,2007-10-02,2008-09-30,365,10,60,-0.03610341710711781,-0.026356351437900015,0.10259108882768189
mid_R__daily_cumulative_difference__mid_R_s02_post_fire__r12,mid_R,daily_cumulative_difference,mid_R_s02_post_fire,2007-10-02,2008-09-30,365,11,60,-0.0025491896991028146,0.021147742492380352,0.10259108882768189
mid_R__daily_cumulative_difference__mid_R_s02_post_fire__r12,mid_R,daily_cumulative_difference,mid_R_s02_post_fire,2007-10-02,2008-09-30,365,12,60,-0.015200052548303986,-0.004335770309490989,0.10259108882768189
mid_R__daily_cumulative_difference__mid_R_s02_post_fire__r12,mid_R,daily_cumulative_difference,mid_R_s02_post_fire,2007-10-02,2008-09-30,365,13,60,-0.020870399672777932,-0.016115368662146627,0.10259108882768189
mid_R__daily_cumulative_difference__mid_R_s02_post_fire__r12,mid_R,daily_cumulative_difference,mid_R_s02_post_fire,2007-10-02,2008-09-30,365,14,60,-0.015365281226781043,-0.003004290256152624,0.10259108882768189
mid_R__daily_cumulative_difference__mid_R_s02_post_fire__r12,mid_R,daily_cumulative_difference,mid_R_s02_post_fire,2007-10-02,2008-09-30,365,15,60,0.09499461363683057,0.11475733557923143,0.10259108882768189
mid_R__daily_cumulative_difference__mid_R_s02_post_fire__r12,mid_R,daily_cumulative_difference,mid_R_s02_post_fire,2007-10-02,2008-09-30,365,16,60,-0.008307157177661813,-0.0371252490484799,0.10259108882768189
mid_R__daily_cumulative_difference__mid_R_s02_post_fire__r12,mid_R,daily_cumulative_difference,mid_R_s02_post_fire,2007-10-02,2008-09-30,365,17,60,0.14626399957929406,0.13648456842536702,0.10259108882768189
mid_R__daily_cumulative_difference__mid_R_s02_post_fire__r12,mid_R,daily_cumulative_difference,mid_R_s02_post_fire,2007-10-02,2008-09-30,365,18,60,0.07232875911909505,0.012395567589788022,0.10259108882768189
mid_R__daily_cumulative_difference__mid_R_s02_post_fire__r12,mid_R,daily_cumulative_difference,mid_R_s02_post_fire,2007-10-02,2008-09-30,365,19,60,0.10091263301251094,0.04960095315182077,0.10259108882768189
mid_R__daily_cumulative_difference__mid_R_s02_post_fire__r12,mid_R,daily_cumulative_difference,mid_R_s02_post_fire,2007-10-02,2008-09-30,365,20,60,0.10852762097749094,0.05708912115017969,0.10259108882768189
mid_R__daily_cumulative_difference__mid_R_s02_post_fire__r12,mid_R,daily_cumulative_difference,mid_R_s02_post_fire,2007-10-02,2008-09-30,365,21,60,0.10853458356823616,0.037312984536354905,0.10259108882768189
mid_R__daily_cumulative_difference__mid_R_s02_post_fire__r12,mid_R,daily_cumulative_difference,mid_R_s02_post_fire,2007-10-02,2008-09-30,365,22,60,0.06035088775560246,-0.0027649431190929484,0.10259108882768189
mid_R__daily_cumulative_difference__mid_R_s02_post_fire__r12,mid_R,daily_cumulative_difference,mid_R_s02_post_fire,2007-10-02,2008-09-30,365,23,60,0.2740644230736473,0.2511387983954093,0.10259108882768189
mid_R__daily_cumulative_difference__mid_R_s02_post_fire__r12,mid_R,daily_cumulative_difference,mid_R_s02_post_fire,2007-10-02,2008-09-30,365,24,60,0.0638638533251619,-0.06380931956458377,0.10259108882768189
mid_R__daily_cumulative_difference__mid_R_s02_post_fire__r12,mid_R,daily_cumulative_difference,mid_R_s02_post_fire,2007-10-02,2008-09-30,365,25,60,0.05428412978222389,-0.009473910835308633,0.10259108882768189
mid_R__daily_cumulative_difference__mid_R_s02_post_fire__r12,mid_R,daily_cumulative_difference,mid_R_s02_post_fire,2007-10-02,2008-09-30,365,26,60,0.11301807075679243,0.07150200922387238,0.10259108882768189
mid_R__daily_cumulative_difference__mid_R_s02_post_fire__r12,mid_R,daily_cumulative_difference,mid_R_s02_post_fire,2007-10-02,2008-09-30,365,27,60,0.1135741324566317,0.08527877638868717,0.10259108882768189
mid_R__daily_cumulative_difference__mid_R_s02_post_fire__r12,mid_R,daily_cumulative_difference,mid_R_s02_post_fire,2007-10-02,2008-09-30,365,28,60,0.18657059380471583,0.17220041388181717,0.10259108882768189
mid_R__daily_cumulative_difference__mid_R_s02_post_fire__r12,mid_R,daily_cumulative_difference,mid_R_s02_post_fire,2007-10-02,2008-09-30,365,29,60,0.16906609085450694,0.09842065417843172,0.10259108882768189
mid_R__daily_cumulative_difference__mid_R_s02_post_fire__r12,mid_R,daily_cumulative_difference,mid_R_s02_post_fire,2007-10-02,2008-09-30,365,30,60,0.13698077190640756,0.03519224004564458,0.10259108882768189
mid_R__daily_cumulative_difference__mid_R_s02_post_fire__r12,mid_R,daily_cumulative_difference,mid_R_s02_post_fire,2007-10-02,2008-09-30,365,31,60,0.04991203884052915,0.023416049051564997,0.10259108882768189
mid_R__daily_cumulative_difference__mid_R_s02_post_fire__r12,mid_R,daily_cumulative_difference,mid_R_s02_post_fire,2007-10-02,2008-09-30,365,32,60,0.01580238516711591,-0.0590481180335176,0.10259108882768189
mid_R__daily_cumulative_difference__mid_R_s02_post_fire__r12,mid_R,daily_cumulative_difference,mid_R_s02_post_fire,2007-10-02,2008-09-30,365,33,60,-0.030941527300928195,-0.023460267226926023,0.10259108882768189
mid_R__daily_cumulative_difference__mid_R_s02_post_fire__r12,mid_R,daily_cumulative_difference,mid_R_s02_post_fire,2007-10-02,2008-09-30,365,34,60,-0.015032365550489894,-0.027985398612777254,0.10259108882768189
mid_R__daily_cumulative_difference__mid_R_s02_post_fire__r12,mid_R,daily_cumulative_difference,mid_R_s02_post_fire,2007-10-02,2008-09-30,365,35,60,-0.044840741622670835,-0.04343682010725338,0.10259108882768189
mid_R__daily_cumulative_difference__mid_R_s02_post_fire__r12,mid_R,daily_cumulative_difference,mid_R_s02_post_fire,2007-10-02,2008-09-30,365,36,60,-0.030688568233241113,0.0026754914594969686,0.10259108882768189
mid_R__daily_cumulative_difference__mid_R_s02_post_fire__r12,mid_R,daily_cumulative_difference,mid_R_s02_post_fire,2007-10-02,2008-09-30,365,37,60,-0.0177855913403629,0.016909068583787525,0.10259108882768189
mid_R__daily_cumulative_difference__mid_R_s02_post_fire__r12,mid_R,daily_cumulative_difference,mid_R_s02_post_fire,2007-10-02,2008-09-30,365,38,60,0.03919916044595426,0.0007633922612311869,0.10259108882768189
mid_R__daily_cumulative_difference__mid_R_s02_post_fire__r12,mid_R,daily_cumulative_difference,mid_R_s02_post_fire,2007-10-02,2008-09-30,365,39,60,0.028137337972406227,0.07451466677506247,0.10259108882768189
mid_R__daily_cumulative_difference__mid_R_s02_post_fire__r12,mid_R,daily_cumulative_difference,mid_R_s02_post_fire,2007-10-02,2008-09-30,365,40,60,0.032598666998620095,-0.054730845966951214,0.10259108882768189
mid_R__daily_cumulative_difference__mid_R_s02_post_fire__r12,mid_R,daily_cumulative_difference,mid_R_s02_post_fire,2007-10-02,2008-09-30,365,41,60,0.013499310455265515,-0.022322111913458176,0.10259108882768189
mid_R__daily_cumulative_difference__mid_R_s02_post_fire__r12,mid_R,daily_cumulative_difference,mid_R_s02_post_fire,2007-10-02,2008-09-30,365,42,60,-0.009128540251785309,-0.05003868717961361,0.10259108882768189
mid_R__daily_cumulative_difference__mid_R_s02_post_fire__r12,mid_R,daily_cumulative_difference,mid_R_s02_post_fire,2007-10-02,2008-09-30,365,43,60,0.011774484003125371,-0.06741337452119818,0.10259108882768189
mid_R__daily_cumulative_difference__mid_R_s02_post_fire__r12,mid_R,daily_cumulative_difference,mid_R_s02_post_fire,2007-10-02,2008-09-30,365,44,60,0.003275641724092033,-0.05329930819043061,0.10259108882768189
mid_R__daily_cumulative_difference__mid_R_s02_post_fire__r12,mid_R,daily_cumulative_difference,mid_R_s02_post_fire,2007-10-02,2008-09-30,365,45,60,0.05033235101864502,-0.00045805099338092656,0.10259108882768189
mid_R__daily_cumulative_difference__mid_R_s02_post_fire__r12,mid_R,daily_cumulative_difference,mid_R_s02_post_fire,2007-10-02,2008-09-30,365,46,60,0.07458372346679963,-0.06735799086774086,0.10259108882768189
mid_R__daily_cumulative_difference__mid_R_s02_post_fire__r12,mid_R,daily_cumulative_difference,mid_R_s02_post_fire,2007-10-02,2008-09-30,365,47,60,0.08952055935358214,0.04796771685710268,0.10259108882768189
mid_R__daily_cumulative_difference__mid_R_s02_post_fire__r12,mid_R,daily_cumulative_difference,mid_R_s02_post_fire,2007-10-02,2008-09-30,365,48,60,0.09601495502508943,0.029464142477582056,0.10259108882768189
mid_R__daily_cumulative_difference__mid_R_s02_post_fire__r12,mid_R,daily_cumulative_difference,mid_R_s02_post_fire,2007-10-02,2008-09-30,365,49,60,0.059405589167642915,-0.050716689511259114,0.10259108882768189
mid_R__daily_cumulative_difference__mid_R_s02_post_fire__r12,mid_R,daily_cumulative_difference,mid_R_s02_post_fire,2007-10-02,2008-09-30,365,50,60,0.09030775209076283,0.03785381887482147,0.10259108882768189
mid_R__daily_cumulative_difference__mid_R_s02_post_fire__r12,mid_R,daily_cumulative_difference,mid_R_s02_post_fire,2007-10-02,2008-09-30,365,51,60,0.12285182933520813,0.019886055503935306,0.10259108882768189
mid_R__daily_cumulative_difference__mid_R_s02_post_fire__r12,mid_R,daily_cumulative_difference,mid_R_s02_post_fire,2007-10-02,2008-09-30,365,52,60,0.01333142339750201,-0.09364369266720059,0.10259108882768189
mid_R__daily_cumulative_difference__mid_R_s02_post_fire__r12,mid_R,daily_cumulative_difference,mid_R_s02_post_fire,2007-10-02,2008-09-30,365,53,60,-0.05520763975678112,-0.12567248335247577,0.10259108882768189
mid_R__daily_cumulative_difference__mid_R_s02_post_fire__r12,mid_R,daily_cumulative_difference,mid_R_s02_post_fire,2007-10-02,2008-09-30,365,54,60,0.06647941647398088,0.05899606515154231,0.10259108882768189
mid_R__daily_cumulative_difference__mid_R_s02_post_fire__r12,mid_R,daily_cumulative_difference,mid_R_s02_post_fire,2007-10-02,2008-09-30,365,55,60,0.040975831013313445,0.042450357180793964,0.10259108882768189
mid_R__daily_cumulative_difference__mid_R_s02_post_fire__r12,mid_R,daily_cumulative_difference,mid_R_s02_post_fire,2007-10-02,2008-09-30,365,56,60,-0.0038455032225590343,-0.0586034056522033,0.10259108882768189
mid_R__daily_cumulative_difference__mid_R_s02_post_fire__r12,mid_R,daily_cumulative_difference,mid_R_s02_post_fire,2007-10-02,2008-09-30,365,57,60,0.00926992622884537,-0.04820716153944184,0.10259108882768189
mid_R__daily_cumulative_difference__mid_R_s02_post_fire__r12,mid_R,daily_cumulative_difference,mid_R_s02_post_fire,2007-10-02,2008-09-30,365,58,60,-0.002193268541848173,-0.022183020897445515,0.10259108882768189
mid_R__daily_cumulative_difference__mid_R_s02_post_fire__r12,mid_R,daily_cumulative_difference,mid_R_s02_post_fire,2007-10-02,2008-09-30,365,59,60,0.000898392511764587,0.028400966573923478,0.10259108882768189
mid_R__daily_cumulative_difference__mid_R_s02_post_fire__r12,mid_R,daily_cumulative_difference,mid_R_s02_post_fire,2007-10-02,2008-09-30,365,60,60,-0.023889925693169313,-0.014515610826892969,0.10259108882768189
mid_R__daily_cumulative_difference__mid_R_s03_post_mechanical_failure__r1,mid_R,daily_cumulative_difference,mid_R_s03_post_mechanical_failure,2016-01-29,2016-09-30,246,0,60,1.0,1.0,0.1249650357604143
mid_R__daily_cumulative_difference__mid_R_s03_post_mechanical_failure__r1,mid_R,daily_cumulative_difference,mid_R_s03_post_mechanical_failure,2016-01-29,2016-09-30,246,1,60,0.4386283898291724,0.4386283898291725,0.1249650357604143
mid_R__daily_cumulative_difference__mid_R_s03_post_mechanical_failure__r1,mid_R,daily_cumulative_difference,mid_R_s03_post_mechanical_failure,2016-01-29,2016-09-30,246,2,60,0.18002201979161844,-0.015320413437901545,0.1249650357604143
mid_R__daily_cumulative_difference__mid_R_s03_post_mechanical_failure__r1,mid_R,daily_cumulative_difference,mid_R_s03_post_mechanical_failure,2016-01-29,2016-09-30,246,3,60,0.026915597647372964,-0.05763691740527878,0.1249650357604143
mid_R__daily_cumulative_difference__mid_R_s03_post_mechanical_failure__r1,mid_R,daily_cumulative_difference,mid_R_s03_post_mechanical_failure,2016-01-29,2016-09-30,246,4,60,-0.009339174553337038,0.002629540552875522,0.1249650357604143
mid_R__daily_cumulative_difference__mid_R_s03_post_mechanical_failure__r1,mid_R,daily_cumulative_difference,mid_R_s03_post_mechanical_failure,2016-01-29,2016-09-30,246,5,60,0.019583771470812264,0.04087252467835124,0.1249650357604143
mid_R__daily_cumulative_difference__mid_R_s03_post_mechanical_failure__r1,mid_R,daily_cumulative_difference,mid_R_s03_post_mechanical_failure,2016-01-29,2016-09-30,246,6,60,0.09183152417389741,0.0867699987610917,0.1249650357604143
mid_R__daily_cumulative_difference__mid_R_s03_post_mechanical_failure__r1,mid_R,daily_cumulative_difference,mid_R_s03_post_mechanical_failure,2016-01-29,2016-09-30,246,7,60,0.24052773292259658,0.20220677917576016,0.1249650357604143
mid_R__daily_cumulative_difference__mid_R_s03_post_mechanical_failure__r1,mid_R,daily_cumulative_difference,mid_R_s03_post_mechanical_failure,2016-01-29,2016-09-30,246,8,60,0.25497504425798784,0.08443996150785392,0.1249650357604143
mid_R__daily_cumulative_difference__mid_R_s03_post_mechanical_failure__r1,mid_R,daily_cumulative_difference,mid_R_s03_post_mechanical_failure,2016-01-29,2016-09-30,246,9,60,0.136899508887068,-0.042337594881792145,0.1249650357604143
mid_R__daily_cumulative_difference__mid_R_s03_post_mechanical_failure__r1,mid_R,daily_cumulative_difference,mid_R_s03_post_mechanical_failure,2016-01-29,2016-09-30,246,10,60,0.004470656893105577,-0.06414903058455747,0.1249650357604143
mid_R__daily_cumulative_difference__mid_R_s03_post_mechanical_failure__r1,mid_R,daily_cumulative_difference,mid_R_s03_post_mechanical_failure,2016-01-29,2016-09-30,246,11,60,-0.04632838713920656,-0.01431519912946841,0.1249650357604143
mid_R__daily_cumulative_difference__mid_R_s03_post_mechanical_failure__r1,mid_R,daily_cumulative_difference,mid_R_s03_post_mechanical_failure,2016-01-29,2016-09-30,246,12,60,-0.05025809470823722,-0.014394026851959087,0.1249650357604143
mid_R__daily_cumulative_difference__mid_R_s03_post_mechanical_failure__r1,mid_R,daily_cumulative_difference,mid_R_s03_post_mechanical_failure,2016-01-29,2016-09-30,246,13,60,0.03265991080784977,0.06203792595207471,0.1249650357604143
mid_R__daily_cumulative_difference__mid_R_s03_post_mechanical_failure__r1,mid_R,daily_cumulative_difference,mid_R_s03_post_mechanical_failure,2016-01-29,2016-09-30,246,14,60,0.045886892472679436,-0.04306710331456183,0.1249650357604143
mid_R__daily_cumulative_difference__mid_R_s03_post_mechanical_failure__r1,mid_R,daily_cumulative_difference,mid_R_s03_post_mechanical_failure,2016-01-29,2016-09-30,246,15,60,0.1633540227287529,0.1112666438788651,0.1249650357604143
mid_R__daily_cumulative_difference__mid_R_s03_post_mechanical_failure__r1,mid_R,daily_cumulative_difference,mid_R_s03_post_mechanical_failure,2016-01-29,2016-09-30,246,16,60,0.19904772732226642,0.08449053923450263,0.1249650357604143
mid_R__daily_cumulative_difference__mid_R_s03_post_mechanical_failure__r1,mid_R,daily_cumulative_difference,mid_R_s03_post_mechanical_failure,2016-01-29,2016-09-30,246,17,60,0.1583064395615013,0.0530306256406218,0.1249650357604143
mid_R__daily_cumulative_difference__mid_R_s03_post_mechanical_failure__r1,mid_R,daily_cumulative_difference,mid_R_s03_post_mechanical_failure,2016-01-29,2016-09-30,246,18,60,0.07621982889369398,0.011792849504098544,0.1249650357604143
mid_R__daily_cumulative_difference__mid_R_s03_post_mechanical_failure__r1,mid_R,daily_cumulative_difference,mid_R_s03_post_mechanical_failure,2016-01-29,2016-09-30,246,19,60,0.11464081150506365,0.13653219941494224,0.1249650357604143
mid_R__daily_cumulative_difference__mid_R_s03_post_mechanical_failure__r1,mid_R,daily_cumulative_difference,mid_R_s03_post_mechanical_failure,2016-01-29,2016-09-30,246,20,60,0.11287652387981117,0.03225837691860182,0.1249650357604143
mid_R__daily_cumulative_difference__mid_R_s03_post_mechanical_failure__r1,mid_R,daily_cumulative_difference,mid_R_s03_post_mechanical_failure,2016-01-29,2016-09-30,246,21,60,-0.029181569879928933,-0.1633208922586233,0.1249650357604143
mid_R__daily_cumulative_difference__mid_R_s03_post_mechanical_failure__r1,mid_R,daily_cumulative_difference,mid_R_s03_post_mechanical_failure,2016-01-29,2016-09-30,246,22,60,-0.0006929717090241871,0.008348351656735864,0.1249650357604143
mid_R__daily_cumulative_difference__mid_R_s03_post_mechanical_failure__r1,mid_R,daily_cumulative_difference,mid_R_s03_post_mechanical_failure,2016-01-29,2016-09-30,246,23,60,0.008180602254337442,-0.05395325422779439,0.1249650357604143
mid_R__daily_cumulative_difference__mid_R_s03_post_mechanical_failure__r1,mid_R,daily_cumulative_difference,mid_R_s03_post_mechanical_failure,2016-01-29,2016-09-30,246,24,60,0.09017164045643562,0.04798423971993082,0.1249650357604143
mid_R__daily_cumulative_difference__mid_R_s03_post_mechanical_failure__r1,mid_R,daily_cumulative_difference,mid_R_s03_post_mechanical_failure,2016-01-29,2016-09-30,246,25,60,0.028076281664379015,-0.06804896985550447,0.1249650357604143
mid_R__daily_cumulative_difference__mid_R_s03_post_mechanical_failure__r1,mid_R,daily_cumulative_difference,mid_R_s03_post_mechanical_failure,2016-01-29,2016-09-30,246,26,60,-0.028486901214182944,-0.08322484193148821,0.1249650357604143
mid_R__daily_cumulative_difference__mid_R_s03_post_mechanical_failure__r1,mid_R,daily_cumulative_difference,mid_R_s03_post_mechanical_failure,2016-01-29,2016-09-30,246,27,60,0.027122247278748155,0.06551247571842884,0.1249650357604143
mid_R__daily_cumulative_difference__mid_R_s03_post_mechanical_failure__r1,mid_R,daily_cumulative_difference,mid_R_s03_post_mechanical_failure,2016-01-29,2016-09-30,246,28,60,-0.03133721169301161,-0.05208327956963641,0.1249650357604143
mid_R__daily_cumulative_difference__mid_R_s03_post_mechanical_failure__r1,mid_R,daily_cumulative_difference,mid_R_s03_post_mechanical_failure,2016-01-29,2016-09-30,246,29,60,-0.017188913156315502,0.0581270022623274,0.1249650357604143
mid_R__daily_cumulative_difference__mid_R_s03_post_mechanical_failure__r1,mid_R,daily_cumulative_difference,mid_R_s03_post_mechanical_failure,2016-01-29,2016-09-30,246,30,60,-0.053988305088637674,-0.04907669762803111,0.1249650357604143
mid_R__daily_cumulative_difference__mid_R_s03_post_mechanical_failure__r1,mid_R,daily_cumulative_difference,mid_R_s03_post_mechanical_failure,2016-01-29,2016-09-30,246,31,60,0.030504275968468452,0.06829739640823744,0.1249650357604143
mid_R__daily_cumulative_difference__mid_R_s03_post_mechanical_failure__r1,mid_R,daily_cumulative_difference,mid_R_s03_post_mechanical_failure,2016-01-29,2016-09-30,246,32,60,0.1539554332543954,0.1248053963812871,0.1249650357604143
mid_R__daily_cumulative_difference__mid_R_s03_post_mechanical_failure__r1,mid_R,daily_cumulative_difference,mid_R_s03_post_mechanical_failure,2016-01-29,2016-09-30,246,33,60,0.11210533835359777,-0.021042057560758845,0.1249650357604143
mid_R__daily_cumulative_difference__mid_R_s03_post_mechanical_failure__r1,mid_R,daily_cumulative_difference,mid_R_s03_post_mechanical_failure,2016-01-29,2016-09-30,246,34,60,0.08458451900751374,0.03198459639786268,0.1249650357604143
mid_R__daily_cumulative_difference__mid_R_s03_post_mechanical_failure__r1,mid_R,daily_cumulative_difference,mid_R_s03_post_mechanical_failure,2016-01-29,2016-09-30,246,35,60,0.16737209053851626,0.13264802548315133,0.1249650357604143
mid_R__daily_cumulative_difference__mid_R_s03_post_mechanical_failure__r1,mid_R,daily_cumulative_difference,mid_R_s03_post_mechanical_failure,2016-01-29,2016-09-30,246,36,60,0.17801120131834042,0.10082960596228774,0.1249650357604143
mid_R__daily_cumulative_difference__mid_R_s03_post_mechanical_failure__r1,mid_R,daily_cumulative_difference,mid_R_s03_post_mechanical_failure,2016-01-29,2016-09-30,246,37,60,0.10792450374647368,-0.010178762041000907,0.1249650357604143
mid_R__daily_cumulative_difference__mid_R_s03_post_mechanical_failure__r1,mid_R,daily_cumulative_difference,mid_R_s03_post_mechanical_failure,2016-01-29,2016-09-30,246,38,60,0.022185175877836416,-0.04809411788366198,0.1249650357604143
mid_R__daily_cumulative_difference__mid_R_s03_post_mechanical_failure__r1,mid_R,daily_cumulative_difference,mid_R_s03_post_mechanical_failure,2016-01-29,2016-09-30,246,39,60,0.025883661097716185,-0.04006959894319217,0.1249650357604143
mid_R__daily_cumulative_difference__mid_R_s03_post_mechanical_failure__r1,mid_R,daily_cumulative_difference,mid_R_s03_post_mechanical_failure,2016-01-29,2016-09-30,246,40,60,0.1537427240151784,0.1633913912231187,0.1249650357604143
mid_R__daily_cumulative_difference__mid_R_s03_post_mechanical_failure__r1,mid_R,daily_cumulative_difference,mid_R_s03_post_mechanical_failure,2016-01-29,2016-09-30,246,41,60,0.07405309788171535,-0.04541532456452854,0.1249650357604143
mid_R__daily_cumulative_difference__mid_R_s03_post_mechanical_failure__r1,mid_R,daily_cumulative_difference,mid_R_s03_post_mechanical_failure,2016-01-29,2016-09-30,246,42,60,0.14272849407072313,0.08446812777206301,0.1249650357604143
mid_R__daily_cumulative_difference__mid_R_s03_post_mechanical_failure__r1,mid_R,daily_cumulative_difference,mid_R_s03_post_mechanical_failure,2016-01-29,2016-09-30,246,43,60,0.09285852063910092,-0.050546848832033565,0.1249650357604143
mid_R__daily_cumulative_difference__mid_R_s03_post_mechanical_failure__r1,mid_R,daily_cumulative_difference,mid_R_s03_post_mechanical_failure,2016-01-29,2016-09-30,246,44,60,0.18348335231626095,0.16934879566523905,0.1249650357604143
mid_R__daily_cumulative_difference__mid_R_s03_post_mechanical_failure__r1,mid_R,daily_cumulative_difference,mid_R_s03_post_mechanical_failure,2016-01-29,2016-09-30,246,45,60,0.01919610750821652,-0.09256128471666367,0.1249650357604143
mid_R__daily_cumulative_difference__mid_R_s03_post_mechanical_failure__r1,mid_R,daily_cumulative_difference,mid_R_s03_post_mechanical_failure,2016-01-29,2016-09-30,246,46,60,0.037294039174155524,0.1110245598791389,0.1249650357604143
mid_R__daily_cumulative_difference__mid_R_s03_post_mechanical_failure__r1,mid_R,daily_cumulative_difference,mid_R_s03_post_mechanical_failure,2016-01-29,2016-09-30,246,47,60,0.10572241327312355,0.07392056519979395,0.1249650357604143
mid_R__daily_cumulative_difference__mid_R_s03_post_mechanical_failure__r1,mid_R,daily_cumulative_difference,mid_R_s03_post_mechanical_failure,2016-01-29,2016-09-30,246,48,60,0.10187830990226962,-0.03190190520873301,0.1249650357604143
mid_R__daily_cumulative_difference__mid_R_s03_post_mechanical_failure__r1,mid_R,daily_cumulative_difference,mid_R_s03_post_mechanical_failure,2016-01-29,2016-09-30,246,49,60,0.077767919310385,-0.06151620310412629,0.1249650357604143
mid_R__daily_cumulative_difference__mid_R_s03_post_mechanical_failure__r1,mid_R,daily_cumulative_difference,mid_R_s03_post_mechanical_failure,2016-01-29,2016-09-30,246,50,60,0.023610700829948296,-0.06131272667814922,0.1249650357604143
mid_R__daily_cumulative_difference__mid_R_s03_post_mechanical_failure__r1,mid_R,daily_cumulative_difference,mid_R_s03_post_mechanical_failure,2016-01-29,2016-09-30,246,51,60,0.138443803788564,0.05295073229902851,0.1249650357604143
mid_R__daily_cumulative_difference__mid_R_s03_post_mechanical_failure__r1,mid_R,daily_cumulative_difference,mid_R_s03_post_mechanical_failure,2016-01-29,2016-09-30,246,52,60,0.1235252056576289,-0.0104072407621525,0.1249650357604143
mid_R__daily_cumulative_difference__mid_R_s03_post_mechanical_failure__r1,mid_R,daily_cumulative_difference,mid_R_s03_post_mechanical_failure,2016-01-29,2016-09-30,246,53,60,0.02981565591379009,-0.09591948942303558,0.1249650357604143
mid_R__daily_cumulative_difference__mid_R_s03_post_mechanical_failure__r1,mid_R,daily_cumulative_difference,mid_R_s03_post_mechanical_failure,2016-01-29,2016-09-30,246,54,60,0.0098111570938815,-0.016606638581724727,0.1249650357604143
mid_R__daily_cumulative_difference__mid_R_s03_post_mechanical_failure__r1,mid_R,daily_cumulative_difference,mid_R_s03_post_mechanical_failure,2016-01-29,2016-09-30,246,55,60,0.011787647856236214,-0.09010183697742921,0.1249650357604143
mid_R__daily_cumulative_difference__mid_R_s03_post_mechanical_failure__r1,mid_R,daily_cumulative_difference,mid_R_s03_post_mechanical_failure,2016-01-29,2016-09-30,246,56,60,0.0001750832656698879,-0.022139678648842386,0.1249650357604143
mid_R__daily_cumulative_difference__mid_R_s03_post_mechanical_failure__r1,mid_R,daily_cumulative_difference,mid_R_s03_post_mechanical_failure,2016-01-29,2016-09-30,246,57,60,-0.01810369483086387,-0.028873498981620536,0.1249650357604143
mid_R__daily_cumulative_difference__mid_R_s03_post_mechanical_failure__r1,mid_R,daily_cumulative_difference,mid_R_s03_post_mechanical_failure,2016-01-29,2016-09-30,246,58,60,-0.028711193170432345,0.04096665394444748,0.1249650357604143
mid_R__daily_cumulative_difference__mid_R_s03_post_mechanical_failure__r1,mid_R,daily_cumulative_difference,mid_R_s03_post_mechanical_failure,2016-01-29,2016-09-30,246,59,60,-0.021498818482561168,-0.1590869166418949,0.1249650357604143
mid_R__daily_cumulative_difference__mid_R_s03_post_mechanical_failure__r1,mid_R,daily_cumulative_difference,mid_R_s03_post_mechanical_failure,2016-01-29,2016-09-30,246,60,60,-0.015126197363389467,-0.023756206569198735,0.1249650357604143
mid_R__daily_cumulative_difference__mid_R_s04_range_not_stated__r2,mid_R,daily_cumulative_difference,mid_R_s04_range_not_stated,2017-10-02,2018-09-25,359,0,60,1.0,1.0,0.10344484353797487
mid_R__daily_cumulative_difference__mid_R_s04_range_not_stated__r2,mid_R,daily_cumulative_difference,mid_R_s04_range_not_stated,2017-10-02,2018-09-25,359,1,60,0.3699080980711631,0.3699080980711632,0.10344484353797487
mid_R__daily_cumulative_difference__mid_R_s04_range_not_stated__r2,mid_R,daily_cumulative_difference,mid_R_s04_range_not_stated,2017-10-02,2018-09-25,359,2,60,0.13076516770328941,-0.007028566075775854,0.10344484353797487
mid_R__daily_cumulative_difference__mid_R_s04_range_not_stated__r2,mid_R,daily_cumulative_difference,mid_R_s04_range_not_stated,2017-10-02,2018-09-25,359,3,60,0.22630298981216618,0.20876670783841178,0.10344484353797487
mid_R__daily_cumulative_difference__mid_R_s04_range_not_stated__r2,mid_R,daily_cumulative_difference,mid_R_s04_range_not_stated,2017-10-02,2018-09-25,359,4,60,0.19085690855425275,0.04856288311904486,0.10344484353797487
mid_R__daily_cumulative_difference__mid_R_s04_range_not_stated__r2,mid_R,daily_cumulative_difference,mid_R_s04_range_not_stated,2017-10-02,2018-09-25,359,5,60,0.10291675911608884,0.010740255254872506,0.10344484353797487
mid_R__daily_cumulative_difference__mid_R_s04_range_not_stated__r2,mid_R,daily_cumulative_difference,mid_R_s04_range_not_stated,2017-10-02,2018-09-25,359,6,60,0.09995675727519403,0.03061603368952477,0.10344484353797487
mid_R__daily_cumulative_difference__mid_R_s04_range_not_stated__r2,mid_R,daily_cumulative_difference,mid_R_s04_range_not_stated,2017-10-02,2018-09-25,359,7,60,0.12537484937162996,0.04906769551726803,0.10344484353797487
mid_R__daily_cumulative_difference__mid_R_s04_range_not_stated__r2,mid_R,daily_cumulative_difference,mid_R_s04_range_not_stated,2017-10-02,2018-09-25,359,8,60,0.05096205524387012,-0.039915742769654185,0.10344484353797487
mid_R__daily_cumulative_difference__mid_R_s04_range_not_stated__r2,mid_R,daily_cumulative_difference,mid_R_s04_range_not_stated,2017-10-02,2018-09-25,359,9,60,0.10728165739979213,0.09645691517057962,0.10344484353797487
mid_R__daily_cumulative_difference__mid_R_s04_range_not_stated__r2,mid_R,daily_cumulative_difference,mid_R_s04_range_not_stated,2017-10-02,2018-09-25,359,10,60,0.09394760204970087,-0.010918739705508452,0.10344484353797487
mid_R__daily_cumulative_difference__mid_R_s04_range_not_stated__r2,mid_R,daily_cumulative_difference,mid_R_s04_range_not_stated,2017-10-02,2018-09-25,359,11,60,0.06174813066361774,0.02071759094984375,0.10344484353797487
mid_R__daily_cumulative_difference__mid_R_s04_range_not_stated__r2,mid_R,daily_cumulative_difference,mid_R_s04_range_not_stated,2017-10-02,2018-09-25,359,12,60,0.06332324616778691,0.008308060420417172,0.10344484353797487
mid_R__daily_cumulative_difference__mid_R_s04_range_not_stated__r2,mid_R,daily_cumulative_difference,mid_R_s04_range_not_stated,2017-10-02,2018-09-25,359,13,60,0.04189835061696024,-0.019755706566547925,0.10344484353797487
mid_R__daily_cumulative_difference__mid_R_s04_range_not_stated__r2,mid_R,daily_cumulative_difference,mid_R_s04_range_not_stated,2017-10-02,2018-09-25,359,14,60,0.035084434422320475,0.003706154858848352,0.10344484353797487
mid_R__daily_cumulative_difference__mid_R_s04_range_not_stated__r2,mid_R,daily_cumulative_difference,mid_R_s04_range_not_stated,2017-10-02,2018-09-25,359,15,60,0.07597601464391056,0.05620673537043013,0.10344484353797487
mid_R__daily_cumulative_difference__mid_R_s04_range_not_stated__r2,mid_R,daily_cumulative_difference,mid_R_s04_range_not_stated,2017-10-02,2018-09-25,359,16,60,0.0998758774341968,0.04094047687452024,0.10344484353797487
mid_R__daily_cumulative_difference__mid_R_s04_range_not_stated__r2,mid_R,daily_cumulative_difference,mid_R_s04_range_not_stated,2017-10-02,2018-09-25,359,17,60,0.16965748218791007,0.1438529314700951,0.10344484353797487
mid_R__daily_cumulative_difference__mid_R_s04_range_not_stated__r2,mid_R,daily_cumulative_difference,mid_R_s04_range_not_stated,2017-10-02,2018-09-25,359,18,60,0.10754664859700207,-0.0261431675908786,0.10344484353797487
mid_R__daily_cumulative_difference__mid_R_s04_range_not_stated__r2,mid_R,daily_cumulative_difference,mid_R_s04_range_not_stated,2017-10-02,2018-09-25,359,19,60,0.0793572529570302,0.020125744671485417,0.10344484353797487
mid_R__daily_cumulative_difference__mid_R_s04_range_not_stated__r2,mid_R,daily_cumulative_difference,mid_R_s04_range_not_stated,2017-10-02,2018-09-25,359,20,60,0.0898997437173531,-0.0007515311770905415,0.10344484353797487
mid_R__daily_cumulative_difference__mid_R_s04_range_not_stated__r2,mid_R,daily_cumulative_difference,mid_R_s04_range_not_stated,2017-10-02,2018-09-25,359,21,60,0.06912287961317233,-0.012797153072425307,0.10344484353797487
mid_R__daily_cumulative_difference__mid_R_s04_range_not_stated__r2,mid_R,daily_cumulative_difference,mid_R_s04_range_not_stated,2017-10-02,2018-09-25,359,22,60,-0.010662775134325791,-0.07975389007447846,0.10344484353797487
mid_R__daily_cumulative_difference__mid_R_s04_range_not_stated__r2,mid_R,daily_cumulative_difference,mid_R_s04_range_not_stated,2017-10-02,2018-09-25,359,23,60,0.0235876698441426,0.0322939161974398,0.10344484353797487
mid_R__daily_cumulative_difference__mid_R_s04_range_not_stated__r2,mid_R,daily_cumulative_difference,mid_R_s04_range_not_stated,2017-10-02,2018-09-25,359,24,60,0.08288081434803587,0.028799365555619762,0.10344484353797487
mid_R__daily_cumulative_difference__mid_R_s04_range_not_stated__r2,mid_R,daily_cumulative_difference,mid_R_s04_range_not_stated,2017-10-02,2018-09-25,359,25,60,0.03839030287846877,0.00835057804425552,0.10344484353797487
mid_R__daily_cumulative_difference__mid_R_s04_range_not_stated__r2,mid_R,daily_cumulative_difference,mid_R_s04_range_not_stated,2017-10-02,2018-09-25,359,26,60,-0.01816854757980581,-0.06713786233370932,0.10344484353797487
mid_R__daily_cumulative_difference__mid_R_s04_range_not_stated__r2,mid_R,daily_cumulative_difference,mid_R_s04_range_not_stated,2017-10-02,2018-09-25,359,27,60,0.0036723189415520255,-0.00657138075852702,0.10344484353797487
mid_R__daily_cumulative_difference__mid_R_s04_range_not_stated__r2,mid_R,daily_cumulative_difference,mid_R_s04_range_not_stated,2017-10-02,2018-09-25,359,28,60,-0.04110271014362853,-0.08541195448417088,0.10344484353797487
mid_R__daily_cumulative_difference__mid_R_s04_range_not_stated__r2,mid_R,daily_cumulative_difference,mid_R_s04_range_not_stated,2017-10-02,2018-09-25,359,29,60,-0.03695985156352345,0.01168401819182671,0.10344484353797487
mid_R__daily_cumulative_difference__mid_R_s04_range_not_stated__r2,mid_R,daily_cumulative_difference,mid_R_s04_range_not_stated,2017-10-02,2018-09-25,359,30,60,-0.043650654208579234,-0.0510301496772034,0.10344484353797487
mid_R__daily_cumulative_difference__mid_R_s04_range_not_stated__r2,mid_R,daily_cumulative_difference,mid_R_s04_range_not_stated,2017-10-02,2018-09-25,359,31,60,-0.07084215196633586,-0.02453777893644036,0.10344484353797487
mid_R__daily_cumulative_difference__mid_R_s04_range_not_stated__r2,mid_R,daily_cumulative_difference,mid_R_s04_range_not_stated,2017-10-02,2018-09-25,359,32,60,-0.06264489766773525,-0.03010339644502013,0.10344484353797487
mid_R__daily_cumulative_difference__mid_R_s04_range_not_stated__r2,mid_R,daily_cumulative_difference,mid_R_s04_range_not_stated,2017-10-02,2018-09-25,359,33,60,-0.008818590570478192,0.03549374801059284,0.10344484353797487
mid_R__daily_cumulative_difference__mid_R_s04_range_not_stated__r2,mid_R,daily_cumulative_difference,mid_R_s04_range_not_stated,2017-10-02,2018-09-25,359,34,60,0.010081806984910492,-0.005270598897927885,0.10344484353797487
mid_R__daily_cumulative_difference__mid_R_s04_range_not_stated__r2,mid_R,daily_cumulative_difference,mid_R_s04_range_not_stated,2017-10-02,2018-09-25,359,35,60,-0.038477756135444095,-0.022580201555195214,0.10344484353797487
mid_R__daily_cumulative_difference__mid_R_s04_range_not_stated__r2,mid_R,daily_cumulative_difference,mid_R_s04_range_not_stated,2017-10-02,2018-09-25,359,36,60,-0.014548756218592336,-0.0069947955593062374,0.10344484353797487
mid_R__daily_cumulative_difference__mid_R_s04_range_not_stated__r2,mid_R,daily_cumulative_difference,mid_R_s04_range_not_stated,2017-10-02,2018-09-25,359,37,60,-0.018270965361383288,-0.007284978323643036,0.10344484353797487
mid_R__daily_cumulative_difference__mid_R_s04_range_not_stated__r2,mid_R,daily_cumulative_difference,mid_R_s04_range_not_stated,2017-10-02,2018-09-25,359,38,60,-0.030043369765245773,-0.007396481044702396,0.10344484353797487
mid_R__daily_cumulative_difference__mid_R_s04_range_not_stated__r2,mid_R,daily_cumulative_difference,mid_R_s04_range_not_stated,2017-10-02,2018-09-25,359,39,60,-0.01799904296649492,0.025011890368514256,0.10344484353797487
mid_R__daily_cumulative_difference__mid_R_s04_range_not_stated__r2,mid_R,daily_cumulative_difference,mid_R_s04_range_not_stated,2017-10-02,2018-09-25,359,40,60,-0.019893575643096316,-0.021546486372234216,0.10344484353797487
mid_R__daily_cumulative_difference__mid_R_s04_range_not_stated__r2,mid_R,daily_cumulative_difference,mid_R_s04_range_not_stated,2017-10-02,2018-09-25,359,41,60,-0.007692939040174001,0.018073060061302524,0.10344484353797487
mid_R__daily_cumulative_difference__mid_R_s04_range_not_stated__r2,mid_R,daily_cumulative_difference,mid_R_s04_range_not_stated,2017-10-02,2018-09-25,359,42,60,-0.006080058587581212,-0.005578220824381286,0.10344484353797487
mid_R__daily_cumulative_difference__mid_R_s04_range_not_stated__r2,mid_R,daily_cumulative_difference,mid_R_s04_range_not_stated,2017-10-02,2018-09-25,359,43,60,-0.0038304365803097794,0.02154116571724983,0.10344484353797487
mid_R__daily_cumulative_difference__mid_R_s04_range_not_stated__r2,mid_R,daily_cumulative_difference,mid_R_s04_range_not_stated,2017-10-02,2018-09-25,359,44,60,-0.015263752547624736,-0.019520880809541296,0.10344484353797487
mid_R__daily_cumulative_difference__mid_R_s04_range_not_stated__r2,mid_R,daily_cumulative_difference,mid_R_s04_range_not_stated,2017-10-02,2018-09-25,359,45,60,-0.012497968770532305,0.02610323568011142,0.10344484353797487
mid_R__daily_cumulative_difference__mid_R_s04_range_not_stated__r2,mid_R,daily_cumulative_difference,mid_R_s04_range_not_stated,2017-10-02,2018-09-25,359,46,60,-0.01603631828144994,-0.0006824433646213225,0.10344484353797487
mid_R__daily_cumulative_difference__mid_R_s04_range_not_stated__r2,mid_R,daily_cumulative_difference,mid_R_s04_range_not_stated,2017-10-02,2018-09-25,359,47,60,-0.01658567853252814,0.033719584984245154,0.10344484353797487
mid_R__daily_cumulative_difference__mid_R_s04_range_not_stated__r2,mid_R,daily_cumulative_difference,mid_R_s04_range_not_stated,2017-10-02,2018-09-25,359,48,60,-0.015579786613443683,-0.009373452953955159,0.10344484353797487
mid_R__daily_cumulative_difference__mid_R_s04_range_not_stated__r2,mid_R,daily_cumulative_difference,mid_R_s04_range_not_stated,2017-10-02,2018-09-25,359,49,60,-0.016004551608644644,0.016254704699769806,0.10344484353797487
mid_R__daily_cumulative_difference__mid_R_s04_range_not_stated__r2,mid_R,daily_cumulative_difference,mid_R_s04_range_not_stated,2017-10-02,2018-09-25,359,50,60,0.020414453312410007,0.02923307499193578,0.10344484353797487
mid_R__daily_cumulative_difference__mid_R_s04_range_not_stated__r2,mid_R,daily_cumulative_difference,mid_R_s04_range_not_stated,2017-10-02,2018-09-25,359,51,60,0.052211249045125696,0.05894471562165802,0.10344484353797487
mid_R__daily_cumulative_difference__mid_R_s04_range_not_stated__r2,mid_R,daily_cumulative_difference,mid_R_s04_range_not_stated,2017-10-02,2018-09-25,359,52,60,0.03648578628528116,0.016147744758800032,0.10344484353797487
mid_R__daily_cumulative_difference__mid_R_s04_range_not_stated__r2,mid_R,daily_cumulative_difference,mid_R_s04_range_not_stated,2017-10-02,2018-09-25,359,53,60,0.11184582774230621,0.1292425250882051,0.10344484353797487
mid_R__daily_cumulative_difference__mid_R_s04_range_not_stated__r2,mid_R,daily_cumulative_difference,mid_R_s04_range_not_stated,2017-10-02,2018-09-25,359,54,60,0.1309000900812721,0.044752330232874636,0.10344484353797487
mid_R__daily_cumulative_difference__mid_R_s04_range_not_stated__r2,mid_R,daily_cumulative_difference,mid_R_s04_range_not_stated,2017-10-02,2018-09-25,359,55,60,0.06507992602039074,0.02016719945410518,0.10344484353797487
mid_R__daily_cumulative_difference__mid_R_s04_range_not_stated__r2,mid_R,daily_cumulative_difference,mid_R_s04_range_not_stated,2017-10-02,2018-09-25,359,56,60,0.042627632495843205,-0.019392201990640612,0.10344484353797487
mid_R__daily_cumulative_difference__mid_R_s04_range_not_stated__r2,mid_R,daily_cumulative_difference,mid_R_s04_range_not_stated,2017-10-02,2018-09-25,359,57,60,0.018068686553113302,-0.055621204888086015,0.10344484353797487
mid_R__daily_cumulative_difference__mid_R_s04_range_not_stated__r2,mid_R,daily_cumulative_difference,mid_R_s04_range_not_stated,2017-10-02,2018-09-25,359,58,60,0.013517863221804195,-0.030817233927473122,0.10344484353797487
mid_R__daily_cumulative_difference__mid_R_s04_range_not_stated__r2,mid_R,daily_cumulative_difference,mid_R_s04_range_not_stated,2017-10-02,2018-09-25,359,59,60,0.01777356702829511,0.005349076826612483,0.10344484353797487
mid_R__daily_cumulative_difference__mid_R_s04_range_not_stated__r2,mid_R,daily_cumulative_difference,mid_R_s04_range_not_stated,2017-10-02,2018-09-25,359,60,60,0.009824673020022243,-0.036668672561804345,0.10344484353797487
mid_R__daily_cumulative_level__mid_R_s01_pre_fire__WY1997__r1,mid_R,daily_cumulative_level,mid_R_s01_pre_fire__WY1997,1997-03-22,1997-09-30,193,0,48,1.0,1.0,0.14108388714674414
mid_R__daily_cumulative_level__mid_R_s01_pre_fire__WY1997__r1,mid_R,daily_cumulative_level,mid_R_s01_pre_fire__WY1997,1997-03-22,1997-09-30,193,1,48,0.9858548309383304,0.9858548309383306,0.14108388714674414
mid_R__daily_cumulative_level__mid_R_s01_pre_fire__WY1997__r1,mid_R,daily_cumulative_level,mid_R_s01_pre_fire__WY1997,1997-03-22,1997-09-30,193,2,48,0.9704926059374804,-0.050449591233437424,0.14108388714674414
mid_R__daily_cumulative_level__mid_R_s01_pre_fire__WY1997__r1,mid_R,daily_cumulative_level,mid_R_s01_pre_fire__WY1997,1997-03-22,1997-09-30,193,3,48,0.9550040856876236,-0.010462965682581702,0.14108388714674414
mid_R__daily_cumulative_level__mid_R_s01_pre_fire__WY1997__r1,mid_R,daily_cumulative_level,mid_R_s01_pre_fire__WY1997,1997-03-22,1997-09-30,193,4,48,0.9392197047401205,-0.018180909822094447,0.14108388714674414
mid_R__daily_cumulative_level__mid_R_s01_pre_fire__WY1997__r1,mid_R,daily_cumulative_level,mid_R_s01_pre_fire__WY1997,1997-03-22,1997-09-30,193,5,48,0.9232219730352633,-0.01486950351134805,0.14108388714674414
mid_R__daily_cumulative_level__mid_R_s01_pre_fire__WY1997__r1,mid_R,daily_cumulative_level,mid_R_s01_pre_fire__WY1997,1997-03-22,1997-09-30,193,6,48,0.9071829737106409,-0.009125418650794234,0.14108388714674414
mid_R__daily_cumulative_level__mid_R_s01_pre_fire__WY1997__r1,mid_R,daily_cumulative_level,mid_R_s01_pre_fire__WY1997,1997-03-22,1997-09-30,193,7,48,0.8911439743860182,-0.008170097505177464,0.14108388714674414
mid_R__daily_cumulative_level__mid_R_s01_pre_fire__WY1997__r1,mid_R,daily_cumulative_level,mid_R_s01_pre_fire__WY1997,1997-03-22,1997-09-30,193,8,48,0.8750431895520282,-0.010550825826839257,0.14108388714674414
mid_R__daily_cumulative_level__mid_R_s01_pre_fire__WY1997__r1,mid_R,daily_cumulative_level,mid_R_s01_pre_fire__WY1997,1997-03-22,1997-09-30,193,9,48,0.8597662184542018,0.02109125264335342,0.14108388714674414
mid_R__daily_cumulative_level__mid_R_s01_pre_fire__WY1997__r1,mid_R,daily_cumulative_level,mid_R_s01_pre_fire__WY1997,1997-03-22,1997-09-30,193,10,48,0.8460160117310079,0.04388991573286018,0.14108388714674414
mid_R__daily_cumulative_level__mid_R_s01_pre_fire__WY1997__r1,mid_R,daily_cumulative_level,mid_R_s01_pre_fire__WY1997,1997-03-22,1997-09-30,193,11,48,0.8316444818447867,-0.034309611566866474,0.14108388714674414
mid_R__daily_cumulative_level__mid_R_s01_pre_fire__WY1997__r1,mid_R,daily_cumulative_level,mid_R_s01_pre_fire__WY1997,1997-03-22,1997-09-30,193,12,48,0.8152986267774367,-0.07749824246984456,0.14108388714674414
mid_R__daily_cumulative_level__mid_R_s01_pre_fire__WY1997__r1,mid_R,daily_cumulative_level,mid_R_s01_pre_fire__WY1997,1997-03-22,1997-09-30,193,13,48,0.7981489393447521,-0.0335468901297575,0.14108388714674414
mid_R__daily_cumulative_level__mid_R_s01_pre_fire__WY1997__r1,mid_R,daily_cumulative_level,mid_R_s01_pre_fire__WY1997,1997-03-22,1997-09-30,193,14,48,0.7809593253593008,-0.008535175007351037,0.14108388714674414
mid_R__daily_cumulative_level__mid_R_s01_pre_fire__WY1997__r1,mid_R,daily_cumulative_level,mid_R_s01_pre_fire__WY1997,1997-03-22,1997-09-30,193,15,48,0.7637180526103944,-0.00947636963640855,0.14108388714674414
mid_R__daily_cumulative_level__mid_R_s01_pre_fire__WY1997__r1,mid_R,daily_cumulative_level,mid_R_s01_pre_fire__WY1997,1997-03-22,1997-09-30,193,16,48,0.7464440841213364,-0.00936536911438961,0.14108388714674414
mid_R__daily_cumulative_level__mid_R_s01_pre_fire__WY1997__r1,mid_R,daily_cumulative_level,mid_R_s01_pre_fire__WY1997,1997-03-22,1997-09-30,193,17,48,0.7291256074590216,-0.010342963271476999,0.14108388714674414
mid_R__daily_cumulative_level__mid_R_s01_pre_fire__WY1997__r1,mid_R,daily_cumulative_level,mid_R_s01_pre_fire__WY1997,1997-03-22,1997-09-30,193,18,48,0.7121702622387353,0.006490385466050206,0.14108388714674414
mid_R__daily_cumulative_level__mid_R_s01_pre_fire__WY1997__r1,mid_R,daily_cumulative_level,mid_R_s01_pre_fire__WY1997,1997-03-22,1997-09-30,193,19,48,0.6952085737056052,-0.00923767105947686,0.14108388714674414
mid_R__daily_cumulative_level__mid_R_s01_pre_fire__WY1997__r1,mid_R,daily_cumulative_level,mid_R_s01_pre_fire__WY1997,1997-03-22,1997-09-30,193,20,48,0.6780496593615811,-0.023617348467081654,0.14108388714674414
mid_R__daily_cumulative_level__mid_R_s01_pre_fire__WY1997__r1,mid_R,daily_cumulative_level,mid_R_s01_pre_fire__WY1997,1997-03-22,1997-09-30,193,21,48,0.660783263277503,-0.0222954737471879,0.14108388714674414
mid_R__daily_cumulative_level__mid_R_s01_pre_fire__WY1997__r1,mid_R,daily_cumulative_level,mid_R_s01_pre_fire__WY1997,1997-03-22,1997-09-30,193,22,48,0.6434191897376813,-0.013308527293225184,0.14108388714674414
mid_R__daily_cumulative_level__mid_R_s01_pre_fire__WY1997__r1,mid_R,daily_cumulative_level,mid_R_s01_pre_fire__WY1997,1997-03-22,1997-09-30,193,23,48,0.6249999059143445,-0.042362134740698484,0.14108388714674414
mid_R__daily_cumulative_level__mid_R_s01_pre_fire__WY1997__r1,mid_R,daily_cumulative_level,mid_R_s01_pre_fire__WY1997,1997-03-22,1997-09-30,193,24,48,0.605995855497788,-0.026079353105814475,0.14108388714674414
mid_R__daily_cumulative_level__mid_R_s01_pre_fire__WY1997__r1,mid_R,daily_cumulative_level,mid_R_s01_pre_fire__WY1997,1997-03-22,1997-09-30,193,25,48,0.5869358155858758,-0.011454936248997415,0.14108388714674414
mid_R__daily_cumulative_level__mid_R_s01_pre_fire__WY1997__r1,mid_R,daily_cumulative_level,mid_R_s01_pre_fire__WY1997,1997-03-22,1997-09-30,193,26,48,0.5678731420647345,-0.010153056016226117,0.14108388714674414
mid_R__daily_cumulative_level__mid_R_s01_pre_fire__WY1997__r1,mid_R,daily_cumulative_level,mid_R_s01_pre_fire__WY1997,1997-03-22,1997-09-30,193,27,48,0.5487275098528777,-0.012549661220084473,0.14108388714674414
mid_R__daily_cumulative_level__mid_R_s01_pre_fire__WY1997__r1,mid_R,daily_cumulative_level,mid_R_s01_pre_fire__WY1997,1997-03-22,1997-09-30,193,28,48,0.5302051400681298,0.009627267047708894,0.14108388714674414
mid_R__daily_cumulative_level__mid_R_s01_pre_fire__WY1997__r1,mid_R,daily_cumulative_level,mid_R_s01_pre_fire__WY1997,1997-03-22,1997-09-30,193,29,48,0.513732315029491,0.057043036425008894,0.14108388714674414
mid_R__daily_cumulative_level__mid_R_s01_pre_fire__WY1997__r1,mid_R,daily_cumulative_level,mid_R_s01_pre_fire__WY1997,1997-03-22,1997-09-30,193,30,48,0.4973650725989851,-0.013792929005552792,0.14108388714674414
mid_R__daily_cumulative_level__mid_R_s01_pre_fire__WY1997__r1,mid_R,daily_cumulative_level,mid_R_s01_pre_fire__WY1997,1997-03-22,1997-09-30,193,31,48,0.4811716931621697,-0.006698880748145674,0.14108388714674414
mid_R__daily_cumulative_level__mid_R_s01_pre_fire__WY1997__r1,mid_R,daily_cumulative_level,mid_R_s01_pre_fire__WY1997,1997-03-22,1997-09-30,193,32,48,0.4670308454201301,0.058019118737825816,0.14108388714674414
mid_R__daily_cumulative_level__mid_R_s01_pre_fire__WY1997__r1,mid_R,daily_cumulative_level,mid_R_s01_pre_fire__WY1997,1997-03-22,1997-09-30,193,33,48,0.45392685725916326,0.021892380346906354,0.14108388714674414
mid_R__daily_cumulative_level__mid_R_s01_pre_fire__WY1997__r1,mid_R,daily_cumulative_level,mid_R_s01_pre_fire__WY1997,1997-03-22,1997-09-30,193,34,48,0.4407986925654739,-0.008461008693543567,0.14108388714674414
mid_R__daily_cumulative_level__mid_R_s01_pre_fire__WY1997__r1,mid_R,daily_cumulative_level,mid_R_s01_pre_fire__WY1997,1997-03-22,1997-09-30,193,35,48,0.42696535059090357,-0.032927968045540074,0.14108388714674414
mid_R__daily_cumulative_level__mid_R_s01_pre_fire__WY1997__r1,mid_R,daily_cumulative_level,mid_R_s01_pre_fire__WY1997,1997-03-22,1997-09-30,193,36,48,0.41278916433004037,-0.02037909206933411,0.14108388714674414
mid_R__daily_cumulative_level__mid_R_s01_pre_fire__WY1997__r1,mid_R,daily_cumulative_level,mid_R_s01_pre_fire__WY1997,1997-03-22,1997-09-30,193,37,48,0.39860745163721245,-0.0034419560732143533,0.14108388714674414
mid_R__daily_cumulative_level__mid_R_s01_pre_fire__WY1997__r1,mid_R,daily_cumulative_level,mid_R_s01_pre_fire__WY1997,1997-03-22,1997-09-30,193,38,48,0.38442573894438437,-0.003202662740478197,0.14108388714674414
mid_R__daily_cumulative_level__mid_R_s01_pre_fire__WY1997__r1,mid_R,daily_cumulative_level,mid_R_s01_pre_fire__WY1997,1997-03-22,1997-09-30,193,39,48,0.37012361763760393,-0.020359304774860417,0.14108388714674414
mid_R__daily_cumulative_level__mid_R_s01_pre_fire__WY1997__r1,mid_R,daily_cumulative_level,mid_R_s01_pre_fire__WY1997,1997-03-22,1997-09-30,193,40,48,0.356924938098173,0.023632583933465453,0.14108388714674414
mid_R__daily_cumulative_level__mid_R_s01_pre_fire__WY1997__r1,mid_R,daily_cumulative_level,mid_R_s01_pre_fire__WY1997,1997-03-22,1997-09-30,193,41,48,0.34372625855874206,-0.006643095693726337,0.14108388714674414
mid_R__daily_cumulative_level__mid_R_s01_pre_fire__WY1997__r1,mid_R,daily_cumulative_level,mid_R_s01_pre_fire__WY1997,1997-03-22,1997-09-30,193,42,48,0.3302802051412797,-0.018739425511838093,0.14108388714674414
mid_R__daily_cumulative_level__mid_R_s01_pre_fire__WY1997__r1,mid_R,daily_cumulative_level,mid_R_s01_pre_fire__WY1997,1997-03-22,1997-09-30,193,43,48,0.31606699607872,-0.05037742266242969,0.14108388714674414
mid_R__daily_cumulative_level__mid_R_s01_pre_fire__WY1997__r1,mid_R,daily_cumulative_level,mid_R_s01_pre_fire__WY1997,1997-03-22,1997-09-30,193,44,48,0.3014131349453331,-0.03650439197142902,0.14108388714674414
mid_R__daily_cumulative_level__mid_R_s01_pre_fire__WY1997__r1,mid_R,daily_cumulative_level,mid_R_s01_pre_fire__WY1997,1997-03-22,1997-09-30,193,45,48,0.2866169241225536,-0.015554087933591221,0.14108388714674414
mid_R__daily_cumulative_level__mid_R_s01_pre_fire__WY1997__r1,mid_R,daily_cumulative_level,mid_R_s01_pre_fire__WY1997,1997-03-22,1997-09-30,193,46,48,0.2710936917856194,-0.03050617483195042,0.14108388714674414
mid_R__daily_cumulative_level__mid_R_s01_pre_fire__WY1997__r1,mid_R,daily_cumulative_level,mid_R_s01_pre_fire__WY1997,1997-03-22,1997-09-30,193,47,48,0.25506373623597905,-0.02653293368621574,0.14108388714674414
mid_R__daily_cumulative_level__mid_R_s01_pre_fire__WY1997__r1,mid_R,daily_cumulative_level,mid_R_s01_pre_fire__WY1997,1997-03-22,1997-09-30,193,48,48,0.2389072430208608,-0.01606753457417925,0.14108388714674414
mid_R__daily_cumulative_level__mid_R_s01_pre_fire__WY1998__r1,mid_R,daily_cumulative_level,mid_R_s01_pre_fire__WY1998,1997-10-01,1998-03-20,171,0,42,1.0,1.0,0.14988494612876702
mid_R__daily_cumulative_level__mid_R_s01_pre_fire__WY1998__r1,mid_R,daily_cumulative_level,mid_R_s01_pre_fire__WY1998,1997-10-01,1998-03-20,171,1,42,0.9873359306340442,0.9873359306340443,0.14988494612876702
mid_R__daily_cumulative_level__mid_R_s01_pre_fire__WY1998__r1,mid_R,daily_cumulative_level,mid_R_s01_pre_fire__WY1998,1997-10-01,1998-03-20,171,2,42,0.9742773144340968,-0.02204906138471157,0.14988494612876702
mid_R__daily_cumulative_level__mid_R_s01_pre_fire__WY1998__r1,mid_R,daily_cumulative_level,mid_R_s01_pre_fire__WY1998,1997-10-01,1998-03-20,171,3,42,0.9607639214779272,-0.02445184392086604,0.14988494612876702
mid_R__daily_cumulative_level__mid_R_s01_pre_fire__WY1998__r1,mid_R,daily_cumulative_level,mid_R_s01_pre_fire__WY1998,1997-10-01,1998-03-20,171,4,42,0.9467575213841759,-0.025958860389929596,0.14988494612876702
mid_R__daily_cumulative_level__mid_R_s01_pre_fire__WY1998__r1,mid_R,daily_cumulative_level,mid_R_s01_pre_fire__WY1998,1997-10-01,1998-03-20,171,5,42,0.9322117947583233,-0.02778235660080583,0.14988494612876702
mid_R__daily_cumulative_level__mid_R_s01_pre_fire__WY1998__r1,mid_R,daily_cumulative_level,mid_R_s01_pre_fire__WY1998,1997-10-01,1998-03-20,171,6,42,0.9172273137751455,-0.02375048357578527,0.14988494612876702
mid_R__daily_cumulative_level__mid_R_s01_pre_fire__WY1998__r1,mid_R,daily_cumulative_level,mid_R_s01_pre_fire__WY1998,1997-10-01,1998-03-20,171,7,42,0.9019254082978093,-0.01895178538135361,0.14988494612876702
mid_R__daily_cumulative_level__mid_R_s01_pre_fire__WY1998__r1,mid_R,daily_cumulative_level,mid_R_s01_pre_fire__WY1998,1997-10-01,1998-03-20,171,8,42,0.886249515616807,-0.021328864774031207,0.14988494612876702
mid_R__daily_cumulative_level__mid_R_s01_pre_fire__WY1998__r1,mid_R,daily_cumulative_level,mid_R_s01_pre_fire__WY1998,1997-10-01,1998-03-20,171,9,42,0.8706820769415915,-0.0022263024732738198,0.14988494612876702
mid_R__daily_cumulative_level__mid_R_s01_pre_fire__WY1998__r1,mid_R,daily_cumulative_level,mid_R_s01_pre_fire__WY1998,1997-10-01,1998-03-20,171,10,42,0.8550882859739819,-0.007977496374750882,0.14988494612876702
mid_R__daily_cumulative_level__mid_R_s01_pre_fire__WY1998__r1,mid_R,daily_cumulative_level,mid_R_s01_pre_fire__WY1998,1997-10-01,1998-03-20,171,11,42,0.839189814486652,-0.019484109861613252,0.14988494612876702
mid_R__daily_cumulative_level__mid_R_s01_pre_fire__WY1998__r1,mid_R,daily_cumulative_level,mid_R_s01_pre_fire__WY1998,1997-10-01,1998-03-20,171,12,42,0.8228827090104317,-0.02390770781252343,0.14988494612876702
mid_R__daily_cumulative_level__mid_R_s01_pre_fire__WY1998__r1,mid_R,daily_cumulative_level,mid_R_s01_pre_fire__WY1998,1997-10-01,1998-03-20,171,13,42,0.8062552797539405,-0.02062553270724063,0.14988494612876702
mid_R__daily_cumulative_level__mid_R_s01_pre_fire__WY1998__r1,mid_R,daily_cumulative_level,mid_R_s01_pre_fire__WY1998,1997-10-01,1998-03-20,171,14,42,0.7892593030890647,-0.02262912845524202,0.14988494612876702
mid_R__daily_cumulative_level__mid_R_s01_pre_fire__WY1998__r1,mid_R,daily_cumulative_level,mid_R_s01_pre_fire__WY1998,1997-10-01,1998-03-20,171,15,42,0.7719051031219353,-0.022105748579150826,0.14988494612876702
mid_R__daily_cumulative_level__mid_R_s01_pre_fire__WY1998__r1,mid_R,daily_cumulative_level,mid_R_s01_pre_fire__WY1998,1997-10-01,1998-03-20,171,16,42,0.7546261785079363,-0.004895846087187987,0.14988494612876702
mid_R__daily_cumulative_level__mid_R_s01_pre_fire__WY1998__r1,mid_R,daily_cumulative_level,mid_R_s01_pre_fire__WY1998,1997-10-01,1998-03-20,171,17,42,0.7371483639380553,-0.015858035651383495,0.14988494612876702
mid_R__daily_cumulative_level__mid_R_s01_pre_fire__WY1998__r1,mid_R,daily_cumulative_level,mid_R_s01_pre_fire__WY1998,1997-10-01,1998-03-20,171,18,42,0.7193724689445951,-0.020019634455442022,0.14988494612876702
mid_R__daily_cumulative_level__mid_R_s01_pre_fire__WY1998__r1,mid_R,daily_cumulative_level,mid_R_s01_pre_fire__WY1998,1997-10-01,1998-03-20,171,19,42,0.7012279204472965,-0.02339226122767533,0.14988494612876702
mid_R__daily_cumulative_level__mid_R_s01_pre_fire__WY1998__r1,mid_R,daily_cumulative_level,mid_R_s01_pre_fire__WY1998,1997-10-01,1998-03-20,171,20,42,0.6827513866902679,-0.022557205593332536,0.14988494612876702
mid_R__daily_cumulative_level__mid_R_s01_pre_fire__WY1998__r1,mid_R,daily_cumulative_level,mid_R_s01_pre_fire__WY1998,1997-10-01,1998-03-20,171,21,42,0.6639985579256383,-0.02044947302726591,0.14988494612876702
mid_R__daily_cumulative_level__mid_R_s01_pre_fire__WY1998__r1,mid_R,daily_cumulative_level,mid_R_s01_pre_fire__WY1998,1997-10-01,1998-03-20,171,22,42,0.644976690039729,-0.02021401997893598,0.14988494612876702
mid_R__daily_cumulative_level__mid_R_s01_pre_fire__WY1998__r1,mid_R,daily_cumulative_level,mid_R_s01_pre_fire__WY1998,1997-10-01,1998-03-20,171,23,42,0.6255749806908665,-0.024963717051577308,0.14988494612876702
mid_R__daily_cumulative_level__mid_R_s01_pre_fire__WY1998__r1,mid_R,daily_cumulative_level,mid_R_s01_pre_fire__WY1998,1997-10-01,1998-03-20,171,24,42,0.605834361985052,-0.02300025374688138,0.14988494612876702
mid_R__daily_cumulative_level__mid_R_s01_pre_fire__WY1998__r1,mid_R,daily_cumulative_level,mid_R_s01_pre_fire__WY1998,1997-10-01,1998-03-20,171,25,42,0.5858153834089154,-0.0208499026771398,0.14988494612876702
mid_R__daily_cumulative_level__mid_R_s01_pre_fire__WY1998__r1,mid_R,daily_cumulative_level,mid_R_s01_pre_fire__WY1998,1997-10-01,1998-03-20,171,26,42,0.5658723394106557,-0.0073169425585437355,0.14988494612876702
mid_R__daily_cumulative_level__mid_R_s01_pre_fire__WY1998__r1,mid_R,daily_cumulative_level,mid_R_s01_pre_fire__WY1998,1997-10-01,1998-03-20,171,27,42,0.5459161906503909,-0.01152209236327397,0.14988494612876702
mid_R__daily_cumulative_level__mid_R_s01_pre_fire__WY1998__r1,mid_R,daily_cumulative_level,mid_R_s01_pre_fire__WY1998,1997-10-01,1998-03-20,171,28,42,0.525763857955464,-0.019267997929256958,0.14988494612876702
mid_R__daily_cumulative_level__mid_R_s01_pre_fire__WY1998__r1,mid_R,daily_cumulative_level,mid_R_s01_pre_fire__WY1998,1997-10-01,1998-03-20,171,29,42,0.5061493626982003,0.00977200131751404,0.14988494612876702
mid_R__daily_cumulative_level__mid_R_s01_pre_fire__WY1998__r1,mid_R,daily_cumulative_level,mid_R_s01_pre_fire__WY1998,1997-10-01,1998-03-20,171,30,42,0.4866067252597301,-0.009271466225873144,0.14988494612876702
mid_R__daily_cumulative_level__mid_R_s01_pre_fire__WY1998__r1,mid_R,daily_cumulative_level,mid_R_s01_pre_fire__WY1998,1997-10-01,1998-03-20,171,31,42,0.4672338451336352,-0.0056420695318533335,0.14988494612876702
mid_R__daily_cumulative_level__mid_R_s01_pre_fire__WY1998__r1,mid_R,daily_cumulative_level,mid_R_s01_pre_fire__WY1998,1997-10-01,1998-03-20,171,32,42,0.44757712528118304,-0.024298827818413592,0.14988494612876702
mid_R__daily_cumulative_level__mid_R_s01_pre_fire__WY1998__r1,mid_R,daily_cumulative_level,mid_R_s01_pre_fire__WY1998,1997-10-01,1998-03-20,171,33,42,0.4277186864886965,-0.021552962702605188,0.14988494612876702
mid_R__daily_cumulative_level__mid_R_s01_pre_fire__WY1998__r1,mid_R,daily_cumulative_level,mid_R_s01_pre_fire__WY1998,1997-10-01,1998-03-20,171,34,42,0.4077265458304949,-0.01855780014108219,0.14988494612876702
mid_R__daily_cumulative_level__mid_R_s01_pre_fire__WY1998__r1,mid_R,daily_cumulative_level,mid_R_s01_pre_fire__WY1998,1997-10-01,1998-03-20,171,35,42,0.3878001354375731,-0.010341745725499016,0.14988494612876702
mid_R__daily_cumulative_level__mid_R_s01_pre_fire__WY1998__r1,mid_R,daily_cumulative_level,mid_R_s01_pre_fire__WY1998,1997-10-01,1998-03-20,171,36,42,0.3684145276755768,0.008290562749826137,0.14988494612876702
mid_R__daily_cumulative_level__mid_R_s01_pre_fire__WY1998__r1,mid_R,daily_cumulative_level,mid_R_s01_pre_fire__WY1998,1997-10-01,1998-03-20,171,37,42,0.3487705826755928,-0.023252467137717812,0.14988494612876702
mid_R__daily_cumulative_level__mid_R_s01_pre_fire__WY1998__r1,mid_R,daily_cumulative_level,mid_R_s01_pre_fire__WY1998,1997-10-01,1998-03-20,171,38,42,0.32922864250255673,-0.009516509728441083,0.14988494612876702
mid_R__daily_cumulative_level__mid_R_s01_pre_fire__WY1998__r1,mid_R,daily_cumulative_level,mid_R_s01_pre_fire__WY1998,1997-10-01,1998-03-20,171,39,42,0.30959251701841406,-0.018112007107783764,0.14988494612876702
mid_R__daily_cumulative_level__mid_R_s01_pre_fire__WY1998__r1,mid_R,daily_cumulative_level,mid_R_s01_pre_fire__WY1998,1997-10-01,1998-03-20,171,40,42,0.29011656157362203,-0.009066683685332266,0.14988494612876702
mid_R__daily_cumulative_level__mid_R_s01_pre_fire__WY1998__r1,mid_R,daily_cumulative_level,mid_R_s01_pre_fire__WY1998,1997-10-01,1998-03-20,171,41,42,0.2703933751029303,-0.02522441338661451,0.14988494612876702
mid_R__daily_cumulative_level__mid_R_s01_pre_fire__WY1998__r1,mid_R,daily_cumulative_level,mid_R_s01_pre_fire__WY1998,1997-10-01,1998-03-20,171,42,42,0.25109621951057143,0.0016365265663886722,0.14988494612876702
mid_R__daily_cumulative_level__mid_R_s01_pre_fire__WY1999__r1,mid_R,daily_cumulative_level,mid_R_s01_pre_fire__WY1999,1998-10-01,1999-04-12,194,0,48,1.0,1.0,0.14071979908907667
mid_R__daily_cumulative_level__mid_R_s01_pre_fire__WY1999__r1,mid_R,daily_cumulative_level,mid_R_s01_pre_fire__WY1999,1998-10-01,1999-04-12,194,1,48,0.9885031171174401,0.9885031171174401,0.14071979908907667
mid_R__daily_cumulative_level__mid_R_s01_pre_fire__WY1999__r1,mid_R,daily_cumulative_level,mid_R_s01_pre_fire__WY1999,1998-10-01,1999-04-12,194,2,48,0.9762780819728673,-0.03763214518431781,0.14071979908907667
mid_R__daily_cumulative_level__mid_R_s01_pre_fire__WY1999__r1,mid_R,daily_cumulative_level,mid_R_s01_pre_fire__WY1999,1998-10-01,1999-04-12,194,3,48,0.9636194915816649,-0.024179210304716342,0.14071979908907667
mid_R__daily_cumulative_level__mid_R_s01_pre_fire__WY1999__r1,mid_R,daily_cumulative_level,mid_R_s01_pre_fire__WY1999,1998-10-01,1999-04-12,194,4,48,0.9506146166818246,-0.020481126887701505,0.14071979908907667
mid_R__daily_cumulative_level__mid_R_s01_pre_fire__WY1999__r1,mid_R,daily_cumulative_level,mid_R_s01_pre_fire__WY1999,1998-10-01,1999-04-12,194,5,48,0.9377508427526962,0.0007393121847866714,0.14071979908907667
mid_R__daily_cumulative_level__mid_R_s01_pre_fire__WY1999__r1,mid_R,daily_cumulative_level,mid_R_s01_pre_fire__WY1999,1998-10-01,1999-04-12,194,6,48,0.9248850919169543,-0.006615990065170912,0.14071979908907667
mid_R__daily_cumulative_level__mid_R_s01_pre_fire__WY1999__r1,mid_R,daily_cumulative_level,mid_R_s01_pre_fire__WY1999,1998-10-01,1999-04-12,194,7,48,0.9118196214572405,-0.01547165253343939,0.14071979908907667
mid_R__daily_cumulative_level__mid_R_s01_pre_fire__WY1999__r1,mid_R,daily_cumulative_level,mid_R_s01_pre_fire__WY1999,1998-10-01,1999-04-12,194,8,48,0.8990872436396741,0.008107948045778647,0.14071979908907667
mid_R__daily_cumulative_level__mid_R_s01_pre_fire__WY1999__r1,mid_R,daily_cumulative_level,mid_R_s01_pre_fire__WY1999,1998-10-01,1999-04-12,194,9,48,0.8862564671771863,-0.011559572342067791,0.14071979908907667
mid_R__daily_cumulative_level__mid_R_s01_pre_fire__WY1999__r1,mid_R,daily_cumulative_level,mid_R_s01_pre_fire__WY1999,1998-10-01,1999-04-12,194,10,48,0.8731664187867825,-0.018168205965387763,0.14071979908907667
mid_R__daily_cumulative_level__mid_R_s01_pre_fire__WY1999__r1,mid_R,daily_cumulative_level,mid_R_s01_pre_fire__WY1999,1998-10-01,1999-04-12,194,11,48,0.8599839988828071,-0.010734515933416787,0.14071979908907667
mid_R__daily_cumulative_level__mid_R_s01_pre_fire__WY1999__r1,mid_R,daily_cumulative_level,mid_R_s01_pre_fire__WY1999,1998-10-01,1999-04-12,194,12,48,0.8466184742625666,-0.014155775860514959,0.14071979908907667
mid_R__daily_cumulative_level__mid_R_s01_pre_fire__WY1999__r1,mid_R,daily_cumulative_level,mid_R_s01_pre_fire__WY1999,1998-10-01,1999-04-12,194,13,48,0.8330759369808849,-0.014073244482406894,0.14071979908907667
mid_R__daily_cumulative_level__mid_R_s01_pre_fire__WY1999__r1,mid_R,daily_cumulative_level,mid_R_s01_pre_fire__WY1999,1998-10-01,1999-04-12,194,14,48,0.8198691356229061,0.007748754424492749,0.14071979908907667
mid_R__daily_cumulative_level__mid_R_s01_pre_fire__WY1999__r1,mid_R,daily_cumulative_level,mid_R_s01_pre_fire__WY1999,1998-10-01,1999-04-12,194,15,48,0.8065912904632833,-0.01056354831348686,0.14071979908907667
mid_R__daily_cumulative_level__mid_R_s01_pre_fire__WY1999__r1,mid_R,daily_cumulative_level,mid_R_s01_pre_fire__WY1999,1998-10-01,1999-04-12,194,16,48,0.7931007352082428,-0.01685339739052906,0.14071979908907667
mid_R__daily_cumulative_level__mid_R_s01_pre_fire__WY1999__r1,mid_R,daily_cumulative_level,mid_R_s01_pre_fire__WY1999,1998-10-01,1999-04-12,194,17,48,0.7793559345101603,-0.018783628162612687,0.14071979908907667
mid_R__daily_cumulative_level__mid_R_s01_pre_fire__WY1999__r1,mid_R,daily_cumulative_level,mid_R_s01_pre_fire__WY1999,1998-10-01,1999-04-12,194,18,48,0.7653735376084526,-0.01676663296660282,0.14071979908907667
mid_R__daily_cumulative_level__mid_R_s01_pre_fire__WY1999__r1,mid_R,daily_cumulative_level,mid_R_s01_pre_fire__WY1999,1998-10-01,1999-04-12,194,19,48,0.7510883135724475,-0.019985204396785434,0.14071979908907667
mid_R__daily_cumulative_level__mid_R_s01_pre_fire__WY1999__r1,mid_R,daily_cumulative_level,mid_R_s01_pre_fire__WY1999,1998-10-01,1999-04-12,194,20,48,0.7364205867370033,-0.024052206715002283,0.14071979908907667
mid_R__daily_cumulative_level__mid_R_s01_pre_fire__WY1999__r1,mid_R,daily_cumulative_level,mid_R_s01_pre_fire__WY1999,1998-10-01,1999-04-12,194,21,48,0.7213086912650751,-0.025770699749155374,0.14071979908907667
mid_R__daily_cumulative_level__mid_R_s01_pre_fire__WY1999__r1,mid_R,daily_cumulative_level,mid_R_s01_pre_fire__WY1999,1998-10-01,1999-04-12,194,22,48,0.7057935972927691,-0.024592510674794135,0.14071979908907667
mid_R__daily_cumulative_level__mid_R_s01_pre_fire__WY1999__r1,mid_R,daily_cumulative_level,mid_R_s01_pre_fire__WY1999,1998-10-01,1999-04-12,194,23,48,0.6899855632025707,-0.020537753747603377,0.14071979908907667
mid_R__daily_cumulative_level__mid_R_s01_pre_fire__WY1999__r1,mid_R,daily_cumulative_level,mid_R_s01_pre_fire__WY1999,1998-10-01,1999-04-12,194,24,48,0.674148748637525,-0.009295023609211379,0.14071979908907667
mid_R__daily_cumulative_level__mid_R_s01_pre_fire__WY1999__r1,mid_R,daily_cumulative_level,mid_R_s01_pre_fire__WY1999,1998-10-01,1999-04-12,194,25,48,0.6582975518270177,-0.009600065132618737,0.14071979908907667
mid_R__daily_cumulative_level__mid_R_s01_pre_fire__WY1999__r1,mid_R,daily_cumulative_level,mid_R_s01_pre_fire__WY1999,1998-10-01,1999-04-12,194,26,48,0.6423022039017844,-0.015909018632521234,0.14071979908907667
mid_R__daily_cumulative_level__mid_R_s01_pre_fire__WY1999__r1,mid_R,daily_cumulative_level,mid_R_s01_pre_fire__WY1999,1998-10-01,1999-04-12,194,27,48,0.626214530026023,-0.013238459193635112,0.14071979908907667
mid_R__daily_cumulative_level__mid_R_s01_pre_fire__WY1999__r1,mid_R,daily_cumulative_level,mid_R_s01_pre_fire__WY1999,1998-10-01,1999-04-12,194,28,48,0.6100050138013797,-0.014709202616333168,0.14071979908907667
mid_R__daily_cumulative_level__mid_R_s01_pre_fire__WY1999__r1,mid_R,daily_cumulative_level,mid_R_s01_pre_fire__WY1999,1998-10-01,1999-04-12,194,29,48,0.593530637196118,-0.021146871983028916,0.14071979908907667
mid_R__daily_cumulative_level__mid_R_s01_pre_fire__WY1999__r1,mid_R,daily_cumulative_level,mid_R_s01_pre_fire__WY1999,1998-10-01,1999-04-12,194,30,48,0.5767891915937613,-0.02131275009338069,0.14071979908907667
mid_R__daily_cumulative_level__mid_R_s01_pre_fire__WY1999__r1,mid_R,daily_cumulative_level,mid_R_s01_pre_fire__WY1999,1998-10-01,1999-04-12,194,31,48,0.559838288282967,-0.018320231369217302,0.14071979908907667
mid_R__daily_cumulative_level__mid_R_s01_pre_fire__WY1999__r1,mid_R,daily_cumulative_level,mid_R_s01_pre_fire__WY1999,1998-10-01,1999-04-12,194,32,48,0.5427633783885559,-0.014861836705312579,0.14071979908907667
mid_R__daily_cumulative_level__mid_R_s01_pre_fire__WY1999__r1,mid_R,daily_cumulative_level,mid_R_s01_pre_fire__WY1999,1998-10-01,1999-04-12,194,33,48,0.5255460241506329,-0.016817105283898154,0.14071979908907667
mid_R__daily_cumulative_level__mid_R_s01_pre_fire__WY1999__r1,mid_R,daily_cumulative_level,mid_R_s01_pre_fire__WY1999,1998-10-01,1999-04-12,194,34,48,0.5081724427953449,-0.017767257186292792,0.14071979908907667
mid_R__daily_cumulative_level__mid_R_s01_pre_fire__WY1999__r1,mid_R,daily_cumulative_level,mid_R_s01_pre_fire__WY1999,1998-10-01,1999-04-12,194,35,48,0.4906707267500053,-0.016589930252448766,0.14071979908907667
mid_R__daily_cumulative_level__mid_R_s01_pre_fire__WY1999__r1,mid_R,daily_cumulative_level,mid_R_s01_pre_fire__WY1999,1998-10-01,1999-04-12,194,36,48,0.47365945686660293,0.010539109049812857,0.14071979908907667
mid_R__daily_cumulative_level__mid_R_s01_pre_fire__WY1999__r1,mid_R,daily_cumulative_level,mid_R_s01_pre_fire__WY1999,1998-10-01,1999-04-12,194,37,48,0.45654969071012014,-0.01610647588536369,0.14071979908907667
mid_R__daily_cumulative_level__mid_R_s01_pre_fire__WY1999__r1,mid_R,daily_cumulative_level,mid_R_s01_pre_fire__WY1999,1998-10-01,1999-04-12,194,38,48,0.43960181853903396,-0.003931771657622292,0.14071979908907667
mid_R__daily_cumulative_level__mid_R_s01_pre_fire__WY1999__r1,mid_R,daily_cumulative_level,mid_R_s01_pre_fire__WY1999,1998-10-01,1999-04-12,194,39,48,0.42252104696701026,-0.01752382220260473,0.14071979908907667
mid_R__daily_cumulative_level__mid_R_s01_pre_fire__WY1999__r1,mid_R,daily_cumulative_level,mid_R_s01_pre_fire__WY1999,1998-10-01,1999-04-12,194,40,48,0.405288014895754,-0.017116563809792814,0.14071979908907667
mid_R__daily_cumulative_level__mid_R_s01_pre_fire__WY1999__r1,mid_R,daily_cumulative_level,mid_R_s01_pre_fire__WY1999,1998-10-01,1999-04-12,194,41,48,0.38793099199999104,-0.016406122489909764,0.14071979908907667
mid_R__daily_cumulative_level__mid_R_s01_pre_fire__WY1999__r1,mid_R,daily_cumulative_level,mid_R_s01_pre_fire__WY1999,1998-10-01,1999-04-12,194,42,48,0.371075485861224,0.010763562331988068,0.14071979908907667
mid_R__daily_cumulative_level__mid_R_s01_pre_fire__WY1999__r1,mid_R,daily_cumulative_level,mid_R_s01_pre_fire__WY1999,1998-10-01,1999-04-12,194,43,48,0.3540730122062461,-0.01832855761270427,0.14071979908907667
mid_R__daily_cumulative_level__mid_R_s01_pre_fire__WY1999__r1,mid_R,daily_cumulative_level,mid_R_s01_pre_fire__WY1999,1998-10-01,1999-04-12,194,44,48,0.3369451435584932,-0.018173415338443164,0.14071979908907667
mid_R__daily_cumulative_level__mid_R_s01_pre_fire__WY1999__r1,mid_R,daily_cumulative_level,mid_R_s01_pre_fire__WY1999,1998-10-01,1999-04-12,194,45,48,0.32022602905871583,0.005764159973927242,0.14071979908907667
mid_R__daily_cumulative_level__mid_R_s01_pre_fire__WY1999__r1,mid_R,daily_cumulative_level,mid_R_s01_pre_fire__WY1999,1998-10-01,1999-04-12,194,46,48,0.30338905686168416,-0.017603653693213508,0.14071979908907667
mid_R__daily_cumulative_level__mid_R_s01_pre_fire__WY1999__r1,mid_R,daily_cumulative_level,mid_R_s01_pre_fire__WY1999,1998-10-01,1999-04-12,194,47,48,0.2864283385629457,-0.018264517187078364,0.14071979908907667
mid_R__daily_cumulative_level__mid_R_s01_pre_fire__WY1999__r1,mid_R,daily_cumulative_level,mid_R_s01_pre_fire__WY1999,1998-10-01,1999-04-12,194,48,48,0.27025468250412615,0.021975660318541968,0.14071979908907667
mid_R__daily_cumulative_level__mid_R_s01_pre_fire__WY2000__r1,mid_R,daily_cumulative_level,mid_R_s01_pre_fire__WY2000,1999-10-01,2000-08-06,311,0,60,1.0,1.0,0.11114140351625357
mid_R__daily_cumulative_level__mid_R_s01_pre_fire__WY2000__r1,mid_R,daily_cumulative_level,mid_R_s01_pre_fire__WY2000,1999-10-01,2000-08-06,311,1,60,0.9942582223163475,0.9942582223163474,0.11114140351625357
mid_R__daily_cumulative_level__mid_R_s01_pre_fire__WY2000__r1,mid_R,daily_cumulative_level,mid_R_s01_pre_fire__WY2000,1999-10-01,2000-08-06,311,2,60,0.988201411367997,-0.03039156550114224,0.11114140351625357
mid_R__daily_cumulative_level__mid_R_s01_pre_fire__WY2000__r1,mid_R,daily_cumulative_level,mid_R_s01_pre_fire__WY2000,1999-10-01,2000-08-06,311,3,60,0.9819935999654923,-0.01549473024563163,0.11114140351625357
mid_R__daily_cumulative_level__mid_R_s01_pre_fire__WY2000__r1,mid_R,daily_cumulative_level,mid_R_s01_pre_fire__WY2000,1999-10-01,2000-08-06,311,4,60,0.9756591079610063,-0.013514035221640408,0.11114140351625357
mid_R__daily_cumulative_level__mid_R_s01_pre_fire__WY2000__r1,mid_R,daily_cumulative_level,mid_R_s01_pre_fire__WY2000,1999-10-01,2000-08-06,311,5,60,0.9691666173621502,-0.016286271838452406,0.11114140351625357
mid_R__daily_cumulative_level__mid_R_s01_pre_fire__WY2000__r1,mid_R,daily_cumulative_level,mid_R_s01_pre_fire__WY2000,1999-10-01,2000-08-06,311,6,60,0.9625558792342526,-0.012657877749965938,0.11114140351625357
mid_R__daily_cumulative_level__mid_R_s01_pre_fire__WY2000__r1,mid_R,daily_cumulative_level,mid_R_s01_pre_fire__WY2000,1999-10-01,2000-08-06,311,7,60,0.9558121887406498,-0.014038551149964818,0.11114140351625357
mid_R__daily_cumulative_level__mid_R_s01_pre_fire__WY2000__r1,mid_R,daily_cumulative_level,mid_R_s01_pre_fire__WY2000,1999-10-01,2000-08-06,311,8,60,0.9489487982775567,-0.012822812015020507,0.11114140351625357
mid_R__daily_cumulative_level__mid_R_s01_pre_fire__WY2000__r1,mid_R,daily_cumulative_level,mid_R_s01_pre_fire__WY2000,1999-10-01,2000-08-06,311,9,60,0.9419519901083305,-0.014041392631078132,0.11114140351625357
mid_R__daily_cumulative_level__mid_R_s01_pre_fire__WY2000__r1,mid_R,daily_cumulative_level,mid_R_s01_pre_fire__WY2000,1999-10-01,2000-08-06,311,10,60,0.934794719459725,-0.01636609276169457,0.11114140351625357
mid_R__daily_cumulative_level__mid_R_s01_pre_fire__WY2000__r1,mid_R,daily_cumulative_level,mid_R_s01_pre_fire__WY2000,1999-10-01,2000-08-06,311,11,60,0.9274838907729124,-0.01562831591092894,0.11114140351625357
mid_R__daily_cumulative_level__mid_R_s01_pre_fire__WY2000__r1,mid_R,daily_cumulative_level,mid_R_s01_pre_fire__WY2000,1999-10-01,2000-08-06,311,12,60,0.9200509666137301,-0.01286469027842616,0.11114140351625357
mid_R__daily_cumulative_level__mid_R_s01_pre_fire__WY2000__r1,mid_R,daily_cumulative_level,mid_R_s01_pre_fire__WY2000,1999-10-01,2000-08-06,311,13,60,0.9125306675212352,-0.009914083768859775,0.11114140351625357
mid_R__daily_cumulative_level__mid_R_s01_pre_fire__WY2000__r1,mid_R,daily_cumulative_level,mid_R_s01_pre_fire__WY2000,1999-10-01,2000-08-06,311,14,60,0.9048599795083617,-0.01557420705806378,0.11114140351625357
mid_R__daily_cumulative_level__mid_R_s01_pre_fire__WY2000__r1,mid_R,daily_cumulative_level,mid_R_s01_pre_fire__WY2000,1999-10-01,2000-08-06,311,15,60,0.8970316004539038,-0.01603075008243885,0.11114140351625357
mid_R__daily_cumulative_level__mid_R_s01_pre_fire__WY2000__r1,mid_R,daily_cumulative_level,mid_R_s01_pre_fire__WY2000,1999-10-01,2000-08-06,311,16,60,0.8891044479175524,-0.01082300232491587,0.11114140351625357
mid_R__daily_cumulative_level__mid_R_s01_pre_fire__WY2000__r1,mid_R,daily_cumulative_level,mid_R_s01_pre_fire__WY2000,1999-10-01,2000-08-06,311,17,60,0.8811000938775816,-0.00915568851806429,0.11114140351625357
mid_R__daily_cumulative_level__mid_R_s01_pre_fire__WY2000__r1,mid_R,daily_cumulative_level,mid_R_s01_pre_fire__WY2000,1999-10-01,2000-08-06,311,18,60,0.8730245581844019,-0.008727663451873785,0.11114140351625357
mid_R__daily_cumulative_level__mid_R_s01_pre_fire__WY2000__r1,mid_R,daily_cumulative_level,mid_R_s01_pre_fire__WY2000,1999-10-01,2000-08-06,311,19,60,0.8648725066950437,-0.009277610494512407,0.11114140351625357
mid_R__daily_cumulative_level__mid_R_s01_pre_fire__WY2000__r1,mid_R,daily_cumulative_level,mid_R_s01_pre_fire__WY2000,1999-10-01,2000-08-06,311,20,60,0.8565974795018427,-0.013412345799936422,0.11114140351625357
mid_R__daily_cumulative_level__mid_R_s01_pre_fire__WY2000__r1,mid_R,daily_cumulative_level,mid_R_s01_pre_fire__WY2000,1999-10-01,2000-08-06,311,21,60,0.848142526824466,-0.018315262799260965,0.11114140351625357
mid_R__daily_cumulative_level__mid_R_s01_pre_fire__WY2000__r1,mid_R,daily_cumulative_level,mid_R_s01_pre_fire__WY2000,1999-10-01,2000-08-06,311,22,60,0.8395468664369037,-0.014708886591869471,0.11114140351625357
mid_R__daily_cumulative_level__mid_R_s01_pre_fire__WY2000__r1,mid_R,daily_cumulative_level,mid_R_s01_pre_fire__WY2000,1999-10-01,2000-08-06,311,23,60,0.8308670174496801,-0.00984136128189848,0.11114140351625357
mid_R__daily_cumulative_level__mid_R_s01_pre_fire__WY2000__r1,mid_R,daily_cumulative_level,mid_R_s01_pre_fire__WY2000,1999-10-01,2000-08-06,311,24,60,0.822066743891946,-0.013211237296514676,0.11114140351625357
mid_R__daily_cumulative_level__mid_R_s01_pre_fire__WY2000__r1,mid_R,daily_cumulative_level,mid_R_s01_pre_fire__WY2000,1999-10-01,2000-08-06,311,25,60,0.8131210323756526,-0.01535972872169049,0.11114140351625357
mid_R__daily_cumulative_level__mid_R_s01_pre_fire__WY2000__r1,mid_R,daily_cumulative_level,mid_R_s01_pre_fire__WY2000,1999-10-01,2000-08-06,311,26,60,0.8040737257469063,-0.01154181975026529,0.11114140351625357
mid_R__daily_cumulative_level__mid_R_s01_pre_fire__WY2000__r1,mid_R,daily_cumulative_level,mid_R_s01_pre_fire__WY2000,1999-10-01,2000-08-06,311,27,60,0.7951411799019404,0.007249775206827395,0.11114140351625357
mid_R__daily_cumulative_level__mid_R_s01_pre_fire__WY2000__r1,mid_R,daily_cumulative_level,mid_R_s01_pre_fire__WY2000,1999-10-01,2000-08-06,311,28,60,0.7863891464169717,0.012262790657932593,0.11114140351625357
mid_R__daily_cumulative_level__mid_R_s01_pre_fire__WY2000__r1,mid_R,daily_cumulative_level,mid_R_s01_pre_fire__WY2000,1999-10-01,2000-08-06,311,29,60,0.7775277637116442,-0.013636355336460274,0.11114140351625357
mid_R__daily_cumulative_level__mid_R_s01_pre_fire__WY2000__r1,mid_R,daily_cumulative_level,mid_R_s01_pre_fire__WY2000,1999-10-01,2000-08-06,311,30,60,0.7685329900684347,-0.014976669162309117,0.11114140351625357
mid_R__daily_cumulative_level__mid_R_s01_pre_fire__WY2000__r1,mid_R,daily_cumulative_level,mid_R_s01_pre_fire__WY2000,1999-10-01,2000-08-06,311,31,60,0.7594575554844569,-0.010333938477003826,0.11114140351625357
mid_R__daily_cumulative_level__mid_R_s01_pre_fire__WY2000__r1,mid_R,daily_cumulative_level,mid_R_s01_pre_fire__WY2000,1999-10-01,2000-08-06,311,32,60,0.7503375926612894,-0.007438430685613252,0.11114140351625357
mid_R__daily_cumulative_level__mid_R_s01_pre_fire__WY2000__r1,mid_R,daily_cumulative_level,mid_R_s01_pre_fire__WY2000,1999-10-01,2000-08-06,311,33,60,0.7411440318254517,-0.010066342790560774,0.11114140351625357
mid_R__daily_cumulative_level__mid_R_s01_pre_fire__WY2000__r1,mid_R,daily_cumulative_level,mid_R_s01_pre_fire__WY2000,1999-10-01,2000-08-06,311,34,60,0.7318233435910213,-0.014682902076379649,0.11114140351625357
mid_R__daily_cumulative_level__mid_R_s01_pre_fire__WY2000__r1,mid_R,daily_cumulative_level,mid_R_s01_pre_fire__WY2000,1999-10-01,2000-08-06,311,35,60,0.7223357900798156,-0.018047329602055927,0.11114140351625357
mid_R__daily_cumulative_level__mid_R_s01_pre_fire__WY2000__r1,mid_R,daily_cumulative_level,mid_R_s01_pre_fire__WY2000,1999-10-01,2000-08-06,311,36,60,0.7127416589352046,-0.012924884160335695,0.11114140351625357
mid_R__daily_cumulative_level__mid_R_s01_pre_fire__WY2000__r1,mid_R,daily_cumulative_level,mid_R_s01_pre_fire__WY2000,1999-10-01,2000-08-06,311,37,60,0.7030694509200053,-0.010785053576213404,0.11114140351625357
mid_R__daily_cumulative_level__mid_R_s01_pre_fire__WY2000__r1,mid_R,daily_cumulative_level,mid_R_s01_pre_fire__WY2000,1999-10-01,2000-08-06,311,38,60,0.6936297258300572,0.016552848098421228,0.11114140351625357
mid_R__daily_cumulative_level__mid_R_s01_pre_fire__WY2000__r1,mid_R,daily_cumulative_level,mid_R_s01_pre_fire__WY2000,1999-10-01,2000-08-06,311,39,60,0.6842131894653519,-0.0026978825118119873,0.11114140351625357
mid_R__daily_cumulative_level__mid_R_s01_pre_fire__WY2000__r1,mid_R,daily_cumulative_level,mid_R_s01_pre_fire__WY2000,1999-10-01,2000-08-06,311,40,60,0.6747446375298262,-0.009074518305146934,0.11114140351625357
mid_R__daily_cumulative_level__mid_R_s01_pre_fire__WY2000__r1,mid_R,daily_cumulative_level,mid_R_s01_pre_fire__WY2000,1999-10-01,2000-08-06,311,41,60,0.6652202896156624,-0.009530482376719862,0.11114140351625357
mid_R__daily_cumulative_level__mid_R_s01_pre_fire__WY2000__r1,mid_R,daily_cumulative_level,mid_R_s01_pre_fire__WY2000,1999-10-01,2000-08-06,311,42,60,0.6556405733276951,-0.009539099511637136,0.11114140351625357
mid_R__daily_cumulative_level__mid_R_s01_pre_fire__WY2000__r1,mid_R,daily_cumulative_level,mid_R_s01_pre_fire__WY2000,1999-10-01,2000-08-06,311,43,60,0.6459748174039966,-0.01179308744537856,0.11114140351625357
mid_R__daily_cumulative_level__mid_R_s01_pre_fire__WY2000__r1,mid_R,daily_cumulative_level,mid_R_s01_pre_fire__WY2000,1999-10-01,2000-08-06,311,44,60,0.6362455588038253,-0.00966780245076855,0.11114140351625357
mid_R__daily_cumulative_level__mid_R_s01_pre_fire__WY2000__r1,mid_R,daily_cumulative_level,mid_R_s01_pre_fire__WY2000,1999-10-01,2000-08-06,311,45,60,0.6264602799141142,-0.009178067336212561,0.11114140351625357
mid_R__daily_cumulative_level__mid_R_s01_pre_fire__WY2000__r1,mid_R,daily_cumulative_level,mid_R_s01_pre_fire__WY2000,1999-10-01,2000-08-06,311,46,60,0.6166548402357479,-0.0064850610644227435,0.11114140351625357
mid_R__daily_cumulative_level__mid_R_s01_pre_fire__WY2000__r1,mid_R,daily_cumulative_level,mid_R_s01_pre_fire__WY2000,1999-10-01,2000-08-06,311,47,60,0.6070869532460332,0.015494233260193585,0.11114140351625357
mid_R__daily_cumulative_level__mid_R_s01_pre_fire__WY2000__r1,mid_R,daily_cumulative_level,mid_R_s01_pre_fire__WY2000,1999-10-01,2000-08-06,311,48,60,0.5974975537367785,-0.00823543875453745,0.11114140351625357
mid_R__daily_cumulative_level__mid_R_s01_pre_fire__WY2000__r1,mid_R,daily_cumulative_level,mid_R_s01_pre_fire__WY2000,1999-10-01,2000-08-06,311,49,60,0.5878662721214394,-0.008947390515545849,0.11114140351625357
mid_R__daily_cumulative_level__mid_R_s01_pre_fire__WY2000__r1,mid_R,daily_cumulative_level,mid_R_s01_pre_fire__WY2000,1999-10-01,2000-08-06,311,50,60,0.5784303479165549,0.012172538654962158,0.11114140351625357
mid_R__daily_cumulative_level__mid_R_s01_pre_fire__WY2000__r1,mid_R,daily_cumulative_level,mid_R_s01_pre_fire__WY2000,1999-10-01,2000-08-06,311,51,60,0.5689771815772589,-0.008165111396433894,0.11114140351625357
mid_R__daily_cumulative_level__mid_R_s01_pre_fire__WY2000__r1,mid_R,daily_cumulative_level,mid_R_s01_pre_fire__WY2000,1999-10-01,2000-08-06,311,52,60,0.5594761365775202,-0.010426313956379316,0.11114140351625357
mid_R__daily_cumulative_level__mid_R_s01_pre_fire__WY2000__r1,mid_R,daily_cumulative_level,mid_R_s01_pre_fire__WY2000,1999-10-01,2000-08-06,311,53,60,0.5499397027989124,-0.008431732710177133,0.11114140351625357
mid_R__daily_cumulative_level__mid_R_s01_pre_fire__WY2000__r1,mid_R,daily_cumulative_level,mid_R_s01_pre_fire__WY2000,1999-10-01,2000-08-06,311,54,60,0.5403648595222593,-0.00805399406185187,0.11114140351625357
mid_R__daily_cumulative_level__mid_R_s01_pre_fire__WY2000__r1,mid_R,daily_cumulative_level,mid_R_s01_pre_fire__WY2000,1999-10-01,2000-08-06,311,55,60,0.5307557356610986,-0.008022681026969548,0.11114140351625357
mid_R__daily_cumulative_level__mid_R_s01_pre_fire__WY2000__r1,mid_R,daily_cumulative_level,mid_R_s01_pre_fire__WY2000,1999-10-01,2000-08-06,311,56,60,0.5211001304470754,-0.010133639127275447,0.11114140351625357
mid_R__daily_cumulative_level__mid_R_s01_pre_fire__WY2000__r1,mid_R,daily_cumulative_level,mid_R_s01_pre_fire__WY2000,1999-10-01,2000-08-06,311,57,60,0.5113964775451225,-0.010381627702420553,0.11114140351625357
mid_R__daily_cumulative_level__mid_R_s01_pre_fire__WY2000__r1,mid_R,daily_cumulative_level,mid_R_s01_pre_fire__WY2000,1999-10-01,2000-08-06,311,58,60,0.5016619252403254,-0.008792424515794766,0.11114140351625357
mid_R__daily_cumulative_level__mid_R_s01_pre_fire__WY2000__r1,mid_R,daily_cumulative_level,mid_R_s01_pre_fire__WY2000,1999-10-01,2000-08-06,311,59,60,0.49189216464051033,-0.009154978418746636,0.11114140351625357
mid_R__daily_cumulative_level__mid_R_s01_pre_fire__WY2000__r1,mid_R,daily_cumulative_level,mid_R_s01_pre_fire__WY2000,1999-10-01,2000-08-06,311,60,60,0.4820475999629824,-0.0130652735815491,0.11114140351625357
mid_R__daily_cumulative_level__mid_R_s01_pre_fire__WY2001__r2,mid_R,daily_cumulative_level,mid_R_s01_pre_fire__WY2001,2000-12-15,2001-09-30,290,0,60,1.0,1.0,0.11509516302488187
mid_R__daily_cumulative_level__mid_R_s01_pre_fire__WY2001__r2,mid_R,daily_cumulative_level,mid_R_s01_pre_fire__WY2001,2000-12-15,2001-09-30,290,1,60,0.9913398913798109,0.9913398913798108,0.11509516302488187
mid_R__daily_cumulative_level__mid_R_s01_pre_fire__WY2001__r2,mid_R,daily_cumulative_level,mid_R_s01_pre_fire__WY2001,2000-12-15,2001-09-30,290,2,60,0.9821363176846898,-0.03586283995716746,0.11509516302488187
mid_R__daily_cumulative_level__mid_R_s01_pre_fire__WY2001__r2,mid_R,daily_cumulative_level,mid_R_s01_pre_fire__WY2001,2000-12-15,2001-09-30,290,3,60,0.972623575704099,-0.021612934980273092,0.11509516302488187
mid_R__daily_cumulative_level__mid_R_s01_pre_fire__WY2001__r2,mid_R,daily_cumulative_level,mid_R_s01_pre_fire__WY2001,2000-12-15,2001-09-30,290,4,60,0.9628775370362533,-0.017300209760701075,0.11509516302488187
mid_R__daily_cumulative_level__mid_R_s01_pre_fire__WY2001__r2,mid_R,daily_cumulative_level,mid_R_s01_pre_fire__WY2001,2000-12-15,2001-09-30,290,5,60,0.9529824028570133,-0.012541295614339509,0.11509516302488187
mid_R__daily_cumulative_level__mid_R_s01_pre_fire__WY2001__r2,mid_R,daily_cumulative_level,mid_R_s01_pre_fire__WY2001,2000-12-15,2001-09-30,290,6,60,0.9429746802838425,-0.010682705343967182,0.11509516302488187
mid_R__daily_cumulative_level__mid_R_s01_pre_fire__WY2001__r2,mid_R,daily_cumulative_level,mid_R_s01_pre_fire__WY2001,2000-12-15,2001-09-30,290,7,60,0.933193119619391,0.008791773831084886,0.11509516302488187
mid_R__daily_cumulative_level__mid_R_s01_pre_fire__WY2001__r2,mid_R,daily_cumulative_level,mid_R_s01_pre_fire__WY2001,2000-12-15,2001-09-30,290,8,60,0.9232366978321497,-0.01563063838934791,0.11509516302488187
mid_R__daily_cumulative_level__mid_R_s01_pre_fire__WY2001__r2,mid_R,daily_cumulative_level,mid_R_s01_pre_fire__WY2001,2000-12-15,2001-09-30,290,9,60,0.913088592989266,-0.01593084754733749,0.11509516302488187
mid_R__daily_cumulative_level__mid_R_s01_pre_fire__WY2001__r2,mid_R,daily_cumulative_level,mid_R_s01_pre_fire__WY2001,2000-12-15,2001-09-30,290,10,60,0.9027595990587397,-0.015070579630174379,0.11509516302488187
mid_R__daily_cumulative_level__mid_R_s01_pre_fire__WY2001__r2,mid_R,daily_cumulative_level,mid_R_s01_pre_fire__WY2001,2000-12-15,2001-09-30,290,11,60,0.8922234196881059,-0.016437067075004915,0.11509516302488187
mid_R__daily_cumulative_level__mid_R_s01_pre_fire__WY2001__r2,mid_R,daily_cumulative_level,mid_R_s01_pre_fire__WY2001,2000-12-15,2001-09-30,290,12,60,0.8814366144098444,-0.018873680213239822,0.11509516302488187
mid_R__daily_cumulative_level__mid_R_s01_pre_fire__WY2001__r2,mid_R,daily_cumulative_level,mid_R_s01_pre_fire__WY2001,2000-12-15,2001-09-30,290,13,60,0.8702968567293584,-0.024358789802481986,0.11509516302488187
mid_R__daily_cumulative_level__mid_R_s01_pre_fire__WY2001__r2,mid_R,daily_cumulative_level,mid_R_s01_pre_fire__WY2001,2000-12-15,2001-09-30,290,14,60,0.8587925233583249,-0.02533115973148133,0.11509516302488187
mid_R__daily_cumulative_level__mid_R_s01_pre_fire__WY2001__r2,mid_R,daily_cumulative_level,mid_R_s01_pre_fire__WY2001,2000-12-15,2001-09-30,290,15,60,0.8470917076923294,-0.015458529540729694,0.11509516302488187
mid_R__daily_cumulative_level__mid_R_s01_pre_fire__WY2001__r2,mid_R,daily_cumulative_level,mid_R_s01_pre_fire__WY2001,2000-12-15,2001-09-30,290,16,60,0.8352625564077593,-0.011908974065780112,0.11509516302488187
mid_R__daily_cumulative_level__mid_R_s01_pre_fire__WY2001__r2,mid_R,daily_cumulative_level,mid_R_s01_pre_fire__WY2001,2000-12-15,2001-09-30,290,17,60,0.8233316055240089,-0.010855099767670282,0.11509516302488187
mid_R__daily_cumulative_level__mid_R_s01_pre_fire__WY2001__r2,mid_R,daily_cumulative_level,mid_R_s01_pre_fire__WY2001,2000-12-15,2001-09-30,290,18,60,0.8112586720229938,-0.013628838610513424,0.11509516302488187
mid_R__daily_cumulative_level__mid_R_s01_pre_fire__WY2001__r2,mid_R,daily_cumulative_level,mid_R_s01_pre_fire__WY2001,2000-12-15,2001-09-30,290,19,60,0.7990729577801822,-0.012198038521655352,0.11509516302488187
mid_R__daily_cumulative_level__mid_R_s01_pre_fire__WY2001__r2,mid_R,daily_cumulative_level,mid_R_s01_pre_fire__WY2001,2000-12-15,2001-09-30,290,20,60,0.7868163630575157,-0.009848242951683888,0.11509516302488187
mid_R__daily_cumulative_level__mid_R_s01_pre_fire__WY2001__r2,mid_R,daily_cumulative_level,mid_R_s01_pre_fire__WY2001,2000-12-15,2001-09-30,290,21,60,0.7743724903977812,-0.016354671183580666,0.11509516302488187
mid_R__daily_cumulative_level__mid_R_s01_pre_fire__WY2001__r2,mid_R,daily_cumulative_level,mid_R_s01_pre_fire__WY2001,2000-12-15,2001-09-30,290,22,60,0.7618303757984118,-0.010848033591026771,0.11509516302488187
mid_R__daily_cumulative_level__mid_R_s01_pre_fire__WY2001__r2,mid_R,daily_cumulative_level,mid_R_s01_pre_fire__WY2001,2000-12-15,2001-09-30,290,23,60,0.7492616006821768,-0.0068709460105678775,0.11509516302488187
mid_R__daily_cumulative_level__mid_R_s01_pre_fire__WY2001__r2,mid_R,daily_cumulative_level,mid_R_s01_pre_fire__WY2001,2000-12-15,2001-09-30,290,24,60,0.7366286642474653,-0.009442544516234401,0.11509516302488187
mid_R__daily_cumulative_level__mid_R_s01_pre_fire__WY2001__r2,mid_R,daily_cumulative_level,mid_R_s01_pre_fire__WY2001,2000-12-15,2001-09-30,290,25,60,0.7240960083318889,0.0001755056983545195,0.11509516302488187
mid_R__daily_cumulative_level__mid_R_s01_pre_fire__WY2001__r2,mid_R,daily_cumulative_level,mid_R_s01_pre_fire__WY2001,2000-12-15,2001-09-30,290,26,60,0.7115093372764378,-0.009254086627722381,0.11509516302488187
mid_R__daily_cumulative_level__mid_R_s01_pre_fire__WY2001__r2,mid_R,daily_cumulative_level,mid_R_s01_pre_fire__WY2001,2000-12-15,2001-09-30,290,27,60,0.6997033092877031,0.03921580917287991,0.11509516302488187
mid_R__daily_cumulative_level__mid_R_s01_pre_fire__WY2001__r2,mid_R,daily_cumulative_level,mid_R_s01_pre_fire__WY2001,2000-12-15,2001-09-30,290,28,60,0.6885199255418614,0.027940578794155107,0.11509516302488187
mid_R__daily_cumulative_level__mid_R_s01_pre_fire__WY2001__r2,mid_R,daily_cumulative_level,mid_R_s01_pre_fire__WY2001,2000-12-15,2001-09-30,290,29,60,0.6772836388076952,-0.011838191815704543,0.11509516302488187
mid_R__daily_cumulative_level__mid_R_s01_pre_fire__WY2001__r2,mid_R,daily_cumulative_level,mid_R_s01_pre_fire__WY2001,2000-12-15,2001-09-30,290,30,60,0.6659177331658591,-0.015102817615219559,0.11509516302488187
mid_R__daily_cumulative_level__mid_R_s01_pre_fire__WY2001__r2,mid_R,daily_cumulative_level,mid_R_s01_pre_fire__WY2001,2000-12-15,2001-09-30,290,31,60,0.6544435813451913,-0.012625914170802402,0.11509516302488187
mid_R__daily_cumulative_level__mid_R_s01_pre_fire__WY2001__r2,mid_R,daily_cumulative_level,mid_R_s01_pre_fire__WY2001,2000-12-15,2001-09-30,290,32,60,0.642883636636926,-0.011379515347627043,0.11509516302488187
mid_R__daily_cumulative_level__mid_R_s01_pre_fire__WY2001__r2,mid_R,daily_cumulative_level,mid_R_s01_pre_fire__WY2001,2000-12-15,2001-09-30,290,33,60,0.6312020267944242,-0.011575848782865274,0.11509516302488187
mid_R__daily_cumulative_level__mid_R_s01_pre_fire__WY2001__r2,mid_R,daily_cumulative_level,mid_R_s01_pre_fire__WY2001,2000-12-15,2001-09-30,290,34,60,0.619288429888834,-0.01892590969142105,0.11509516302488187
mid_R__daily_cumulative_level__mid_R_s01_pre_fire__WY2001__r2,mid_R,daily_cumulative_level,mid_R_s01_pre_fire__WY2001,2000-12-15,2001-09-30,290,35,60,0.6072020758712975,-0.017395024966622312,0.11509516302488187
mid_R__daily_cumulative_level__mid_R_s01_pre_fire__WY2001__r2,mid_R,daily_cumulative_level,mid_R_s01_pre_fire__WY2001,2000-12-15,2001-09-30,290,36,60,0.5950239582930928,-0.0129838999734461,0.11509516302488187
mid_R__daily_cumulative_level__mid_R_s01_pre_fire__WY2001__r2,mid_R,daily_cumulative_level,mid_R_s01_pre_fire__WY2001,2000-12-15,2001-09-30,290,37,60,0.5827881218859639,-0.011334301908948286,0.11509516302488187
mid_R__daily_cumulative_level__mid_R_s01_pre_fire__WY2001__r2,mid_R,daily_cumulative_level,mid_R_s01_pre_fire__WY2001,2000-12-15,2001-09-30,290,38,60,0.5704328312295824,-0.015495103919739692,0.11509516302488187
mid_R__daily_cumulative_level__mid_R_s01_pre_fire__WY2001__r2,mid_R,daily_cumulative_level,mid_R_s01_pre_fire__WY2001,2000-12-15,2001-09-30,290,39,60,0.5579631452442056,-0.01588940546347524,0.11509516302488187
mid_R__daily_cumulative_level__mid_R_s01_pre_fire__WY2001__r2,mid_R,daily_cumulative_level,mid_R_s01_pre_fire__WY2001,2000-12-15,2001-09-30,290,40,60,0.5459847866561123,0.018750022840290235,0.11509516302488187
mid_R__daily_cumulative_level__mid_R_s01_pre_fire__WY2001__r2,mid_R,daily_cumulative_level,mid_R_s01_pre_fire__WY2001,2000-12-15,2001-09-30,290,41,60,0.5343884603970673,0.012015471913095268,0.11509516302488187
mid_R__daily_cumulative_level__mid_R_s01_pre_fire__WY2001__r2,mid_R,daily_cumulative_level,mid_R_s01_pre_fire__WY2001,2000-12-15,2001-09-30,290,42,60,0.5225639540985751,-0.02279003205870823,0.11509516302488187
mid_R__daily_cumulative_level__mid_R_s01_pre_fire__WY2001__r2,mid_R,daily_cumulative_level,mid_R_s01_pre_fire__WY2001,2000-12-15,2001-09-30,290,43,60,0.5112426896552118,0.021797283052826636,0.11509516302488187
mid_R__daily_cumulative_level__mid_R_s01_pre_fire__WY2001__r2,mid_R,daily_cumulative_level,mid_R_s01_pre_fire__WY2001,2000-12-15,2001-09-30,290,44,60,0.49985921750459733,-0.01282776286134613,0.11509516302488187
mid_R__daily_cumulative_level__mid_R_s01_pre_fire__WY2001__r2,mid_R,daily_cumulative_level,mid_R_s01_pre_fire__WY2001,2000-12-15,2001-09-30,290,45,60,0.48827007502919445,-0.020409260072482525,0.11509516302488187
mid_R__daily_cumulative_level__mid_R_s01_pre_fire__WY2001__r2,mid_R,daily_cumulative_level,mid_R_s01_pre_fire__WY2001,2000-12-15,2001-09-30,290,46,60,0.47652357065030365,-0.015111514275027028,0.11509516302488187
mid_R__daily_cumulative_level__mid_R_s01_pre_fire__WY2001__r2,mid_R,daily_cumulative_level,mid_R_s01_pre_fire__WY2001,2000-12-15,2001-09-30,290,47,60,0.46448039639401023,-0.024029296555386794,0.11509516302488187
mid_R__daily_cumulative_level__mid_R_s01_pre_fire__WY2001__r2,mid_R,daily_cumulative_level,mid_R_s01_pre_fire__WY2001,2000-12-15,2001-09-30,290,48,60,0.4522338620889598,-0.01999759074450804,0.11509516302488187
mid_R__daily_cumulative_level__mid_R_s01_pre_fire__WY2001__r2,mid_R,daily_cumulative_level,mid_R_s01_pre_fire__WY2001,2000-12-15,2001-09-30,290,49,60,0.4398731017171569,-0.01244210126077844,0.11509516302488187
mid_R__daily_cumulative_level__mid_R_s01_pre_fire__WY2001__r2,mid_R,daily_cumulative_level,mid_R_s01_pre_fire__WY2001,2000-12-15,2001-09-30,290,50,60,0.4274335854506238,-0.012520399304332318,0.11509516302488187
mid_R__daily_cumulative_level__mid_R_s01_pre_fire__WY2001__r2,mid_R,daily_cumulative_level,mid_R_s01_pre_fire__WY2001,2000-12-15,2001-09-30,290,51,60,0.4148908725490015,-0.014058839103396309,0.11509516302488187
mid_R__daily_cumulative_level__mid_R_s01_pre_fire__WY2001__r2,mid_R,daily_cumulative_level,mid_R_s01_pre_fire__WY2001,2000-12-15,2001-09-30,290,52,60,0.40227532991961157,-0.01288605612536045,0.11509516302488187
mid_R__daily_cumulative_level__mid_R_s01_pre_fire__WY2001__r2,mid_R,daily_cumulative_level,mid_R_s01_pre_fire__WY2001,2000-12-15,2001-09-30,290,53,60,0.38956696473313807,-0.013392107296742081,0.11509516302488187
mid_R__daily_cumulative_level__mid_R_s01_pre_fire__WY2001__r2,mid_R,daily_cumulative_level,mid_R_s01_pre_fire__WY2001,2000-12-15,2001-09-30,290,54,60,0.37663960841270555,-0.018851030508797044,0.11509516302488187
mid_R__daily_cumulative_level__mid_R_s01_pre_fire__WY2001__r2,mid_R,daily_cumulative_level,mid_R_s01_pre_fire__WY2001,2000-12-15,2001-09-30,290,55,60,0.36375301664994497,-0.005105416130254699,0.11509516302488187
mid_R__daily_cumulative_level__mid_R_s01_pre_fire__WY2001__r2,mid_R,daily_cumulative_level,mid_R_s01_pre_fire__WY2001,2000-12-15,2001-09-30,290,56,60,0.35071775199790484,-0.018656288494678944,0.11509516302488187
mid_R__daily_cumulative_level__mid_R_s01_pre_fire__WY2001__r2,mid_R,daily_cumulative_level,mid_R_s01_pre_fire__WY2001,2000-12-15,2001-09-30,290,57,60,0.33762923796001626,-0.01264708095826345,0.11509516302488187
mid_R__daily_cumulative_level__mid_R_s01_pre_fire__WY2001__r2,mid_R,daily_cumulative_level,mid_R_s01_pre_fire__WY2001,2000-12-15,2001-09-30,290,58,60,0.3244868964071885,-0.012357162399411384,0.11509516302488187
mid_R__daily_cumulative_level__mid_R_s01_pre_fire__WY2001__r2,mid_R,daily_cumulative_level,mid_R_s01_pre_fire__WY2001,2000-12-15,2001-09-30,290,59,60,0.31114825343212904,-0.020432683725632828,0.11509516302488187
mid_R__daily_cumulative_level__mid_R_s01_pre_fire__WY2001__r2,mid_R,daily_cumulative_level,mid_R_s01_pre_fire__WY2001,2000-12-15,2001-09-30,290,60,60,0.2978746172517367,-0.006465715845651217,0.11509516302488187
mid_R__daily_cumulative_level__mid_R_s02_post_fire__WY2003__r3,mid_R,daily_cumulative_level,mid_R_s02_post_fire__WY2003,2003-02-24,2003-09-30,219,0,54,1.0,1.0,0.13244452616629923
mid_R__daily_cumulative_level__mid_R_s02_post_fire__WY2003__r3,mid_R,daily_cumulative_level,mid_R_s02_post_fire__WY2003,2003-02-24,2003-09-30,219,1,54,0.9865267040480196,0.9865267040480195,0.13244452616629923
mid_R__daily_cumulative_level__mid_R_s02_post_fire__WY2003__r3,mid_R,daily_cumulative_level,mid_R_s02_post_fire__WY2003,2003-02-24,2003-09-30,219,2,54,0.9723049541732072,-0.034746178420465734,0.13244452616629923
mid_R__daily_cumulative_level__mid_R_s02_post_fire__WY2003__r3,mid_R,daily_cumulative_level,mid_R_s02_post_fire__WY2003,2003-02-24,2003-09-30,219,3,54,0.9581422870320211,-0.004233872373014811,0.13244452616629923
mid_R__daily_cumulative_level__mid_R_s02_post_fire__WY2003__r3,mid_R,daily_cumulative_level,mid_R_s02_post_fire__WY2003,2003-02-24,2003-09-30,219,4,54,0.9440480999138604,-0.004813761807101311,0.13244452616629923
mid_R__daily_cumulative_level__mid_R_s02_post_fire__WY2003__r3,mid_R,daily_cumulative_level,mid_R_s02_post_fire__WY2003,2003-02-24,2003-09-30,219,5,54,0.9294350167723155,-0.026791803318571217,0.13244452616629923
mid_R__daily_cumulative_level__mid_R_s02_post_fire__WY2003__r3,mid_R,daily_cumulative_level,mid_R_s02_post_fire__WY2003,2003-02-24,2003-09-30,219,6,54,0.9144493648065372,-0.02044046174807062,0.13244452616629923
mid_R__daily_cumulative_level__mid_R_s02_post_fire__WY2003__r3,mid_R,daily_cumulative_level,mid_R_s02_post_fire__WY2003,2003-02-24,2003-09-30,219,7,54,0.8992488781951055,-0.015241539518454113,0.13244452616629923
mid_R__daily_cumulative_level__mid_R_s02_post_fire__WY2003__r3,mid_R,daily_cumulative_level,mid_R_s02_post_fire__WY2003,2003-02-24,2003-09-30,219,8,54,0.8838306282206303,-0.01593350755339469,0.13244452616629923
mid_R__daily_cumulative_level__mid_R_s02_post_fire__WY2003__r3,mid_R,daily_cumulative_level,mid_R_s02_post_fire__WY2003,2003-02-24,2003-09-30,219,9,54,0.8677742052310226,-0.03143512167911812,0.13244452616629923
mid_R__daily_cumulative_level__mid_R_s02_post_fire__WY2003__r3,mid_R,daily_cumulative_level,mid_R_s02_post_fire__WY2003,2003-02-24,2003-09-30,219,10,54,0.8511130656407345,-0.029647488337360313,0.13244452616629923
mid_R__daily_cumulative_level__mid_R_s02_post_fire__WY2003__r3,mid_R,daily_cumulative_level,mid_R_s02_post_fire__WY2003,2003-02-24,2003-09-30,219,11,54,0.8341436641353283,-0.01923256112785404,0.13244452616629923
mid_R__daily_cumulative_level__mid_R_s02_post_fire__WY2003__r3,mid_R,daily_cumulative_level,mid_R_s02_post_fire__WY2003,2003-02-24,2003-09-30,219,12,54,0.8164465574810215,-0.035928788797920753,0.13244452616629923
mid_R__daily_cumulative_level__mid_R_s02_post_fire__WY2003__r3,mid_R,daily_cumulative_level,mid_R_s02_post_fire__WY2003,2003-02-24,2003-09-30,219,13,54,0.797807486605174,-0.043067767233328,0.13244452616629923
mid_R__daily_cumulative_level__mid_R_s02_post_fire__WY2003__r3,mid_R,daily_cumulative_level,mid_R_s02_post_fire__WY2003,2003-02-24,2003-09-30,219,14,54,0.7786195175585185,-0.028420915242578816,0.13244452616629923
mid_R__daily_cumulative_level__mid_R_s02_post_fire__WY2003__r3,mid_R,daily_cumulative_level,mid_R_s02_post_fire__WY2003,2003-02-24,2003-09-30,219,15,54,0.7591907465159472,-0.01852581951986054,0.13244452616629923
mid_R__daily_cumulative_level__mid_R_s02_post_fire__WY2003__r3,mid_R,daily_cumulative_level,mid_R_s02_post_fire__WY2003,2003-02-24,2003-09-30,219,16,54,0.739337305379443,-0.025752273289053773,0.13244452616629923
mid_R__daily_cumulative_level__mid_R_s02_post_fire__WY2003__r3,mid_R,daily_cumulative_level,mid_R_s02_post_fire__WY2003,2003-02-24,2003-09-30,219,17,54,0.7190043003297557,-0.02676990546907601,0.13244452616629923
mid_R__daily_cumulative_level__mid_R_s02_post_fire__WY2003__r3,mid_R,daily_cumulative_level,mid_R_s02_post_fire__WY2003,2003-02-24,2003-09-30,219,18,54,0.6982861041862433,-0.023496999658816138,0.13244452616629923
mid_R__daily_cumulative_level__mid_R_s02_post_fire__WY2003__r3,mid_R,daily_cumulative_level,mid_R_s02_post_fire__WY2003,2003-02-24,2003-09-30,219,19,54,0.678184606200659,0.013132069677416433,0.13244452616629923
mid_R__daily_cumulative_level__mid_R_s02_post_fire__WY2003__r3,mid_R,daily_cumulative_level,mid_R_s02_post_fire__WY2003,2003-02-24,2003-09-30,219,20,54,0.6597433276503081,0.05180165904340275,0.13244452616629923
mid_R__daily_cumulative_level__mid_R_s02_post_fire__WY2003__r3,mid_R,daily_cumulative_level,mid_R_s02_post_fire__WY2003,2003-02-24,2003-09-30,219,21,54,0.6408105055240739,-0.028637734126847527,0.13244452616629923
mid_R__daily_cumulative_level__mid_R_s02_post_fire__WY2003__r3,mid_R,daily_cumulative_level,mid_R_s02_post_fire__WY2003,2003-02-24,2003-09-30,219,22,54,0.6214299066417349,-0.022960656212182684,0.13244452616629923
mid_R__daily_cumulative_level__mid_R_s02_post_fire__WY2003__r3,mid_R,daily_cumulative_level,mid_R_s02_post_fire__WY2003,2003-02-24,2003-09-30,219,23,54,0.6018408218082542,-0.016319851804278394,0.13244452616629923
mid_R__daily_cumulative_level__mid_R_s02_post_fire__WY2003__r3,mid_R,daily_cumulative_level,mid_R_s02_post_fire__WY2003,2003-02-24,2003-09-30,219,24,54,0.5821477064474571,-0.015374479118043159,0.13244452616629923
mid_R__daily_cumulative_level__mid_R_s02_post_fire__WY2003__r3,mid_R,daily_cumulative_level,mid_R_s02_post_fire__WY2003,2003-02-24,2003-09-30,219,25,54,0.562484171099681,-0.008807872458561386,0.13244452616629923
mid_R__daily_cumulative_level__mid_R_s02_post_fire__WY2003__r3,mid_R,daily_cumulative_level,mid_R_s02_post_fire__WY2003,2003-02-24,2003-09-30,219,26,54,0.5425782378286513,-0.019116991437391425,0.13244452616629923
mid_R__daily_cumulative_level__mid_R_s02_post_fire__WY2003__r3,mid_R,daily_cumulative_level,mid_R_s02_post_fire__WY2003,2003-02-24,2003-09-30,219,27,54,0.522259859367898,-0.026954504784947254,0.13244452616629923
mid_R__daily_cumulative_level__mid_R_s02_post_fire__WY2003__r3,mid_R,daily_cumulative_level,mid_R_s02_post_fire__WY2003,2003-02-24,2003-09-30,219,28,54,0.5030333528754899,0.027906414340648122,0.13244452616629923
mid_R__daily_cumulative_level__mid_R_s02_post_fire__WY2003__r3,mid_R,daily_cumulative_level,mid_R_s02_post_fire__WY2003,2003-02-24,2003-09-30,219,29,54,0.4834653448570452,-0.02751259759846721,0.13244452616629923
mid_R__daily_cumulative_level__mid_R_s02_post_fire__WY2003__r3,mid_R,daily_cumulative_level,mid_R_s02_post_fire__WY2003,2003-02-24,2003-09-30,219,30,54,0.4633397156952258,-0.03278953818187593,0.13244452616629923
mid_R__daily_cumulative_level__mid_R_s02_post_fire__WY2003__r3,mid_R,daily_cumulative_level,mid_R_s02_post_fire__WY2003,2003-02-24,2003-09-30,219,31,54,0.4438526347369024,0.009674074235022362,0.13244452616629923
mid_R__daily_cumulative_level__mid_R_s02_post_fire__WY2003__r3,mid_R,daily_cumulative_level,mid_R_s02_post_fire__WY2003,2003-02-24,2003-09-30,219,32,54,0.4242986450944229,-0.021263852104356492,0.13244452616629923
mid_R__daily_cumulative_level__mid_R_s02_post_fire__WY2003__r3,mid_R,daily_cumulative_level,mid_R_s02_post_fire__WY2003,2003-02-24,2003-09-30,219,33,54,0.40452294649128046,-0.02227866951702643,0.13244452616629923
mid_R__daily_cumulative_level__mid_R_s02_post_fire__WY2003__r3,mid_R,daily_cumulative_level,mid_R_s02_post_fire__WY2003,2003-02-24,2003-09-30,219,34,54,0.3844061108513343,-0.025119503423967484,0.13244452616629923
mid_R__daily_cumulative_level__mid_R_s02_post_fire__WY2003__r3,mid_R,daily_cumulative_level,mid_R_s02_post_fire__WY2003,2003-02-24,2003-09-30,219,35,54,0.3641797338704554,-0.01955206886777506,0.13244452616629923
mid_R__daily_cumulative_level__mid_R_s02_post_fire__WY2003__r3,mid_R,daily_cumulative_level,mid_R_s02_post_fire__WY2003,2003-02-24,2003-09-30,219,36,54,0.3438365916489194,-0.021815359809165227,0.13244452616629923
mid_R__daily_cumulative_level__mid_R_s02_post_fire__WY2003__r3,mid_R,daily_cumulative_level,mid_R_s02_post_fire__WY2003,2003-02-24,2003-09-30,219,37,54,0.3242253058665578,0.012527554245560485,0.13244452616629923
mid_R__daily_cumulative_level__mid_R_s02_post_fire__WY2003__r3,mid_R,daily_cumulative_level,mid_R_s02_post_fire__WY2003,2003-02-24,2003-09-30,219,38,54,0.30514666158304754,0.00997707915585212,0.13244452616629923
mid_R__daily_cumulative_level__mid_R_s02_post_fire__WY2003__r3,mid_R,daily_cumulative_level,mid_R_s02_post_fire__WY2003,2003-02-24,2003-09-30,219,39,54,0.2860074188607024,-0.014140817714538094,0.13244452616629923
mid_R__daily_cumulative_level__mid_R_s02_post_fire__WY2003__r3,mid_R,daily_cumulative_level,mid_R_s02_post_fire__WY2003,2003-02-24,2003-09-30,219,40,54,0.26758920743547837,0.00960176142023017,0.13244452616629923
mid_R__daily_cumulative_level__mid_R_s02_post_fire__WY2003__r3,mid_R,daily_cumulative_level,mid_R_s02_post_fire__WY2003,2003-02-24,2003-09-30,219,41,54,0.24917846578739444,-0.016303409667015052,0.13244452616629923
mid_R__daily_cumulative_level__mid_R_s02_post_fire__WY2003__r3,mid_R,daily_cumulative_level,mid_R_s02_post_fire__WY2003,2003-02-24,2003-09-30,219,42,54,0.2304566682570235,-0.026373297630696412,0.13244452616629923
mid_R__daily_cumulative_level__mid_R_s02_post_fire__WY2003__r3,mid_R,daily_cumulative_level,mid_R_s02_post_fire__WY2003,2003-02-24,2003-09-30,219,43,54,0.21158526015676613,-0.020656325385332904,0.13244452616629923
mid_R__daily_cumulative_level__mid_R_s02_post_fire__WY2003__r3,mid_R,daily_cumulative_level,mid_R_s02_post_fire__WY2003,2003-02-24,2003-09-30,219,44,54,0.1926653925457066,-0.01809858759204749,0.13244452616629923
mid_R__daily_cumulative_level__mid_R_s02_post_fire__WY2003__r3,mid_R,daily_cumulative_level,mid_R_s02_post_fire__WY2003,2003-02-24,2003-09-30,219,45,54,0.1734475100660631,-0.029631980070867512,0.13244452616629923
mid_R__daily_cumulative_level__mid_R_s02_post_fire__WY2003__r3,mid_R,daily_cumulative_level,mid_R_s02_post_fire__WY2003,2003-02-24,2003-09-30,219,46,54,0.15399177205945655,-0.024925907385727687,0.13244452616629923
mid_R__daily_cumulative_level__mid_R_s02_post_fire__WY2003__r3,mid_R,daily_cumulative_level,mid_R_s02_post_fire__WY2003,2003-02-24,2003-09-30,219,47,54,0.13441141542455948,-0.016520901007199478,0.13244452616629923
mid_R__daily_cumulative_level__mid_R_s02_post_fire__WY2003__r3,mid_R,daily_cumulative_level,mid_R_s02_post_fire__WY2003,2003-02-24,2003-09-30,219,48,54,0.11803816249524755,0.09995435282158005,0.13244452616629923
mid_R__daily_cumulative_level__mid_R_s02_post_fire__WY2003__r3,mid_R,daily_cumulative_level,mid_R_s02_post_fire__WY2003,2003-02-24,2003-09-30,219,49,54,0.10454035840789597,0.08752400953276514,0.13244452616629923
mid_R__daily_cumulative_level__mid_R_s02_post_fire__WY2003__r3,mid_R,daily_cumulative_level,mid_R_s02_post_fire__WY2003,2003-02-24,2003-09-30,219,50,54,0.0909839853611551,-0.014904945965413452,0.13244452616629923
mid_R__daily_cumulative_level__mid_R_s02_post_fire__WY2003__r3,mid_R,daily_cumulative_level,mid_R_s02_post_fire__WY2003,2003-02-24,2003-09-30,219,51,54,0.0773137249056651,-0.01677754527616563,0.13244452616629923
mid_R__daily_cumulative_level__mid_R_s02_post_fire__WY2003__r3,mid_R,daily_cumulative_level,mid_R_s02_post_fire__WY2003,2003-02-24,2003-09-30,219,52,54,0.06375633602884864,-0.013907533250889122,0.13244452616629923
mid_R__daily_cumulative_level__mid_R_s02_post_fire__WY2003__r3,mid_R,daily_cumulative_level,mid_R_s02_post_fire__WY2003,2003-02-24,2003-09-30,219,53,54,0.05078124859207142,0.0004956013218635424,0.13244452616629923
mid_R__daily_cumulative_level__mid_R_s02_post_fire__WY2003__r3,mid_R,daily_cumulative_level,mid_R_s02_post_fire__WY2003,2003-02-24,2003-09-30,219,54,54,0.037778587251238796,-0.01977456128188279,0.13244452616629923
mid_R__daily_cumulative_level__mid_R_s02_post_fire__WY2004__r2,mid_R,daily_cumulative_level,mid_R_s02_post_fire__WY2004,2004-02-23,2004-08-08,168,0,42,1.0,1.0,0.15121728296285006
mid_R__daily_cumulative_level__mid_R_s02_post_fire__WY2004__r2,mid_R,daily_cumulative_level,mid_R_s02_post_fire__WY2004,2004-02-23,2004-08-08,168,1,42,0.8980123498569803,0.8980123498569806,0.15121728296285006
mid_R__daily_cumulative_level__mid_R_s02_post_fire__WY2004__r2,mid_R,daily_cumulative_level,mid_R_s02_post_fire__WY2004,2004-02-23,2004-08-08,168,2,42,0.7894213780408679,-0.0878466029049271,0.15121728296285006
mid_R__daily_cumulative_level__mid_R_s02_post_fire__WY2004__r2,mid_R,daily_cumulative_level,mid_R_s02_post_fire__WY2004,2004-02-23,2004-08-08,168,3,42,0.7173240141419808,0.1302886967255524,0.15121728296285006
mid_R__daily_cumulative_level__mid_R_s02_post_fire__WY2004__r2,mid_R,daily_cumulative_level,mid_R_s02_post_fire__WY2004,2004-02-23,2004-08-08,168,4,42,0.6633924192472421,0.038410365290808456,0.15121728296285006
mid_R__daily_cumulative_level__mid_R_s02_post_fire__WY2004__r2,mid_R,daily_cumulative_level,mid_R_s02_post_fire__WY2004,2004-02-23,2004-08-08,168,5,42,0.6477364231002645,0.19309367153031362,0.15121728296285006
mid_R__daily_cumulative_level__mid_R_s02_post_fire__WY2004__r2,mid_R,daily_cumulative_level,mid_R_s02_post_fire__WY2004,2004-02-23,2004-08-08,168,6,42,0.6304864201981888,-0.007202067372229589,0.15121728296285006
mid_R__daily_cumulative_level__mid_R_s02_post_fire__WY2004__r2,mid_R,daily_cumulative_level,mid_R_s02_post_fire__WY2004,2004-02-23,2004-08-08,168,7,42,0.6128709877352754,0.07081628275870494,0.15121728296285006
mid_R__daily_cumulative_level__mid_R_s02_post_fire__WY2004__r2,mid_R,daily_cumulative_level,mid_R_s02_post_fire__WY2004,2004-02-23,2004-08-08,168,8,42,0.6023576654215179,0.05852238364354454,0.15121728296285006
mid_R__daily_cumulative_level__mid_R_s02_post_fire__WY2004__r2,mid_R,daily_cumulative_level,mid_R_s02_post_fire__WY2004,2004-02-23,2004-08-08,168,9,42,0.591842707143259,0.053304439337511486,0.15121728296285006
mid_R__daily_cumulative_level__mid_R_s02_post_fire__WY2004__r2,mid_R,daily_cumulative_level,mid_R_s02_post_fire__WY2004,2004-02-23,2004-08-08,168,10,42,0.5813204351413457,0.02463438128110814,0.15121728296285006
mid_R__daily_cumulative_level__mid_R_s02_post_fire__WY2004__r2,mid_R,daily_cumulative_level,mid_R_s02_post_fire__WY2004,2004-02-23,2004-08-08,168,11,42,0.5707662111488285,0.034287571395197385,0.15121728296285006
mid_R__daily_cumulative_level__mid_R_s02_post_fire__WY2004__r2,mid_R,daily_cumulative_level,mid_R_s02_post_fire__WY2004,2004-02-23,2004-08-08,168,12,42,0.5602111364547705,0.03063922975819094,0.15121728296285006
mid_R__daily_cumulative_level__mid_R_s02_post_fire__WY2004__r2,mid_R,daily_cumulative_level,mid_R_s02_post_fire__WY2004,2004-02-23,2004-08-08,168,13,42,0.549627792294124,0.0206745205608761,0.15121728296285006
mid_R__daily_cumulative_level__mid_R_s02_post_fire__WY2004__r2,mid_R,daily_cumulative_level,mid_R_s02_post_fire__WY2004,2004-02-23,2004-08-08,168,14,42,0.53903698813535,0.01762863527742343,0.15121728296285006
mid_R__daily_cumulative_level__mid_R_s02_post_fire__WY2004__r2,mid_R,daily_cumulative_level,mid_R_s02_post_fire__WY2004,2004-02-23,2004-08-08,168,15,42,0.5284461839765762,0.01612386806780347,0.15121728296285006
mid_R__daily_cumulative_level__mid_R_s02_post_fire__WY2004__r2,mid_R,daily_cumulative_level,mid_R_s02_post_fire__WY2004,2004-02-23,2004-08-08,168,16,42,0.5178553798178022,0.013258293852302023,0.15121728296285006
mid_R__daily_cumulative_level__mid_R_s02_post_fire__WY2004__r2,mid_R,daily_cumulative_level,mid_R_s02_post_fire__WY2004,2004-02-23,2004-08-08,168,17,42,0.5072274219428639,0.00889721066606718,0.15121728296285006
mid_R__daily_cumulative_level__mid_R_s02_post_fire__WY2004__r2,mid_R,daily_cumulative_level,mid_R_s02_post_fire__WY2004,2004-02-23,2004-08-08,168,18,42,0.4964512110401224,0.006958565996351282,0.15121728296285006
mid_R__daily_cumulative_level__mid_R_s02_post_fire__WY2004__r2,mid_R,daily_cumulative_level,mid_R_s02_post_fire__WY2004,2004-02-23,2004-08-08,168,19,42,0.4856467306707928,0.00554131901958039,0.15121728296285006
mid_R__daily_cumulative_level__mid_R_s02_post_fire__WY2004__r2,mid_R,daily_cumulative_level,mid_R_s02_post_fire__WY2004,2004-02-23,2004-08-08,168,20,42,0.47483390688250476,0.003401493833863596,0.15121728296285006
mid_R__daily_cumulative_level__mid_R_s02_post_fire__WY2004__r2,mid_R,daily_cumulative_level,mid_R_s02_post_fire__WY2004,2004-02-23,2004-08-08,168,21,42,0.4639538282727766,0.001366408762473861,0.15121728296285006
mid_R__daily_cumulative_level__mid_R_s02_post_fire__WY2004__r2,mid_R,daily_cumulative_level,mid_R_s02_post_fire__WY2004,2004-02-23,2004-08-08,168,22,42,0.4528720281828943,-0.0007637985784297325,0.15121728296285006
mid_R__daily_cumulative_level__mid_R_s02_post_fire__WY2004__r2,mid_R,daily_cumulative_level,mid_R_s02_post_fire__WY2004,2004-02-23,2004-08-08,168,23,42,0.4416225667522271,-0.0018496152175768445,0.15121728296285006
mid_R__daily_cumulative_level__mid_R_s02_post_fire__WY2004__r2,mid_R,daily_cumulative_level,mid_R_s02_post_fire__WY2004,2004-02-23,2004-08-08,168,24,42,0.42994916532993216,-0.005054719445065674,0.15121728296285006
mid_R__daily_cumulative_level__mid_R_s02_post_fire__WY2004__r2,mid_R,daily_cumulative_level,mid_R_s02_post_fire__WY2004,2004-02-23,2004-08-08,168,25,42,0.4166978325200826,-0.012890837025533406,0.15121728296285006
mid_R__daily_cumulative_level__mid_R_s02_post_fire__WY2004__r2,mid_R,daily_cumulative_level,mid_R_s02_post_fire__WY2004,2004-02-23,2004-08-08,168,26,42,0.4027033439094976,-0.010851646674399355,0.15121728296285006
mid_R__daily_cumulative_level__mid_R_s02_post_fire__WY2004__r2,mid_R,daily_cumulative_level,mid_R_s02_post_fire__WY2004,2004-02-23,2004-08-08,168,27,42,0.3872117854665684,-0.01968647972235205,0.15121728296285006
mid_R__daily_cumulative_level__mid_R_s02_post_fire__WY2004__r2,mid_R,daily_cumulative_level,mid_R_s02_post_fire__WY2004,2004-02-23,2004-08-08,168,28,42,0.3653684934803661,-0.04875621886324579,0.15121728296285006
mid_R__daily_cumulative_level__mid_R_s02_post_fire__WY2004__r2,mid_R,daily_cumulative_level,mid_R_s02_post_fire__WY2004,2004-02-23,2004-08-08,168,29,42,0.34000238354112433,-0.04173155653134816,0.15121728296285006
mid_R__daily_cumulative_level__mid_R_s02_post_fire__WY2004__r2,mid_R,daily_cumulative_level,mid_R_s02_post_fire__WY2004,2004-02-23,2004-08-08,168,30,42,0.306999102443526,-0.08044895246636036,0.15121728296285006
mid_R__daily_cumulative_level__mid_R_s02_post_fire__WY2004__r2,mid_R,daily_cumulative_level,mid_R_s02_post_fire__WY2004,2004-02-23,2004-08-08,168,31,42,0.27254048721346197,-0.054276583813119735,0.15121728296285006
mid_R__daily_cumulative_level__mid_R_s02_post_fire__WY2004__r2,mid_R,daily_cumulative_level,mid_R_s02_post_fire__WY2004,2004-02-23,2004-08-08,168,32,42,0.26361336132198027,0.0703112880583194,0.15121728296285006
mid_R__daily_cumulative_level__mid_R_s02_post_fire__WY2004__r2,mid_R,daily_cumulative_level,mid_R_s02_post_fire__WY2004,2004-02-23,2004-08-08,168,33,42,0.25520710221748094,-0.04873577498294353,0.15121728296285006
mid_R__daily_cumulative_level__mid_R_s02_post_fire__WY2004__r2,mid_R,daily_cumulative_level,mid_R_s02_post_fire__WY2004,2004-02-23,2004-08-08,168,34,42,0.2467953552540221,0.0026007004778492073,0.15121728296285006
mid_R__daily_cumulative_level__mid_R_s02_post_fire__WY2004__r2,mid_R,daily_cumulative_level,mid_R_s02_post_fire__WY2004,2004-02-23,2004-08-08,168,35,42,0.23837978847384056,-0.019268709975436622,0.15121728296285006
mid_R__daily_cumulative_level__mid_R_s02_post_fire__WY2004__r2,mid_R,daily_cumulative_level,mid_R_s02_post_fire__WY2004,2004-02-23,2004-08-08,168,36,42,0.22996338767254057,0.030527378555851515,0.15121728296285006
mid_R__daily_cumulative_level__mid_R_s02_post_fire__WY2004__r2,mid_R,daily_cumulative_level,mid_R_s02_post_fire__WY2004,2004-02-23,2004-08-08,168,37,42,0.2215130563259217,-0.02333850812027428,0.15121728296285006
mid_R__daily_cumulative_level__mid_R_s02_post_fire__WY2004__r2,mid_R,daily_cumulative_level,mid_R_s02_post_fire__WY2004,2004-02-23,2004-08-08,168,38,42,0.21280575152471304,0.007739577084821003,0.15121728296285006
mid_R__daily_cumulative_level__mid_R_s02_post_fire__WY2004__r2,mid_R,daily_cumulative_level,mid_R_s02_post_fire__WY2004,2004-02-23,2004-08-08,168,39,42,0.20354248054726587,-0.0025087785201585826,0.15121728296285006
mid_R__daily_cumulative_level__mid_R_s02_post_fire__WY2004__r2,mid_R,daily_cumulative_level,mid_R_s02_post_fire__WY2004,2004-02-23,2004-08-08,168,40,42,0.19399893998072557,0.0060709620309841224,0.15121728296285006
mid_R__daily_cumulative_level__mid_R_s02_post_fire__WY2004__r2,mid_R,daily_cumulative_level,mid_R_s02_post_fire__WY2004,2004-02-23,2004-08-08,168,41,42,0.18426725194851148,-0.006590491894680091,0.15121728296285006
mid_R__daily_cumulative_level__mid_R_s02_post_fire__WY2004__r2,mid_R,daily_cumulative_level,mid_R_s02_post_fire__WY2004,2004-02-23,2004-08-08,168,42,42,0.17440131474462847,0.0016538449694330785,0.15121728296285006
mid_R__daily_cumulative_level__mid_R_s02_post_fire__WY2005__r1,mid_R,daily_cumulative_level,mid_R_s02_post_fire__WY2005,2004-10-01,2005-09-30,365,0,60,1.0,1.0,0.10259108882768189
mid_R__daily_cumulative_level__mid_R_s02_post_fire__WY2005__r1,mid_R,daily_cumulative_level,mid_R_s02_post_fire__WY2005,2004-10-01,2005-09-30,365,1,60,0.99363151831432,0.9936315183143202,0.10259108882768189
mid_R__daily_cumulative_level__mid_R_s02_post_fire__WY2005__r1,mid_R,daily_cumulative_level,mid_R_s02_post_fire__WY2005,2004-10-01,2005-09-30,365,2,60,0.9870207436170905,-0.02227800329561434,0.10259108882768189
mid_R__daily_cumulative_level__mid_R_s02_post_fire__WY2005__r1,mid_R,daily_cumulative_level,mid_R_s02_post_fire__WY2005,2004-10-01,2005-09-30,365,3,60,0.9802501746449243,-0.015558184393818012,0.10259108882768189
mid_R__daily_cumulative_level__mid_R_s02_post_fire__WY2005__r1,mid_R,daily_cumulative_level,mid_R_s02_post_fire__WY2005,2004-10-01,2005-09-30,365,4,60,0.9733438274732445,-0.013655870995307913,0.10259108882768189
mid_R__daily_cumulative_level__mid_R_s02_post_fire__WY2005__r1,mid_R,daily_cumulative_level,mid_R_s02_post_fire__WY2005,2004-10-01,2005-09-30,365,5,60,0.9663461274427678,-0.010162080434830781,0.10259108882768189
mid_R__daily_cumulative_level__mid_R_s02_post_fire__WY2005__r1,mid_R,daily_cumulative_level,mid_R_s02_post_fire__WY2005,2004-10-01,2005-09-30,365,6,60,0.9593006473470929,-0.006817444190656965,0.10259108882768189
mid_R__daily_cumulative_level__mid_R_s02_post_fire__WY2005__r1,mid_R,daily_cumulative_level,mid_R_s02_post_fire__WY2005,2004-10-01,2005-09-30,365,7,60,0.9521811887318433,-0.009026822346771251,0.10259108882768189
mid_R__daily_cumulative_level__mid_R_s02_post_fire__WY2005__r1,mid_R,daily_cumulative_level,mid_R_s02_post_fire__WY2005,2004-10-01,2005-09-30,365,8,60,0.9449522573124357,-0.011849004669786658,0.10259108882768189
mid_R__daily_cumulative_level__mid_R_s02_post_fire__WY2005__r1,mid_R,daily_cumulative_level,mid_R_s02_post_fire__WY2005,2004-10-01,2005-09-30,365,9,60,0.9375928858878401,-0.01344776085960268,0.10259108882768189
mid_R__daily_cumulative_level__mid_R_s02_post_fire__WY2005__r1,mid_R,daily_cumulative_level,mid_R_s02_post_fire__WY2005,2004-10-01,2005-09-30,365,10,60,0.9300902489934275,-0.014380953610626699,0.10259108882768189
mid_R__daily_cumulative_level__mid_R_s02_post_fire__WY2005__r1,mid_R,daily_cumulative_level,mid_R_s02_post_fire__WY2005,2004-10-01,2005-09-30,365,11,60,0.9224695883881968,-0.012321643925682423,0.10259108882768189
mid_R__daily_cumulative_level__mid_R_s02_post_fire__WY2005__r1,mid_R,daily_cumulative_level,mid_R_s02_post_fire__WY2005,2004-10-01,2005-09-30,365,12,60,0.9147496339924664,-0.010889584795160254,0.10259108882768189
mid_R__daily_cumulative_level__mid_R_s02_post_fire__WY2005__r1,mid_R,daily_cumulative_level,mid_R_s02_post_fire__WY2005,2004-10-01,2005-09-30,365,13,60,0.9069695503046639,-0.007891294440249845,0.10259108882768189
mid_R__daily_cumulative_level__mid_R_s02_post_fire__WY2005__r1,mid_R,daily_cumulative_level,mid_R_s02_post_fire__WY2005,2004-10-01,2005-09-30,365,14,60,0.8991557764657542,-0.0059636322917309345,0.10259108882768189
mid_R__daily_cumulative_level__mid_R_s02_post_fire__WY2005__r1,mid_R,daily_cumulative_level,mid_R_s02_post_fire__WY2005,2004-10-01,2005-09-30,365,15,60,0.8913167768236213,-0.005444351374992727,0.10259108882768189
mid_R__daily_cumulative_level__mid_R_s02_post_fire__WY2005__r1,mid_R,daily_cumulative_level,mid_R_s02_post_fire__WY2005,2004-10-01,2005-09-30,365,16,60,0.8834336666591035,-0.00702615614230802,0.10259108882768189
mid_R__daily_cumulative_level__mid_R_s02_post_fire__WY2005__r1,mid_R,daily_cumulative_level,mid_R_s02_post_fire__WY2005,2004-10-01,2005-09-30,365,17,60,0.8759360603014881,0.026880417646440342,0.10259108882768189
mid_R__daily_cumulative_level__mid_R_s02_post_fire__WY2005__r1,mid_R,daily_cumulative_level,mid_R_s02_post_fire__WY2005,2004-10-01,2005-09-30,365,18,60,0.868396130442147,-0.007846090788291592,0.10259108882768189
mid_R__daily_cumulative_level__mid_R_s02_post_fire__WY2005__r1,mid_R,daily_cumulative_level,mid_R_s02_post_fire__WY2005,2004-10-01,2005-09-30,365,19,60,0.8612981402954883,0.030847811860084392,0.10259108882768189
mid_R__daily_cumulative_level__mid_R_s02_post_fire__WY2005__r1,mid_R,daily_cumulative_level,mid_R_s02_post_fire__WY2005,2004-10-01,2005-09-30,365,20,60,0.8543914387067398,0.010019234388259834,0.10259108882768189
mid_R__daily_cumulative_level__mid_R_s02_post_fire__WY2005__r1,mid_R,daily_cumulative_level,mid_R_s02_post_fire__WY2005,2004-10-01,2005-09-30,365,21,60,0.8474289405487235,-0.009336350464829956,0.10259108882768189
mid_R__daily_cumulative_level__mid_R_s02_post_fire__WY2005__r1,mid_R,daily_cumulative_level,mid_R_s02_post_fire__WY2005,2004-10-01,2005-09-30,365,22,60,0.8404252662710179,-0.007635547224814264,0.10259108882768189
mid_R__daily_cumulative_level__mid_R_s02_post_fire__WY2005__r1,mid_R,daily_cumulative_level,mid_R_s02_post_fire__WY2005,2004-10-01,2005-09-30,365,23,60,0.8334916383629621,0.0012179243558267559,0.10259108882768189
mid_R__daily_cumulative_level__mid_R_s02_post_fire__WY2005__r1,mid_R,daily_cumulative_level,mid_R_s02_post_fire__WY2005,2004-10-01,2005-09-30,365,24,60,0.8264769282783817,-0.010859279514271665,0.10259108882768189
mid_R__daily_cumulative_level__mid_R_s02_post_fire__WY2005__r1,mid_R,daily_cumulative_level,mid_R_s02_post_fire__WY2005,2004-10-01,2005-09-30,365,25,60,0.8194254225760794,-0.007328144209113057,0.10259108882768189
mid_R__daily_cumulative_level__mid_R_s02_post_fire__WY2005__r1,mid_R,daily_cumulative_level,mid_R_s02_post_fire__WY2005,2004-10-01,2005-09-30,365,26,60,0.8127794049932735,0.027224692725243728,0.10259108882768189
mid_R__daily_cumulative_level__mid_R_s02_post_fire__WY2005__r1,mid_R,daily_cumulative_level,mid_R_s02_post_fire__WY2005,2004-10-01,2005-09-30,365,27,60,0.8061427840958572,-0.005172836362599798,0.10259108882768189
mid_R__daily_cumulative_level__mid_R_s02_post_fire__WY2005__r1,mid_R,daily_cumulative_level,mid_R_s02_post_fire__WY2005,2004-10-01,2005-09-30,365,28,60,0.7994393097423305,-0.010814593326375006,0.10259108882768189
mid_R__daily_cumulative_level__mid_R_s02_post_fire__WY2005__r1,mid_R,daily_cumulative_level,mid_R_s02_post_fire__WY2005,2004-10-01,2005-09-30,365,29,60,0.792691877068659,-0.008524726800665502,0.10259108882768189
mid_R__daily_cumulative_level__mid_R_s02_post_fire__WY2005__r1,mid_R,daily_cumulative_level,mid_R_s02_post_fire__WY2005,2004-10-01,2005-09-30,365,30,60,0.7858875095068002,-0.0091125238357309,0.10259108882768189
mid_R__daily_cumulative_level__mid_R_s02_post_fire__WY2005__r1,mid_R,daily_cumulative_level,mid_R_s02_post_fire__WY2005,2004-10-01,2005-09-30,365,31,60,0.7790109535670463,-0.009793457070750447,0.10259108882768189
mid_R__daily_cumulative_level__mid_R_s02_post_fire__WY2005__r1,mid_R,daily_cumulative_level,mid_R_s02_post_fire__WY2005,2004-10-01,2005-09-30,365,32,60,0.7720234829557713,-0.012809635710621534,0.10259108882768189
mid_R__daily_cumulative_level__mid_R_s02_post_fire__WY2005__r1,mid_R,daily_cumulative_level,mid_R_s02_post_fire__WY2005,2004-10-01,2005-09-30,365,33,60,0.7649287974217621,-0.011359286584237944,0.10259108882768189
mid_R__daily_cumulative_level__mid_R_s02_post_fire__WY2005__r1,mid_R,daily_cumulative_level,mid_R_s02_post_fire__WY2005,2004-10-01,2005-09-30,365,34,60,0.7578222421315467,-0.00526832148016438,0.10259108882768189
mid_R__daily_cumulative_level__mid_R_s02_post_fire__WY2005__r1,mid_R,daily_cumulative_level,mid_R_s02_post_fire__WY2005,2004-10-01,2005-09-30,365,35,60,0.7506677369408559,-0.005736885432654039,0.10259108882768189
mid_R__daily_cumulative_level__mid_R_s02_post_fire__WY2005__r1,mid_R,daily_cumulative_level,mid_R_s02_post_fire__WY2005,2004-10-01,2005-09-30,365,36,60,0.7434304577188462,-0.009827135557462193,0.10259108882768189
mid_R__daily_cumulative_level__mid_R_s02_post_fire__WY2005__r1,mid_R,daily_cumulative_level,mid_R_s02_post_fire__WY2005,2004-10-01,2005-09-30,365,37,60,0.7361309940852621,-0.00790151031469615,0.10259108882768189
mid_R__daily_cumulative_level__mid_R_s02_post_fire__WY2005__r1,mid_R,daily_cumulative_level,mid_R_s02_post_fire__WY2005,2004-10-01,2005-09-30,365,38,60,0.7287807986787584,-0.006800556017847978,0.10259108882768189
mid_R__daily_cumulative_level__mid_R_s02_post_fire__WY2005__r1,mid_R,daily_cumulative_level,mid_R_s02_post_fire__WY2005,2004-10-01,2005-09-30,365,39,60,0.7213583572037076,-0.008889905692644395,0.10259108882768189
mid_R__daily_cumulative_level__mid_R_s02_post_fire__WY2005__r1,mid_R,daily_cumulative_level,mid_R_s02_post_fire__WY2005,2004-10-01,2005-09-30,365,40,60,0.7138404099384141,-0.011759008041598842,0.10259108882768189
mid_R__daily_cumulative_level__mid_R_s02_post_fire__WY2005__r1,mid_R,daily_cumulative_level,mid_R_s02_post_fire__WY2005,2004-10-01,2005-09-30,365,41,60,0.7063258137583748,-0.0030538741166631833,0.10259108882768189
mid_R__daily_cumulative_level__mid_R_s02_post_fire__WY2005__r1,mid_R,daily_cumulative_level,mid_R_s02_post_fire__WY2005,2004-10-01,2005-09-30,365,42,60,0.6989324464994927,0.007804824701218103,0.10259108882768189
mid_R__daily_cumulative_level__mid_R_s02_post_fire__WY2005__r1,mid_R,daily_cumulative_level,mid_R_s02_post_fire__WY2005,2004-10-01,2005-09-30,365,43,60,0.6914268760916226,-0.013503815310441895,0.10259108882768189
mid_R__daily_cumulative_level__mid_R_s02_post_fire__WY2005__r1,mid_R,daily_cumulative_level,mid_R_s02_post_fire__WY2005,2004-10-01,2005-09-30,365,44,60,0.6838175463070929,-0.010101141357084596,0.10259108882768189
mid_R__daily_cumulative_level__mid_R_s02_post_fire__WY2005__r1,mid_R,daily_cumulative_level,mid_R_s02_post_fire__WY2005,2004-10-01,2005-09-30,365,45,60,0.6761416145950537,-0.008099697537531756,0.10259108882768189
mid_R__daily_cumulative_level__mid_R_s02_post_fire__WY2005__r1,mid_R,daily_cumulative_level,mid_R_s02_post_fire__WY2005,2004-10-01,2005-09-30,365,46,60,0.6684169367789977,-0.00853509285249876,0.10259108882768189
mid_R__daily_cumulative_level__mid_R_s02_post_fire__WY2005__r1,mid_R,daily_cumulative_level,mid_R_s02_post_fire__WY2005,2004-10-01,2005-09-30,365,47,60,0.6606364822318171,-0.009016998385103194,0.10259108882768189
mid_R__daily_cumulative_level__mid_R_s02_post_fire__WY2005__r1,mid_R,daily_cumulative_level,mid_R_s02_post_fire__WY2005,2004-10-01,2005-09-30,365,48,60,0.6527780050244032,-0.010455184486437633,0.10259108882768189
mid_R__daily_cumulative_level__mid_R_s02_post_fire__WY2005__r1,mid_R,daily_cumulative_level,mid_R_s02_post_fire__WY2005,2004-10-01,2005-09-30,365,49,60,0.6448408662861598,-0.011463007174469379,0.10259108882768189
mid_R__daily_cumulative_level__mid_R_s02_post_fire__WY2005__r1,mid_R,daily_cumulative_level,mid_R_s02_post_fire__WY2005,2004-10-01,2005-09-30,365,50,60,0.6368008029474311,-0.013147713747788581,0.10259108882768189
mid_R__daily_cumulative_level__mid_R_s02_post_fire__WY2005__r1,mid_R,daily_cumulative_level,mid_R_s02_post_fire__WY2005,2004-10-01,2005-09-30,365,51,60,0.6286423698360397,-0.0131706085050336,0.10259108882768189
mid_R__daily_cumulative_level__mid_R_s02_post_fire__WY2005__r1,mid_R,daily_cumulative_level,mid_R_s02_post_fire__WY2005,2004-10-01,2005-09-30,365,52,60,0.6203833888395314,-0.012421953250447659,0.10259108882768189
mid_R__daily_cumulative_level__mid_R_s02_post_fire__WY2005__r1,mid_R,daily_cumulative_level,mid_R_s02_post_fire__WY2005,2004-10-01,2005-09-30,365,53,60,0.612035413267959,-0.011679450262611711,0.10259108882768189
mid_R__daily_cumulative_level__mid_R_s02_post_fire__WY2005__r1,mid_R,daily_cumulative_level,mid_R_s02_post_fire__WY2005,2004-10-01,2005-09-30,365,54,60,0.6036222754009729,-0.009980181215897109,0.10259108882768189
mid_R__daily_cumulative_level__mid_R_s02_post_fire__WY2005__r1,mid_R,daily_cumulative_level,mid_R_s02_post_fire__WY2005,2004-10-01,2005-09-30,365,55,60,0.5951668778144128,-0.008359884852196126,0.10259108882768189
mid_R__daily_cumulative_level__mid_R_s02_post_fire__WY2005__r1,mid_R,daily_cumulative_level,mid_R_s02_post_fire__WY2005,2004-10-01,2005-09-30,365,56,60,0.5866937036217151,-0.006530446430941055,0.10259108882768189
mid_R__daily_cumulative_level__mid_R_s02_post_fire__WY2005__r1,mid_R,daily_cumulative_level,mid_R_s02_post_fire__WY2005,2004-10-01,2005-09-30,365,57,60,0.5781820410415112,-0.008173757434339447,0.10259108882768189
mid_R__daily_cumulative_level__mid_R_s02_post_fire__WY2005__r1,mid_R,daily_cumulative_level,mid_R_s02_post_fire__WY2005,2004-10-01,2005-09-30,365,58,60,0.5699579354811004,0.0181454410474731,0.10259108882768189
mid_R__daily_cumulative_level__mid_R_s02_post_fire__WY2005__r1,mid_R,daily_cumulative_level,mid_R_s02_post_fire__WY2005,2004-10-01,2005-09-30,365,59,60,0.5616795957648012,-0.009896949473954616,0.10259108882768189
mid_R__daily_cumulative_level__mid_R_s02_post_fire__WY2005__r1,mid_R,daily_cumulative_level,mid_R_s02_post_fire__WY2005,2004-10-01,2005-09-30,365,60,60,0.5533548811303874,-0.0077225107233107,0.10259108882768189
mid_R__daily_cumulative_level__mid_R_s02_post_fire__WY2006__r2,mid_R,daily_cumulative_level,mid_R_s02_post_fire__WY2006,2005-10-18,2006-09-13,331,0,60,1.0,1.0,0.10773134314614528
mid_R__daily_cumulative_level__mid_R_s02_post_fire__WY2006__r2,mid_R,daily_cumulative_level,mid_R_s02_post_fire__WY2006,2005-10-18,2006-09-13,331,1,60,0.9937365148042996,0.9937365148042995,0.10773134314614528
mid_R__daily_cumulative_level__mid_R_s02_post_fire__WY2006__r2,mid_R,daily_cumulative_level,mid_R_s02_post_fire__WY2006,2005-10-18,2006-09-13,331,2,60,0.9872361727864822,-0.0221087312696649,0.10773134314614528
mid_R__daily_cumulative_level__mid_R_s02_post_fire__WY2006__r2,mid_R,daily_cumulative_level,mid_R_s02_post_fire__WY2006,2005-10-18,2006-09-13,331,3,60,0.9805553073053062,-0.017377675660821223,0.10773134314614528
mid_R__daily_cumulative_level__mid_R_s02_post_fire__WY2006__r2,mid_R,daily_cumulative_level,mid_R_s02_post_fire__WY2006,2005-10-18,2006-09-13,331,4,60,0.9736586762488016,-0.02013337790992801,0.10773134314614528
mid_R__daily_cumulative_level__mid_R_s02_post_fire__WY2006__r2,mid_R,daily_cumulative_level,mid_R_s02_post_fire__WY2006,2005-10-18,2006-09-13,331,5,60,0.9665837131023156,-0.01696822167230134,0.10773134314614528
mid_R__daily_cumulative_level__mid_R_s02_post_fire__WY2006__r2,mid_R,daily_cumulative_level,mid_R_s02_post_fire__WY2006,2005-10-18,2006-09-13,331,6,60,0.9593625965943219,-0.01434675759212075,0.10773134314614528
mid_R__daily_cumulative_level__mid_R_s02_post_fire__WY2006__r2,mid_R,daily_cumulative_level,mid_R_s02_post_fire__WY2006,2005-10-18,2006-09-13,331,7,60,0.9520003176774883,-0.013948532319011256,0.10773134314614528
mid_R__daily_cumulative_level__mid_R_s02_post_fire__WY2006__r2,mid_R,daily_cumulative_level,mid_R_s02_post_fire__WY2006,2005-10-18,2006-09-13,331,8,60,0.9445134847961982,-0.012626803435692637,0.10773134314614528
mid_R__daily_cumulative_level__mid_R_s02_post_fire__WY2006__r2,mid_R,daily_cumulative_level,mid_R_s02_post_fire__WY2006,2005-10-18,2006-09-13,331,9,60,0.9369145532986094,-0.011680148797088258,0.10773134314614528
mid_R__daily_cumulative_level__mid_R_s02_post_fire__WY2006__r2,mid_R,daily_cumulative_level,mid_R_s02_post_fire__WY2006,2005-10-18,2006-09-13,331,10,60,0.9291782375749381,-0.013765921221885706,0.10773134314614528
mid_R__daily_cumulative_level__mid_R_s02_post_fire__WY2006__r2,mid_R,daily_cumulative_level,mid_R_s02_post_fire__WY2006,2005-10-18,2006-09-13,331,11,60,0.9213247916255248,-0.012133214532351711,0.10773134314614528
mid_R__daily_cumulative_level__mid_R_s02_post_fire__WY2006__r2,mid_R,daily_cumulative_level,mid_R_s02_post_fire__WY2006,2005-10-18,2006-09-13,331,12,60,0.9133655928599712,-0.01127422771860288,0.10773134314614528
mid_R__daily_cumulative_level__mid_R_s02_post_fire__WY2006__r2,mid_R,daily_cumulative_level,mid_R_s02_post_fire__WY2006,2005-10-18,2006-09-13,331,13,60,0.9052934886356486,-0.011889283631819372,0.10773134314614528
mid_R__daily_cumulative_level__mid_R_s02_post_fire__WY2006__r2,mid_R,daily_cumulative_level,mid_R_s02_post_fire__WY2006,2005-10-18,2006-09-13,331,14,60,0.8970961941676692,-0.012910896288701283,0.10773134314614528
mid_R__daily_cumulative_level__mid_R_s02_post_fire__WY2006__r2,mid_R,daily_cumulative_level,mid_R_s02_post_fire__WY2006,2005-10-18,2006-09-13,331,15,60,0.8888044561678191,-0.01046210390107568,0.10773134314614528
mid_R__daily_cumulative_level__mid_R_s02_post_fire__WY2006__r2,mid_R,daily_cumulative_level,mid_R_s02_post_fire__WY2006,2005-10-18,2006-09-13,331,16,60,0.8804199960762725,-0.010401387041172563,0.10773134314614528
mid_R__daily_cumulative_level__mid_R_s02_post_fire__WY2006__r2,mid_R,daily_cumulative_level,mid_R_s02_post_fire__WY2006,2005-10-18,2006-09-13,331,17,60,0.8719596641303693,-0.009103677918911948,0.10773134314614528
mid_R__daily_cumulative_level__mid_R_s02_post_fire__WY2006__r2,mid_R,daily_cumulative_level,mid_R_s02_post_fire__WY2006,2005-10-18,2006-09-13,331,18,60,0.8633955042729263,-0.011462370272534755,0.10773134314614528
mid_R__daily_cumulative_level__mid_R_s02_post_fire__WY2006__r2,mid_R,daily_cumulative_level,mid_R_s02_post_fire__WY2006,2005-10-18,2006-09-13,331,19,60,0.8547382299165255,-0.010627407454794064,0.10773134314614528
mid_R__daily_cumulative_level__mid_R_s02_post_fire__WY2006__r2,mid_R,daily_cumulative_level,mid_R_s02_post_fire__WY2006,2005-10-18,2006-09-13,331,20,60,0.8459827508147768,-0.0111083708154239,0.10773134314614528
mid_R__daily_cumulative_level__mid_R_s02_post_fire__WY2006__r2,mid_R,daily_cumulative_level,mid_R_s02_post_fire__WY2006,2005-10-18,2006-09-13,331,21,60,0.83713736793148,-0.01047757650028895,0.10773134314614528
mid_R__daily_cumulative_level__mid_R_s02_post_fire__WY2006__r2,mid_R,daily_cumulative_level,mid_R_s02_post_fire__WY2006,2005-10-18,2006-09-13,331,22,60,0.8282094230046698,-0.00994785157197466,0.10773134314614528
mid_R__daily_cumulative_level__mid_R_s02_post_fire__WY2006__r2,mid_R,daily_cumulative_level,mid_R_s02_post_fire__WY2006,2005-10-18,2006-09-13,331,23,60,0.8192031402706397,-0.009673116227537705,0.10773134314614528
mid_R__daily_cumulative_level__mid_R_s02_post_fire__WY2006__r2,mid_R,daily_cumulative_level,mid_R_s02_post_fire__WY2006,2005-10-18,2006-09-13,331,24,60,0.8101184225725299,-0.009764364867791824,0.10773134314614528
mid_R__daily_cumulative_level__mid_R_s02_post_fire__WY2006__r2,mid_R,daily_cumulative_level,mid_R_s02_post_fire__WY2006,2005-10-18,2006-09-13,331,25,60,0.8009395431758162,-0.011108075852146846,0.10773134314614528
mid_R__daily_cumulative_level__mid_R_s02_post_fire__WY2006__r2,mid_R,daily_cumulative_level,mid_R_s02_post_fire__WY2006,2005-10-18,2006-09-13,331,26,60,0.7916706856975121,-0.010819656609264136,0.10773134314614528
mid_R__daily_cumulative_level__mid_R_s02_post_fire__WY2006__r2,mid_R,daily_cumulative_level,mid_R_s02_post_fire__WY2006,2005-10-18,2006-09-13,331,27,60,0.7822899751855025,-0.012629989634503945,0.10773134314614528
mid_R__daily_cumulative_level__mid_R_s02_post_fire__WY2006__r2,mid_R,daily_cumulative_level,mid_R_s02_post_fire__WY2006,2005-10-18,2006-09-13,331,28,60,0.7727895272619376,-0.013277292519276186,0.10773134314614528
mid_R__daily_cumulative_level__mid_R_s02_post_fire__WY2006__r2,mid_R,daily_cumulative_level,mid_R_s02_post_fire__WY2006,2005-10-18,2006-09-13,331,29,60,0.7631825223922443,-0.012237191196163861,0.10773134314614528
mid_R__daily_cumulative_level__mid_R_s02_post_fire__WY2006__r2,mid_R,daily_cumulative_level,mid_R_s02_post_fire__WY2006,2005-10-18,2006-09-13,331,30,60,0.7534338322310646,-0.015111175439315866,0.10773134314614528
mid_R__daily_cumulative_level__mid_R_s02_post_fire__WY2006__r2,mid_R,daily_cumulative_level,mid_R_s02_post_fire__WY2006,2005-10-18,2006-09-13,331,31,60,0.7435200582758198,-0.01696973199444467,0.10773134314614528
mid_R__daily_cumulative_level__mid_R_s02_post_fire__WY2006__r2,mid_R,daily_cumulative_level,mid_R_s02_post_fire__WY2006,2005-10-18,2006-09-13,331,32,60,0.7334809543392808,-0.013769734206431605,0.10773134314614528
mid_R__daily_cumulative_level__mid_R_s02_post_fire__WY2006__r2,mid_R,daily_cumulative_level,mid_R_s02_post_fire__WY2006,2005-10-18,2006-09-13,331,33,60,0.7232938136556734,-0.015663620238144174,0.10773134314614528
mid_R__daily_cumulative_level__mid_R_s02_post_fire__WY2006__r2,mid_R,daily_cumulative_level,mid_R_s02_post_fire__WY2006,2005-10-18,2006-09-13,331,34,60,0.7129870679218017,-0.013386421875234289,0.10773134314614528
mid_R__daily_cumulative_level__mid_R_s02_post_fire__WY2006__r2,mid_R,daily_cumulative_level,mid_R_s02_post_fire__WY2006,2005-10-18,2006-09-13,331,35,60,0.7025916423048177,-0.011020942337229387,0.10773134314614528
mid_R__daily_cumulative_level__mid_R_s02_post_fire__WY2006__r2,mid_R,daily_cumulative_level,mid_R_s02_post_fire__WY2006,2005-10-18,2006-09-13,331,36,60,0.6920824689517032,-0.013173455255603433,0.10773134314614528
mid_R__daily_cumulative_level__mid_R_s02_post_fire__WY2006__r2,mid_R,daily_cumulative_level,mid_R_s02_post_fire__WY2006,2005-10-18,2006-09-13,331,37,60,0.6814754453285081,-0.01197464716773538,0.10773134314614528
mid_R__daily_cumulative_level__mid_R_s02_post_fire__WY2006__r2,mid_R,daily_cumulative_level,mid_R_s02_post_fire__WY2006,2005-10-18,2006-09-13,331,38,60,0.6708064950773155,-0.009235709280521134,0.10773134314614528
mid_R__daily_cumulative_level__mid_R_s02_post_fire__WY2006__r2,mid_R,daily_cumulative_level,mid_R_s02_post_fire__WY2006,2005-10-18,2006-09-13,331,39,60,0.6602345651666494,0.0034237728797365382,0.10773134314614528
mid_R__daily_cumulative_level__mid_R_s02_post_fire__WY2006__r2,mid_R,daily_cumulative_level,mid_R_s02_post_fire__WY2006,2005-10-18,2006-09-13,331,40,60,0.6496396444131626,-0.006618266519163728,0.10773134314614528
mid_R__daily_cumulative_level__mid_R_s02_post_fire__WY2006__r2,mid_R,daily_cumulative_level,mid_R_s02_post_fire__WY2006,2005-10-18,2006-09-13,331,41,60,0.6389886168345329,-0.009403364800268705,0.10773134314614528
mid_R__daily_cumulative_level__mid_R_s02_post_fire__WY2006__r2,mid_R,daily_cumulative_level,mid_R_s02_post_fire__WY2006,2005-10-18,2006-09-13,331,42,60,0.6284933636190443,0.007499098843674638,0.10773134314614528
mid_R__daily_cumulative_level__mid_R_s02_post_fire__WY2006__r2,mid_R,daily_cumulative_level,mid_R_s02_post_fire__WY2006,2005-10-18,2006-09-13,331,43,60,0.6182264117566001,0.012960562002746624,0.10773134314614528
mid_R__daily_cumulative_level__mid_R_s02_post_fire__WY2006__r2,mid_R,daily_cumulative_level,mid_R_s02_post_fire__WY2006,2005-10-18,2006-09-13,331,44,60,0.607913441936176,-0.009484802355121405,0.10773134314614528
mid_R__daily_cumulative_level__mid_R_s02_post_fire__WY2006__r2,mid_R,daily_cumulative_level,mid_R_s02_post_fire__WY2006,2005-10-18,2006-09-13,331,45,60,0.59825383020208,0.04691511441004929,0.10773134314614528
mid_R__daily_cumulative_level__mid_R_s02_post_fire__WY2006__r2,mid_R,daily_cumulative_level,mid_R_s02_post_fire__WY2006,2005-10-18,2006-09-13,331,46,60,0.588601451425046,-0.006415115026800147,0.10773134314614528
mid_R__daily_cumulative_level__mid_R_s02_post_fire__WY2006__r2,mid_R,daily_cumulative_level,mid_R_s02_post_fire__WY2006,2005-10-18,2006-09-13,331,47,60,0.5789005014876822,-0.010335849619064834,0.10773134314614528
mid_R__daily_cumulative_level__mid_R_s02_post_fire__WY2006__r2,mid_R,daily_cumulative_level,mid_R_s02_post_fire__WY2006,2005-10-18,2006-09-13,331,48,60,0.5691221712111195,-0.012960181598899969,0.10773134314614528
mid_R__daily_cumulative_level__mid_R_s02_post_fire__WY2006__r2,mid_R,daily_cumulative_level,mid_R_s02_post_fire__WY2006,2005-10-18,2006-09-13,331,49,60,0.55925262245128,-0.01376364880199579,0.10773134314614528
mid_R__daily_cumulative_level__mid_R_s02_post_fire__WY2006__r2,mid_R,daily_cumulative_level,mid_R_s02_post_fire__WY2006,2005-10-18,2006-09-13,331,50,60,0.549335035259415,-0.009918957873251552,0.10773134314614528
mid_R__daily_cumulative_level__mid_R_s02_post_fire__WY2006__r2,mid_R,daily_cumulative_level,mid_R_s02_post_fire__WY2006,2005-10-18,2006-09-13,331,51,60,0.5394092418505704,-0.006783954032731582,0.10773134314614528
mid_R__daily_cumulative_level__mid_R_s02_post_fire__WY2006__r2,mid_R,daily_cumulative_level,mid_R_s02_post_fire__WY2006,2005-10-18,2006-09-13,331,52,60,0.529446893184606,-0.00918404987865466,0.10773134314614528
mid_R__daily_cumulative_level__mid_R_s02_post_fire__WY2006__r2,mid_R,daily_cumulative_level,mid_R_s02_post_fire__WY2006,2005-10-18,2006-09-13,331,53,60,0.5194481765290142,-0.00900237522373053,0.10773134314614528
mid_R__daily_cumulative_level__mid_R_s02_post_fire__WY2006__r2,mid_R,daily_cumulative_level,mid_R_s02_post_fire__WY2006,2005-10-18,2006-09-13,331,54,60,0.5094280414890507,-0.008128941413628245,0.10773134314614528
mid_R__daily_cumulative_level__mid_R_s02_post_fire__WY2006__r2,mid_R,daily_cumulative_level,mid_R_s02_post_fire__WY2006,2005-10-18,2006-09-13,331,55,60,0.49936965215555323,-0.00945324170471492,0.10773134314614528
mid_R__daily_cumulative_level__mid_R_s02_post_fire__WY2006__r2,mid_R,daily_cumulative_level,mid_R_s02_post_fire__WY2006,2005-10-18,2006-09-13,331,56,60,0.4892750989496856,-0.009254966230874727,0.10773134314614528
mid_R__daily_cumulative_level__mid_R_s02_post_fire__WY2006__r2,mid_R,daily_cumulative_level,mid_R_s02_post_fire__WY2006,2005-10-18,2006-09-13,331,57,60,0.47913028437815514,-0.010409040512026256,0.10773134314614528
mid_R__daily_cumulative_level__mid_R_s02_post_fire__WY2006__r2,mid_R,daily_cumulative_level,mid_R_s02_post_fire__WY2006,2005-10-18,2006-09-13,331,58,60,0.46892431283226643,-0.011395635764469201,0.10773134314614528
mid_R__daily_cumulative_level__mid_R_s02_post_fire__WY2006__r2,mid_R,daily_cumulative_level,mid_R_s02_post_fire__WY2006,2005-10-18,2006-09-13,331,59,60,0.4586201875654554,-0.01418054046926508,0.10773134314614528
mid_R__daily_cumulative_level__mid_R_s02_post_fire__WY2006__r2,mid_R,daily_cumulative_level,mid_R_s02_post_fire__WY2006,2005-10-18,2006-09-13,331,60,60,0.448212285590994,-0.014653236671091573,0.10773134314614528
mid_R__daily_cumulative_level__mid_R_s02_post_fire__WY2007__r1,mid_R,daily_cumulative_level,mid_R_s02_post_fire__WY2007,2006-10-01,2007-09-30,365,0,60,1.0,1.0,0.10259108882768189
mid_R__daily_cumulative_level__mid_R_s02_post_fire__WY2007__r1,mid_R,daily_cumulative_level,mid_R_s02_post_fire__WY2007,2006-10-01,2007-09-30,365,1,60,0.9935975944171499,0.9935975944171501,0.10259108882768189
mid_R__daily_cumulative_level__mid_R_s02_post_fire__WY2007__r1,mid_R,daily_cumulative_level,mid_R_s02_post_fire__WY2007,2006-10-01,2007-09-30,365,2,60,0.9869167820717272,-0.02502366459262727,0.10259108882768189
mid_R__daily_cumulative_level__mid_R_s02_post_fire__WY2007__r1,mid_R,daily_cumulative_level,mid_R_s02_post_fire__WY2007,2006-10-01,2007-09-30,365,3,60,0.9800929668784182,-0.014101766383446844,0.10259108882768189
mid_R__daily_cumulative_level__mid_R_s02_post_fire__WY2007__r1,mid_R,daily_cumulative_level,mid_R_s02_post_fire__WY2007,2006-10-01,2007-09-30,365,4,60,0.9731825780937383,-0.00976374871675124,0.10259108882768189
mid_R__daily_cumulative_level__mid_R_s02_post_fire__WY2007__r1,mid_R,daily_cumulative_level,mid_R_s02_post_fire__WY2007,2006-10-01,2007-09-30,365,5,60,0.9664792074372776,0.013129352966576762,0.10259108882768189
mid_R__daily_cumulative_level__mid_R_s02_post_fire__WY2007__r1,mid_R,daily_cumulative_level,mid_R_s02_post_fire__WY2007,2006-10-01,2007-09-30,365,6,60,0.9597025458370005,-0.009716043876255008,0.10259108882768189
mid_R__daily_cumulative_level__mid_R_s02_post_fire__WY2007__r1,mid_R,daily_cumulative_level,mid_R_s02_post_fire__WY2007,2006-10-01,2007-09-30,365,7,60,0.9528500918453333,-0.00945811051857516,0.10259108882768189
mid_R__daily_cumulative_level__mid_R_s02_post_fire__WY2007__r1,mid_R,daily_cumulative_level,mid_R_s02_post_fire__WY2007,2006-10-01,2007-09-30,365,8,60,0.9459719233824585,-0.005359305692616515,0.10259108882768189
mid_R__daily_cumulative_level__mid_R_s02_post_fire__WY2007__r1,mid_R,daily_cumulative_level,mid_R_s02_post_fire__WY2007,2006-10-01,2007-09-30,365,9,60,0.9390645094268103,-0.005265237548896772,0.10259108882768189
mid_R__daily_cumulative_level__mid_R_s02_post_fire__WY2007__r1,mid_R,daily_cumulative_level,mid_R_s02_post_fire__WY2007,2006-10-01,2007-09-30,365,10,60,0.9321194052817899,-0.0065069238486054086,0.10259108882768189
mid_R__daily_cumulative_level__mid_R_s02_post_fire__WY2007__r1,mid_R,daily_cumulative_level,mid_R_s02_post_fire__WY2007,2006-10-01,2007-09-30,365,11,60,0.9250966360440475,-0.009653114687146856,0.10259108882768189
mid_R__daily_cumulative_level__mid_R_s02_post_fire__WY2007__r1,mid_R,daily_cumulative_level,mid_R_s02_post_fire__WY2007,2006-10-01,2007-09-30,365,12,60,0.918027648196522,-0.006918327673596497,0.10259108882768189
mid_R__daily_cumulative_level__mid_R_s02_post_fire__WY2007__r1,mid_R,daily_cumulative_level,mid_R_s02_post_fire__WY2007,2006-10-01,2007-09-30,365,13,60,0.9108640409186104,-0.010801209112147422,0.10259108882768189
mid_R__daily_cumulative_level__mid_R_s02_post_fire__WY2007__r1,mid_R,daily_cumulative_level,mid_R_s02_post_fire__WY2007,2006-10-01,2007-09-30,365,14,60,0.9036077056732331,-0.010614187443770344,0.10259108882768189
mid_R__daily_cumulative_level__mid_R_s02_post_fire__WY2007__r1,mid_R,daily_cumulative_level,mid_R_s02_post_fire__WY2007,2006-10-01,2007-09-30,365,15,60,0.8961917483005521,-0.015980971235162872,0.10259108882768189
mid_R__daily_cumulative_level__mid_R_s02_post_fire__WY2007__r1,mid_R,daily_cumulative_level,mid_R_s02_post_fire__WY2007,2006-10-01,2007-09-30,365,16,60,0.8886389599707561,-0.013893275011869582,0.10259108882768189
mid_R__daily_cumulative_level__mid_R_s02_post_fire__WY2007__r1,mid_R,daily_cumulative_level,mid_R_s02_post_fire__WY2007,2006-10-01,2007-09-30,365,17,60,0.880940175744968,-0.01480008896134678,0.10259108882768189
mid_R__daily_cumulative_level__mid_R_s02_post_fire__WY2007__r1,mid_R,daily_cumulative_level,mid_R_s02_post_fire__WY2007,2006-10-01,2007-09-30,365,18,60,0.8731229048085052,-0.012652275190584641,0.10259108882768189
mid_R__daily_cumulative_level__mid_R_s02_post_fire__WY2007__r1,mid_R,daily_cumulative_level,mid_R_s02_post_fire__WY2007,2006-10-01,2007-09-30,365,19,60,0.8652151237208656,-0.010777080149547038,0.10259108882768189
mid_R__daily_cumulative_level__mid_R_s02_post_fire__WY2007__r1,mid_R,daily_cumulative_level,mid_R_s02_post_fire__WY2007,2006-10-01,2007-09-30,365,20,60,0.8572574246833138,-0.0076389146854505185,0.10259108882768189
mid_R__daily_cumulative_level__mid_R_s02_post_fire__WY2007__r1,mid_R,daily_cumulative_level,mid_R_s02_post_fire__WY2007,2006-10-01,2007-09-30,365,21,60,0.8492531992259814,-0.007585002923595535,0.10259108882768189
mid_R__daily_cumulative_level__mid_R_s02_post_fire__WY2007__r1,mid_R,daily_cumulative_level,mid_R_s02_post_fire__WY2007,2006-10-01,2007-09-30,365,22,60,0.8412107102262562,-0.006986732537095459,0.10259108882768189
mid_R__daily_cumulative_level__mid_R_s02_post_fire__WY2007__r1,mid_R,daily_cumulative_level,mid_R_s02_post_fire__WY2007,2006-10-01,2007-09-30,365,23,60,0.8331162745502614,-0.008057652828151941,0.10259108882768189
mid_R__daily_cumulative_level__mid_R_s02_post_fire__WY2007__r1,mid_R,daily_cumulative_level,mid_R_s02_post_fire__WY2007,2006-10-01,2007-09-30,365,24,60,0.8249574625101986,-0.008944356584967242,0.10259108882768189
mid_R__daily_cumulative_level__mid_R_s02_post_fire__WY2007__r1,mid_R,daily_cumulative_level,mid_R_s02_post_fire__WY2007,2006-10-01,2007-09-30,365,25,60,0.8167560349292895,-0.007203209214304475,0.10259108882768189
mid_R__daily_cumulative_level__mid_R_s02_post_fire__WY2007__r1,mid_R,daily_cumulative_level,mid_R_s02_post_fire__WY2007,2006-10-01,2007-09-30,365,26,60,0.8084753334919046,-0.010142553428134016,0.10259108882768189
mid_R__daily_cumulative_level__mid_R_s02_post_fire__WY2007__r1,mid_R,daily_cumulative_level,mid_R_s02_post_fire__WY2007,2006-10-01,2007-09-30,365,27,60,0.8000785492297127,-0.01297172402353125,0.10259108882768189
mid_R__daily_cumulative_level__mid_R_s02_post_fire__WY2007__r1,mid_R,daily_cumulative_level,mid_R_s02_post_fire__WY2007,2006-10-01,2007-09-30,365,28,60,0.7916167791679555,-0.008882398272130101,0.10259108882768189
mid_R__daily_cumulative_level__mid_R_s02_post_fire__WY2007__r1,mid_R,daily_cumulative_level,mid_R_s02_post_fire__WY2007,2006-10-01,2007-09-30,365,29,60,0.7830616541664062,-0.0111000708460357,0.10259108882768189
mid_R__daily_cumulative_level__mid_R_s02_post_fire__WY2007__r1,mid_R,daily_cumulative_level,mid_R_s02_post_fire__WY2007,2006-10-01,2007-09-30,365,30,60,0.7744036250823692,-0.01197684815449358,0.10259108882768189
mid_R__daily_cumulative_level__mid_R_s02_post_fire__WY2007__r1,mid_R,daily_cumulative_level,mid_R_s02_post_fire__WY2007,2006-10-01,2007-09-30,365,31,60,0.7656792511126262,-0.009215148303498554,0.10259108882768189
mid_R__daily_cumulative_level__mid_R_s02_post_fire__WY2007__r1,mid_R,daily_cumulative_level,mid_R_s02_post_fire__WY2007,2006-10-01,2007-09-30,365,32,60,0.7569193413657483,-0.0067486910418290075,0.10259108882768189
mid_R__daily_cumulative_level__mid_R_s02_post_fire__WY2007__r1,mid_R,daily_cumulative_level,mid_R_s02_post_fire__WY2007,2006-10-01,2007-09-30,365,33,60,0.7486644766306939,0.035474276615224475,0.10259108882768189
mid_R__daily_cumulative_level__mid_R_s02_post_fire__WY2007__r1,mid_R,daily_cumulative_level,mid_R_s02_post_fire__WY2007,2006-10-01,2007-09-30,365,34,60,0.7406626329700976,0.014121312201581322,0.10259108882768189
mid_R__daily_cumulative_level__mid_R_s02_post_fire__WY2007__r1,mid_R,daily_cumulative_level,mid_R_s02_post_fire__WY2007,2006-10-01,2007-09-30,365,35,60,0.7326279837671582,-0.008163508062457189,0.10259108882768189
mid_R__daily_cumulative_level__mid_R_s02_post_fire__WY2007__r1,mid_R,daily_cumulative_level,mid_R_s02_post_fire__WY2007,2006-10-01,2007-09-30,365,36,60,0.7245682909254727,-0.0067209019101584526,0.10259108882768189
mid_R__daily_cumulative_level__mid_R_s02_post_fire__WY2007__r1,mid_R,daily_cumulative_level,mid_R_s02_post_fire__WY2007,2006-10-01,2007-09-30,365,37,60,0.7164337495668467,-0.008588760442701307,0.10259108882768189
mid_R__daily_cumulative_level__mid_R_s02_post_fire__WY2007__r1,mid_R,daily_cumulative_level,mid_R_s02_post_fire__WY2007,2006-10-01,2007-09-30,365,38,60,0.7081578510237366,-0.014690675305736105,0.10259108882768189
mid_R__daily_cumulative_level__mid_R_s02_post_fire__WY2007__r1,mid_R,daily_cumulative_level,mid_R_s02_post_fire__WY2007,2006-10-01,2007-09-30,365,39,60,0.6999294183038267,-0.0006172556281419151,0.10259108882768189
mid_R__daily_cumulative_level__mid_R_s02_post_fire__WY2007__r1,mid_R,daily_cumulative_level,mid_R_s02_post_fire__WY2007,2006-10-01,2007-09-30,365,40,60,0.6916420190893617,-0.008974156652498146,0.10259108882768189
mid_R__daily_cumulative_level__mid_R_s02_post_fire__WY2007__r1,mid_R,daily_cumulative_level,mid_R_s02_post_fire__WY2007,2006-10-01,2007-09-30,365,41,60,0.6833244063003651,-0.006531811924709749,0.10259108882768189
mid_R__daily_cumulative_level__mid_R_s02_post_fire__WY2007__r1,mid_R,daily_cumulative_level,mid_R_s02_post_fire__WY2007,2006-10-01,2007-09-30,365,42,60,0.6750773790630998,0.0010343421020674605,0.10259108882768189
mid_R__daily_cumulative_level__mid_R_s02_post_fire__WY2007__r1,mid_R,daily_cumulative_level,mid_R_s02_post_fire__WY2007,2006-10-01,2007-09-30,365,43,60,0.6668052237392382,-0.00642426942175652,0.10259108882768189
mid_R__daily_cumulative_level__mid_R_s02_post_fire__WY2007__r1,mid_R,daily_cumulative_level,mid_R_s02_post_fire__WY2007,2006-10-01,2007-09-30,365,44,60,0.6591223132454567,0.04178123276863128,0.10259108882768189
mid_R__daily_cumulative_level__mid_R_s02_post_fire__WY2007__r1,mid_R,daily_cumulative_level,mid_R_s02_post_fire__WY2007,2006-10-01,2007-09-30,365,45,60,0.6513941473404472,-0.009907525984073353,0.10259108882768189
mid_R__daily_cumulative_level__mid_R_s02_post_fire__WY2007__r1,mid_R,daily_cumulative_level,mid_R_s02_post_fire__WY2007,2006-10-01,2007-09-30,365,46,60,0.643516616799243,-0.016949678036307935,0.10259108882768189
mid_R__daily_cumulative_level__mid_R_s02_post_fire__WY2007__r1,mid_R,daily_cumulative_level,mid_R_s02_post_fire__WY2007,2006-10-01,2007-09-30,365,47,60,0.6355469147073318,-0.012646769051701486,0.10259108882768189
mid_R__daily_cumulative_level__mid_R_s02_post_fire__WY2007__r1,mid_R,daily_cumulative_level,mid_R_s02_post_fire__WY2007,2006-10-01,2007-09-30,365,48,60,0.627533052583622,-0.006830055315275552,0.10259108882768189
mid_R__daily_cumulative_level__mid_R_s02_post_fire__WY2007__r1,mid_R,daily_cumulative_level,mid_R_s02_post_fire__WY2007,2006-10-01,2007-09-30,365,49,60,0.6194599916114121,-0.01050298548535325,0.10259108882768189
mid_R__daily_cumulative_level__mid_R_s02_post_fire__WY2007__r1,mid_R,daily_cumulative_level,mid_R_s02_post_fire__WY2007,2006-10-01,2007-09-30,365,50,60,0.6112873713039059,-0.013837012040815331,0.10259108882768189
mid_R__daily_cumulative_level__mid_R_s02_post_fire__WY2007__r1,mid_R,daily_cumulative_level,mid_R_s02_post_fire__WY2007,2006-10-01,2007-09-30,365,51,60,0.6030330299286234,-0.011574145296156014,0.10259108882768189
mid_R__daily_cumulative_level__mid_R_s02_post_fire__WY2007__r1,mid_R,daily_cumulative_level,mid_R_s02_post_fire__WY2007,2006-10-01,2007-09-30,365,52,60,0.5946681137450356,-0.013233515593958137,0.10259108882768189
mid_R__daily_cumulative_level__mid_R_s02_post_fire__WY2007__r1,mid_R,daily_cumulative_level,mid_R_s02_post_fire__WY2007,2006-10-01,2007-09-30,365,53,60,0.5861529151320485,-0.016509799151740907,0.10259108882768189
mid_R__daily_cumulative_level__mid_R_s02_post_fire__WY2007__r1,mid_R,daily_cumulative_level,mid_R_s02_post_fire__WY2007,2006-10-01,2007-09-30,365,54,60,0.5777083215500339,0.0005657343911589564,0.10259108882768189
mid_R__daily_cumulative_level__mid_R_s02_post_fire__WY2007__r1,mid_R,daily_cumulative_level,mid_R_s02_post_fire__WY2007,2006-10-01,2007-09-30,365,55,60,0.5691340754965335,-0.0154623751604965,0.10259108882768189
mid_R__daily_cumulative_level__mid_R_s02_post_fire__WY2007__r1,mid_R,daily_cumulative_level,mid_R_s02_post_fire__WY2007,2006-10-01,2007-09-30,365,56,60,0.5604478755839166,-0.014578888441087094,0.10259108882768189
mid_R__daily_cumulative_level__mid_R_s02_post_fire__WY2007__r1,mid_R,daily_cumulative_level,mid_R_s02_post_fire__WY2007,2006-10-01,2007-09-30,365,57,60,0.5518201981738142,-0.0011768164320333598,0.10259108882768189
mid_R__daily_cumulative_level__mid_R_s02_post_fire__WY2007__r1,mid_R,daily_cumulative_level,mid_R_s02_post_fire__WY2007,2006-10-01,2007-09-30,365,58,60,0.5433307931528253,0.004813830536785458,0.10259108882768189
mid_R__daily_cumulative_level__mid_R_s02_post_fire__WY2007__r1,mid_R,daily_cumulative_level,mid_R_s02_post_fire__WY2007,2006-10-01,2007-09-30,365,59,60,0.5350308552877454,0.007660619338737406,0.10259108882768189
mid_R__daily_cumulative_level__mid_R_s02_post_fire__WY2007__r1,mid_R,daily_cumulative_level,mid_R_s02_post_fire__WY2007,2006-10-01,2007-09-30,365,60,60,0.5267412267759225,-0.006501185711746866,0.10259108882768189
mid_R__daily_cumulative_level__mid_R_s02_post_fire__WY2008__r1,mid_R,daily_cumulative_level,mid_R_s02_post_fire__WY2008,2007-10-01,2008-09-30,366,0,60,1.0,1.0,0.10245084120390606
mid_R__daily_cumulative_level__mid_R_s02_post_fire__WY2008__r1,mid_R,daily_cumulative_level,mid_R_s02_post_fire__WY2008,2007-10-01,2008-09-30,366,1,60,0.9937147832885012,0.9937147832885012,0.10245084120390606
mid_R__daily_cumulative_level__mid_R_s02_post_fire__WY2008__r1,mid_R,daily_cumulative_level,mid_R_s02_post_fire__WY2008,2007-10-01,2008-09-30,366,2,60,0.9872005091240863,-0.021431882015337817,0.10245084120390606
mid_R__daily_cumulative_level__mid_R_s02_post_fire__WY2008__r1,mid_R,daily_cumulative_level,mid_R_s02_post_fire__WY2008,2007-10-01,2008-09-30,366,3,60,0.9804761088094858,-0.01972333059979712,0.10245084120390606
mid_R__daily_cumulative_level__mid_R_s02_post_fire__WY2008__r1,mid_R,daily_cumulative_level,mid_R_s02_post_fire__WY2008,2007-10-01,2008-09-30,366,4,60,0.9735889366860891,-0.015801091402022422,0.10245084120390606
mid_R__daily_cumulative_level__mid_R_s02_post_fire__WY2008__r1,mid_R,daily_cumulative_level,mid_R_s02_post_fire__WY2008,2007-10-01,2008-09-30,366,5,60,0.9667313287934202,-0.0004085296090623397,0.10245084120390606
mid_R__daily_cumulative_level__mid_R_s02_post_fire__WY2008__r1,mid_R,daily_cumulative_level,mid_R_s02_post_fire__WY2008,2007-10-01,2008-09-30,366,6,60,0.9597959361997871,-0.00938233585829585,0.10245084120390606
mid_R__daily_cumulative_level__mid_R_s02_post_fire__WY2008__r1,mid_R,daily_cumulative_level,mid_R_s02_post_fire__WY2008,2007-10-01,2008-09-30,366,7,60,0.9527575595343466,-0.01148438077371618,0.10245084120390606
mid_R__daily_cumulative_level__mid_R_s02_post_fire__WY2008__r1,mid_R,daily_cumulative_level,mid_R_s02_post_fire__WY2008,2007-10-01,2008-09-30,366,8,60,0.9456431750298667,-0.009270370630613062,0.10245084120390606
mid_R__daily_cumulative_level__mid_R_s02_post_fire__WY2008__r1,mid_R,daily_cumulative_level,mid_R_s02_post_fire__WY2008,2007-10-01,2008-09-30,366,9,60,0.9384951017397766,-0.005726823722119745,0.10245084120390606
mid_R__daily_cumulative_level__mid_R_s02_post_fire__WY2008__r1,mid_R,daily_cumulative_level,mid_R_s02_post_fire__WY2008,2007-10-01,2008-09-30,366,10,60,0.9315557667592631,0.013431190690487843,0.10245084120390606
mid_R__daily_cumulative_level__mid_R_s02_post_fire__WY2008__r1,mid_R,daily_cumulative_level,mid_R_s02_post_fire__WY2008,2007-10-01,2008-09-30,366,11,60,0.9245905168360922,-0.006040027135492188,0.10245084120390606
mid_R__daily_cumulative_level__mid_R_s02_post_fire__WY2008__r1,mid_R,daily_cumulative_level,mid_R_s02_post_fire__WY2008,2007-10-01,2008-09-30,366,12,60,0.9175817042473746,-0.007448308878942784,0.10245084120390606
mid_R__daily_cumulative_level__mid_R_s02_post_fire__WY2008__r1,mid_R,daily_cumulative_level,mid_R_s02_post_fire__WY2008,2007-10-01,2008-09-30,366,13,60,0.910529519692698,-0.007225464906152127,0.10245084120390606
mid_R__daily_cumulative_level__mid_R_s02_post_fire__WY2008__r1,mid_R,daily_cumulative_level,mid_R_s02_post_fire__WY2008,2007-10-01,2008-09-30,366,14,60,0.9034384741736621,-0.0062784031430884206,0.10245084120390606
mid_R__daily_cumulative_level__mid_R_s02_post_fire__WY2008__r1,mid_R,daily_cumulative_level,mid_R_s02_post_fire__WY2008,2007-10-01,2008-09-30,366,15,60,0.8963038875672404,-0.007035760680543418,0.10245084120390606
mid_R__daily_cumulative_level__mid_R_s02_post_fire__WY2008__r1,mid_R,daily_cumulative_level,mid_R_s02_post_fire__WY2008,2007-10-01,2008-09-30,366,16,60,0.8890750493490049,-0.011239214269379207,0.10245084120390606
mid_R__daily_cumulative_level__mid_R_s02_post_fire__WY2008__r1,mid_R,daily_cumulative_level,mid_R_s02_post_fire__WY2008,2007-10-01,2008-09-30,366,17,60,0.8819123850809082,0.001764161197841729,0.10245084120390606
mid_R__daily_cumulative_level__mid_R_s02_post_fire__WY2008__r1,mid_R,daily_cumulative_level,mid_R_s02_post_fire__WY2008,2007-10-01,2008-09-30,366,18,60,0.874573404879448,-0.01774480559737717,0.10245084120390606
mid_R__daily_cumulative_level__mid_R_s02_post_fire__WY2008__r1,mid_R,daily_cumulative_level,mid_R_s02_post_fire__WY2008,2007-10-01,2008-09-30,366,19,60,0.8674006023563822,0.010278947797517835,0.10245084120390606
mid_R__daily_cumulative_level__mid_R_s02_post_fire__WY2008__r1,mid_R,daily_cumulative_level,mid_R_s02_post_fire__WY2008,2007-10-01,2008-09-30,366,20,60,0.860169997638691,-0.008608037087864522,0.10245084120390606
mid_R__daily_cumulative_level__mid_R_s02_post_fire__WY2008__r1,mid_R,daily_cumulative_level,mid_R_s02_post_fire__WY2008,2007-10-01,2008-09-30,366,21,60,0.8527950791968475,-0.015252224146511058,0.10245084120390606
mid_R__daily_cumulative_level__mid_R_s02_post_fire__WY2008__r1,mid_R,daily_cumulative_level,mid_R_s02_post_fire__WY2008,2007-10-01,2008-09-30,366,22,60,0.8452756887986913,-0.01540930449003047,0.10245084120390606
mid_R__daily_cumulative_level__mid_R_s02_post_fire__WY2008__r1,mid_R,daily_cumulative_level,mid_R_s02_post_fire__WY2008,2007-10-01,2008-09-30,366,23,60,0.8376513020281572,-0.011412517948930667,0.10245084120390606
mid_R__daily_cumulative_level__mid_R_s02_post_fire__WY2008__r1,mid_R,daily_cumulative_level,mid_R_s02_post_fire__WY2008,2007-10-01,2008-09-30,366,24,60,0.8297460003027844,-0.02578159374826273,0.10245084120390606
mid_R__daily_cumulative_level__mid_R_s02_post_fire__WY2008__r1,mid_R,daily_cumulative_level,mid_R_s02_post_fire__WY2008,2007-10-01,2008-09-30,366,25,60,0.8217325079978489,-0.0120321643599086,0.10245084120390606
mid_R__daily_cumulative_level__mid_R_s02_post_fire__WY2008__r1,mid_R,daily_cumulative_level,mid_R_s02_post_fire__WY2008,2007-10-01,2008-09-30,366,26,60,0.8136185513336497,-0.011013410009639242,0.10245084120390606
mid_R__daily_cumulative_level__mid_R_s02_post_fire__WY2008__r1,mid_R,daily_cumulative_level,mid_R_s02_post_fire__WY2008,2007-10-01,2008-09-30,366,27,60,0.8053556727947552,-0.01558156066303391,0.10245084120390606
mid_R__daily_cumulative_level__mid_R_s02_post_fire__WY2008__r1,mid_R,daily_cumulative_level,mid_R_s02_post_fire__WY2008,2007-10-01,2008-09-30,366,28,60,0.7969482140422478,-0.014561440370649877,0.10245084120390606
mid_R__daily_cumulative_level__mid_R_s02_post_fire__WY2008__r1,mid_R,daily_cumulative_level,mid_R_s02_post_fire__WY2008,2007-10-01,2008-09-30,366,29,60,0.7883966132637966,-0.015008387283874011,0.10245084120390606
mid_R__daily_cumulative_level__mid_R_s02_post_fire__WY2008__r1,mid_R,daily_cumulative_level,mid_R_s02_post_fire__WY2008,2007-10-01,2008-09-30,366,30,60,0.7796547657307905,-0.01898113076401799,0.10245084120390606
mid_R__daily_cumulative_level__mid_R_s02_post_fire__WY2008__r1,mid_R,daily_cumulative_level,mid_R_s02_post_fire__WY2008,2007-10-01,2008-09-30,366,31,60,0.7707439750843248,-0.017400527463651175,0.10245084120390606
mid_R__daily_cumulative_level__mid_R_s02_post_fire__WY2008__r1,mid_R,daily_cumulative_level,mid_R_s02_post_fire__WY2008,2007-10-01,2008-09-30,366,32,60,0.7617356974304218,-0.01169617779713579,0.10245084120390606
mid_R__daily_cumulative_level__mid_R_s02_post_fire__WY2008__r1,mid_R,daily_cumulative_level,mid_R_s02_post_fire__WY2008,2007-10-01,2008-09-30,366,33,60,0.7526578333296329,-0.009973875920770108,0.10245084120390606
mid_R__daily_cumulative_level__mid_R_s02_post_fire__WY2008__r1,mid_R,daily_cumulative_level,mid_R_s02_post_fire__WY2008,2007-10-01,2008-09-30,366,34,60,0.7435486742337367,-0.007203480900138349,0.10245084120390606
mid_R__daily_cumulative_level__mid_R_s02_post_fire__WY2008__r1,mid_R,daily_cumulative_level,mid_R_s02_post_fire__WY2008,2007-10-01,2008-09-30,366,35,60,0.7343949833418634,-0.0076828973347869145,0.10245084120390606
mid_R__daily_cumulative_level__mid_R_s02_post_fire__WY2008__r1,mid_R,daily_cumulative_level,mid_R_s02_post_fire__WY2008,2007-10-01,2008-09-30,366,36,60,0.7252211236815438,-0.00669087287171713,0.10245084120390606
mid_R__daily_cumulative_level__mid_R_s02_post_fire__WY2008__r1,mid_R,daily_cumulative_level,mid_R_s02_post_fire__WY2008,2007-10-01,2008-09-30,366,37,60,0.7160153034654416,-0.007181997797590247,0.10245084120390606
mid_R__daily_cumulative_level__mid_R_s02_post_fire__WY2008__r1,mid_R,daily_cumulative_level,mid_R_s02_post_fire__WY2008,2007-10-01,2008-09-30,366,38,60,0.7067667582925619,-0.008349322294941173,0.10245084120390606
mid_R__daily_cumulative_level__mid_R_s02_post_fire__WY2008__r1,mid_R,daily_cumulative_level,mid_R_s02_post_fire__WY2008,2007-10-01,2008-09-30,366,39,60,0.697428469246673,-0.012431905878054698,0.10245084120390606
mid_R__daily_cumulative_level__mid_R_s02_post_fire__WY2008__r1,mid_R,daily_cumulative_level,mid_R_s02_post_fire__WY2008,2007-10-01,2008-09-30,366,40,60,0.6880093814821664,-0.012026968799717767,0.10245084120390606
mid_R__daily_cumulative_level__mid_R_s02_post_fire__WY2008__r1,mid_R,daily_cumulative_level,mid_R_s02_post_fire__WY2008,2007-10-01,2008-09-30,366,41,60,0.6787522576828362,0.00843815985434175,0.10245084120390606
mid_R__daily_cumulative_level__mid_R_s02_post_fire__WY2008__r1,mid_R,daily_cumulative_level,mid_R_s02_post_fire__WY2008,2007-10-01,2008-09-30,366,42,60,0.6698546492130064,0.023241360622894777,0.10245084120390606
mid_R__daily_cumulative_level__mid_R_s02_post_fire__WY2008__r1,mid_R,daily_cumulative_level,mid_R_s02_post_fire__WY2008,2007-10-01,2008-09-30,366,43,60,0.6609090834384946,-0.009788949169234718,0.10245084120390606
mid_R__daily_cumulative_level__mid_R_s02_post_fire__WY2008__r1,mid_R,daily_cumulative_level,mid_R_s02_post_fire__WY2008,2007-10-01,2008-09-30,366,44,60,0.6518982164174482,-0.010727665176528898,0.10245084120390606
mid_R__daily_cumulative_level__mid_R_s02_post_fire__WY2008__r1,mid_R,daily_cumulative_level,mid_R_s02_post_fire__WY2008,2007-10-01,2008-09-30,366,45,60,0.6428288854126243,-0.009408788184535869,0.10245084120390606
mid_R__daily_cumulative_level__mid_R_s02_post_fire__WY2008__r1,mid_R,daily_cumulative_level,mid_R_s02_post_fire__WY2008,2007-10-01,2008-09-30,366,46,60,0.6336622367046028,-0.012036686249360766,0.10245084120390606
mid_R__daily_cumulative_level__mid_R_s02_post_fire__WY2008__r1,mid_R,daily_cumulative_level,mid_R_s02_post_fire__WY2008,2007-10-01,2008-09-30,366,47,60,0.6243781725436157,-0.014053484905548346,0.10245084120390606
mid_R__daily_cumulative_level__mid_R_s02_post_fire__WY2008__r1,mid_R,daily_cumulative_level,mid_R_s02_post_fire__WY2008,2007-10-01,2008-09-30,366,48,60,0.6149642558062782,-0.015507797321692704,0.10245084120390606
mid_R__daily_cumulative_level__mid_R_s02_post_fire__WY2008__r1,mid_R,daily_cumulative_level,mid_R_s02_post_fire__WY2008,2007-10-01,2008-09-30,366,49,60,0.6054149927506396,-0.015678656789280203,0.10245084120390606
mid_R__daily_cumulative_level__mid_R_s02_post_fire__WY2008__r1,mid_R,daily_cumulative_level,mid_R_s02_post_fire__WY2008,2007-10-01,2008-09-30,366,50,60,0.5957603397948865,-0.011890458338858363,0.10245084120390606
mid_R__daily_cumulative_level__mid_R_s02_post_fire__WY2008__r1,mid_R,daily_cumulative_level,mid_R_s02_post_fire__WY2008,2007-10-01,2008-09-30,366,51,60,0.5859747293281768,-0.013443899890004229,0.10245084120390606
mid_R__daily_cumulative_level__mid_R_s02_post_fire__WY2008__r1,mid_R,daily_cumulative_level,mid_R_s02_post_fire__WY2008,2007-10-01,2008-09-30,366,52,60,0.5760312433673679,-0.016990424698901274,0.10245084120390606
mid_R__daily_cumulative_level__mid_R_s02_post_fire__WY2008__r1,mid_R,daily_cumulative_level,mid_R_s02_post_fire__WY2008,2007-10-01,2008-09-30,366,53,60,0.5660198031215354,-0.00995522514588294,0.10245084120390606
mid_R__daily_cumulative_level__mid_R_s02_post_fire__WY2008__r1,mid_R,daily_cumulative_level,mid_R_s02_post_fire__WY2008,2007-10-01,2008-09-30,366,54,60,0.5559966251968909,-0.005479206618669198,0.10245084120390606
mid_R__daily_cumulative_level__mid_R_s02_post_fire__WY2008__r1,mid_R,daily_cumulative_level,mid_R_s02_post_fire__WY2008,2007-10-01,2008-09-30,366,55,60,0.5458614770602825,-0.014237380464587073,0.10245084120390606
mid_R__daily_cumulative_level__mid_R_s02_post_fire__WY2008__r1,mid_R,daily_cumulative_level,mid_R_s02_post_fire__WY2008,2007-10-01,2008-09-30,366,56,60,0.5356351813169874,-0.01302428796563074,0.10245084120390606
mid_R__daily_cumulative_level__mid_R_s02_post_fire__WY2008__r1,mid_R,daily_cumulative_level,mid_R_s02_post_fire__WY2008,2007-10-01,2008-09-30,366,57,60,0.5253544482178908,-0.010028708940474954,0.10245084120390606
mid_R__daily_cumulative_level__mid_R_s02_post_fire__WY2008__r1,mid_R,daily_cumulative_level,mid_R_s02_post_fire__WY2008,2007-10-01,2008-09-30,366,58,60,0.5150083386329966,-0.010762931855222728,0.10245084120390606
mid_R__daily_cumulative_level__mid_R_s02_post_fire__WY2008__r1,mid_R,daily_cumulative_level,mid_R_s02_post_fire__WY2008,2007-10-01,2008-09-30,366,59,60,0.5046061278204194,-0.010464918191538832,0.10245084120390606
mid_R__daily_cumulative_level__mid_R_s02_post_fire__WY2008__r1,mid_R,daily_cumulative_level,mid_R_s02_post_fire__WY2008,2007-10-01,2008-09-30,366,60,60,0.4941451205755716,-0.009731645211787614,0.10245084120390606
mid_R__daily_cumulative_level__mid_R_s02_post_fire__WY2009__r1,mid_R,daily_cumulative_level,mid_R_s02_post_fire__WY2009,2008-10-01,2009-09-25,360,0,60,1.0,1.0,0.10330107023216706
mid_R__daily_cumulative_level__mid_R_s02_post_fire__WY2009__r1,mid_R,daily_cumulative_level,mid_R_s02_post_fire__WY2009,2008-10-01,2009-09-25,360,1,60,0.9941666005666133,0.9941666005666133,0.10330107023216706
mid_R__daily_cumulative_level__mid_R_s02_post_fire__WY2009__r1,mid_R,daily_cumulative_level,mid_R_s02_post_fire__WY2009,2008-10-01,2009-09-25,360,2,60,0.9879924954537521,-0.03221367036273093,0.10330107023216706
mid_R__daily_cumulative_level__mid_R_s02_post_fire__WY2009__r1,mid_R,daily_cumulative_level,mid_R_s02_post_fire__WY2009,2008-10-01,2009-09-25,360,3,60,0.9818039185863457,-0.003500013593413882,0.10330107023216706
mid_R__daily_cumulative_level__mid_R_s02_post_fire__WY2009__r1,mid_R,daily_cumulative_level,mid_R_s02_post_fire__WY2009,2008-10-01,2009-09-25,360,4,60,0.9757962941734656,0.012496475635445698,0.10330107023216706
mid_R__daily_cumulative_level__mid_R_s02_post_fire__WY2009__r1,mid_R,daily_cumulative_level,mid_R_s02_post_fire__WY2009,2008-10-01,2009-09-25,360,5,60,0.9696850547489705,-0.012864632976552775,0.10330107023216706
mid_R__daily_cumulative_level__mid_R_s02_post_fire__WY2009__r1,mid_R,daily_cumulative_level,mid_R_s02_post_fire__WY2009,2008-10-01,2009-09-25,360,6,60,0.9635066665910791,-0.008370035696454453,0.10330107023216706
mid_R__daily_cumulative_level__mid_R_s02_post_fire__WY2009__r1,mid_R,daily_cumulative_level,mid_R_s02_post_fire__WY2009,2008-10-01,2009-09-25,360,7,60,0.9572632938920058,-0.00815263036200814,0.10330107023216706
mid_R__daily_cumulative_level__mid_R_s02_post_fire__WY2009__r1,mid_R,daily_cumulative_level,mid_R_s02_post_fire__WY2009,2008-10-01,2009-09-25,360,8,60,0.9509308797601561,-0.010825932947417051,0.10330107023216706
mid_R__daily_cumulative_level__mid_R_s02_post_fire__WY2009__r1,mid_R,daily_cumulative_level,mid_R_s02_post_fire__WY2009,2008-10-01,2009-09-25,360,9,60,0.9444940680020812,-0.011865009140826166,0.10330107023216706
mid_R__daily_cumulative_level__mid_R_s02_post_fire__WY2009__r1,mid_R,daily_cumulative_level,mid_R_s02_post_fire__WY2009,2008-10-01,2009-09-25,360,10,60,0.9379869642035056,-0.008901604622323697,0.10330107023216706
mid_R__daily_cumulative_level__mid_R_s02_post_fire__WY2009__r1,mid_R,daily_cumulative_level,mid_R_s02_post_fire__WY2009,2008-10-01,2009-09-25,360,11,60,0.931448081009449,-0.00585534622114869,0.10330107023216706
mid_R__daily_cumulative_level__mid_R_s02_post_fire__WY2009__r1,mid_R,daily_cumulative_level,mid_R_s02_post_fire__WY2009,2008-10-01,2009-09-25,360,12,60,0.9248680613662288,-0.006851029029710034,0.10330107023216706
mid_R__daily_cumulative_level__mid_R_s02_post_fire__WY2009__r1,mid_R,daily_cumulative_level,mid_R_s02_post_fire__WY2009,2008-10-01,2009-09-25,360,13,60,0.9182315591973471,-0.007996076174343256,0.10330107023216706
mid_R__daily_cumulative_level__mid_R_s02_post_fire__WY2009__r1,mid_R,daily_cumulative_level,mid_R_s02_post_fire__WY2009,2008-10-01,2009-09-25,360,14,60,0.9115346962053655,-0.008190712763961553,0.10330107023216706
mid_R__daily_cumulative_level__mid_R_s02_post_fire__WY2009__r1,mid_R,daily_cumulative_level,mid_R_s02_post_fire__WY2009,2008-10-01,2009-09-25,360,15,60,0.9047802382948354,-0.00803271376925152,0.10330107023216706
mid_R__daily_cumulative_level__mid_R_s02_post_fire__WY2009__r1,mid_R,daily_cumulative_level,mid_R_s02_post_fire__WY2009,2008-10-01,2009-09-25,360,16,60,0.8979774818281898,-0.007303371835228015,0.10330107023216706
mid_R__daily_cumulative_level__mid_R_s02_post_fire__WY2009__r1,mid_R,daily_cumulative_level,mid_R_s02_post_fire__WY2009,2008-10-01,2009-09-25,360,17,60,0.8911041893745238,-0.009283315613039035,0.10330107023216706
mid_R__daily_cumulative_level__mid_R_s02_post_fire__WY2009__r1,mid_R,daily_cumulative_level,mid_R_s02_post_fire__WY2009,2008-10-01,2009-09-25,360,18,60,0.8841405196760046,-0.01092809691717852,0.10330107023216706
mid_R__daily_cumulative_level__mid_R_s02_post_fire__WY2009__r1,mid_R,daily_cumulative_level,mid_R_s02_post_fire__WY2009,2008-10-01,2009-09-25,360,19,60,0.8770859727911479,-0.01091411796616168,0.10330107023216706
mid_R__daily_cumulative_level__mid_R_s02_post_fire__WY2009__r1,mid_R,daily_cumulative_level,mid_R_s02_post_fire__WY2009,2008-10-01,2009-09-25,360,20,60,0.8699375348978869,-0.011288891315534752,0.10330107023216706
mid_R__daily_cumulative_level__mid_R_s02_post_fire__WY2009__r1,mid_R,daily_cumulative_level,mid_R_s02_post_fire__WY2009,2008-10-01,2009-09-25,360,21,60,0.8626844127518396,-0.01226563043395956,0.10330107023216706
mid_R__daily_cumulative_level__mid_R_s02_post_fire__WY2009__r1,mid_R,daily_cumulative_level,mid_R_s02_post_fire__WY2009,2008-10-01,2009-09-25,360,22,60,0.8553488425773087,-0.010311567534807905,0.10330107023216706
mid_R__daily_cumulative_level__mid_R_s02_post_fire__WY2009__r1,mid_R,daily_cumulative_level,mid_R_s02_post_fire__WY2009,2008-10-01,2009-09-25,360,23,60,0.8479401900347261,-0.00965447132462418,0.10330107023216706
mid_R__daily_cumulative_level__mid_R_s02_post_fire__WY2009__r1,mid_R,daily_cumulative_level,mid_R_s02_post_fire__WY2009,2008-10-01,2009-09-25,360,24,60,0.8404625216586598,-0.009392845960745123,0.10330107023216706
mid_R__daily_cumulative_level__mid_R_s02_post_fire__WY2009__r1,mid_R,daily_cumulative_level,mid_R_s02_post_fire__WY2009,2008-10-01,2009-09-25,360,25,60,0.8329037678421818,-0.010366115436111616,0.10330107023216706
mid_R__daily_cumulative_level__mid_R_s02_post_fire__WY2009__r1,mid_R,daily_cumulative_level,mid_R_s02_post_fire__WY2009,2008-10-01,2009-09-25,360,26,60,0.8252720833431338,-0.00961146988436527,0.10330107023216706
mid_R__daily_cumulative_level__mid_R_s02_post_fire__WY2009__r1,mid_R,daily_cumulative_level,mid_R_s02_post_fire__WY2009,2008-10-01,2009-09-25,360,27,60,0.8175872118126475,-0.007985285731794647,0.10330107023216706
mid_R__daily_cumulative_level__mid_R_s02_post_fire__WY2009__r1,mid_R,daily_cumulative_level,mid_R_s02_post_fire__WY2009,2008-10-01,2009-09-25,360,28,60,0.809852898864685,-0.007827241697683424,0.10330107023216706
mid_R__daily_cumulative_level__mid_R_s02_post_fire__WY2009__r1,mid_R,daily_cumulative_level,mid_R_s02_post_fire__WY2009,2008-10-01,2009-09-25,360,29,60,0.8020526321066116,-0.00925870144199042,0.10330107023216706
mid_R__daily_cumulative_level__mid_R_s02_post_fire__WY2009__r1,mid_R,daily_cumulative_level,mid_R_s02_post_fire__WY2009,2008-10-01,2009-09-25,360,30,60,0.794169715857913,-0.01062201521228983,0.10330107023216706
mid_R__daily_cumulative_level__mid_R_s02_post_fire__WY2009__r1,mid_R,daily_cumulative_level,mid_R_s02_post_fire__WY2009,2008-10-01,2009-09-25,360,31,60,0.7863257643672205,-0.00013428199571102726,0.10330107023216706
mid_R__daily_cumulative_level__mid_R_s02_post_fire__WY2009__r1,mid_R,daily_cumulative_level,mid_R_s02_post_fire__WY2009,2008-10-01,2009-09-25,360,32,60,0.7790291341012833,0.0431074134761036,0.10330107023216706
mid_R__daily_cumulative_level__mid_R_s02_post_fire__WY2009__r1,mid_R,daily_cumulative_level,mid_R_s02_post_fire__WY2009,2008-10-01,2009-09-25,360,33,60,0.7721095202137688,0.026369392687356136,0.10330107023216706
mid_R__daily_cumulative_level__mid_R_s02_post_fire__WY2009__r1,mid_R,daily_cumulative_level,mid_R_s02_post_fire__WY2009,2008-10-01,2009-09-25,360,34,60,0.7652870264070929,0.003693062183936351,0.10330107023216706
mid_R__daily_cumulative_level__mid_R_s02_post_fire__WY2009__r1,mid_R,daily_cumulative_level,mid_R_s02_post_fire__WY2009,2008-10-01,2009-09-25,360,35,60,0.7584596907693446,-0.0024740866670837653,0.10330107023216706
mid_R__daily_cumulative_level__mid_R_s02_post_fire__WY2009__r1,mid_R,daily_cumulative_level,mid_R_s02_post_fire__WY2009,2008-10-01,2009-09-25,360,36,60,0.7515641034876068,-0.008864700737304786,0.10330107023216706
mid_R__daily_cumulative_level__mid_R_s02_post_fire__WY2009__r1,mid_R,daily_cumulative_level,mid_R_s02_post_fire__WY2009,2008-10-01,2009-09-25,360,37,60,0.7445696304936392,-0.01219365609346919,0.10330107023216706
mid_R__daily_cumulative_level__mid_R_s02_post_fire__WY2009__r1,mid_R,daily_cumulative_level,mid_R_s02_post_fire__WY2009,2008-10-01,2009-09-25,360,38,60,0.7374469404413255,-0.014817875101473256,0.10330107023216706
mid_R__daily_cumulative_level__mid_R_s02_post_fire__WY2009__r1,mid_R,daily_cumulative_level,mid_R_s02_post_fire__WY2009,2008-10-01,2009-09-25,360,39,60,0.730305220660356,-0.00576409318554779,0.10330107023216706
mid_R__daily_cumulative_level__mid_R_s02_post_fire__WY2009__r1,mid_R,daily_cumulative_level,mid_R_s02_post_fire__WY2009,2008-10-01,2009-09-25,360,40,60,0.7231072784862221,-0.009786379442229548,0.10330107023216706
mid_R__daily_cumulative_level__mid_R_s02_post_fire__WY2009__r1,mid_R,daily_cumulative_level,mid_R_s02_post_fire__WY2009,2008-10-01,2009-09-25,360,41,60,0.7158151130796663,-0.012737670917675902,0.10330107023216706
mid_R__daily_cumulative_level__mid_R_s02_post_fire__WY2009__r1,mid_R,daily_cumulative_level,mid_R_s02_post_fire__WY2009,2008-10-01,2009-09-25,360,42,60,0.7084363894291148,-0.011113932674583304,0.10330107023216706
mid_R__daily_cumulative_level__mid_R_s02_post_fire__WY2009__r1,mid_R,daily_cumulative_level,mid_R_s02_post_fire__WY2009,2008-10-01,2009-09-25,360,43,60,0.7009925377096222,-0.009423197411730483,0.10330107023216706
mid_R__daily_cumulative_level__mid_R_s02_post_fire__WY2009__r1,mid_R,daily_cumulative_level,mid_R_s02_post_fire__WY2009,2008-10-01,2009-09-25,360,44,60,0.6934899849826882,-0.009156543917479701,0.10330107023216706
mid_R__daily_cumulative_level__mid_R_s02_post_fire__WY2009__r1,mid_R,daily_cumulative_level,mid_R_s02_post_fire__WY2009,2008-10-01,2009-09-25,360,45,60,0.6859389028375847,-0.008314488184138267,0.10330107023216706
mid_R__daily_cumulative_level__mid_R_s02_post_fire__WY2009__r1,mid_R,daily_cumulative_level,mid_R_s02_post_fire__WY2009,2008-10-01,2009-09-25,360,46,60,0.6783427338283662,-0.008070665076025043,0.10330107023216706
mid_R__daily_cumulative_level__mid_R_s02_post_fire__WY2009__r1,mid_R,daily_cumulative_level,mid_R_s02_post_fire__WY2009,2008-10-01,2009-09-25,360,47,60,0.670703792091814,-0.00792755362821188,0.10330107023216706
mid_R__daily_cumulative_level__mid_R_s02_post_fire__WY2009__r1,mid_R,daily_cumulative_level,mid_R_s02_post_fire__WY2009,2008-10-01,2009-09-25,360,48,60,0.6630209135469559,-0.008198126474717097,0.10330107023216706
mid_R__daily_cumulative_level__mid_R_s02_post_fire__WY2009__r1,mid_R,daily_cumulative_level,mid_R_s02_post_fire__WY2009,2008-10-01,2009-09-25,360,49,60,0.6552914036893832,-0.008681881285550452,0.10330107023216706
mid_R__daily_cumulative_level__mid_R_s02_post_fire__WY2009__r1,mid_R,daily_cumulative_level,mid_R_s02_post_fire__WY2009,2008-10-01,2009-09-25,360,50,60,0.6475041961665922,-0.009831547420824554,0.10330107023216706
mid_R__daily_cumulative_level__mid_R_s02_post_fire__WY2009__r1,mid_R,daily_cumulative_level,mid_R_s02_post_fire__WY2009,2008-10-01,2009-09-25,360,51,60,0.6396455325925671,-0.011194659379691597,0.10330107023216706
mid_R__daily_cumulative_level__mid_R_s02_post_fire__WY2009__r1,mid_R,daily_cumulative_level,mid_R_s02_post_fire__WY2009,2008-10-01,2009-09-25,360,52,60,0.6317150385902743,-0.01137463920889142,0.10330107023216706
mid_R__daily_cumulative_level__mid_R_s02_post_fire__WY2009__r1,mid_R,daily_cumulative_level,mid_R_s02_post_fire__WY2009,2008-10-01,2009-09-25,360,53,60,0.6237091648451117,-0.011634830652658704,0.10330107023216706
mid_R__daily_cumulative_level__mid_R_s02_post_fire__WY2009__r1,mid_R,daily_cumulative_level,mid_R_s02_post_fire__WY2009,2008-10-01,2009-09-25,360,54,60,0.6156269791089605,-0.01156502713967841,0.10330107023216706
mid_R__daily_cumulative_level__mid_R_s02_post_fire__WY2009__r1,mid_R,daily_cumulative_level,mid_R_s02_post_fire__WY2009,2008-10-01,2009-09-25,360,55,60,0.6074574554140585,-0.012463482080955705,0.10330107023216706
mid_R__daily_cumulative_level__mid_R_s02_post_fire__WY2009__r1,mid_R,daily_cumulative_level,mid_R_s02_post_fire__WY2009,2008-10-01,2009-09-25,360,56,60,0.5992230223120235,-0.010598062752483732,0.10330107023216706
mid_R__daily_cumulative_level__mid_R_s02_post_fire__WY2009__r1,mid_R,daily_cumulative_level,mid_R_s02_post_fire__WY2009,2008-10-01,2009-09-25,360,57,60,0.591037216900254,-0.0008278705943791106,0.10330107023216706
mid_R__daily_cumulative_level__mid_R_s02_post_fire__WY2009__r1,mid_R,daily_cumulative_level,mid_R_s02_post_fire__WY2009,2008-10-01,2009-09-25,360,58,60,0.5827845530817244,-0.011080424031337556,0.10330107023216706
mid_R__daily_cumulative_level__mid_R_s02_post_fire__WY2009__r1,mid_R,daily_cumulative_level,mid_R_s02_post_fire__WY2009,2008-10-01,2009-09-25,360,59,60,0.5744241985107251,-0.01392584612898719,0.10330107023216706
mid_R__daily_cumulative_level__mid_R_s02_post_fire__WY2009__r1,mid_R,daily_cumulative_level,mid_R_s02_post_fire__WY2009,2008-10-01,2009-09-25,360,60,60,0.5659097383727814,-0.01761223383110192,0.10330107023216706
mid_R__daily_cumulative_level__mid_R_s02_post_fire__WY2010__r1,mid_R,daily_cumulative_level,mid_R_s02_post_fire__WY2010,2009-10-01,2010-09-30,365,0,60,1.0,1.0,0.10259108882768189
mid_R__daily_cumulative_level__mid_R_s02_post_fire__WY2010__r1,mid_R,daily_cumulative_level,mid_R_s02_post_fire__WY2010,2009-10-01,2010-09-30,365,1,60,0.9942883018463776,0.9942883018463777,0.10259108882768189
mid_R__daily_cumulative_level__mid_R_s02_post_fire__WY2010__r1,mid_R,daily_cumulative_level,mid_R_s02_post_fire__WY2010,2009-10-01,2010-09-30,365,2,60,0.9884216913544601,-0.016463837634017865,0.10259108882768189
mid_R__daily_cumulative_level__mid_R_s02_post_fire__WY2010__r1,mid_R,daily_cumulative_level,mid_R_s02_post_fire__WY2010,2009-10-01,2010-09-30,365,3,60,0.9825147882659367,-0.006305243523486445,0.10259108882768189
mid_R__daily_cumulative_level__mid_R_s02_post_fire__WY2010__r1,mid_R,daily_cumulative_level,mid_R_s02_post_fire__WY2010,2009-10-01,2010-09-30,365,4,60,0.9765670042614807,-0.006476871004052607,0.10259108882768189
mid_R__daily_cumulative_level__mid_R_s02_post_fire__WY2010__r1,mid_R,daily_cumulative_level,mid_R_s02_post_fire__WY2010,2009-10-01,2010-09-30,365,5,60,0.9705509132926371,-0.008901234782914784,0.10259108882768189
mid_R__daily_cumulative_level__mid_R_s02_post_fire__WY2010__r1,mid_R,daily_cumulative_level,mid_R_s02_post_fire__WY2010,2009-10-01,2010-09-30,365,6,60,0.9644372299081606,-0.011441621973985443,0.10259108882768189
mid_R__daily_cumulative_level__mid_R_s02_post_fire__WY2010__r1,mid_R,daily_cumulative_level,mid_R_s02_post_fire__WY2010,2009-10-01,2010-09-30,365,7,60,0.9582281152217352,-0.011217777054261233,0.10259108882768189
mid_R__daily_cumulative_level__mid_R_s02_post_fire__WY2010__r1,mid_R,daily_cumulative_level,mid_R_s02_post_fire__WY2010,2009-10-01,2010-09-30,365,8,60,0.9519164539224414,-0.01186632329724183,0.10259108882768189
mid_R__daily_cumulative_level__mid_R_s02_post_fire__WY2010__r1,mid_R,daily_cumulative_level,mid_R_s02_post_fire__WY2010,2009-10-01,2010-09-30,365,9,60,0.9455339798504651,-0.00908046741758751,0.10259108882768189
mid_R__daily_cumulative_level__mid_R_s02_post_fire__WY2010__r1,mid_R,daily_cumulative_level,mid_R_s02_post_fire__WY2010,2009-10-01,2010-09-30,365,10,60,0.939072056334981,-0.009899354502348322,0.10259108882768189
mid_R__daily_cumulative_level__mid_R_s02_post_fire__WY2010__r1,mid_R,daily_cumulative_level,mid_R_s02_post_fire__WY2010,2009-10-01,2010-09-30,365,11,60,0.9325530166804399,-0.0079203896005933,0.10259108882768189
mid_R__daily_cumulative_level__mid_R_s02_post_fire__WY2010__r1,mid_R,daily_cumulative_level,mid_R_s02_post_fire__WY2010,2009-10-01,2010-09-30,365,12,60,0.9259878150618084,-0.006995400402416051,0.10259108882768189
mid_R__daily_cumulative_level__mid_R_s02_post_fire__WY2010__r1,mid_R,daily_cumulative_level,mid_R_s02_post_fire__WY2010,2009-10-01,2010-09-30,365,13,60,0.9203223791993085,0.07611433791846206,0.10259108882768189
mid_R__daily_cumulative_level__mid_R_s02_post_fire__WY2010__r1,mid_R,daily_cumulative_level,mid_R_s02_post_fire__WY2010,2009-10-01,2010-09-30,365,14,60,0.9145866638184296,-0.010886937536467425,0.10259108882768189
mid_R__daily_cumulative_level__mid_R_s02_post_fire__WY2010__r1,mid_R,daily_cumulative_level,mid_R_s02_post_fire__WY2010,2009-10-01,2010-09-30,365,15,60,0.9087789505467851,-0.009304697141365614,0.10259108882768189
mid_R__daily_cumulative_level__mid_R_s02_post_fire__WY2010__r1,mid_R,daily_cumulative_level,mid_R_s02_post_fire__WY2010,2009-10-01,2010-09-30,365,16,60,0.9029121679873444,-0.00823900992422043,0.10259108882768189
mid_R__daily_cumulative_level__mid_R_s02_post_fire__WY2010__r1,mid_R,daily_cumulative_level,mid_R_s02_post_fire__WY2010,2009-10-01,2010-09-30,365,17,60,0.8969636365970868,-0.010691284710224291,0.10259108882768189
mid_R__daily_cumulative_level__mid_R_s02_post_fire__WY2010__r1,mid_R,daily_cumulative_level,mid_R_s02_post_fire__WY2010,2009-10-01,2010-09-30,365,18,60,0.8909429692954334,-0.01026389415813887,0.10259108882768189
mid_R__daily_cumulative_level__mid_R_s02_post_fire__WY2010__r1,mid_R,daily_cumulative_level,mid_R_s02_post_fire__WY2010,2009-10-01,2010-09-30,365,19,60,0.8849093594721679,-0.004999597730201391,0.10259108882768189
mid_R__daily_cumulative_level__mid_R_s02_post_fire__WY2010__r1,mid_R,daily_cumulative_level,mid_R_s02_post_fire__WY2010,2009-10-01,2010-09-30,365,20,60,0.8788142224571466,-0.009527211848680535,0.10259108882768189
mid_R__daily_cumulative_level__mid_R_s02_post_fire__WY2010__r1,mid_R,daily_cumulative_level,mid_R_s02_post_fire__WY2010,2009-10-01,2010-09-30,365,21,60,0.8726528089908091,-0.00936801818836953,0.10259108882768189
mid_R__daily_cumulative_level__mid_R_s02_post_fire__WY2010__r1,mid_R,daily_cumulative_level,mid_R_s02_post_fire__WY2010,2009-10-01,2010-09-30,365,22,60,0.866402405776163,-0.011497194205654392,0.10259108882768189
mid_R__daily_cumulative_level__mid_R_s02_post_fire__WY2010__r1,mid_R,daily_cumulative_level,mid_R_s02_post_fire__WY2010,2009-10-01,2010-09-30,365,23,60,0.86007508440597,-0.010084971017951534,0.10259108882768189
mid_R__daily_cumulative_level__mid_R_s02_post_fire__WY2010__r1,mid_R,daily_cumulative_level,mid_R_s02_post_fire__WY2010,2009-10-01,2010-09-30,365,24,60,0.8536981541690107,-0.0076448094978631125,0.10259108882768189
mid_R__daily_cumulative_level__mid_R_s02_post_fire__WY2010__r1,mid_R,daily_cumulative_level,mid_R_s02_post_fire__WY2010,2009-10-01,2010-09-30,365,25,60,0.8472707796773333,-0.0007660174379787396,0.10259108882768189
mid_R__daily_cumulative_level__mid_R_s02_post_fire__WY2010__r1,mid_R,daily_cumulative_level,mid_R_s02_post_fire__WY2010,2009-10-01,2010-09-30,365,26,60,0.8408047914892532,-0.007261851573504284,0.10259108882768189
mid_R__daily_cumulative_level__mid_R_s02_post_fire__WY2010__r1,mid_R,daily_cumulative_level,mid_R_s02_post_fire__WY2010,2009-10-01,2010-09-30,365,27,60,0.8342897629372013,-0.007986859437174523,0.10259108882768189
mid_R__daily_cumulative_level__mid_R_s02_post_fire__WY2010__r1,mid_R,daily_cumulative_level,mid_R_s02_post_fire__WY2010,2009-10-01,2010-09-30,365,28,60,0.8276961648391877,-0.010431176432201202,0.10259108882768189
mid_R__daily_cumulative_level__mid_R_s02_post_fire__WY2010__r1,mid_R,daily_cumulative_level,mid_R_s02_post_fire__WY2010,2009-10-01,2010-09-30,365,29,60,0.8210118736883265,-0.011867643166395658,0.10259108882768189
mid_R__daily_cumulative_level__mid_R_s02_post_fire__WY2010__r1,mid_R,daily_cumulative_level,mid_R_s02_post_fire__WY2010,2009-10-01,2010-09-30,365,30,60,0.8142462233112486,-0.010971804614115399,0.10259108882768189
mid_R__daily_cumulative_level__mid_R_s02_post_fire__WY2010__r1,mid_R,daily_cumulative_level,mid_R_s02_post_fire__WY2010,2009-10-01,2010-09-30,365,31,60,0.807379671662375,-0.01187382081577951,0.10259108882768189
mid_R__daily_cumulative_level__mid_R_s02_post_fire__WY2010__r1,mid_R,daily_cumulative_level,mid_R_s02_post_fire__WY2010,2009-10-01,2010-09-30,365,32,60,0.8004301766050331,-0.011059210738713863,0.10259108882768189
mid_R__daily_cumulative_level__mid_R_s02_post_fire__WY2010__r1,mid_R,daily_cumulative_level,mid_R_s02_post_fire__WY2010,2009-10-01,2010-09-30,365,33,60,0.7933751864225396,-0.01308324797611892,0.10259108882768189
mid_R__daily_cumulative_level__mid_R_s02_post_fire__WY2010__r1,mid_R,daily_cumulative_level,mid_R_s02_post_fire__WY2010,2009-10-01,2010-09-30,365,34,60,0.7862477882833172,-0.010453502758707885,0.10259108882768189
mid_R__daily_cumulative_level__mid_R_s02_post_fire__WY2010__r1,mid_R,daily_cumulative_level,mid_R_s02_post_fire__WY2010,2009-10-01,2010-09-30,365,35,60,0.7790512850548358,-0.01000386020552952,0.10259108882768189
mid_R__daily_cumulative_level__mid_R_s02_post_fire__WY2010__r1,mid_R,daily_cumulative_level,mid_R_s02_post_fire__WY2010,2009-10-01,2010-09-30,365,36,60,0.7717579407991909,-0.012054301501995388,0.10259108882768189
mid_R__daily_cumulative_level__mid_R_s02_post_fire__WY2010__r1,mid_R,daily_cumulative_level,mid_R_s02_post_fire__WY2010,2009-10-01,2010-09-30,365,37,60,0.7643684278925897,-0.01137536307179425,0.10259108882768189
mid_R__daily_cumulative_level__mid_R_s02_post_fire__WY2010__r1,mid_R,daily_cumulative_level,mid_R_s02_post_fire__WY2010,2009-10-01,2010-09-30,365,38,60,0.7568670226823382,-0.013282788842978538,0.10259108882768189
mid_R__daily_cumulative_level__mid_R_s02_post_fire__WY2010__r1,mid_R,daily_cumulative_level,mid_R_s02_post_fire__WY2010,2009-10-01,2010-09-30,365,39,60,0.7492473193592011,-0.01402808071512397,0.10259108882768189
mid_R__daily_cumulative_level__mid_R_s02_post_fire__WY2010__r1,mid_R,daily_cumulative_level,mid_R_s02_post_fire__WY2010,2009-10-01,2010-09-30,365,40,60,0.7415163295566064,-0.013884860937960038,0.10259108882768189
mid_R__daily_cumulative_level__mid_R_s02_post_fire__WY2010__r1,mid_R,daily_cumulative_level,mid_R_s02_post_fire__WY2010,2009-10-01,2010-09-30,365,41,60,0.7336931547579342,-0.012468057921959475,0.10259108882768189
mid_R__daily_cumulative_level__mid_R_s02_post_fire__WY2010__r1,mid_R,daily_cumulative_level,mid_R_s02_post_fire__WY2010,2009-10-01,2010-09-30,365,42,60,0.7257885508459139,-0.011396168642369987,0.10259108882768189
mid_R__daily_cumulative_level__mid_R_s02_post_fire__WY2010__r1,mid_R,daily_cumulative_level,mid_R_s02_post_fire__WY2010,2009-10-01,2010-09-30,365,43,60,0.7179231772624908,-0.0009173552205708718,0.10259108882768189
mid_R__daily_cumulative_level__mid_R_s02_post_fire__WY2010__r1,mid_R,daily_cumulative_level,mid_R_s02_post_fire__WY2010,2009-10-01,2010-09-30,365,44,60,0.7099925120279084,-0.010187552754467316,0.10259108882768189
mid_R__daily_cumulative_level__mid_R_s02_post_fire__WY2010__r1,mid_R,daily_cumulative_level,mid_R_s02_post_fire__WY2010,2009-10-01,2010-09-30,365,45,60,0.7019676444000361,-0.012933086399865122,0.10259108882768189
mid_R__daily_cumulative_level__mid_R_s02_post_fire__WY2010__r1,mid_R,daily_cumulative_level,mid_R_s02_post_fire__WY2010,2009-10-01,2010-09-30,365,46,60,0.6938583314843667,-0.011643257613241963,0.10259108882768189
mid_R__daily_cumulative_level__mid_R_s02_post_fire__WY2010__r1,mid_R,daily_cumulative_level,mid_R_s02_post_fire__WY2010,2009-10-01,2010-09-30,365,47,60,0.6856578075997165,-0.012326055733351968,0.10259108882768189
mid_R__daily_cumulative_level__mid_R_s02_post_fire__WY2010__r1,mid_R,daily_cumulative_level,mid_R_s02_post_fire__WY2010,2009-10-01,2010-09-30,365,48,60,0.6774043511450631,-0.009415948494027715,0.10259108882768189
mid_R__daily_cumulative_level__mid_R_s02_post_fire__WY2010__r1,mid_R,daily_cumulative_level,mid_R_s02_post_fire__WY2010,2009-10-01,2010-09-30,365,49,60,0.6691083595328392,-0.008515294323919103,0.10259108882768189
mid_R__daily_cumulative_level__mid_R_s02_post_fire__WY2010__r1,mid_R,daily_cumulative_level,mid_R_s02_post_fire__WY2010,2009-10-01,2010-09-30,365,50,60,0.6607696233871837,-0.008863881117321963,0.10259108882768189
mid_R__daily_cumulative_level__mid_R_s02_post_fire__WY2010__r1,mid_R,daily_cumulative_level,mid_R_s02_post_fire__WY2010,2009-10-01,2010-09-30,365,51,60,0.6525631861366742,0.006552673413306637,0.10259108882768189
mid_R__daily_cumulative_level__mid_R_s02_post_fire__WY2010__r1,mid_R,daily_cumulative_level,mid_R_s02_post_fire__WY2010,2009-10-01,2010-09-30,365,52,60,0.6443533025421185,-0.0056976272154671105,0.10259108882768189
mid_R__daily_cumulative_level__mid_R_s02_post_fire__WY2010__r1,mid_R,daily_cumulative_level,mid_R_s02_post_fire__WY2010,2009-10-01,2010-09-30,365,53,60,0.6361104537366282,-0.007837590054598737,0.10259108882768189
mid_R__daily_cumulative_level__mid_R_s02_post_fire__WY2010__r1,mid_R,daily_cumulative_level,mid_R_s02_post_fire__WY2010,2009-10-01,2010-09-30,365,54,60,0.6277819786979343,-0.012366534168904462,0.10259108882768189
mid_R__daily_cumulative_level__mid_R_s02_post_fire__WY2010__r1,mid_R,daily_cumulative_level,mid_R_s02_post_fire__WY2010,2009-10-01,2010-09-30,365,55,60,0.6193945477147131,-0.008309254378287239,0.10259108882768189
mid_R__daily_cumulative_level__mid_R_s02_post_fire__WY2010__r1,mid_R,daily_cumulative_level,mid_R_s02_post_fire__WY2010,2009-10-01,2010-09-30,365,56,60,0.6109538875514291,-0.009651808830937431,0.10259108882768189
mid_R__daily_cumulative_level__mid_R_s02_post_fire__WY2010__r1,mid_R,daily_cumulative_level,mid_R_s02_post_fire__WY2010,2009-10-01,2010-09-30,365,57,60,0.6024319890794374,-0.012646208198227026,0.10259108882768189
mid_R__daily_cumulative_level__mid_R_s02_post_fire__WY2010__r1,mid_R,daily_cumulative_level,mid_R_s02_post_fire__WY2010,2009-10-01,2010-09-30,365,58,60,0.5939137238109566,-0.004907561555134106,0.10259108882768189
mid_R__daily_cumulative_level__mid_R_s02_post_fire__WY2010__r1,mid_R,daily_cumulative_level,mid_R_s02_post_fire__WY2010,2009-10-01,2010-09-30,365,59,60,0.5853247731785174,-0.011702756606469432,0.10259108882768189
mid_R__daily_cumulative_level__mid_R_s02_post_fire__WY2010__r1,mid_R,daily_cumulative_level,mid_R_s02_post_fire__WY2010,2009-10-01,2010-09-30,365,60,60,0.5766235928546009,-0.014784416190821919,0.10259108882768189
mid_R__daily_cumulative_level__mid_R_s02_post_fire__WY2011__r1,mid_R,daily_cumulative_level,mid_R_s02_post_fire__WY2011,2010-10-01,2011-05-25,237,0,59,1.0,1.0,0.12731568128247966
mid_R__daily_cumulative_level__mid_R_s02_post_fire__WY2011__r1,mid_R,daily_cumulative_level,mid_R_s02_post_fire__WY2011,2010-10-01,2011-05-25,237,1,59,0.9881785850962954,0.9881785850962955,0.12731568128247966
mid_R__daily_cumulative_level__mid_R_s02_post_fire__WY2011__r1,mid_R,daily_cumulative_level,mid_R_s02_post_fire__WY2011,2010-10-01,2011-05-25,237,2,59,0.9758909804464396,-0.02578111015488941,0.12731568128247966
mid_R__daily_cumulative_level__mid_R_s02_post_fire__WY2011__r1,mid_R,daily_cumulative_level,mid_R_s02_post_fire__WY2011,2010-10-01,2011-05-25,237,3,59,0.9638645609530406,0.005288025078256309,0.12731568128247966
mid_R__daily_cumulative_level__mid_R_s02_post_fire__WY2011__r1,mid_R,daily_cumulative_level,mid_R_s02_post_fire__WY2011,2010-10-01,2011-05-25,237,4,59,0.9518932748809964,-0.0042214214539793545,0.12731568128247966
mid_R__daily_cumulative_level__mid_R_s02_post_fire__WY2011__r1,mid_R,daily_cumulative_level,mid_R_s02_post_fire__WY2011,2010-10-01,2011-05-25,237,5,59,0.9396557118556703,-0.017429244232261266,0.12731568128247966
mid_R__daily_cumulative_level__mid_R_s02_post_fire__WY2011__r1,mid_R,daily_cumulative_level,mid_R_s02_post_fire__WY2011,2010-10-01,2011-05-25,237,6,59,0.9272293453456344,-0.013855489612980375,0.12731568128247966
mid_R__daily_cumulative_level__mid_R_s02_post_fire__WY2011__r1,mid_R,daily_cumulative_level,mid_R_s02_post_fire__WY2011,2010-10-01,2011-05-25,237,7,59,0.9146951964631047,-0.010978954219198941,0.12731568128247966
mid_R__daily_cumulative_level__mid_R_s02_post_fire__WY2011__r1,mid_R,daily_cumulative_level,mid_R_s02_post_fire__WY2011,2010-10-01,2011-05-25,237,8,59,0.9019846791963972,-0.01410684923138535,0.12731568128247966
mid_R__daily_cumulative_level__mid_R_s02_post_fire__WY2011__r1,mid_R,daily_cumulative_level,mid_R_s02_post_fire__WY2011,2010-10-01,2011-05-25,237,9,59,0.8891808942442444,-0.01037966760244676,0.12731568128247966
mid_R__daily_cumulative_level__mid_R_s02_post_fire__WY2011__r1,mid_R,daily_cumulative_level,mid_R_s02_post_fire__WY2011,2010-10-01,2011-05-25,237,10,59,0.8765046304370958,-0.0012175395373916686,0.12731568128247966
mid_R__daily_cumulative_level__mid_R_s02_post_fire__WY2011__r1,mid_R,daily_cumulative_level,mid_R_s02_post_fire__WY2011,2010-10-01,2011-05-25,237,11,59,0.86377658417935,-0.009142844432439031,0.12731568128247966
mid_R__daily_cumulative_level__mid_R_s02_post_fire__WY2011__r1,mid_R,daily_cumulative_level,mid_R_s02_post_fire__WY2011,2010-10-01,2011-05-25,237,12,59,0.851222861709343,0.0010254479477828206,0.12731568128247966
mid_R__daily_cumulative_level__mid_R_s02_post_fire__WY2011__r1,mid_R,daily_cumulative_level,mid_R_s02_post_fire__WY2011,2010-10-01,2011-05-25,237,13,59,0.8385288047231896,-0.012865715849897567,0.12731568128247966
mid_R__daily_cumulative_level__mid_R_s02_post_fire__WY2011__r1,mid_R,daily_cumulative_level,mid_R_s02_post_fire__WY2011,2010-10-01,2011-05-25,237,14,59,0.8256405974670307,-0.014780965068362574,0.12731568128247966
mid_R__daily_cumulative_level__mid_R_s02_post_fire__WY2011__r1,mid_R,daily_cumulative_level,mid_R_s02_post_fire__WY2011,2010-10-01,2011-05-25,237,15,59,0.8124514278433664,-0.019622110675876946,0.12731568128247966
mid_R__daily_cumulative_level__mid_R_s02_post_fire__WY2011__r1,mid_R,daily_cumulative_level,mid_R_s02_post_fire__WY2011,2010-10-01,2011-05-25,237,16,59,0.7990727530933754,-0.015214233917979648,0.12731568128247966
mid_R__daily_cumulative_level__mid_R_s02_post_fire__WY2011__r1,mid_R,daily_cumulative_level,mid_R_s02_post_fire__WY2011,2010-10-01,2011-05-25,237,17,59,0.7855988564939468,-0.011568624287644344,0.12731568128247966
mid_R__daily_cumulative_level__mid_R_s02_post_fire__WY2011__r1,mid_R,daily_cumulative_level,mid_R_s02_post_fire__WY2011,2010-10-01,2011-05-25,237,18,59,0.7719587592319522,-0.01455695851717914,0.12731568128247966
mid_R__daily_cumulative_level__mid_R_s02_post_fire__WY2011__r1,mid_R,daily_cumulative_level,mid_R_s02_post_fire__WY2011,2010-10-01,2011-05-25,237,19,59,0.7581742957739942,-0.013367383487905851,0.12731568128247966
mid_R__daily_cumulative_level__mid_R_s02_post_fire__WY2011__r1,mid_R,daily_cumulative_level,mid_R_s02_post_fire__WY2011,2010-10-01,2011-05-25,237,20,59,0.7442618286768744,-0.012860527374256648,0.12731568128247966
mid_R__daily_cumulative_level__mid_R_s02_post_fire__WY2011__r1,mid_R,daily_cumulative_level,mid_R_s02_post_fire__WY2011,2010-10-01,2011-05-25,237,21,59,0.7301536750985991,-0.015777702938990213,0.12731568128247966
mid_R__daily_cumulative_level__mid_R_s02_post_fire__WY2011__r1,mid_R,daily_cumulative_level,mid_R_s02_post_fire__WY2011,2010-10-01,2011-05-25,237,22,59,0.7159159974258441,-0.013164749940117916,0.12731568128247966
mid_R__daily_cumulative_level__mid_R_s02_post_fire__WY2011__r1,mid_R,daily_cumulative_level,mid_R_s02_post_fire__WY2011,2010-10-01,2011-05-25,237,23,59,0.7019657139179921,0.00436853048177869,0.12731568128247966
mid_R__daily_cumulative_level__mid_R_s02_post_fire__WY2011__r1,mid_R,daily_cumulative_level,mid_R_s02_post_fire__WY2011,2010-10-01,2011-05-25,237,24,59,0.6900174353170955,0.07680899388270096,0.12731568128247966
mid_R__daily_cumulative_level__mid_R_s02_post_fire__WY2011__r1,mid_R,daily_cumulative_level,mid_R_s02_post_fire__WY2011,2010-10-01,2011-05-25,237,25,59,0.6779417264721206,-0.015147866739884669,0.12731568128247966
mid_R__daily_cumulative_level__mid_R_s02_post_fire__WY2011__r1,mid_R,daily_cumulative_level,mid_R_s02_post_fire__WY2011,2010-10-01,2011-05-25,237,26,59,0.665688692722016,-0.012238485677728077,0.12731568128247966
mid_R__daily_cumulative_level__mid_R_s02_post_fire__WY2011__r1,mid_R,daily_cumulative_level,mid_R_s02_post_fire__WY2011,2010-10-01,2011-05-25,237,27,59,0.6532610071754079,-0.014328190040380353,0.12731568128247966
mid_R__daily_cumulative_level__mid_R_s02_post_fire__WY2011__r1,mid_R,daily_cumulative_level,mid_R_s02_post_fire__WY2011,2010-10-01,2011-05-25,237,28,59,0.6406374727106499,-0.017495206080022863,0.12731568128247966
mid_R__daily_cumulative_level__mid_R_s02_post_fire__WY2011__r1,mid_R,daily_cumulative_level,mid_R_s02_post_fire__WY2011,2010-10-01,2011-05-25,237,29,59,0.6278411198112986,-0.01590752315159956,0.12731568128247966
mid_R__daily_cumulative_level__mid_R_s02_post_fire__WY2011__r1,mid_R,daily_cumulative_level,mid_R_s02_post_fire__WY2011,2010-10-01,2011-05-25,237,30,59,0.6149028659561622,-0.014354697660040992,0.12731568128247966
mid_R__daily_cumulative_level__mid_R_s02_post_fire__WY2011__r1,mid_R,daily_cumulative_level,mid_R_s02_post_fire__WY2011,2010-10-01,2011-05-25,237,31,59,0.6017831294031012,-0.016568651662012032,0.12731568128247966
mid_R__daily_cumulative_level__mid_R_s02_post_fire__WY2011__r1,mid_R,daily_cumulative_level,mid_R_s02_post_fire__WY2011,2010-10-01,2011-05-25,237,32,59,0.5886303361738636,-0.009263629235878802,0.12731568128247966
mid_R__daily_cumulative_level__mid_R_s02_post_fire__WY2011__r1,mid_R,daily_cumulative_level,mid_R_s02_post_fire__WY2011,2010-10-01,2011-05-25,237,33,59,0.575451537906553,-0.007800571457697077,0.12731568128247966
mid_R__daily_cumulative_level__mid_R_s02_post_fire__WY2011__r1,mid_R,daily_cumulative_level,mid_R_s02_post_fire__WY2011,2010-10-01,2011-05-25,237,34,59,0.5621950239899032,-0.011071057817220245,0.12731568128247966
mid_R__daily_cumulative_level__mid_R_s02_post_fire__WY2011__r1,mid_R,daily_cumulative_level,mid_R_s02_post_fire__WY2011,2010-10-01,2011-05-25,237,35,59,0.5488957660721653,-0.008034286197421546,0.12731568128247966
mid_R__daily_cumulative_level__mid_R_s02_post_fire__WY2011__r1,mid_R,daily_cumulative_level,mid_R_s02_post_fire__WY2011,2010-10-01,2011-05-25,237,36,59,0.5355752529110823,-0.009967866411934586,0.12731568128247966
mid_R__daily_cumulative_level__mid_R_s02_post_fire__WY2011__r1,mid_R,daily_cumulative_level,mid_R_s02_post_fire__WY2011,2010-10-01,2011-05-25,237,37,59,0.5222406418062118,-0.010414973973171317,0.12731568128247966
mid_R__daily_cumulative_level__mid_R_s02_post_fire__WY2011__r1,mid_R,daily_cumulative_level,mid_R_s02_post_fire__WY2011,2010-10-01,2011-05-25,237,38,59,0.5094515469555936,0.012987623914136662,0.12731568128247966
mid_R__daily_cumulative_level__mid_R_s02_post_fire__WY2011__r1,mid_R,daily_cumulative_level,mid_R_s02_post_fire__WY2011,2010-10-01,2011-05-25,237,39,59,0.49672945466535967,-0.007404124768806124,0.12731568128247966
mid_R__daily_cumulative_level__mid_R_s02_post_fire__WY2011__r1,mid_R,daily_cumulative_level,mid_R_s02_post_fire__WY2011,2010-10-01,2011-05-25,237,40,59,0.48397030931381674,-0.010067849264450725,0.12731568128247966
mid_R__daily_cumulative_level__mid_R_s02_post_fire__WY2011__r1,mid_R,daily_cumulative_level,mid_R_s02_post_fire__WY2011,2010-10-01,2011-05-25,237,41,59,0.47130241296600495,-0.005172952162779723,0.12731568128247966
mid_R__daily_cumulative_level__mid_R_s02_post_fire__WY2011__r1,mid_R,daily_cumulative_level,mid_R_s02_post_fire__WY2011,2010-10-01,2011-05-25,237,42,59,0.4585539925007624,-0.013312917784149851,0.12731568128247966
mid_R__daily_cumulative_level__mid_R_s02_post_fire__WY2011__r1,mid_R,daily_cumulative_level,mid_R_s02_post_fire__WY2011,2010-10-01,2011-05-25,237,43,59,0.4456385393924701,-0.016559532519411117,0.12731568128247966
mid_R__daily_cumulative_level__mid_R_s02_post_fire__WY2011__r1,mid_R,daily_cumulative_level,mid_R_s02_post_fire__WY2011,2010-10-01,2011-05-25,237,44,59,0.4327000187273719,-0.010665081694644345,0.12731568128247966
mid_R__daily_cumulative_level__mid_R_s02_post_fire__WY2011__r1,mid_R,daily_cumulative_level,mid_R_s02_post_fire__WY2011,2010-10-01,2011-05-25,237,45,59,0.4196966866738675,-0.012422044796353568,0.12731568128247966
mid_R__daily_cumulative_level__mid_R_s02_post_fire__WY2011__r1,mid_R,daily_cumulative_level,mid_R_s02_post_fire__WY2011,2010-10-01,2011-05-25,237,46,59,0.4066308702238959,-0.009359655638058694,0.12731568128247966
mid_R__daily_cumulative_level__mid_R_s02_post_fire__WY2011__r1,mid_R,daily_cumulative_level,mid_R_s02_post_fire__WY2011,2010-10-01,2011-05-25,237,47,59,0.39349693285855525,-0.004104517405285427,0.12731568128247966
mid_R__daily_cumulative_level__mid_R_s02_post_fire__WY2011__r1,mid_R,daily_cumulative_level,mid_R_s02_post_fire__WY2011,2010-10-01,2011-05-25,237,48,59,0.38028070843482553,-0.013629016495490007,0.12731568128247966
mid_R__daily_cumulative_level__mid_R_s02_post_fire__WY2011__r1,mid_R,daily_cumulative_level,mid_R_s02_post_fire__WY2011,2010-10-01,2011-05-25,237,49,59,0.36713490360572715,-0.006467794147350982,0.12731568128247966
mid_R__daily_cumulative_level__mid_R_s02_post_fire__WY2011__r1,mid_R,daily_cumulative_level,mid_R_s02_post_fire__WY2011,2010-10-01,2011-05-25,237,50,59,0.35414975690159356,-0.0036757732001005544,0.12731568128247966
mid_R__daily_cumulative_level__mid_R_s02_post_fire__WY2011__r1,mid_R,daily_cumulative_level,mid_R_s02_post_fire__WY2011,2010-10-01,2011-05-25,237,51,59,0.34137089816736454,-0.0024691282843342256,0.12731568128247966
mid_R__daily_cumulative_level__mid_R_s02_post_fire__WY2011__r1,mid_R,daily_cumulative_level,mid_R_s02_post_fire__WY2011,2010-10-01,2011-05-25,237,52,59,0.32843571636231617,-0.017803099302594466,0.12731568128247966
mid_R__daily_cumulative_level__mid_R_s02_post_fire__WY2011__r1,mid_R,daily_cumulative_level,mid_R_s02_post_fire__WY2011,2010-10-01,2011-05-25,237,53,59,0.31558632812326515,-0.006854696673134654,0.12731568128247966
mid_R__daily_cumulative_level__mid_R_s02_post_fire__WY2011__r1,mid_R,daily_cumulative_level,mid_R_s02_post_fire__WY2011,2010-10-01,2011-05-25,237,54,59,0.30312509096152285,0.005162140383008393,0.12731568128247966
mid_R__daily_cumulative_level__mid_R_s02_post_fire__WY2011__r1,mid_R,daily_cumulative_level,mid_R_s02_post_fire__WY2011,2010-10-01,2011-05-25,237,55,59,0.29073228412723906,-0.007501745563229645,0.12731568128247966
mid_R__daily_cumulative_level__mid_R_s02_post_fire__WY2011__r1,mid_R,daily_cumulative_level,mid_R_s02_post_fire__WY2011,2010-10-01,2011-05-25,237,56,59,0.2781675628340645,-0.016742226427716625,0.12731568128247966
mid_R__daily_cumulative_level__mid_R_s02_post_fire__WY2011__r1,mid_R,daily_cumulative_level,mid_R_s02_post_fire__WY2011,2010-10-01,2011-05-25,237,57,59,0.26534309766231473,-0.021159846458404814,0.12731568128247966
mid_R__daily_cumulative_level__mid_R_s02_post_fire__WY2011__r1,mid_R,daily_cumulative_level,mid_R_s02_post_fire__WY2011,2010-10-01,2011-05-25,237,58,59,0.2526556452776298,-0.0044612795370053155,0.12731568128247966
mid_R__daily_cumulative_level__mid_R_s02_post_fire__WY2011__r1,mid_R,daily_cumulative_level,mid_R_s02_post_fire__WY2011,2010-10-01,2011-05-25,237,59,59,0.23998065673365407,-0.0104688746684597,0.12731568128247966
mid_R__daily_cumulative_level__mid_R_s02_post_fire__WY2012__r1,mid_R,daily_cumulative_level,mid_R_s02_post_fire__WY2012,2011-10-01,2012-08-21,326,0,60,1.0,1.0,0.10855436002185541
mid_R__daily_cumulative_level__mid_R_s02_post_fire__WY2012__r1,mid_R,daily_cumulative_level,mid_R_s02_post_fire__WY2012,2011-10-01,2012-08-21,326,1,60,0.9938296633575597,0.9938296633575598,0.10855436002185541
mid_R__daily_cumulative_level__mid_R_s02_post_fire__WY2012__r1,mid_R,daily_cumulative_level,mid_R_s02_post_fire__WY2012,2011-10-01,2012-08-21,326,2,60,0.9872861165283088,-0.03343059462089219,0.10855436002185541
mid_R__daily_cumulative_level__mid_R_s02_post_fire__WY2012__r1,mid_R,daily_cumulative_level,mid_R_s02_post_fire__WY2012,2011-10-01,2012-08-21,326,3,60,0.9805119595801487,-0.021145928257918625,0.10855436002185541
mid_R__daily_cumulative_level__mid_R_s02_post_fire__WY2012__r1,mid_R,daily_cumulative_level,mid_R_s02_post_fire__WY2012,2011-10-01,2012-08-21,326,4,60,0.9737268293839191,-0.003224972005430634,0.10855436002185541
mid_R__daily_cumulative_level__mid_R_s02_post_fire__WY2012__r1,mid_R,daily_cumulative_level,mid_R_s02_post_fire__WY2012,2011-10-01,2012-08-21,326,5,60,0.9674750524179703,0.04033550385934946,0.10855436002185541
mid_R__daily_cumulative_level__mid_R_s02_post_fire__WY2012__r1,mid_R,daily_cumulative_level,mid_R_s02_post_fire__WY2012,2011-10-01,2012-08-21,326,6,60,0.9612486276974239,-0.003677388889437303,0.10855436002185541
mid_R__daily_cumulative_level__mid_R_s02_post_fire__WY2012__r1,mid_R,daily_cumulative_level,mid_R_s02_post_fire__WY2012,2011-10-01,2012-08-21,326,7,60,0.954980481463728,-0.008251255893031825,0.10855436002185541
mid_R__daily_cumulative_level__mid_R_s02_post_fire__WY2012__r1,mid_R,daily_cumulative_level,mid_R_s02_post_fire__WY2012,2011-10-01,2012-08-21,326,8,60,0.94867860305057,-0.005832263792878484,0.10855436002185541
mid_R__daily_cumulative_level__mid_R_s02_post_fire__WY2012__r1,mid_R,daily_cumulative_level,mid_R_s02_post_fire__WY2012,2011-10-01,2012-08-21,326,9,60,0.9423536548604878,-0.0029082819243446277,0.10855436002185541
mid_R__daily_cumulative_level__mid_R_s02_post_fire__WY2012__r1,mid_R,daily_cumulative_level,mid_R_s02_post_fire__WY2012,2011-10-01,2012-08-21,326,10,60,0.93643075502632,0.029766592831985426,0.10855436002185541
mid_R__daily_cumulative_level__mid_R_s02_post_fire__WY2012__r1,mid_R,daily_cumulative_level,mid_R_s02_post_fire__WY2012,2011-10-01,2012-08-21,326,11,60,0.9304788257354257,-0.007714149067222129,0.10855436002185541
mid_R__daily_cumulative_level__mid_R_s02_post_fire__WY2012__r1,mid_R,daily_cumulative_level,mid_R_s02_post_fire__WY2012,2011-10-01,2012-08-21,326,12,60,0.9244458731714802,-0.011010338687759505,0.10855436002185541
mid_R__daily_cumulative_level__mid_R_s02_post_fire__WY2012__r1,mid_R,daily_cumulative_level,mid_R_s02_post_fire__WY2012,2011-10-01,2012-08-21,326,13,60,0.9182663810829254,-0.014723461696385092,0.10855436002185541
mid_R__daily_cumulative_level__mid_R_s02_post_fire__WY2012__r1,mid_R,daily_cumulative_level,mid_R_s02_post_fire__WY2012,2011-10-01,2012-08-21,326,14,60,0.9119668296508892,-0.009151275324808271,0.10855436002185541
mid_R__daily_cumulative_level__mid_R_s02_post_fire__WY2012__r1,mid_R,daily_cumulative_level,mid_R_s02_post_fire__WY2012,2011-10-01,2012-08-21,326,15,60,0.9055196107358473,-0.014570128728659842,0.10855436002185541
mid_R__daily_cumulative_level__mid_R_s02_post_fire__WY2012__r1,mid_R,daily_cumulative_level,mid_R_s02_post_fire__WY2012,2011-10-01,2012-08-21,326,16,60,0.8988724342466965,-0.019582116761433864,0.10855436002185541
mid_R__daily_cumulative_level__mid_R_s02_post_fire__WY2012__r1,mid_R,daily_cumulative_level,mid_R_s02_post_fire__WY2012,2011-10-01,2012-08-21,326,17,60,0.8920361401306693,-0.01873365150789151,0.10855436002185541
mid_R__daily_cumulative_level__mid_R_s02_post_fire__WY2012__r1,mid_R,daily_cumulative_level,mid_R_s02_post_fire__WY2012,2011-10-01,2012-08-21,326,18,60,0.8851021858980134,-0.010760574359798693,0.10855436002185541
mid_R__daily_cumulative_level__mid_R_s02_post_fire__WY2012__r1,mid_R,daily_cumulative_level,mid_R_s02_post_fire__WY2012,2011-10-01,2012-08-21,326,19,60,0.8780920615680247,-0.008611552800210934,0.10855436002185541
mid_R__daily_cumulative_level__mid_R_s02_post_fire__WY2012__r1,mid_R,daily_cumulative_level,mid_R_s02_post_fire__WY2012,2011-10-01,2012-08-21,326,20,60,0.8710246367105672,-0.009262867075414806,0.10855436002185541
mid_R__daily_cumulative_level__mid_R_s02_post_fire__WY2012__r1,mid_R,daily_cumulative_level,mid_R_s02_post_fire__WY2012,2011-10-01,2012-08-21,326,21,60,0.8639387094178477,-0.006441946554540992,0.10855436002185541
mid_R__daily_cumulative_level__mid_R_s02_post_fire__WY2012__r1,mid_R,daily_cumulative_level,mid_R_s02_post_fire__WY2012,2011-10-01,2012-08-21,326,22,60,0.8568231983508211,-0.0071102228765311986,0.10855436002185541
mid_R__daily_cumulative_level__mid_R_s02_post_fire__WY2012__r1,mid_R,daily_cumulative_level,mid_R_s02_post_fire__WY2012,2011-10-01,2012-08-21,326,23,60,0.8496786401498596,-0.006580290811716333,0.10855436002185541
mid_R__daily_cumulative_level__mid_R_s02_post_fire__WY2012__r1,mid_R,daily_cumulative_level,mid_R_s02_post_fire__WY2012,2011-10-01,2012-08-21,326,24,60,0.8424822058942003,-0.008641894086470349,0.10855436002185541
mid_R__daily_cumulative_level__mid_R_s02_post_fire__WY2012__r1,mid_R,daily_cumulative_level,mid_R_s02_post_fire__WY2012,2011-10-01,2012-08-21,326,25,60,0.8352050332813628,-0.010962282833178771,0.10855436002185541
mid_R__daily_cumulative_level__mid_R_s02_post_fire__WY2012__r1,mid_R,daily_cumulative_level,mid_R_s02_post_fire__WY2012,2011-10-01,2012-08-21,326,26,60,0.8278170792269923,-0.01320535535819626,0.10855436002185541
mid_R__daily_cumulative_level__mid_R_s02_post_fire__WY2012__r1,mid_R,daily_cumulative_level,mid_R_s02_post_fire__WY2012,2011-10-01,2012-08-21,326,27,60,0.8202816753162533,-0.015370388012389782,0.10855436002185541
mid_R__daily_cumulative_level__mid_R_s02_post_fire__WY2012__r1,mid_R,daily_cumulative_level,mid_R_s02_post_fire__WY2012,2011-10-01,2012-08-21,326,28,60,0.8126355908566311,-0.01212795804709616,0.10855436002185541
mid_R__daily_cumulative_level__mid_R_s02_post_fire__WY2012__r1,mid_R,daily_cumulative_level,mid_R_s02_post_fire__WY2012,2011-10-01,2012-08-21,326,29,60,0.804871315538997,-0.013049207220111571,0.10855436002185541
mid_R__daily_cumulative_level__mid_R_s02_post_fire__WY2012__r1,mid_R,daily_cumulative_level,mid_R_s02_post_fire__WY2012,2011-10-01,2012-08-21,326,30,60,0.796990781604025,-0.013055568384357334,0.10855436002185541
mid_R__daily_cumulative_level__mid_R_s02_post_fire__WY2012__r1,mid_R,daily_cumulative_level,mid_R_s02_post_fire__WY2012,2011-10-01,2012-08-21,326,31,60,0.7890486819270037,-0.008881688133594157,0.10855436002185541
mid_R__daily_cumulative_level__mid_R_s02_post_fire__WY2012__r1,mid_R,daily_cumulative_level,mid_R_s02_post_fire__WY2012,2011-10-01,2012-08-21,326,32,60,0.7810257790124152,-0.010466389179004111,0.10855436002185541
mid_R__daily_cumulative_level__mid_R_s02_post_fire__WY2012__r1,mid_R,daily_cumulative_level,mid_R_s02_post_fire__WY2012,2011-10-01,2012-08-21,326,33,60,0.772924544115287,-0.010670821144107032,0.10855436002185541
mid_R__daily_cumulative_level__mid_R_s02_post_fire__WY2012__r1,mid_R,daily_cumulative_level,mid_R_s02_post_fire__WY2012,2011-10-01,2012-08-21,326,34,60,0.7649054030108399,0.0021852300090721855,0.10855436002185541
mid_R__daily_cumulative_level__mid_R_s02_post_fire__WY2012__r1,mid_R,daily_cumulative_level,mid_R_s02_post_fire__WY2012,2011-10-01,2012-08-21,326,35,60,0.7569692860960449,0.0017473597335266019,0.10855436002185541
mid_R__daily_cumulative_level__mid_R_s02_post_fire__WY2012__r1,mid_R,daily_cumulative_level,mid_R_s02_post_fire__WY2012,2011-10-01,2012-08-21,326,36,60,0.7490180204590842,-0.0069932118214426076,0.10855436002185541
mid_R__daily_cumulative_level__mid_R_s02_post_fire__WY2012__r1,mid_R,daily_cumulative_level,mid_R_s02_post_fire__WY2012,2011-10-01,2012-08-21,326,37,60,0.741169888382313,0.0033539969054077025,0.10855436002185541
mid_R__daily_cumulative_level__mid_R_s02_post_fire__WY2012__r1,mid_R,daily_cumulative_level,mid_R_s02_post_fire__WY2012,2011-10-01,2012-08-21,326,38,60,0.7332815621851453,-0.00736488414358455,0.10855436002185541
mid_R__daily_cumulative_level__mid_R_s02_post_fire__WY2012__r1,mid_R,daily_cumulative_level,mid_R_s02_post_fire__WY2012,2011-10-01,2012-08-21,326,39,60,0.7253148259651377,-0.010037056861931501,0.10855436002185541
mid_R__daily_cumulative_level__mid_R_s02_post_fire__WY2012__r1,mid_R,daily_cumulative_level,mid_R_s02_post_fire__WY2012,2011-10-01,2012-08-21,326,40,60,0.7172383432424707,-0.012536584366605397,0.10855436002185541
mid_R__daily_cumulative_level__mid_R_s02_post_fire__WY2012__r1,mid_R,daily_cumulative_level,mid_R_s02_post_fire__WY2012,2011-10-01,2012-08-21,326,41,60,0.7090305287967028,-0.01330995409248851,0.10855436002185541
mid_R__daily_cumulative_level__mid_R_s02_post_fire__WY2012__r1,mid_R,daily_cumulative_level,mid_R_s02_post_fire__WY2012,2011-10-01,2012-08-21,326,42,60,0.7006590511017589,-0.016720413034796898,0.10855436002185541
mid_R__daily_cumulative_level__mid_R_s02_post_fire__WY2012__r1,mid_R,daily_cumulative_level,mid_R_s02_post_fire__WY2012,2011-10-01,2012-08-21,326,43,60,0.6922190926338802,-0.008327930430097647,0.10855436002185541
mid_R__daily_cumulative_level__mid_R_s02_post_fire__WY2012__r1,mid_R,daily_cumulative_level,mid_R_s02_post_fire__WY2012,2011-10-01,2012-08-21,326,44,60,0.6836928207641052,-0.010479446952012826,0.10855436002185541
mid_R__daily_cumulative_level__mid_R_s02_post_fire__WY2012__r1,mid_R,daily_cumulative_level,mid_R_s02_post_fire__WY2012,2011-10-01,2012-08-21,326,45,60,0.6750813492037695,-0.01148366526017493,0.10855436002185541
mid_R__daily_cumulative_level__mid_R_s02_post_fire__WY2012__r1,mid_R,daily_cumulative_level,mid_R_s02_post_fire__WY2012,2011-10-01,2012-08-21,326,46,60,0.6664225792187098,-0.008232136712361959,0.10855436002185541
mid_R__daily_cumulative_level__mid_R_s02_post_fire__WY2012__r1,mid_R,daily_cumulative_level,mid_R_s02_post_fire__WY2012,2011-10-01,2012-08-21,326,47,60,0.6577215270106785,-0.0082239268240146,0.10855436002185541
mid_R__daily_cumulative_level__mid_R_s02_post_fire__WY2012__r1,mid_R,daily_cumulative_level,mid_R_s02_post_fire__WY2012,2011-10-01,2012-08-21,326,48,60,0.6490078078433157,-0.006358071788768432,0.10855436002185541
mid_R__daily_cumulative_level__mid_R_s02_post_fire__WY2012__r1,mid_R,daily_cumulative_level,mid_R_s02_post_fire__WY2012,2011-10-01,2012-08-21,326,49,60,0.6404745043956317,0.008736282109109208,0.10855436002185541
mid_R__daily_cumulative_level__mid_R_s02_post_fire__WY2012__r1,mid_R,daily_cumulative_level,mid_R_s02_post_fire__WY2012,2011-10-01,2012-08-21,326,50,60,0.6319736294530548,-0.004033589128704927,0.10855436002185541
mid_R__daily_cumulative_level__mid_R_s02_post_fire__WY2012__r1,mid_R,daily_cumulative_level,mid_R_s02_post_fire__WY2012,2011-10-01,2012-08-21,326,51,60,0.6235075645111499,-0.0036814501636508357,0.10855436002185541
mid_R__daily_cumulative_level__mid_R_s02_post_fire__WY2012__r1,mid_R,daily_cumulative_level,mid_R_s02_post_fire__WY2012,2011-10-01,2012-08-21,326,52,60,0.6149952041439866,-0.008978383617491013,0.10855436002185541
mid_R__daily_cumulative_level__mid_R_s02_post_fire__WY2012__r1,mid_R,daily_cumulative_level,mid_R_s02_post_fire__WY2012,2011-10-01,2012-08-21,326,53,60,0.6064078678694808,-0.009582414321580609,0.10855436002185541
mid_R__daily_cumulative_level__mid_R_s02_post_fire__WY2012__r1,mid_R,daily_cumulative_level,mid_R_s02_post_fire__WY2012,2011-10-01,2012-08-21,326,54,60,0.5976440897862814,-0.01838694409899244,0.10855436002185541
mid_R__daily_cumulative_level__mid_R_s02_post_fire__WY2012__r1,mid_R,daily_cumulative_level,mid_R_s02_post_fire__WY2012,2011-10-01,2012-08-21,326,55,60,0.5887261456131593,-0.01600014662715736,0.10855436002185541
mid_R__daily_cumulative_level__mid_R_s02_post_fire__WY2012__r1,mid_R,daily_cumulative_level,mid_R_s02_post_fire__WY2012,2011-10-01,2012-08-21,326,56,60,0.5796053540959442,-0.020358112620137814,0.10855436002185541
mid_R__daily_cumulative_level__mid_R_s02_post_fire__WY2012__r1,mid_R,daily_cumulative_level,mid_R_s02_post_fire__WY2012,2011-10-01,2012-08-21,326,57,60,0.5702157611719888,-0.025779267472373617,0.10855436002185541
mid_R__daily_cumulative_level__mid_R_s02_post_fire__WY2012__r1,mid_R,daily_cumulative_level,mid_R_s02_post_fire__WY2012,2011-10-01,2012-08-21,326,58,60,0.5607338723513083,-0.010995192898782952,0.10855436002185541
mid_R__daily_cumulative_level__mid_R_s02_post_fire__WY2012__r1,mid_R,daily_cumulative_level,mid_R_s02_post_fire__WY2012,2011-10-01,2012-08-21,326,59,60,0.5511787349661763,-0.011153712117594416,0.10855436002185541
mid_R__daily_cumulative_level__mid_R_s02_post_fire__WY2012__r1,mid_R,daily_cumulative_level,mid_R_s02_post_fire__WY2012,2011-10-01,2012-08-21,326,60,60,0.5415611002992415,-0.011576737006656665,0.10855436002185541
mid_R__daily_cumulative_level__mid_R_s02_post_fire__WY2013__r1,mid_R,daily_cumulative_level,mid_R_s02_post_fire__WY2013,2012-10-02,2013-09-08,342,0,60,1.0,1.0,0.10598466180543152
mid_R__daily_cumulative_level__mid_R_s02_post_fire__WY2013__r1,mid_R,daily_cumulative_level,mid_R_s02_post_fire__WY2013,2012-10-02,2013-09-08,342,1,60,0.991358984703601,0.9913589847036007,0.10598466180543152
mid_R__daily_cumulative_level__mid_R_s02_post_fire__WY2013__r1,mid_R,daily_cumulative_level,mid_R_s02_post_fire__WY2013,2012-10-02,2013-09-08,342,2,60,0.9823689863651562,-0.02462028472240768,0.10598466180543152
mid_R__daily_cumulative_level__mid_R_s02_post_fire__WY2013__r1,mid_R,daily_cumulative_level,mid_R_s02_post_fire__WY2013,2012-10-02,2013-09-08,342,3,60,0.9730168051503412,-0.025189729860165107,0.10598466180543152
mid_R__daily_cumulative_level__mid_R_s02_post_fire__WY2013__r1,mid_R,daily_cumulative_level,mid_R_s02_post_fire__WY2013,2012-10-02,2013-09-08,342,4,60,0.9634709509989762,-0.01518656730241134,0.10598466180543152
mid_R__daily_cumulative_level__mid_R_s02_post_fire__WY2013__r1,mid_R,daily_cumulative_level,mid_R_s02_post_fire__WY2013,2012-10-02,2013-09-08,342,5,60,0.9537538084572033,-0.013983545509413182,0.10598466180543152
mid_R__daily_cumulative_level__mid_R_s02_post_fire__WY2013__r1,mid_R,daily_cumulative_level,mid_R_s02_post_fire__WY2013,2012-10-02,2013-09-08,342,6,60,0.9438486448129677,-0.015113088650097877,0.10598466180543152
mid_R__daily_cumulative_level__mid_R_s02_post_fire__WY2013__r1,mid_R,daily_cumulative_level,mid_R_s02_post_fire__WY2013,2012-10-02,2013-09-08,342,7,60,0.9338565015228757,-0.009264118876960816,0.10598466180543152
mid_R__daily_cumulative_level__mid_R_s02_post_fire__WY2013__r1,mid_R,daily_cumulative_level,mid_R_s02_post_fire__WY2013,2012-10-02,2013-09-08,342,8,60,0.923773360964914,-0.009674149432520282,0.10598466180543152
mid_R__daily_cumulative_level__mid_R_s02_post_fire__WY2013__r1,mid_R,daily_cumulative_level,mid_R_s02_post_fire__WY2013,2012-10-02,2013-09-08,342,9,60,0.9136259759520958,-0.008313897330555474,0.10598466180543152
mid_R__daily_cumulative_level__mid_R_s02_post_fire__WY2013__r1,mid_R,daily_cumulative_level,mid_R_s02_post_fire__WY2013,2012-10-02,2013-09-08,342,10,60,0.9033808239828841,-0.010392119057379088,0.10598466180543152
mid_R__daily_cumulative_level__mid_R_s02_post_fire__WY2013__r1,mid_R,daily_cumulative_level,mid_R_s02_post_fire__WY2013,2012-10-02,2013-09-08,342,11,60,0.892975308748266,-0.014102641429773586,0.10598466180543152
mid_R__daily_cumulative_level__mid_R_s02_post_fire__WY2013__r1,mid_R,daily_cumulative_level,mid_R_s02_post_fire__WY2013,2012-10-02,2013-09-08,342,12,60,0.8824137975632713,-0.013795870590548265,0.10598466180543152
mid_R__daily_cumulative_level__mid_R_s02_post_fire__WY2013__r1,mid_R,daily_cumulative_level,mid_R_s02_post_fire__WY2013,2012-10-02,2013-09-08,342,13,60,0.8716573014578247,-0.01602172244013112,0.10598466180543152
mid_R__daily_cumulative_level__mid_R_s02_post_fire__WY2013__r1,mid_R,daily_cumulative_level,mid_R_s02_post_fire__WY2013,2012-10-02,2013-09-08,342,14,60,0.8607483000295529,-0.013529953107311164,0.10598466180543152
mid_R__daily_cumulative_level__mid_R_s02_post_fire__WY2013__r1,mid_R,daily_cumulative_level,mid_R_s02_post_fire__WY2013,2012-10-02,2013-09-08,342,15,60,0.8496823010773066,-0.013823067235525083,0.10598466180543152
mid_R__daily_cumulative_level__mid_R_s02_post_fire__WY2013__r1,mid_R,daily_cumulative_level,mid_R_s02_post_fire__WY2013,2012-10-02,2013-09-08,342,16,60,0.8384365813664362,-0.015240294748800957,0.10598466180543152
mid_R__daily_cumulative_level__mid_R_s02_post_fire__WY2013__r1,mid_R,daily_cumulative_level,mid_R_s02_post_fire__WY2013,2012-10-02,2013-09-08,342,17,60,0.8271005340247907,-0.01008549099069048,0.10598466180543152
mid_R__daily_cumulative_level__mid_R_s02_post_fire__WY2013__r1,mid_R,daily_cumulative_level,mid_R_s02_post_fire__WY2013,2012-10-02,2013-09-08,342,18,60,0.8155488546585576,-0.017578124851446005,0.10598466180543152
mid_R__daily_cumulative_level__mid_R_s02_post_fire__WY2013__r1,mid_R,daily_cumulative_level,mid_R_s02_post_fire__WY2013,2012-10-02,2013-09-08,342,19,60,0.8038609554335582,-0.013026839898390161,0.10598466180543152
mid_R__daily_cumulative_level__mid_R_s02_post_fire__WY2013__r1,mid_R,daily_cumulative_level,mid_R_s02_post_fire__WY2013,2012-10-02,2013-09-08,342,20,60,0.7920698900315054,-0.011137914520474473,0.10598466180543152
mid_R__daily_cumulative_level__mid_R_s02_post_fire__WY2013__r1,mid_R,daily_cumulative_level,mid_R_s02_post_fire__WY2013,2012-10-02,2013-09-08,342,21,60,0.7808657405026062,0.028908929626075625,0.10598466180543152
mid_R__daily_cumulative_level__mid_R_s02_post_fire__WY2013__r1,mid_R,daily_cumulative_level,mid_R_s02_post_fire__WY2013,2012-10-02,2013-09-08,342,22,60,0.7700323355694344,0.015159080650405964,0.10598466180543152
mid_R__daily_cumulative_level__mid_R_s02_post_fire__WY2013__r1,mid_R,daily_cumulative_level,mid_R_s02_post_fire__WY2013,2012-10-02,2013-09-08,342,23,60,0.759214838655356,-0.006333720011962267,0.10598466180543152
mid_R__daily_cumulative_level__mid_R_s02_post_fire__WY2013__r1,mid_R,daily_cumulative_level,mid_R_s02_post_fire__WY2013,2012-10-02,2013-09-08,342,24,60,0.7481863758878484,-0.019166110974012593,0.10598466180543152
mid_R__daily_cumulative_level__mid_R_s02_post_fire__WY2013__r1,mid_R,daily_cumulative_level,mid_R_s02_post_fire__WY2013,2012-10-02,2013-09-08,342,25,60,0.7369969123548645,-0.015535558509810539,0.10598466180543152
mid_R__daily_cumulative_level__mid_R_s02_post_fire__WY2013__r1,mid_R,daily_cumulative_level,mid_R_s02_post_fire__WY2013,2012-10-02,2013-09-08,342,26,60,0.7256095789451837,-0.017570638302718197,0.10598466180543152
mid_R__daily_cumulative_level__mid_R_s02_post_fire__WY2013__r1,mid_R,daily_cumulative_level,mid_R_s02_post_fire__WY2013,2012-10-02,2013-09-08,342,27,60,0.7140692818079022,-0.014586949690355757,0.10598466180543152
mid_R__daily_cumulative_level__mid_R_s02_post_fire__WY2013__r1,mid_R,daily_cumulative_level,mid_R_s02_post_fire__WY2013,2012-10-02,2013-09-08,342,28,60,0.7023752432366858,-0.014386219746310193,0.10598466180543152
mid_R__daily_cumulative_level__mid_R_s02_post_fire__WY2013__r1,mid_R,daily_cumulative_level,mid_R_s02_post_fire__WY2013,2012-10-02,2013-09-08,342,29,60,0.6905846569958791,-0.011007481800352692,0.10598466180543152
mid_R__daily_cumulative_level__mid_R_s02_post_fire__WY2013__r1,mid_R,daily_cumulative_level,mid_R_s02_post_fire__WY2013,2012-10-02,2013-09-08,342,30,60,0.6786423771994454,-0.014528638151887641,0.10598466180543152
mid_R__daily_cumulative_level__mid_R_s02_post_fire__WY2013__r1,mid_R,daily_cumulative_level,mid_R_s02_post_fire__WY2013,2012-10-02,2013-09-08,342,31,60,0.6670233764385404,0.012724908698561313,0.10598466180543152
mid_R__daily_cumulative_level__mid_R_s02_post_fire__WY2013__r1,mid_R,daily_cumulative_level,mid_R_s02_post_fire__WY2013,2012-10-02,2013-09-08,342,32,60,0.655328116706179,-0.011568901059080284,0.10598466180543152
mid_R__daily_cumulative_level__mid_R_s02_post_fire__WY2013__r1,mid_R,daily_cumulative_level,mid_R_s02_post_fire__WY2013,2012-10-02,2013-09-08,342,33,60,0.6435736480661389,-0.011019540831756857,0.10598466180543152
mid_R__daily_cumulative_level__mid_R_s02_post_fire__WY2013__r1,mid_R,daily_cumulative_level,mid_R_s02_post_fire__WY2013,2012-10-02,2013-09-08,342,34,60,0.6317752175811073,-0.009782830193467993,0.10598466180543152
mid_R__daily_cumulative_level__mid_R_s02_post_fire__WY2013__r1,mid_R,daily_cumulative_level,mid_R_s02_post_fire__WY2013,2012-10-02,2013-09-08,342,35,60,0.6199086900077604,-0.011106889102687282,0.10598466180543152
mid_R__daily_cumulative_level__mid_R_s02_post_fire__WY2013__r1,mid_R,daily_cumulative_level,mid_R_s02_post_fire__WY2013,2012-10-02,2013-09-08,342,36,60,0.6079402148310803,-0.013340314225475026,0.10598466180543152
mid_R__daily_cumulative_level__mid_R_s02_post_fire__WY2013__r1,mid_R,daily_cumulative_level,mid_R_s02_post_fire__WY2013,2012-10-02,2013-09-08,342,37,60,0.5958631493024897,-0.013153189705366155,0.10598466180543152
mid_R__daily_cumulative_level__mid_R_s02_post_fire__WY2013__r1,mid_R,daily_cumulative_level,mid_R_s02_post_fire__WY2013,2012-10-02,2013-09-08,342,38,60,0.5837558526436851,-0.008954791226145242,0.10598466180543152
mid_R__daily_cumulative_level__mid_R_s02_post_fire__WY2013__r1,mid_R,daily_cumulative_level,mid_R_s02_post_fire__WY2013,2012-10-02,2013-09-08,342,39,60,0.5715944119539861,-0.01042758805074377,0.10598466180543152
mid_R__daily_cumulative_level__mid_R_s02_post_fire__WY2013__r1,mid_R,daily_cumulative_level,mid_R_s02_post_fire__WY2013,2012-10-02,2013-09-08,342,40,60,0.5593219196931879,-0.013752197333437945,0.10598466180543152
mid_R__daily_cumulative_level__mid_R_s02_post_fire__WY2013__r1,mid_R,daily_cumulative_level,mid_R_s02_post_fire__WY2013,2012-10-02,2013-09-08,342,41,60,0.5470511606240659,-0.0054684443768921644,0.10598466180543152
mid_R__daily_cumulative_level__mid_R_s02_post_fire__WY2013__r1,mid_R,daily_cumulative_level,mid_R_s02_post_fire__WY2013,2012-10-02,2013-09-08,342,42,60,0.5346582137822489,-0.012357180680126978,0.10598466180543152
mid_R__daily_cumulative_level__mid_R_s02_post_fire__WY2013__r1,mid_R,daily_cumulative_level,mid_R_s02_post_fire__WY2013,2012-10-02,2013-09-08,342,43,60,0.5222110496298162,-0.009608778577313598,0.10598466180543152
mid_R__daily_cumulative_level__mid_R_s02_post_fire__WY2013__r1,mid_R,daily_cumulative_level,mid_R_s02_post_fire__WY2013,2012-10-02,2013-09-08,342,44,60,0.5096961430365277,-0.011839343623924511,0.10598466180543152
mid_R__daily_cumulative_level__mid_R_s02_post_fire__WY2013__r1,mid_R,daily_cumulative_level,mid_R_s02_post_fire__WY2013,2012-10-02,2013-09-08,342,45,60,0.49711886029494196,-0.012082270611435755,0.10598466180543152
mid_R__daily_cumulative_level__mid_R_s02_post_fire__WY2013__r1,mid_R,daily_cumulative_level,mid_R_s02_post_fire__WY2013,2012-10-02,2013-09-08,342,46,60,0.4845533562724289,-0.008135217014351341,0.10598466180543152
mid_R__daily_cumulative_level__mid_R_s02_post_fire__WY2013__r1,mid_R,daily_cumulative_level,mid_R_s02_post_fire__WY2013,2012-10-02,2013-09-08,342,47,60,0.47251334075938595,0.022352032475822528,0.10598466180543152
mid_R__daily_cumulative_level__mid_R_s02_post_fire__WY2013__r1,mid_R,daily_cumulative_level,mid_R_s02_post_fire__WY2013,2012-10-02,2013-09-08,342,48,60,0.4608685440640711,0.013627090812686546,0.10598466180543152
mid_R__daily_cumulative_level__mid_R_s02_post_fire__WY2013__r1,mid_R,daily_cumulative_level,mid_R_s02_post_fire__WY2013,2012-10-02,2013-09-08,342,49,60,0.4491905861563296,-0.011612510528338775,0.10598466180543152
mid_R__daily_cumulative_level__mid_R_s02_post_fire__WY2013__r1,mid_R,daily_cumulative_level,mid_R_s02_post_fire__WY2013,2012-10-02,2013-09-08,342,50,60,0.437502830597304,-0.009907629976219407,0.10598466180543152
mid_R__daily_cumulative_level__mid_R_s02_post_fire__WY2013__r1,mid_R,daily_cumulative_level,mid_R_s02_post_fire__WY2013,2012-10-02,2013-09-08,342,51,60,0.426055860714127,0.007286091845267467,0.10598466180543152
mid_R__daily_cumulative_level__mid_R_s02_post_fire__WY2013__r1,mid_R,daily_cumulative_level,mid_R_s02_post_fire__WY2013,2012-10-02,2013-09-08,342,52,60,0.41455024897666615,-0.011181059631524047,0.10598466180543152
mid_R__daily_cumulative_level__mid_R_s02_post_fire__WY2013__r1,mid_R,daily_cumulative_level,mid_R_s02_post_fire__WY2013,2012-10-02,2013-09-08,342,53,60,0.40299844780409033,-0.011170822464303669,0.10598466180543152
mid_R__daily_cumulative_level__mid_R_s02_post_fire__WY2013__r1,mid_R,daily_cumulative_level,mid_R_s02_post_fire__WY2013,2012-10-02,2013-09-08,342,54,60,0.3914085048376737,-0.010651621480896246,0.10598466180543152
mid_R__daily_cumulative_level__mid_R_s02_post_fire__WY2013__r1,mid_R,daily_cumulative_level,mid_R_s02_post_fire__WY2013,2012-10-02,2013-09-08,342,55,60,0.3797560547719205,-0.012005574210213163,0.10598466180543152
mid_R__daily_cumulative_level__mid_R_s02_post_fire__WY2013__r1,mid_R,daily_cumulative_level,mid_R_s02_post_fire__WY2013,2012-10-02,2013-09-08,342,56,60,0.3680216332254161,-0.01374131344177863,0.10598466180543152
mid_R__daily_cumulative_level__mid_R_s02_post_fire__WY2013__r1,mid_R,daily_cumulative_level,mid_R_s02_post_fire__WY2013,2012-10-02,2013-09-08,342,57,60,0.3561945003076545,-0.014425308437967684,0.10598466180543152
mid_R__daily_cumulative_level__mid_R_s02_post_fire__WY2013__r1,mid_R,daily_cumulative_level,mid_R_s02_post_fire__WY2013,2012-10-02,2013-09-08,342,58,60,0.34490465583454943,0.02246838124300523,0.10598466180543152
mid_R__daily_cumulative_level__mid_R_s02_post_fire__WY2013__r1,mid_R,daily_cumulative_level,mid_R_s02_post_fire__WY2013,2012-10-02,2013-09-08,342,59,60,0.3339059853893892,0.007563778416512932,0.10598466180543152
mid_R__daily_cumulative_level__mid_R_s02_post_fire__WY2013__r1,mid_R,daily_cumulative_level,mid_R_s02_post_fire__WY2013,2012-10-02,2013-09-08,342,60,60,0.3247607353108678,0.09821129398438892,0.10598466180543152
mid_R__daily_cumulative_level__mid_R_s02_post_fire__WY2014__r3,mid_R,daily_cumulative_level,mid_R_s02_post_fire__WY2014,2014-01-13,2014-09-30,261,0,60,1.0,1.0,0.1213209542756739
mid_R__daily_cumulative_level__mid_R_s02_post_fire__WY2014__r3,mid_R,daily_cumulative_level,mid_R_s02_post_fire__WY2014,2014-01-13,2014-09-30,261,1,60,0.985162912386767,0.9851629123867673,0.1213209542756739
mid_R__daily_cumulative_level__mid_R_s02_post_fire__WY2014__r3,mid_R,daily_cumulative_level,mid_R_s02_post_fire__WY2014,2014-01-13,2014-09-30,261,2,60,0.9688639217288088,-0.05710735908239803,0.1213209542756739
mid_R__daily_cumulative_level__mid_R_s02_post_fire__WY2014__r3,mid_R,daily_cumulative_level,mid_R_s02_post_fire__WY2014,2014-01-13,2014-09-30,261,3,60,0.9520227274001728,-0.024332671072693057,0.1213209542756739
mid_R__daily_cumulative_level__mid_R_s02_post_fire__WY2014__r3,mid_R,daily_cumulative_level,mid_R_s02_post_fire__WY2014,2014-01-13,2014-09-30,261,4,60,0.9348529848460946,-0.018170392723999975,0.1213209542756739
mid_R__daily_cumulative_level__mid_R_s02_post_fire__WY2014__r3,mid_R,daily_cumulative_level,mid_R_s02_post_fire__WY2014,2014-01-13,2014-09-30,261,5,60,0.917556090196053,-0.01194200615749368,0.1213209542756739
mid_R__daily_cumulative_level__mid_R_s02_post_fire__WY2014__r3,mid_R,daily_cumulative_level,mid_R_s02_post_fire__WY2014,2014-01-13,2014-09-30,261,6,60,0.9002472398097949,-0.008742350305894141,0.1213209542756739
mid_R__daily_cumulative_level__mid_R_s02_post_fire__WY2014__r3,mid_R,daily_cumulative_level,mid_R_s02_post_fire__WY2014,2014-01-13,2014-09-30,261,7,60,0.8830261930093748,-0.005889221507875325,0.1213209542756739
mid_R__daily_cumulative_level__mid_R_s02_post_fire__WY2014__r3,mid_R,daily_cumulative_level,mid_R_s02_post_fire__WY2014,2014-01-13,2014-09-30,261,8,60,0.8656211640138751,-0.015639580248516114,0.1213209542756739
mid_R__daily_cumulative_level__mid_R_s02_post_fire__WY2014__r3,mid_R,daily_cumulative_level,mid_R_s02_post_fire__WY2014,2014-01-13,2014-09-30,261,9,60,0.8480281548117612,-0.015229382180532084,0.1213209542756739
mid_R__daily_cumulative_level__mid_R_s02_post_fire__WY2014__r3,mid_R,daily_cumulative_level,mid_R_s02_post_fire__WY2014,2014-01-13,2014-09-30,261,10,60,0.8302339087409424,-0.015667739859120747,0.1213209542756739
mid_R__daily_cumulative_level__mid_R_s02_post_fire__WY2014__r3,mid_R,daily_cumulative_level,mid_R_s02_post_fire__WY2014,2014-01-13,2014-09-30,261,11,60,0.8120316177360223,-0.022744224024873395,0.1213209542756739
mid_R__daily_cumulative_level__mid_R_s02_post_fire__WY2014__r3,mid_R,daily_cumulative_level,mid_R_s02_post_fire__WY2014,2014-01-13,2014-09-30,261,12,60,0.793529650216268,-0.01866049397924186,0.1213209542756739
mid_R__daily_cumulative_level__mid_R_s02_post_fire__WY2014__r3,mid_R,daily_cumulative_level,mid_R_s02_post_fire__WY2014,2014-01-13,2014-09-30,261,13,60,0.7749419035810112,-0.011785663183447176,0.1213209542756739
mid_R__daily_cumulative_level__mid_R_s02_post_fire__WY2014__r3,mid_R,daily_cumulative_level,mid_R_s02_post_fire__WY2014,2014-01-13,2014-09-30,261,14,60,0.7563331321965728,-0.010455085133538303,0.1213209542756739
mid_R__daily_cumulative_level__mid_R_s02_post_fire__WY2014__r3,mid_R,daily_cumulative_level,mid_R_s02_post_fire__WY2014,2014-01-13,2014-09-30,261,15,60,0.7376977802964017,-0.011164194315589872,0.1213209542756739
mid_R__daily_cumulative_level__mid_R_s02_post_fire__WY2014__r3,mid_R,daily_cumulative_level,mid_R_s02_post_fire__WY2014,2014-01-13,2014-09-30,261,16,60,0.7190330785199133,-0.01154888570660446,0.1213209542756739
mid_R__daily_cumulative_level__mid_R_s02_post_fire__WY2014__r3,mid_R,daily_cumulative_level,mid_R_s02_post_fire__WY2014,2014-01-13,2014-09-30,261,17,60,0.7017007012771179,0.03478057991794651,0.1213209542756739
mid_R__daily_cumulative_level__mid_R_s02_post_fire__WY2014__r3,mid_R,daily_cumulative_level,mid_R_s02_post_fire__WY2014,2014-01-13,2014-09-30,261,18,60,0.6848269486263507,0.0014580071731972828,0.1213209542756739
mid_R__daily_cumulative_level__mid_R_s02_post_fire__WY2014__r3,mid_R,daily_cumulative_level,mid_R_s02_post_fire__WY2014,2014-01-13,2014-09-30,261,19,60,0.6677769919049398,-0.018446764832955716,0.1213209542756739
mid_R__daily_cumulative_level__mid_R_s02_post_fire__WY2014__r3,mid_R,daily_cumulative_level,mid_R_s02_post_fire__WY2014,2014-01-13,2014-09-30,261,20,60,0.6504702816357808,-0.01935108357936065,0.1213209542756739
mid_R__daily_cumulative_level__mid_R_s02_post_fire__WY2014__r3,mid_R,daily_cumulative_level,mid_R_s02_post_fire__WY2014,2014-01-13,2014-09-30,261,21,60,0.6327773010228601,-0.022911537951170343,0.1213209542756739
mid_R__daily_cumulative_level__mid_R_s02_post_fire__WY2014__r3,mid_R,daily_cumulative_level,mid_R_s02_post_fire__WY2014,2014-01-13,2014-09-30,261,22,60,0.6149007629025254,-0.015333826030488955,0.1213209542756739
mid_R__daily_cumulative_level__mid_R_s02_post_fire__WY2014__r3,mid_R,daily_cumulative_level,mid_R_s02_post_fire__WY2014,2014-01-13,2014-09-30,261,23,60,0.596725467880324,-0.01969331004024207,0.1213209542756739
mid_R__daily_cumulative_level__mid_R_s02_post_fire__WY2014__r3,mid_R,daily_cumulative_level,mid_R_s02_post_fire__WY2014,2014-01-13,2014-09-30,261,24,60,0.5781652674522163,-0.023585772750956992,0.1213209542756739
mid_R__daily_cumulative_level__mid_R_s02_post_fire__WY2014__r3,mid_R,daily_cumulative_level,mid_R_s02_post_fire__WY2014,2014-01-13,2014-09-30,261,25,60,0.5595813487951136,-0.01159054254729928,0.1213209542756739
mid_R__daily_cumulative_level__mid_R_s02_post_fire__WY2014__r3,mid_R,daily_cumulative_level,mid_R_s02_post_fire__WY2014,2014-01-13,2014-09-30,261,26,60,0.5411651804048643,-0.006120405282073527,0.1213209542756739
mid_R__daily_cumulative_level__mid_R_s02_post_fire__WY2014__r3,mid_R,daily_cumulative_level,mid_R_s02_post_fire__WY2014,2014-01-13,2014-09-30,261,27,60,0.526704244582133,0.12232755708532021,0.1213209542756739
mid_R__daily_cumulative_level__mid_R_s02_post_fire__WY2014__r3,mid_R,daily_cumulative_level,mid_R_s02_post_fire__WY2014,2014-01-13,2014-09-30,261,28,60,0.5156753873426403,0.09646595735534336,0.1213209542756739
mid_R__daily_cumulative_level__mid_R_s02_post_fire__WY2014__r3,mid_R,daily_cumulative_level,mid_R_s02_post_fire__WY2014,2014-01-13,2014-09-30,261,29,60,0.505235707572546,-0.0006453668982113039,0.1213209542756739
mid_R__daily_cumulative_level__mid_R_s02_post_fire__WY2014__r3,mid_R,daily_cumulative_level,mid_R_s02_post_fire__WY2014,2014-01-13,2014-09-30,261,30,60,0.4945080932840987,-0.024956095167939275,0.1213209542756739
mid_R__daily_cumulative_level__mid_R_s02_post_fire__WY2014__r3,mid_R,daily_cumulative_level,mid_R_s02_post_fire__WY2014,2014-01-13,2014-09-30,261,31,60,0.4833683489667138,-0.025169361229440253,0.1213209542756739
mid_R__daily_cumulative_level__mid_R_s02_post_fire__WY2014__r3,mid_R,daily_cumulative_level,mid_R_s02_post_fire__WY2014,2014-01-13,2014-09-30,261,32,60,0.47196330128368486,-0.01747192094347399,0.1213209542756739
mid_R__daily_cumulative_level__mid_R_s02_post_fire__WY2014__r3,mid_R,daily_cumulative_level,mid_R_s02_post_fire__WY2014,2014-01-13,2014-09-30,261,33,60,0.4603727199331094,-0.010985041058251302,0.1213209542756739
mid_R__daily_cumulative_level__mid_R_s02_post_fire__WY2014__r3,mid_R,daily_cumulative_level,mid_R_s02_post_fire__WY2014,2014-01-13,2014-09-30,261,34,60,0.4486630788341905,-0.01149559491883073,0.1213209542756739
mid_R__daily_cumulative_level__mid_R_s02_post_fire__WY2014__r3,mid_R,daily_cumulative_level,mid_R_s02_post_fire__WY2014,2014-01-13,2014-09-30,261,35,60,0.4371818136976771,-0.0033485074787571807,0.1213209542756739
mid_R__daily_cumulative_level__mid_R_s02_post_fire__WY2014__r3,mid_R,daily_cumulative_level,mid_R_s02_post_fire__WY2014,2014-01-13,2014-09-30,261,36,60,0.4256399759868195,-0.014870846373895312,0.1213209542756739
mid_R__daily_cumulative_level__mid_R_s02_post_fire__WY2014__r3,mid_R,daily_cumulative_level,mid_R_s02_post_fire__WY2014,2014-01-13,2014-09-30,261,37,60,0.4140147116135864,-0.016493607357065055,0.1213209542756739
mid_R__daily_cumulative_level__mid_R_s02_post_fire__WY2014__r3,mid_R,daily_cumulative_level,mid_R_s02_post_fire__WY2014,2014-01-13,2014-09-30,261,38,60,0.4024076937964717,-0.01219904012352557,0.1213209542756739
mid_R__daily_cumulative_level__mid_R_s02_post_fire__WY2014__r3,mid_R,daily_cumulative_level,mid_R_s02_post_fire__WY2014,2014-01-13,2014-09-30,261,39,60,0.3907668762683018,-0.012456256008300148,0.1213209542756739
mid_R__daily_cumulative_level__mid_R_s02_post_fire__WY2014__r3,mid_R,daily_cumulative_level,mid_R_s02_post_fire__WY2014,2014-01-13,2014-09-30,261,40,60,0.3790928418212292,-0.011444433761634967,0.1213209542756739
mid_R__daily_cumulative_level__mid_R_s02_post_fire__WY2014__r3,mid_R,daily_cumulative_level,mid_R_s02_post_fire__WY2014,2014-01-13,2014-09-30,261,41,60,0.3673756628464251,-0.010684695292037022,0.1213209542756739
mid_R__daily_cumulative_level__mid_R_s02_post_fire__WY2014__r3,mid_R,daily_cumulative_level,mid_R_s02_post_fire__WY2014,2014-01-13,2014-09-30,261,42,60,0.3556294445817133,-0.010374806845350032,0.1213209542756739
mid_R__daily_cumulative_level__mid_R_s02_post_fire__WY2014__r3,mid_R,daily_cumulative_level,mid_R_s02_post_fire__WY2014,2014-01-13,2014-09-30,261,43,60,0.3438508243653648,0.001518893365218109,0.1213209542756739
mid_R__daily_cumulative_level__mid_R_s02_post_fire__WY2014__r3,mid_R,daily_cumulative_level,mid_R_s02_post_fire__WY2014,2014-01-13,2014-09-30,261,44,60,0.3320263411430063,0.0029201945609398944,0.1213209542756739
mid_R__daily_cumulative_level__mid_R_s02_post_fire__WY2014__r3,mid_R,daily_cumulative_level,mid_R_s02_post_fire__WY2014,2014-01-13,2014-09-30,261,45,60,0.3206806165296534,0.009774358431102904,0.1213209542756739
mid_R__daily_cumulative_level__mid_R_s02_post_fire__WY2014__r3,mid_R,daily_cumulative_level,mid_R_s02_post_fire__WY2014,2014-01-13,2014-09-30,261,46,60,0.30985144568469186,0.0030522982206450497,0.1213209542756739
mid_R__daily_cumulative_level__mid_R_s02_post_fire__WY2014__r3,mid_R,daily_cumulative_level,mid_R_s02_post_fire__WY2014,2014-01-13,2014-09-30,261,47,60,0.2999770861187409,0.015730913040010452,0.1213209542756739
mid_R__daily_cumulative_level__mid_R_s02_post_fire__WY2014__r3,mid_R,daily_cumulative_level,mid_R_s02_post_fire__WY2014,2014-01-13,2014-09-30,261,48,60,0.28996121452343226,-0.02200645233198871,0.1213209542756739
mid_R__daily_cumulative_level__mid_R_s02_post_fire__WY2014__r3,mid_R,daily_cumulative_level,mid_R_s02_post_fire__WY2014,2014-01-13,2014-09-30,261,49,60,0.27981024207052435,-0.019034451948862812,0.1213209542756739
mid_R__daily_cumulative_level__mid_R_s02_post_fire__WY2014__r3,mid_R,daily_cumulative_level,mid_R_s02_post_fire__WY2014,2014-01-13,2014-09-30,261,50,60,0.27028528166636645,0.00674409651989323,0.1213209542756739
mid_R__daily_cumulative_level__mid_R_s02_post_fire__WY2014__r3,mid_R,daily_cumulative_level,mid_R_s02_post_fire__WY2014,2014-01-13,2014-09-30,261,51,60,0.2601941841925403,-0.03296932458148499,0.1213209542756739
mid_R__daily_cumulative_level__mid_R_s02_post_fire__WY2014__r3,mid_R,daily_cumulative_level,mid_R_s02_post_fire__WY2014,2014-01-13,2014-09-30,261,52,60,0.24994506898361982,-0.014343000097078923,0.1213209542756739
mid_R__daily_cumulative_level__mid_R_s02_post_fire__WY2014__r3,mid_R,daily_cumulative_level,mid_R_s02_post_fire__WY2014,2014-01-13,2014-09-30,261,53,60,0.24078111156905557,0.04715121446447898,0.1213209542756739
mid_R__daily_cumulative_level__mid_R_s02_post_fire__WY2014__r3,mid_R,daily_cumulative_level,mid_R_s02_post_fire__WY2014,2014-01-13,2014-09-30,261,54,60,0.23145610624685625,0.01280059029188952,0.1213209542756739
mid_R__daily_cumulative_level__mid_R_s02_post_fire__WY2014__r3,mid_R,daily_cumulative_level,mid_R_s02_post_fire__WY2014,2014-01-13,2014-09-30,261,55,60,0.2219982701320553,0.001077411325527041,0.1213209542756739
mid_R__daily_cumulative_level__mid_R_s02_post_fire__WY2014__r3,mid_R,daily_cumulative_level,mid_R_s02_post_fire__WY2014,2014-01-13,2014-09-30,261,56,60,0.21240697425893304,-0.015494493004767565,0.1213209542756739
mid_R__daily_cumulative_level__mid_R_s02_post_fire__WY2014__r3,mid_R,daily_cumulative_level,mid_R_s02_post_fire__WY2014,2014-01-13,2014-09-30,261,57,60,0.2029438974935827,-0.012795383076311085,0.1213209542756739
mid_R__daily_cumulative_level__mid_R_s02_post_fire__WY2014__r3,mid_R,daily_cumulative_level,mid_R_s02_post_fire__WY2014,2014-01-13,2014-09-30,261,58,60,0.19329179796105833,-0.022653163736253673,0.1213209542756739
mid_R__daily_cumulative_level__mid_R_s02_post_fire__WY2014__r3,mid_R,daily_cumulative_level,mid_R_s02_post_fire__WY2014,2014-01-13,2014-09-30,261,59,60,0.1835070022000786,-0.015948348581205855,0.1213209542756739
mid_R__daily_cumulative_level__mid_R_s02_post_fire__WY2014__r3,mid_R,daily_cumulative_level,mid_R_s02_post_fire__WY2014,2014-01-13,2014-09-30,261,60,60,0.17358234369653902,-0.015160065203177338,0.1213209542756739
mid_R__daily_cumulative_level__mid_R_s02_post_fire__WY2015__r1,mid_R,daily_cumulative_level,mid_R_s02_post_fire__WY2015,2014-10-01,2015-06-30,273,0,60,1.0,1.0,0.11862459640308529
mid_R__daily_cumulative_level__mid_R_s02_post_fire__WY2015__r1,mid_R,daily_cumulative_level,mid_R_s02_post_fire__WY2015,2014-10-01,2015-06-30,273,1,60,0.9910921655577944,0.9910921655577944,0.11862459640308529
mid_R__daily_cumulative_level__mid_R_s02_post_fire__WY2015__r1,mid_R,daily_cumulative_level,mid_R_s02_post_fire__WY2015,2014-10-01,2015-06-30,273,2,60,0.9815611232427778,-0.039611227820509756,0.11862459640308529
mid_R__daily_cumulative_level__mid_R_s02_post_fire__WY2015__r1,mid_R,daily_cumulative_level,mid_R_s02_post_fire__WY2015,2014-10-01,2015-06-30,273,3,60,0.9717196453250653,-0.021120578152331336,0.11862459640308529
mid_R__daily_cumulative_level__mid_R_s02_post_fire__WY2015__r1,mid_R,daily_cumulative_level,mid_R_s02_post_fire__WY2015,2014-10-01,2015-06-30,273,4,60,0.9617909649271847,-0.008757106478299565,0.11862459640308529
mid_R__daily_cumulative_level__mid_R_s02_post_fire__WY2015__r1,mid_R,daily_cumulative_level,mid_R_s02_post_fire__WY2015,2014-10-01,2015-06-30,273,5,60,0.9518160793102309,-0.007095929597200539,0.11862459640308529
mid_R__daily_cumulative_level__mid_R_s02_post_fire__WY2015__r1,mid_R,daily_cumulative_level,mid_R_s02_post_fire__WY2015,2014-10-01,2015-06-30,273,6,60,0.9417865379652135,-0.00789891291167524,0.11862459640308529
mid_R__daily_cumulative_level__mid_R_s02_post_fire__WY2015__r1,mid_R,daily_cumulative_level,mid_R_s02_post_fire__WY2015,2014-10-01,2015-06-30,273,7,60,0.9317171750756791,-0.0071229345463590926,0.11862459640308529
mid_R__daily_cumulative_level__mid_R_s02_post_fire__WY2015__r1,mid_R,daily_cumulative_level,mid_R_s02_post_fire__WY2015,2014-10-01,2015-06-30,273,8,60,0.9215237059257327,-0.011968722547870882,0.11862459640308529
mid_R__daily_cumulative_level__mid_R_s02_post_fire__WY2015__r1,mid_R,daily_cumulative_level,mid_R_s02_post_fire__WY2015,2014-10-01,2015-06-30,273,9,60,0.9111117401305019,-0.017092258994709543,0.11862459640308529
mid_R__daily_cumulative_level__mid_R_s02_post_fire__WY2015__r1,mid_R,daily_cumulative_level,mid_R_s02_post_fire__WY2015,2014-10-01,2015-06-30,273,10,60,0.9004814718686406,-0.0167261336936257,0.11862459640308529
mid_R__daily_cumulative_level__mid_R_s02_post_fire__WY2015__r1,mid_R,daily_cumulative_level,mid_R_s02_post_fire__WY2015,2014-10-01,2015-06-30,273,11,60,0.8897326572914392,-0.011048167681908031,0.11862459640308529
mid_R__daily_cumulative_level__mid_R_s02_post_fire__WY2015__r1,mid_R,daily_cumulative_level,mid_R_s02_post_fire__WY2015,2014-10-01,2015-06-30,273,12,60,0.8789044810781033,-0.009263307316545033,0.11862459640308529
mid_R__daily_cumulative_level__mid_R_s02_post_fire__WY2015__r1,mid_R,daily_cumulative_level,mid_R_s02_post_fire__WY2015,2014-10-01,2015-06-30,273,13,60,0.8678832491198964,-0.016049703311407145,0.11862459640308529
mid_R__daily_cumulative_level__mid_R_s02_post_fire__WY2015__r1,mid_R,daily_cumulative_level,mid_R_s02_post_fire__WY2015,2014-10-01,2015-06-30,273,14,60,0.856730337166625,-0.012355309319492337,0.11862459640308529
mid_R__daily_cumulative_level__mid_R_s02_post_fire__WY2015__r1,mid_R,daily_cumulative_level,mid_R_s02_post_fire__WY2015,2014-10-01,2015-06-30,273,15,60,0.8456784371220184,0.0006817429072838782,0.11862459640308529
mid_R__daily_cumulative_level__mid_R_s02_post_fire__WY2015__r1,mid_R,daily_cumulative_level,mid_R_s02_post_fire__WY2015,2014-10-01,2015-06-30,273,16,60,0.8345871898085939,-0.00810857414072367,0.11862459640308529
mid_R__daily_cumulative_level__mid_R_s02_post_fire__WY2015__r1,mid_R,daily_cumulative_level,mid_R_s02_post_fire__WY2015,2014-10-01,2015-06-30,273,17,60,0.823392884545572,-0.01153722619242084,0.11862459640308529
mid_R__daily_cumulative_level__mid_R_s02_post_fire__WY2015__r1,mid_R,daily_cumulative_level,mid_R_s02_post_fire__WY2015,2014-10-01,2015-06-30,273,18,60,0.8120494093348568,-0.01377155122283097,0.11862459640308529
mid_R__daily_cumulative_level__mid_R_s02_post_fire__WY2015__r1,mid_R,daily_cumulative_level,mid_R_s02_post_fire__WY2015,2014-10-01,2015-06-30,273,19,60,0.8006437362683083,-0.008717645626137364,0.11862459640308529
mid_R__daily_cumulative_level__mid_R_s02_post_fire__WY2015__r1,mid_R,daily_cumulative_level,mid_R_s02_post_fire__WY2015,2014-10-01,2015-06-30,273,20,60,0.7891322181675303,-0.01150981702808389,0.11862459640308529
mid_R__daily_cumulative_level__mid_R_s02_post_fire__WY2015__r1,mid_R,daily_cumulative_level,mid_R_s02_post_fire__WY2015,2014-10-01,2015-06-30,273,21,60,0.7774121732730237,-0.01729625527930571,0.11862459640308529
mid_R__daily_cumulative_level__mid_R_s02_post_fire__WY2015__r1,mid_R,daily_cumulative_level,mid_R_s02_post_fire__WY2015,2014-10-01,2015-06-30,273,22,60,0.7655264155116739,-0.014658788474084505,0.11862459640308529
mid_R__daily_cumulative_level__mid_R_s02_post_fire__WY2015__r1,mid_R,daily_cumulative_level,mid_R_s02_post_fire__WY2015,2014-10-01,2015-06-30,273,23,60,0.7535604721630424,-0.010127089934929296,0.11862459640308529
mid_R__daily_cumulative_level__mid_R_s02_post_fire__WY2015__r1,mid_R,daily_cumulative_level,mid_R_s02_post_fire__WY2015,2014-10-01,2015-06-30,273,24,60,0.7415579900624449,-0.008167258324708255,0.11862459640308529
mid_R__daily_cumulative_level__mid_R_s02_post_fire__WY2015__r1,mid_R,daily_cumulative_level,mid_R_s02_post_fire__WY2015,2014-10-01,2015-06-30,273,25,60,0.7298773227671173,0.011987381923832321,0.11862459640308529
mid_R__daily_cumulative_level__mid_R_s02_post_fire__WY2015__r1,mid_R,daily_cumulative_level,mid_R_s02_post_fire__WY2015,2014-10-01,2015-06-30,273,26,60,0.718328478042901,9.113439815842196e-05,0.11862459640308529
mid_R__daily_cumulative_level__mid_R_s02_post_fire__WY2015__r1,mid_R,daily_cumulative_level,mid_R_s02_post_fire__WY2015,2014-10-01,2015-06-30,273,27,60,0.7069324185036214,0.0012519463605198365,0.11862459640308529
mid_R__daily_cumulative_level__mid_R_s02_post_fire__WY2015__r1,mid_R,daily_cumulative_level,mid_R_s02_post_fire__WY2015,2014-10-01,2015-06-30,273,28,60,0.6958983547309778,0.01337335338587356,0.11862459640308529
mid_R__daily_cumulative_level__mid_R_s02_post_fire__WY2015__r1,mid_R,daily_cumulative_level,mid_R_s02_post_fire__WY2015,2014-10-01,2015-06-30,273,29,60,0.6847092748314972,-0.016209098251302536,0.11862459640308529
mid_R__daily_cumulative_level__mid_R_s02_post_fire__WY2015__r1,mid_R,daily_cumulative_level,mid_R_s02_post_fire__WY2015,2014-10-01,2015-06-30,273,30,60,0.6734199610499756,-0.011717260774486067,0.11862459640308529
mid_R__daily_cumulative_level__mid_R_s02_post_fire__WY2015__r1,mid_R,daily_cumulative_level,mid_R_s02_post_fire__WY2015,2014-10-01,2015-06-30,273,31,60,0.6623843536042663,0.008606167710970072,0.11862459640308529
mid_R__daily_cumulative_level__mid_R_s02_post_fire__WY2015__r1,mid_R,daily_cumulative_level,mid_R_s02_post_fire__WY2015,2014-10-01,2015-06-30,273,32,60,0.651637805413974,0.009057818809525272,0.11862459640308529
mid_R__daily_cumulative_level__mid_R_s02_post_fire__WY2015__r1,mid_R,daily_cumulative_level,mid_R_s02_post_fire__WY2015,2014-10-01,2015-06-30,273,33,60,0.640799837692111,-0.013249685779555416,0.11862459640308529
mid_R__daily_cumulative_level__mid_R_s02_post_fire__WY2015__r1,mid_R,daily_cumulative_level,mid_R_s02_post_fire__WY2015,2014-10-01,2015-06-30,273,34,60,0.6298777784815307,-0.01181423633850834,0.11862459640308529
mid_R__daily_cumulative_level__mid_R_s02_post_fire__WY2015__r1,mid_R,daily_cumulative_level,mid_R_s02_post_fire__WY2015,2014-10-01,2015-06-30,273,35,60,0.6189071556015772,-0.009611745215075518,0.11862459640308529
mid_R__daily_cumulative_level__mid_R_s02_post_fire__WY2015__r1,mid_R,daily_cumulative_level,mid_R_s02_post_fire__WY2015,2014-10-01,2015-06-30,273,36,60,0.607926191865324,-0.007658816952157863,0.11862459640308529
mid_R__daily_cumulative_level__mid_R_s02_post_fire__WY2015__r1,mid_R,daily_cumulative_level,mid_R_s02_post_fire__WY2015,2014-10-01,2015-06-30,273,37,60,0.5969039717212696,-0.009548763544140103,0.11862459640308529
mid_R__daily_cumulative_level__mid_R_s02_post_fire__WY2015__r1,mid_R,daily_cumulative_level,mid_R_s02_post_fire__WY2015,2014-10-01,2015-06-30,273,38,60,0.5858492791592664,-0.008753655235866936,0.11862459640308529
mid_R__daily_cumulative_level__mid_R_s02_post_fire__WY2015__r1,mid_R,daily_cumulative_level,mid_R_s02_post_fire__WY2015,2014-10-01,2015-06-30,273,39,60,0.5747527249786076,-0.009270242179955743,0.11862459640308529
mid_R__daily_cumulative_level__mid_R_s02_post_fire__WY2015__r1,mid_R,daily_cumulative_level,mid_R_s02_post_fire__WY2015,2014-10-01,2015-06-30,273,40,60,0.5638669407153619,0.004422832836264107,0.11862459640308529
mid_R__daily_cumulative_level__mid_R_s02_post_fire__WY2015__r1,mid_R,daily_cumulative_level,mid_R_s02_post_fire__WY2015,2014-10-01,2015-06-30,273,41,60,0.5529120863381238,-0.01176236983509441,0.11862459640308529
mid_R__daily_cumulative_level__mid_R_s02_post_fire__WY2015__r1,mid_R,daily_cumulative_level,mid_R_s02_post_fire__WY2015,2014-10-01,2015-06-30,273,42,60,0.5418595790954741,-0.012307146568061754,0.11862459640308529
mid_R__daily_cumulative_level__mid_R_s02_post_fire__WY2015__r1,mid_R,daily_cumulative_level,mid_R_s02_post_fire__WY2015,2014-10-01,2015-06-30,273,43,60,0.5307266956084649,-0.011687853407797483,0.11862459640308529
mid_R__daily_cumulative_level__mid_R_s02_post_fire__WY2015__r1,mid_R,daily_cumulative_level,mid_R_s02_post_fire__WY2015,2014-10-01,2015-06-30,273,44,60,0.5197527075540461,0.001404480602622692,0.11862459640308529
mid_R__daily_cumulative_level__mid_R_s02_post_fire__WY2015__r1,mid_R,daily_cumulative_level,mid_R_s02_post_fire__WY2015,2014-10-01,2015-06-30,273,45,60,0.5086921988251426,-0.012996564694336606,0.11862459640308529
mid_R__daily_cumulative_level__mid_R_s02_post_fire__WY2015__r1,mid_R,daily_cumulative_level,mid_R_s02_post_fire__WY2015,2014-10-01,2015-06-30,273,46,60,0.4975485719422867,-0.011942847827652982,0.11862459640308529
mid_R__daily_cumulative_level__mid_R_s02_post_fire__WY2015__r1,mid_R,daily_cumulative_level,mid_R_s02_post_fire__WY2015,2014-10-01,2015-06-30,273,47,60,0.4863197676531937,-0.01253685987063462,0.11862459640308529
mid_R__daily_cumulative_level__mid_R_s02_post_fire__WY2015__r1,mid_R,daily_cumulative_level,mid_R_s02_post_fire__WY2015,2014-10-01,2015-06-30,273,48,60,0.4750909240991332,-0.008170228622809767,0.11862459640308529
mid_R__daily_cumulative_level__mid_R_s02_post_fire__WY2015__r1,mid_R,daily_cumulative_level,mid_R_s02_post_fire__WY2015,2014-10-01,2015-06-30,273,49,60,0.46386777100922394,-0.007281287169911489,0.11862459640308529
mid_R__daily_cumulative_level__mid_R_s02_post_fire__WY2015__r1,mid_R,daily_cumulative_level,mid_R_s02_post_fire__WY2015,2014-10-01,2015-06-30,273,50,60,0.4525148854970964,-0.014592178678763995,0.11862459640308529
mid_R__daily_cumulative_level__mid_R_s02_post_fire__WY2015__r1,mid_R,daily_cumulative_level,mid_R_s02_post_fire__WY2015,2014-10-01,2015-06-30,273,51,60,0.4413634485839525,0.004284572428566745,0.11862459640308529
mid_R__daily_cumulative_level__mid_R_s02_post_fire__WY2015__r1,mid_R,daily_cumulative_level,mid_R_s02_post_fire__WY2015,2014-10-01,2015-06-30,273,52,60,0.4300887068336881,-0.01495083215439204,0.11862459640308529
mid_R__daily_cumulative_level__mid_R_s02_post_fire__WY2015__r1,mid_R,daily_cumulative_level,mid_R_s02_post_fire__WY2015,2014-10-01,2015-06-30,273,53,60,0.41944006908662207,0.02764750418146253,0.11862459640308529
mid_R__daily_cumulative_level__mid_R_s02_post_fire__WY2015__r1,mid_R,daily_cumulative_level,mid_R_s02_post_fire__WY2015,2014-10-01,2015-06-30,273,54,60,0.4087274182793245,-0.012689713149033456,0.11862459640308529
mid_R__daily_cumulative_level__mid_R_s02_post_fire__WY2015__r1,mid_R,daily_cumulative_level,mid_R_s02_post_fire__WY2015,2014-10-01,2015-06-30,273,55,60,0.39797808495780407,-0.009268968463803156,0.11862459640308529
mid_R__daily_cumulative_level__mid_R_s02_post_fire__WY2015__r1,mid_R,daily_cumulative_level,mid_R_s02_post_fire__WY2015,2014-10-01,2015-06-30,273,56,60,0.3875630634600507,0.011793447501220257,0.11862459640308529
mid_R__daily_cumulative_level__mid_R_s02_post_fire__WY2015__r1,mid_R,daily_cumulative_level,mid_R_s02_post_fire__WY2015,2014-10-01,2015-06-30,273,57,60,0.3769748243596926,-0.01837640471436517,0.11862459640308529
mid_R__daily_cumulative_level__mid_R_s02_post_fire__WY2015__r1,mid_R,daily_cumulative_level,mid_R_s02_post_fire__WY2015,2014-10-01,2015-06-30,273,58,60,0.36600935717691774,-0.02795821412250917,0.11862459640308529
mid_R__daily_cumulative_level__mid_R_s02_post_fire__WY2015__r1,mid_R,daily_cumulative_level,mid_R_s02_post_fire__WY2015,2014-10-01,2015-06-30,273,59,60,0.35465209784066026,-0.0284808619029504,0.11862459640308529
mid_R__daily_cumulative_level__mid_R_s02_post_fire__WY2015__r1,mid_R,daily_cumulative_level,mid_R_s02_post_fire__WY2015,2014-10-01,2015-06-30,273,60,60,0.3431093120596114,-0.018253506238348118,0.11862459640308529
mid_R__daily_cumulative_level__mid_R_s03_post_mechanical_failure__WY2016__r1,mid_R,daily_cumulative_level,mid_R_s03_post_mechanical_failure__WY2016,2016-01-28,2016-09-30,247,0,60,1.0,1.0,0.12471181354325243
mid_R__daily_cumulative_level__mid_R_s03_post_mechanical_failure__WY2016__r1,mid_R,daily_cumulative_level,mid_R_s03_post_mechanical_failure__WY2016,2016-01-28,2016-09-30,247,1,60,0.9806831483185997,0.9806831483185999,0.12471181354325243
mid_R__daily_cumulative_level__mid_R_s03_post_mechanical_failure__WY2016__r1,mid_R,daily_cumulative_level,mid_R_s03_post_mechanical_failure__WY2016,2016-01-28,2016-09-30,247,2,60,0.9643216082825744,0.0674890987156804,0.12471181354325243
mid_R__daily_cumulative_level__mid_R_s03_post_mechanical_failure__WY2016__r1,mid_R,daily_cumulative_level,mid_R_s03_post_mechanical_failure__WY2016,2016-01-28,2016-09-30,247,3,60,0.9491244447904621,0.028070585627577718,0.12471181354325243
mid_R__daily_cumulative_level__mid_R_s03_post_mechanical_failure__WY2016__r1,mid_R,daily_cumulative_level,mid_R_s03_post_mechanical_failure__WY2016,2016-01-28,2016-09-30,247,4,60,0.9340452040772014,0.0004254904963246632,0.12471181354325243
mid_R__daily_cumulative_level__mid_R_s03_post_mechanical_failure__WY2016__r1,mid_R,daily_cumulative_level,mid_R_s03_post_mechanical_failure__WY2016,2016-01-28,2016-09-30,247,5,60,0.9193138568448624,0.0033170556328269464,0.12471181354325243
mid_R__daily_cumulative_level__mid_R_s03_post_mechanical_failure__WY2016__r1,mid_R,daily_cumulative_level,mid_R_s03_post_mechanical_failure__WY2016,2016-01-28,2016-09-30,247,6,60,0.9045321581100574,-0.007068200037546373,0.12471181354325243
mid_R__daily_cumulative_level__mid_R_s03_post_mechanical_failure__WY2016__r1,mid_R,daily_cumulative_level,mid_R_s03_post_mechanical_failure__WY2016,2016-01-28,2016-09-30,247,7,60,0.8893496197073325,-0.017656865567993098,0.12471181354325243
mid_R__daily_cumulative_level__mid_R_s03_post_mechanical_failure__WY2016__r1,mid_R,daily_cumulative_level,mid_R_s03_post_mechanical_failure__WY2016,2016-01-28,2016-09-30,247,8,60,0.8733665500678749,-0.030576559551578886,0.12471181354325243
mid_R__daily_cumulative_level__mid_R_s03_post_mechanical_failure__WY2016__r1,mid_R,daily_cumulative_level,mid_R_s03_post_mechanical_failure__WY2016,2016-01-28,2016-09-30,247,9,60,0.85654464875302,-0.034592898565407475,0.12471181354325243
mid_R__daily_cumulative_level__mid_R_s03_post_mechanical_failure__WY2016__r1,mid_R,daily_cumulative_level,mid_R_s03_post_mechanical_failure__WY2016,2016-01-28,2016-09-30,247,10,60,0.8391983012587202,-0.028272334223128956,0.12471181354325243
mid_R__daily_cumulative_level__mid_R_s03_post_mechanical_failure__WY2016__r1,mid_R,daily_cumulative_level,mid_R_s03_post_mechanical_failure__WY2016,2016-01-28,2016-09-30,247,11,60,0.8216671277859455,-0.019058862860051817,0.12471181354325243
mid_R__daily_cumulative_level__mid_R_s03_post_mechanical_failure__WY2016__r1,mid_R,daily_cumulative_level,mid_R_s03_post_mechanical_failure__WY2016,2016-01-28,2016-09-30,247,12,60,0.8040762149516837,-0.014243900938158858,0.12471181354325243
mid_R__daily_cumulative_level__mid_R_s03_post_mechanical_failure__WY2016__r1,mid_R,daily_cumulative_level,mid_R_s03_post_mechanical_failure__WY2016,2016-01-28,2016-09-30,247,13,60,0.7864349136932941,-0.012645116243390854,0.12471181354325243
mid_R__daily_cumulative_level__mid_R_s03_post_mechanical_failure__WY2016__r1,mid_R,daily_cumulative_level,mid_R_s03_post_mechanical_failure__WY2016,2016-01-28,2016-09-30,247,14,60,0.7685273799339412,-0.017371648787713613,0.12471181354325243
mid_R__daily_cumulative_level__mid_R_s03_post_mechanical_failure__WY2016__r1,mid_R,daily_cumulative_level,mid_R_s03_post_mechanical_failure__WY2016,2016-01-28,2016-09-30,247,15,60,0.7503184775342577,-0.018536719325000832,0.12471181354325243
mid_R__daily_cumulative_level__mid_R_s03_post_mechanical_failure__WY2016__r1,mid_R,daily_cumulative_level,mid_R_s03_post_mechanical_failure__WY2016,2016-01-28,2016-09-30,247,16,60,0.731502776976871,-0.026905131713865032,0.12471181354325243
mid_R__daily_cumulative_level__mid_R_s03_post_mechanical_failure__WY2016__r1,mid_R,daily_cumulative_level,mid_R_s03_post_mechanical_failure__WY2016,2016-01-28,2016-09-30,247,17,60,0.7119868861959292,-0.031275090825179465,0.12471181354325243
mid_R__daily_cumulative_level__mid_R_s03_post_mechanical_failure__WY2016__r1,mid_R,daily_cumulative_level,mid_R_s03_post_mechanical_failure__WY2016,2016-01-28,2016-09-30,247,18,60,0.6918756080875076,-0.030641578579208482,0.12471181354325243
mid_R__daily_cumulative_level__mid_R_s03_post_mechanical_failure__WY2016__r1,mid_R,daily_cumulative_level,mid_R_s03_post_mechanical_failure__WY2016,2016-01-28,2016-09-30,247,19,60,0.6714110848278116,-0.025272073346214053,0.12471181354325243
mid_R__daily_cumulative_level__mid_R_s03_post_mechanical_failure__WY2016__r1,mid_R,daily_cumulative_level,mid_R_s03_post_mechanical_failure__WY2016,2016-01-28,2016-09-30,247,20,60,0.6504633899958935,-0.02841401547680591,0.12471181354325243
mid_R__daily_cumulative_level__mid_R_s03_post_mechanical_failure__WY2016__r1,mid_R,daily_cumulative_level,mid_R_s03_post_mechanical_failure__WY2016,2016-01-28,2016-09-30,247,21,60,0.6302438046323053,0.0031634209532898235,0.12471181354325243
mid_R__daily_cumulative_level__mid_R_s03_post_mechanical_failure__WY2016__r1,mid_R,daily_cumulative_level,mid_R_s03_post_mechanical_failure__WY2016,2016-01-28,2016-09-30,247,22,60,0.6126040731981084,0.0581737602652689,0.12471181354325243
mid_R__daily_cumulative_level__mid_R_s03_post_mechanical_failure__WY2016__r1,mid_R,daily_cumulative_level,mid_R_s03_post_mechanical_failure__WY2016,2016-01-28,2016-09-30,247,23,60,0.5951225187575744,0.007292686560422196,0.12471181354325243
mid_R__daily_cumulative_level__mid_R_s03_post_mechanical_failure__WY2016__r1,mid_R,daily_cumulative_level,mid_R_s03_post_mechanical_failure__WY2016,2016-01-28,2016-09-30,247,24,60,0.5774512761735571,-0.006673882890144117,0.12471181354325243
mid_R__daily_cumulative_level__mid_R_s03_post_mechanical_failure__WY2016__r1,mid_R,daily_cumulative_level,mid_R_s03_post_mechanical_failure__WY2016,2016-01-28,2016-09-30,247,25,60,0.5593769049836617,-0.017006448865217596,0.12471181354325243
mid_R__daily_cumulative_level__mid_R_s03_post_mechanical_failure__WY2016__r1,mid_R,daily_cumulative_level,mid_R_s03_post_mechanical_failure__WY2016,2016-01-28,2016-09-30,247,26,60,0.541059578918246,-0.015277781785216939,0.12471181354325243
mid_R__daily_cumulative_level__mid_R_s03_post_mechanical_failure__WY2016__r1,mid_R,daily_cumulative_level,mid_R_s03_post_mechanical_failure__WY2016,2016-01-28,2016-09-30,247,27,60,0.5226451268459648,-0.014048452666789588,0.12471181354325243
mid_R__daily_cumulative_level__mid_R_s03_post_mechanical_failure__WY2016__r1,mid_R,daily_cumulative_level,mid_R_s03_post_mechanical_failure__WY2016,2016-01-28,2016-09-30,247,28,60,0.5039885162085186,-0.020246709427871257,0.12471181354325243
mid_R__daily_cumulative_level__mid_R_s03_post_mechanical_failure__WY2016__r1,mid_R,daily_cumulative_level,mid_R_s03_post_mechanical_failure__WY2016,2016-01-28,2016-09-30,247,29,60,0.4852404928943267,-0.01956316331521465,0.12471181354325243
mid_R__daily_cumulative_level__mid_R_s03_post_mechanical_failure__WY2016__r1,mid_R,daily_cumulative_level,mid_R_s03_post_mechanical_failure__WY2016,2016-01-28,2016-09-30,247,30,60,0.4663635318011043,-0.02090064933276822,0.12471181354325243
mid_R__daily_cumulative_level__mid_R_s03_post_mechanical_failure__WY2016__r1,mid_R,daily_cumulative_level,mid_R_s03_post_mechanical_failure__WY2016,2016-01-28,2016-09-30,247,31,60,0.44745221453923567,-0.016874831827230728,0.12471181354325243
mid_R__daily_cumulative_level__mid_R_s03_post_mechanical_failure__WY2016__r1,mid_R,daily_cumulative_level,mid_R_s03_post_mechanical_failure__WY2016,2016-01-28,2016-09-30,247,32,60,0.4282866141775559,-0.020392666378179998,0.12471181354325243
mid_R__daily_cumulative_level__mid_R_s03_post_mechanical_failure__WY2016__r1,mid_R,daily_cumulative_level,mid_R_s03_post_mechanical_failure__WY2016,2016-01-28,2016-09-30,247,33,60,0.4085457846927982,-0.02873609842829851,0.12471181354325243
mid_R__daily_cumulative_level__mid_R_s03_post_mechanical_failure__WY2016__r1,mid_R,daily_cumulative_level,mid_R_s03_post_mechanical_failure__WY2016,2016-01-28,2016-09-30,247,34,60,0.3883374041038334,-0.02838882953106288,0.12471181354325243
mid_R__daily_cumulative_level__mid_R_s03_post_mechanical_failure__WY2016__r1,mid_R,daily_cumulative_level,mid_R_s03_post_mechanical_failure__WY2016,2016-01-28,2016-09-30,247,35,60,0.36773199480047336,-0.02841299088920754,0.12471181354325243
mid_R__daily_cumulative_level__mid_R_s03_post_mechanical_failure__WY2016__r1,mid_R,daily_cumulative_level,mid_R_s03_post_mechanical_failure__WY2016,2016-01-28,2016-09-30,247,36,60,0.3465274021542935,-0.03520746335115754,0.12471181354325243
mid_R__daily_cumulative_level__mid_R_s03_post_mechanical_failure__WY2016__r1,mid_R,daily_cumulative_level,mid_R_s03_post_mechanical_failure__WY2016,2016-01-28,2016-09-30,247,37,60,0.32667569928283735,0.013606828922408113,0.12471181354325243
mid_R__daily_cumulative_level__mid_R_s03_post_mechanical_failure__WY2016__r1,mid_R,daily_cumulative_level,mid_R_s03_post_mechanical_failure__WY2016,2016-01-28,2016-09-30,247,38,60,0.30922282618782676,0.0501552234279086,0.12471181354325243
mid_R__daily_cumulative_level__mid_R_s03_post_mechanical_failure__WY2016__r1,mid_R,daily_cumulative_level,mid_R_s03_post_mechanical_failure__WY2016,2016-01-28,2016-09-30,247,39,60,0.29430861930534624,0.06589252887659705,0.12471181354325243
mid_R__daily_cumulative_level__mid_R_s03_post_mechanical_failure__WY2016__r1,mid_R,daily_cumulative_level,mid_R_s03_post_mechanical_failure__WY2016,2016-01-28,2016-09-30,247,40,60,0.280403791287131,0.03323209619127518,0.12471181354325243
mid_R__daily_cumulative_level__mid_R_s03_post_mechanical_failure__WY2016__r1,mid_R,daily_cumulative_level,mid_R_s03_post_mechanical_failure__WY2016,2016-01-28,2016-09-30,247,41,60,0.26607012108870026,-0.007621081233112497,0.12471181354325243
mid_R__daily_cumulative_level__mid_R_s03_post_mechanical_failure__WY2016__r1,mid_R,daily_cumulative_level,mid_R_s03_post_mechanical_failure__WY2016,2016-01-28,2016-09-30,247,42,60,0.251594790549321,-0.005432556540129993,0.12471181354325243
mid_R__daily_cumulative_level__mid_R_s03_post_mechanical_failure__WY2016__r1,mid_R,daily_cumulative_level,mid_R_s03_post_mechanical_failure__WY2016,2016-01-28,2016-09-30,247,43,60,0.23679982212273817,-0.011353997522606353,0.12471181354325243
mid_R__daily_cumulative_level__mid_R_s03_post_mechanical_failure__WY2016__r1,mid_R,daily_cumulative_level,mid_R_s03_post_mechanical_failure__WY2016,2016-01-28,2016-09-30,247,44,60,0.22322540536851063,0.02137731291992874,0.12471181354325243
mid_R__daily_cumulative_level__mid_R_s03_post_mechanical_failure__WY2016__r1,mid_R,daily_cumulative_level,mid_R_s03_post_mechanical_failure__WY2016,2016-01-28,2016-09-30,247,45,60,0.20989741386662988,-0.004068207116933427,0.12471181354325243
mid_R__daily_cumulative_level__mid_R_s03_post_mechanical_failure__WY2016__r1,mid_R,daily_cumulative_level,mid_R_s03_post_mechanical_failure__WY2016,2016-01-28,2016-09-30,247,46,60,0.20051404123119798,0.09058926114307207,0.12471181354325243
mid_R__daily_cumulative_level__mid_R_s03_post_mechanical_failure__WY2016__r1,mid_R,daily_cumulative_level,mid_R_s03_post_mechanical_failure__WY2016,2016-01-28,2016-09-30,247,47,60,0.19176565944028304,0.021803083983229693,0.12471181354325243
mid_R__daily_cumulative_level__mid_R_s03_post_mechanical_failure__WY2016__r1,mid_R,daily_cumulative_level,mid_R_s03_post_mechanical_failure__WY2016,2016-01-28,2016-09-30,247,48,60,0.18263701258818565,-0.009147838223731039,0.12471181354325243
mid_R__daily_cumulative_level__mid_R_s03_post_mechanical_failure__WY2016__r1,mid_R,daily_cumulative_level,mid_R_s03_post_mechanical_failure__WY2016,2016-01-28,2016-09-30,247,49,60,0.17313722964167017,-0.01877010617721206,0.12471181354325243
mid_R__daily_cumulative_level__mid_R_s03_post_mechanical_failure__WY2016__r1,mid_R,daily_cumulative_level,mid_R_s03_post_mechanical_failure__WY2016,2016-01-28,2016-09-30,247,50,60,0.16332798979221383,-0.02036103031305313,0.12471181354325243
mid_R__daily_cumulative_level__mid_R_s03_post_mechanical_failure__WY2016__r1,mid_R,daily_cumulative_level,mid_R_s03_post_mechanical_failure__WY2016,2016-01-28,2016-09-30,247,51,60,0.15334888327342253,-0.02107115452658642,0.12471181354325243
mid_R__daily_cumulative_level__mid_R_s03_post_mechanical_failure__WY2016__r1,mid_R,daily_cumulative_level,mid_R_s03_post_mechanical_failure__WY2016,2016-01-28,2016-09-30,247,52,60,0.14290131056716698,-0.03334553060676455,0.12471181354325243
mid_R__daily_cumulative_level__mid_R_s03_post_mechanical_failure__WY2016__r1,mid_R,daily_cumulative_level,mid_R_s03_post_mechanical_failure__WY2016,2016-01-28,2016-09-30,247,53,60,0.13343389713593953,-0.0007219038448291408,0.12471181354325243
mid_R__daily_cumulative_level__mid_R_s03_post_mechanical_failure__WY2016__r1,mid_R,daily_cumulative_level,mid_R_s03_post_mechanical_failure__WY2016,2016-01-28,2016-09-30,247,54,60,0.12617260865558058,0.037170276552145526,0.12471181354325243
mid_R__daily_cumulative_level__mid_R_s03_post_mechanical_failure__WY2016__r1,mid_R,daily_cumulative_level,mid_R_s03_post_mechanical_failure__WY2016,2016-01-28,2016-09-30,247,55,60,0.11955213365368694,0.007919457376002888,0.12471181354325243
mid_R__daily_cumulative_level__mid_R_s03_post_mechanical_failure__WY2016__r1,mid_R,daily_cumulative_level,mid_R_s03_post_mechanical_failure__WY2016,2016-01-28,2016-09-30,247,56,60,0.11281071396416639,-0.013659660587268332,0.12471181354325243
mid_R__daily_cumulative_level__mid_R_s03_post_mechanical_failure__WY2016__r1,mid_R,daily_cumulative_level,mid_R_s03_post_mechanical_failure__WY2016,2016-01-28,2016-09-30,247,57,60,0.10597762207481001,-0.01558650876921177,0.12471181354325243
mid_R__daily_cumulative_level__mid_R_s03_post_mechanical_failure__WY2016__r1,mid_R,daily_cumulative_level,mid_R_s03_post_mechanical_failure__WY2016,2016-01-28,2016-09-30,247,58,60,0.0990994158801487,-0.006397173001718568,0.12471181354325243
mid_R__daily_cumulative_level__mid_R_s03_post_mechanical_failure__WY2016__r1,mid_R,daily_cumulative_level,mid_R_s03_post_mechanical_failure__WY2016,2016-01-28,2016-09-30,247,59,60,0.0922027617439821,-2.9499208745813525e-05,0.12471181354325243
mid_R__daily_cumulative_level__mid_R_s03_post_mechanical_failure__WY2016__r1,mid_R,daily_cumulative_level,mid_R_s03_post_mechanical_failure__WY2016,2016-01-28,2016-09-30,247,60,60,0.08526811932625075,-9.849102126555442e-05,0.12471181354325243
mid_R__daily_cumulative_level__mid_R_s03_post_mechanical_failure__WY2017__r1,mid_R,daily_cumulative_level,mid_R_s03_post_mechanical_failure__WY2017,2016-10-01,2017-05-17,229,0,57,1.0,1.0,0.1295204456891976
mid_R__daily_cumulative_level__mid_R_s03_post_mechanical_failure__WY2017__r1,mid_R,daily_cumulative_level,mid_R_s03_post_mechanical_failure__WY2017,2016-10-01,2017-05-17,229,1,57,0.9908864813957067,0.9908864813957069,0.1295204456891976
mid_R__daily_cumulative_level__mid_R_s03_post_mechanical_failure__WY2017__r1,mid_R,daily_cumulative_level,mid_R_s03_post_mechanical_failure__WY2017,2016-10-01,2017-05-17,229,2,57,0.9814250463566292,-0.023752927014122984,0.1295204456891976
mid_R__daily_cumulative_level__mid_R_s03_post_mechanical_failure__WY2017__r1,mid_R,daily_cumulative_level,mid_R_s03_post_mechanical_failure__WY2017,2016-10-01,2017-05-17,229,3,57,0.9717199826866517,-0.017847373494613756,0.1295204456891976
mid_R__daily_cumulative_level__mid_R_s03_post_mechanical_failure__WY2017__r1,mid_R,daily_cumulative_level,mid_R_s03_post_mechanical_failure__WY2017,2016-10-01,2017-05-17,229,4,57,0.9618721181319966,-0.012303172460308525,0.1295204456891976
mid_R__daily_cumulative_level__mid_R_s03_post_mechanical_failure__WY2017__r1,mid_R,daily_cumulative_level,mid_R_s03_post_mechanical_failure__WY2017,2016-10-01,2017-05-17,229,5,57,0.9518212617682846,-0.01576452610353655,0.1295204456891976
mid_R__daily_cumulative_level__mid_R_s03_post_mechanical_failure__WY2017__r1,mid_R,daily_cumulative_level,mid_R_s03_post_mechanical_failure__WY2017,2016-10-01,2017-05-17,229,6,57,0.9415717983000165,-0.015511394107538934,0.1295204456891976
mid_R__daily_cumulative_level__mid_R_s03_post_mechanical_failure__WY2017__r1,mid_R,daily_cumulative_level,mid_R_s03_post_mechanical_failure__WY2017,2016-10-01,2017-05-17,229,7,57,0.9311487356464169,-0.014140149673280467,0.1295204456891976
mid_R__daily_cumulative_level__mid_R_s03_post_mechanical_failure__WY2017__r1,mid_R,daily_cumulative_level,mid_R_s03_post_mechanical_failure__WY2017,2016-10-01,2017-05-17,229,8,57,0.9205977614714117,-0.011702516902409277,0.1295204456891976
mid_R__daily_cumulative_level__mid_R_s03_post_mechanical_failure__WY2017__r1,mid_R,daily_cumulative_level,mid_R_s03_post_mechanical_failure__WY2017,2016-10-01,2017-05-17,229,9,57,0.9099515244697066,-0.010021566435591028,0.1295204456891976
mid_R__daily_cumulative_level__mid_R_s03_post_mechanical_failure__WY2017__r1,mid_R,daily_cumulative_level,mid_R_s03_post_mechanical_failure__WY2017,2016-10-01,2017-05-17,229,10,57,0.8992178568680023,-0.009715189715919743,0.1295204456891976
mid_R__daily_cumulative_level__mid_R_s03_post_mechanical_failure__WY2017__r1,mid_R,daily_cumulative_level,mid_R_s03_post_mechanical_failure__WY2017,2016-10-01,2017-05-17,229,11,57,0.8883541651386612,-0.012166194598559723,0.1295204456891976
mid_R__daily_cumulative_level__mid_R_s03_post_mechanical_failure__WY2017__r1,mid_R,daily_cumulative_level,mid_R_s03_post_mechanical_failure__WY2017,2016-10-01,2017-05-17,229,12,57,0.8773236042916904,-0.014234284680434315,0.1295204456891976
mid_R__daily_cumulative_level__mid_R_s03_post_mechanical_failure__WY2017__r1,mid_R,daily_cumulative_level,mid_R_s03_post_mechanical_failure__WY2017,2016-10-01,2017-05-17,229,13,57,0.8660941279624754,-0.016022798038263487,0.1295204456891976
mid_R__daily_cumulative_level__mid_R_s03_post_mechanical_failure__WY2017__r1,mid_R,daily_cumulative_level,mid_R_s03_post_mechanical_failure__WY2017,2016-10-01,2017-05-17,229,14,57,0.8548659382897068,-0.004984729787586452,0.1295204456891976
mid_R__daily_cumulative_level__mid_R_s03_post_mechanical_failure__WY2017__r1,mid_R,daily_cumulative_level,mid_R_s03_post_mechanical_failure__WY2017,2016-10-01,2017-05-17,229,15,57,0.8437415597646146,0.0003712831935705252,0.1295204456891976
mid_R__daily_cumulative_level__mid_R_s03_post_mechanical_failure__WY2017__r1,mid_R,daily_cumulative_level,mid_R_s03_post_mechanical_failure__WY2017,2016-10-01,2017-05-17,229,16,57,0.8331965168369433,0.02633584340474338,0.1295204456891976
mid_R__daily_cumulative_level__mid_R_s03_post_mechanical_failure__WY2017__r1,mid_R,daily_cumulative_level,mid_R_s03_post_mechanical_failure__WY2017,2016-10-01,2017-05-17,229,17,57,0.8224802146614574,-0.01590876506395244,0.1295204456891976
mid_R__daily_cumulative_level__mid_R_s03_post_mechanical_failure__WY2017__r1,mid_R,daily_cumulative_level,mid_R_s03_post_mechanical_failure__WY2017,2016-10-01,2017-05-17,229,18,57,0.8115946058603801,-0.015275360255058835,0.1295204456891976
mid_R__daily_cumulative_level__mid_R_s03_post_mechanical_failure__WY2017__r1,mid_R,daily_cumulative_level,mid_R_s03_post_mechanical_failure__WY2017,2016-10-01,2017-05-17,229,19,57,0.8005259339222633,-0.015763931749066974,0.1295204456891976
mid_R__daily_cumulative_level__mid_R_s03_post_mechanical_failure__WY2017__r1,mid_R,daily_cumulative_level,mid_R_s03_post_mechanical_failure__WY2017,2016-10-01,2017-05-17,229,20,57,0.7892967018743594,-0.01484073231181837,0.1295204456891976
mid_R__daily_cumulative_level__mid_R_s03_post_mechanical_failure__WY2017__r1,mid_R,daily_cumulative_level,mid_R_s03_post_mechanical_failure__WY2017,2016-10-01,2017-05-17,229,21,57,0.7779114063367941,-0.014584981124223153,0.1295204456891976
mid_R__daily_cumulative_level__mid_R_s03_post_mechanical_failure__WY2017__r1,mid_R,daily_cumulative_level,mid_R_s03_post_mechanical_failure__WY2017,2016-10-01,2017-05-17,229,22,57,0.7664526684147843,-0.009889106494306328,0.1295204456891976
mid_R__daily_cumulative_level__mid_R_s03_post_mechanical_failure__WY2017__r1,mid_R,daily_cumulative_level,mid_R_s03_post_mechanical_failure__WY2017,2016-10-01,2017-05-17,229,23,57,0.7549464382199554,-0.008370740173166032,0.1295204456891976
mid_R__daily_cumulative_level__mid_R_s03_post_mechanical_failure__WY2017__r1,mid_R,daily_cumulative_level,mid_R_s03_post_mechanical_failure__WY2017,2016-10-01,2017-05-17,229,24,57,0.7433691412511059,-0.009740746516923438,0.1295204456891976
mid_R__daily_cumulative_level__mid_R_s03_post_mechanical_failure__WY2017__r1,mid_R,daily_cumulative_level,mid_R_s03_post_mechanical_failure__WY2017,2016-10-01,2017-05-17,229,25,57,0.7316971646719573,-0.01121418990039701,0.1295204456891976
mid_R__daily_cumulative_level__mid_R_s03_post_mechanical_failure__WY2017__r1,mid_R,daily_cumulative_level,mid_R_s03_post_mechanical_failure__WY2017,2016-10-01,2017-05-17,229,26,57,0.7198313688454365,-0.01708589260676518,0.1295204456891976
mid_R__daily_cumulative_level__mid_R_s03_post_mechanical_failure__WY2017__r1,mid_R,daily_cumulative_level,mid_R_s03_post_mechanical_failure__WY2017,2016-10-01,2017-05-17,229,27,57,0.7080370734406873,-0.0024849952405543814,0.1295204456891976
mid_R__daily_cumulative_level__mid_R_s03_post_mechanical_failure__WY2017__r1,mid_R,daily_cumulative_level,mid_R_s03_post_mechanical_failure__WY2017,2016-10-01,2017-05-17,229,28,57,0.696382102595909,0.0010039083259774752,0.1295204456891976
mid_R__daily_cumulative_level__mid_R_s03_post_mechanical_failure__WY2017__r1,mid_R,daily_cumulative_level,mid_R_s03_post_mechanical_failure__WY2017,2016-10-01,2017-05-17,229,29,57,0.6845354922077125,-0.016784744517249744,0.1295204456891976
mid_R__daily_cumulative_level__mid_R_s03_post_mechanical_failure__WY2017__r1,mid_R,daily_cumulative_level,mid_R_s03_post_mechanical_failure__WY2017,2016-10-01,2017-05-17,229,30,57,0.6727381106189432,-0.0028852005622374928,0.1295204456891976
mid_R__daily_cumulative_level__mid_R_s03_post_mechanical_failure__WY2017__r1,mid_R,daily_cumulative_level,mid_R_s03_post_mechanical_failure__WY2017,2016-10-01,2017-05-17,229,31,57,0.6607658079459167,-0.015067671441694235,0.1295204456891976
mid_R__daily_cumulative_level__mid_R_s03_post_mechanical_failure__WY2017__r1,mid_R,daily_cumulative_level,mid_R_s03_post_mechanical_failure__WY2017,2016-10-01,2017-05-17,229,32,57,0.6487345891701677,-0.010468862183450842,0.1295204456891976
mid_R__daily_cumulative_level__mid_R_s03_post_mechanical_failure__WY2017__r1,mid_R,daily_cumulative_level,mid_R_s03_post_mechanical_failure__WY2017,2016-10-01,2017-05-17,229,33,57,0.6366418645649143,-0.010656100683532994,0.1295204456891976
mid_R__daily_cumulative_level__mid_R_s03_post_mechanical_failure__WY2017__r1,mid_R,daily_cumulative_level,mid_R_s03_post_mechanical_failure__WY2017,2016-10-01,2017-05-17,229,34,57,0.6243814382789881,-0.01675511567031359,0.1295204456891976
mid_R__daily_cumulative_level__mid_R_s03_post_mechanical_failure__WY2017__r1,mid_R,daily_cumulative_level,mid_R_s03_post_mechanical_failure__WY2017,2016-10-01,2017-05-17,229,35,57,0.6119722487584655,-0.01541980528906133,0.1295204456891976
mid_R__daily_cumulative_level__mid_R_s03_post_mechanical_failure__WY2017__r1,mid_R,daily_cumulative_level,mid_R_s03_post_mechanical_failure__WY2017,2016-10-01,2017-05-17,229,36,57,0.5997088344329283,0.0010755012320294985,0.1295204456891976
mid_R__daily_cumulative_level__mid_R_s03_post_mechanical_failure__WY2017__r1,mid_R,daily_cumulative_level,mid_R_s03_post_mechanical_failure__WY2017,2016-10-01,2017-05-17,229,37,57,0.5875522814503382,-0.00116599991193711,0.1295204456891976
mid_R__daily_cumulative_level__mid_R_s03_post_mechanical_failure__WY2017__r1,mid_R,daily_cumulative_level,mid_R_s03_post_mechanical_failure__WY2017,2016-10-01,2017-05-17,229,38,57,0.5752805863113511,-0.013705279951179344,0.1295204456891976
mid_R__daily_cumulative_level__mid_R_s03_post_mechanical_failure__WY2017__r1,mid_R,daily_cumulative_level,mid_R_s03_post_mechanical_failure__WY2017,2016-10-01,2017-05-17,229,39,57,0.5628788245284865,-0.014676815461144039,0.1295204456891976
mid_R__daily_cumulative_level__mid_R_s03_post_mechanical_failure__WY2017__r1,mid_R,daily_cumulative_level,mid_R_s03_post_mechanical_failure__WY2017,2016-10-01,2017-05-17,229,40,57,0.5503713629528545,-0.013459994288100725,0.1295204456891976
mid_R__daily_cumulative_level__mid_R_s03_post_mechanical_failure__WY2017__r1,mid_R,daily_cumulative_level,mid_R_s03_post_mechanical_failure__WY2017,2016-10-01,2017-05-17,229,41,57,0.5379411914396374,-0.0034631971532773412,0.1295204456891976
mid_R__daily_cumulative_level__mid_R_s03_post_mechanical_failure__WY2017__r1,mid_R,daily_cumulative_level,mid_R_s03_post_mechanical_failure__WY2017,2016-10-01,2017-05-17,229,42,57,0.5254948006970465,-0.008002526786233552,0.1295204456891976
mid_R__daily_cumulative_level__mid_R_s03_post_mechanical_failure__WY2017__r1,mid_R,daily_cumulative_level,mid_R_s03_post_mechanical_failure__WY2017,2016-10-01,2017-05-17,229,43,57,0.5130153374247833,-0.008917452811132615,0.1295204456891976
mid_R__daily_cumulative_level__mid_R_s03_post_mechanical_failure__WY2017__r1,mid_R,daily_cumulative_level,mid_R_s03_post_mechanical_failure__WY2017,2016-10-01,2017-05-17,229,44,57,0.5002713165567351,-0.023000173225441945,0.1295204456891976
mid_R__daily_cumulative_level__mid_R_s03_post_mechanical_failure__WY2017__r1,mid_R,daily_cumulative_level,mid_R_s03_post_mechanical_failure__WY2017,2016-10-01,2017-05-17,229,45,57,0.48732210245452806,-0.0186928473825709,0.1295204456891976
mid_R__daily_cumulative_level__mid_R_s03_post_mechanical_failure__WY2017__r1,mid_R,daily_cumulative_level,mid_R_s03_post_mechanical_failure__WY2017,2016-10-01,2017-05-17,229,46,57,0.4742586526121292,-0.014673972172029166,0.1295204456891976
mid_R__daily_cumulative_level__mid_R_s03_post_mechanical_failure__WY2017__r1,mid_R,daily_cumulative_level,mid_R_s03_post_mechanical_failure__WY2017,2016-10-01,2017-05-17,229,47,57,0.46107363373423865,-0.01513469474456327,0.1295204456891976
mid_R__daily_cumulative_level__mid_R_s03_post_mechanical_failure__WY2017__r1,mid_R,daily_cumulative_level,mid_R_s03_post_mechanical_failure__WY2017,2016-10-01,2017-05-17,229,48,57,0.44774716835022954,-0.016507619187210915,0.1295204456891976
mid_R__daily_cumulative_level__mid_R_s03_post_mechanical_failure__WY2017__r1,mid_R,daily_cumulative_level,mid_R_s03_post_mechanical_failure__WY2017,2016-10-01,2017-05-17,229,49,57,0.4342730316080437,-0.016851145345706486,0.1295204456891976
mid_R__daily_cumulative_level__mid_R_s03_post_mechanical_failure__WY2017__r1,mid_R,daily_cumulative_level,mid_R_s03_post_mechanical_failure__WY2017,2016-10-01,2017-05-17,229,50,57,0.42086278472541944,-0.004645745746636634,0.1295204456891976
mid_R__daily_cumulative_level__mid_R_s03_post_mechanical_failure__WY2017__r1,mid_R,daily_cumulative_level,mid_R_s03_post_mechanical_failure__WY2017,2016-10-01,2017-05-17,229,51,57,0.4074703604754593,-0.006549045712175201,0.1295204456891976
mid_R__daily_cumulative_level__mid_R_s03_post_mechanical_failure__WY2017__r1,mid_R,daily_cumulative_level,mid_R_s03_post_mechanical_failure__WY2017,2016-10-01,2017-05-17,229,52,57,0.3940546992680989,-0.009886296285604956,0.1295204456891976
mid_R__daily_cumulative_level__mid_R_s03_post_mechanical_failure__WY2017__r1,mid_R,daily_cumulative_level,mid_R_s03_post_mechanical_failure__WY2017,2016-10-01,2017-05-17,229,53,57,0.38060043892411416,-0.011887718029476154,0.1295204456891976
mid_R__daily_cumulative_level__mid_R_s03_post_mechanical_failure__WY2017__r1,mid_R,daily_cumulative_level,mid_R_s03_post_mechanical_failure__WY2017,2016-10-01,2017-05-17,229,54,57,0.3671956597433114,-0.006613257604872431,0.1295204456891976
mid_R__daily_cumulative_level__mid_R_s03_post_mechanical_failure__WY2017__r1,mid_R,daily_cumulative_level,mid_R_s03_post_mechanical_failure__WY2017,2016-10-01,2017-05-17,229,55,57,0.35371214865792144,-0.013973812518897321,0.1295204456891976
mid_R__daily_cumulative_level__mid_R_s03_post_mechanical_failure__WY2017__r1,mid_R,daily_cumulative_level,mid_R_s03_post_mechanical_failure__WY2017,2016-10-01,2017-05-17,229,56,57,0.34015404788548725,-0.013020543460261408,0.1295204456891976
mid_R__daily_cumulative_level__mid_R_s03_post_mechanical_failure__WY2017__r1,mid_R,daily_cumulative_level,mid_R_s03_post_mechanical_failure__WY2017,2016-10-01,2017-05-17,229,57,57,0.3265026349423827,-0.014587184868807425,0.1295204456891976
mid_R__daily_cumulative_level__mid_R_s04_range_not_stated__WY2017__r1,mid_R,daily_cumulative_level,mid_R_s04_range_not_stated__WY2017,2017-05-18,2017-09-30,136,0,34,1.0,1.0,0.16806861343965865
mid_R__daily_cumulative_level__mid_R_s04_range_not_stated__WY2017__r1,mid_R,daily_cumulative_level,mid_R_s04_range_not_stated__WY2017,2017-05-18,2017-09-30,136,1,34,0.957497837541854,0.9574978375418539,0.16806861343965865
mid_R__daily_cumulative_level__mid_R_s04_range_not_stated__WY2017__r1,mid_R,daily_cumulative_level,mid_R_s04_range_not_stated__WY2017,2017-05-18,2017-09-30,136,2,34,0.9086063379376011,-0.09850935944531392,0.16806861343965865
mid_R__daily_cumulative_level__mid_R_s04_range_not_stated__WY2017__r1,mid_R,daily_cumulative_level,mid_R_s04_range_not_stated__WY2017,2017-05-18,2017-09-30,136,3,34,0.8572999166187046,-0.04937713739699836,0.16806861343965865
mid_R__daily_cumulative_level__mid_R_s04_range_not_stated__WY2017__r1,mid_R,daily_cumulative_level,mid_R_s04_range_not_stated__WY2017,2017-05-18,2017-09-30,136,4,34,0.80377776445846,-0.050885448475880425,0.16806861343965865
mid_R__daily_cumulative_level__mid_R_s04_range_not_stated__WY2017__r1,mid_R,daily_cumulative_level,mid_R_s04_range_not_stated__WY2017,2017-05-18,2017-09-30,136,5,34,0.7498148428280692,-0.031049470324031964,0.16806861343965865
mid_R__daily_cumulative_level__mid_R_s04_range_not_stated__WY2017__r1,mid_R,daily_cumulative_level,mid_R_s04_range_not_stated__WY2017,2017-05-18,2017-09-30,136,6,34,0.6958519211976782,-0.02930521740791055,0.16806861343965865
mid_R__daily_cumulative_level__mid_R_s04_range_not_stated__WY2017__r1,mid_R,daily_cumulative_level,mid_R_s04_range_not_stated__WY2017,2017-05-18,2017-09-30,136,7,34,0.64167779425582,-0.03384870043638506,0.16806861343965865
mid_R__daily_cumulative_level__mid_R_s04_range_not_stated__WY2017__r1,mid_R,daily_cumulative_level,mid_R_s04_range_not_stated__WY2017,2017-05-18,2017-09-30,136,8,34,0.5875036673139615,-0.03263815503014173,0.16806861343965865
mid_R__daily_cumulative_level__mid_R_s04_range_not_stated__WY2017__r1,mid_R,daily_cumulative_level,mid_R_s04_range_not_stated__WY2017,2017-05-18,2017-09-30,136,9,34,0.5333295403721033,-0.03413642463335004,0.16806861343965865
mid_R__daily_cumulative_level__mid_R_s04_range_not_stated__WY2017__r1,mid_R,daily_cumulative_level,mid_R_s04_range_not_stated__WY2017,2017-05-18,2017-09-30,136,10,34,0.4783737874744212,-0.04487867753607259,0.16806861343965865
mid_R__daily_cumulative_level__mid_R_s04_range_not_stated__WY2017__r1,mid_R,daily_cumulative_level,mid_R_s04_range_not_stated__WY2017,2017-05-18,2017-09-30,136,11,34,0.4328266412935005,0.07961620003632697,0.16806861343965865
mid_R__daily_cumulative_level__mid_R_s04_range_not_stated__WY2017__r1,mid_R,daily_cumulative_level,mid_R_s04_range_not_stated__WY2017,2017-05-18,2017-09-30,136,12,34,0.40696696905051094,0.1959837313780435,0.16806861343965865
mid_R__daily_cumulative_level__mid_R_s04_range_not_stated__WY2017__r1,mid_R,daily_cumulative_level,mid_R_s04_range_not_stated__WY2017,2017-05-18,2017-09-30,136,13,34,0.3807934155181747,-0.059711637960395025,0.16806861343965865
mid_R__daily_cumulative_level__mid_R_s04_range_not_stated__WY2017__r1,mid_R,daily_cumulative_level,mid_R_s04_range_not_stated__WY2017,2017-05-18,2017-09-30,136,14,34,0.3523051216981516,-0.0680774539020157,0.16806861343965865
mid_R__daily_cumulative_level__mid_R_s04_range_not_stated__WY2017__r1,mid_R,daily_cumulative_level,mid_R_s04_range_not_stated__WY2017,2017-05-18,2017-09-30,136,15,34,0.32277540197317484,-0.045335216399480426,0.16806861343965865
mid_R__daily_cumulative_level__mid_R_s04_range_not_stated__WY2017__r1,mid_R,daily_cumulative_level,mid_R_s04_range_not_stated__WY2017,2017-05-18,2017-09-30,136,16,34,0.2916824303365505,-0.04231520003442044,0.16806861343965865
mid_R__daily_cumulative_level__mid_R_s04_range_not_stated__WY2017__r1,mid_R,daily_cumulative_level,mid_R_s04_range_not_stated__WY2017,2017-05-18,2017-09-30,136,17,34,0.2590278698222267,-0.04268900737668224,0.16806861343965865
mid_R__daily_cumulative_level__mid_R_s04_range_not_stated__WY2017__r1,mid_R,daily_cumulative_level,mid_R_s04_range_not_stated__WY2017,2017-05-18,2017-09-30,136,18,34,0.22637330930790311,-0.026253204917071216,0.16806861343965865
mid_R__daily_cumulative_level__mid_R_s04_range_not_stated__WY2017__r1,mid_R,daily_cumulative_level,mid_R_s04_range_not_stated__WY2017,2017-05-18,2017-09-30,136,19,34,0.1937187487935794,-0.029124829531592192,0.16806861343965865
mid_R__daily_cumulative_level__mid_R_s04_range_not_stated__WY2017__r1,mid_R,daily_cumulative_level,mid_R_s04_range_not_stated__WY2017,2017-05-18,2017-09-30,136,20,34,0.16097937354787917,-0.03651095140427044,0.16806861343965865
mid_R__daily_cumulative_level__mid_R_s04_range_not_stated__WY2017__r1,mid_R,daily_cumulative_level,mid_R_s04_range_not_stated__WY2017,2017-05-18,2017-09-30,136,21,34,0.13020933008795013,-0.0019987993105630977,0.16806861343965865
mid_R__daily_cumulative_level__mid_R_s04_range_not_stated__WY2017__r1,mid_R,daily_cumulative_level,mid_R_s04_range_not_stated__WY2017,2017-05-18,2017-09-30,136,22,34,0.10234788389872206,0.05697409008505249,0.16806861343965865
mid_R__daily_cumulative_level__mid_R_s04_range_not_stated__WY2017__r1,mid_R,daily_cumulative_level,mid_R_s04_range_not_stated__WY2017,2017-05-18,2017-09-30,136,23,34,0.08223110140317891,0.11968067984493576,0.16806861343965865
mid_R__daily_cumulative_level__mid_R_s04_range_not_stated__WY2017__r1,mid_R,daily_cumulative_level,mid_R_s04_range_not_stated__WY2017,2017-05-18,2017-09-30,136,24,34,0.06290515293184272,-0.04644015202544992,0.16806861343965865
mid_R__daily_cumulative_level__mid_R_s04_range_not_stated__WY2017__r1,mid_R,daily_cumulative_level,mid_R_s04_range_not_stated__WY2017,2017-05-18,2017-09-30,136,25,34,0.05300362993076792,0.06841702222321702,0.16806861343965865
mid_R__daily_cumulative_level__mid_R_s04_range_not_stated__WY2017__r1,mid_R,daily_cumulative_level,mid_R_s04_range_not_stated__WY2017,2017-05-18,2017-09-30,136,26,34,0.04780719074994484,0.01457403268715438,0.16806861343965865
mid_R__daily_cumulative_level__mid_R_s04_range_not_stated__WY2017__r1,mid_R,daily_cumulative_level,mid_R_s04_range_not_stated__WY2017,2017-05-18,2017-09-30,136,27,34,0.046549415140664296,0.009992490088573558,0.16806861343965865
mid_R__daily_cumulative_level__mid_R_s04_range_not_stated__WY2017__r1,mid_R,daily_cumulative_level,mid_R_s04_range_not_stated__WY2017,2017-05-18,2017-09-30,136,28,34,0.04529163953138376,-0.03841948320400466,0.16806861343965865
mid_R__daily_cumulative_level__mid_R_s04_range_not_stated__WY2017__r1,mid_R,daily_cumulative_level,mid_R_s04_range_not_stated__WY2017,2017-05-18,2017-09-30,136,29,34,0.04403386392210313,-0.022853438668490256,0.16806861343965865
mid_R__daily_cumulative_level__mid_R_s04_range_not_stated__WY2017__r1,mid_R,daily_cumulative_level,mid_R_s04_range_not_stated__WY2017,2017-05-18,2017-09-30,136,30,34,0.04277608831282264,-0.024754821316248263,0.16806861343965865
mid_R__daily_cumulative_level__mid_R_s04_range_not_stated__WY2017__r1,mid_R,daily_cumulative_level,mid_R_s04_range_not_stated__WY2017,2017-05-18,2017-09-30,136,31,34,0.04151831270354201,-0.02193583920849294,0.16806861343965865
mid_R__daily_cumulative_level__mid_R_s04_range_not_stated__WY2017__r1,mid_R,daily_cumulative_level,mid_R_s04_range_not_stated__WY2017,2017-05-18,2017-09-30,136,32,34,0.03869728518261367,-0.019854104268236628,0.16806861343965865
mid_R__daily_cumulative_level__mid_R_s04_range_not_stated__WY2017__r1,mid_R,daily_cumulative_level,mid_R_s04_range_not_stated__WY2017,2017-05-18,2017-09-30,136,33,34,0.03473707940692073,0.02235351353095123,0.16806861343965865
mid_R__daily_cumulative_level__mid_R_s04_range_not_stated__WY2017__r1,mid_R,daily_cumulative_level,mid_R_s04_range_not_stated__WY2017,2017-05-18,2017-09-30,136,34,34,0.03077687363122793,0.0337538589429968,0.16806861343965865
mid_R__daily_cumulative_level__mid_R_s04_range_not_stated__WY2018__r1,mid_R,daily_cumulative_level,mid_R_s04_range_not_stated__WY2018,2017-10-01,2018-09-25,360,0,60,1.0,1.0,0.10330107023216706
mid_R__daily_cumulative_level__mid_R_s04_range_not_stated__WY2018__r1,mid_R,daily_cumulative_level,mid_R_s04_range_not_stated__WY2018,2017-10-01,2018-09-25,360,1,60,0.9941362227092436,0.9941362227092434,0.10330107023216706
mid_R__daily_cumulative_level__mid_R_s04_range_not_stated__WY2018__r1,mid_R,daily_cumulative_level,mid_R_s04_range_not_stated__WY2018,2017-10-01,2018-09-25,360,2,60,0.9879900057964222,-0.02709474738538741,0.10330107023216706
mid_R__daily_cumulative_level__mid_R_s04_range_not_stated__WY2018__r1,mid_R,daily_cumulative_level,mid_R_s04_range_not_stated__WY2018,2017-10-01,2018-09-25,360,3,60,0.9817105875967941,-0.01391279019571378,0.10330107023216706
mid_R__daily_cumulative_level__mid_R_s04_range_not_stated__WY2018__r1,mid_R,daily_cumulative_level,mid_R_s04_range_not_stated__WY2018,2017-10-01,2018-09-25,360,4,60,0.9752360490195471,-0.0193425357332018,0.10330107023216706
mid_R__daily_cumulative_level__mid_R_s04_range_not_stated__WY2018__r1,mid_R,daily_cumulative_level,mid_R_s04_range_not_stated__WY2018,2017-10-01,2018-09-25,360,5,60,0.9685878564336168,-0.0172540599050219,0.10330107023216706
mid_R__daily_cumulative_level__mid_R_s04_range_not_stated__WY2018__r1,mid_R,daily_cumulative_level,mid_R_s04_range_not_stated__WY2018,2017-10-01,2018-09-25,360,6,60,0.9618195005041978,-0.012647760400982951,0.10330107023216706
mid_R__daily_cumulative_level__mid_R_s04_range_not_stated__WY2018__r1,mid_R,daily_cumulative_level,mid_R_s04_range_not_stated__WY2018,2017-10-01,2018-09-25,360,7,60,0.9549326292880318,-0.012587948695759547,0.10330107023216706
mid_R__daily_cumulative_level__mid_R_s04_range_not_stated__WY2018__r1,mid_R,daily_cumulative_level,mid_R_s04_range_not_stated__WY2018,2017-10-01,2018-09-25,360,8,60,0.9479115786289002,-0.013919656710504215,0.10330107023216706
mid_R__daily_cumulative_level__mid_R_s04_range_not_stated__WY2018__r1,mid_R,daily_cumulative_level,mid_R_s04_range_not_stated__WY2018,2017-10-01,2018-09-25,360,9,60,0.940801586754167,-0.010026943992177606,0.10330107023216706
mid_R__daily_cumulative_level__mid_R_s04_range_not_stated__WY2018__r1,mid_R,daily_cumulative_level,mid_R_s04_range_not_stated__WY2018,2017-10-01,2018-09-25,360,10,60,0.9335681378707085,-0.013140472737714817,0.10330107023216706
mid_R__daily_cumulative_level__mid_R_s04_range_not_stated__WY2018__r1,mid_R,daily_cumulative_level,mid_R_s04_range_not_stated__WY2018,2017-10-01,2018-09-25,360,11,60,0.9262192087839134,-0.012360529442795901,0.10330107023216706
mid_R__daily_cumulative_level__mid_R_s04_range_not_stated__WY2018__r1,mid_R,daily_cumulative_level,mid_R_s04_range_not_stated__WY2018,2017-10-01,2018-09-25,360,12,60,0.918774285250431,-0.010749894120196399,0.10330107023216706
mid_R__daily_cumulative_level__mid_R_s04_range_not_stated__WY2018__r1,mid_R,daily_cumulative_level,mid_R_s04_range_not_stated__WY2018,2017-10-01,2018-09-25,360,13,60,0.9112322486536164,-0.010915918476585792,0.10330107023216706
mid_R__daily_cumulative_level__mid_R_s04_range_not_stated__WY2018__r1,mid_R,daily_cumulative_level,mid_R_s04_range_not_stated__WY2018,2017-10-01,2018-09-25,360,14,60,0.903606011660614,-0.009816930931778236,0.10330107023216706
mid_R__daily_cumulative_level__mid_R_s04_range_not_stated__WY2018__r1,mid_R,daily_cumulative_level,mid_R_s04_range_not_stated__WY2018,2017-10-01,2018-09-25,360,15,60,0.8958995734299049,-0.009568938819379516,0.10330107023216706
mid_R__daily_cumulative_level__mid_R_s04_range_not_stated__WY2018__r1,mid_R,daily_cumulative_level,mid_R_s04_range_not_stated__WY2018,2017-10-01,2018-09-25,360,16,60,0.888087830118367,-0.01179819652356613,0.10330107023216706
mid_R__daily_cumulative_level__mid_R_s04_range_not_stated__WY2018__r1,mid_R,daily_cumulative_level,mid_R_s04_range_not_stated__WY2018,2017-10-01,2018-09-25,360,17,60,0.8801560437739551,-0.013025343316239795,0.10330107023216706
mid_R__daily_cumulative_level__mid_R_s04_range_not_stated__WY2018__r1,mid_R,daily_cumulative_level,mid_R_s04_range_not_stated__WY2018,2017-10-01,2018-09-25,360,18,60,0.872061486034499,-0.0166942193812914,0.10330107023216706
mid_R__daily_cumulative_level__mid_R_s04_range_not_stated__WY2018__r1,mid_R,daily_cumulative_level,mid_R_s04_range_not_stated__WY2018,2017-10-01,2018-09-25,360,19,60,0.8638708432493835,-0.010832908770057628,0.10330107023216706
mid_R__daily_cumulative_level__mid_R_s04_range_not_stated__WY2018__r1,mid_R,daily_cumulative_level,mid_R_s04_range_not_stated__WY2018,2017-10-01,2018-09-25,360,20,60,0.8557585604163094,0.003989440288939234,0.10330107023216706
mid_R__daily_cumulative_level__mid_R_s04_range_not_stated__WY2018__r1,mid_R,daily_cumulative_level,mid_R_s04_range_not_stated__WY2018,2017-10-01,2018-09-25,360,21,60,0.8475326098712775,-0.013027603255197416,0.10330107023216706
mid_R__daily_cumulative_level__mid_R_s04_range_not_stated__WY2018__r1,mid_R,daily_cumulative_level,mid_R_s04_range_not_stated__WY2018,2017-10-01,2018-09-25,360,22,60,0.8392055089462701,-0.011577878427489108,0.10330107023216706
mid_R__daily_cumulative_level__mid_R_s04_range_not_stated__WY2018__r1,mid_R,daily_cumulative_level,mid_R_s04_range_not_stated__WY2018,2017-10-01,2018-09-25,360,23,60,0.8308257736119522,-0.007688545369871848,0.10330107023216706
mid_R__daily_cumulative_level__mid_R_s04_range_not_stated__WY2018__r1,mid_R,daily_cumulative_level,mid_R_s04_range_not_stated__WY2018,2017-10-01,2018-09-25,360,24,60,0.8223723514864402,-0.009609989324767736,0.10330107023216706
mid_R__daily_cumulative_level__mid_R_s04_range_not_stated__WY2018__r1,mid_R,daily_cumulative_level,mid_R_s04_range_not_stated__WY2018,2017-10-01,2018-09-25,360,25,60,0.8138089127506755,-0.012593543042772586,0.10330107023216706
mid_R__daily_cumulative_level__mid_R_s04_range_not_stated__WY2018__r1,mid_R,daily_cumulative_level,mid_R_s04_range_not_stated__WY2018,2017-10-01,2018-09-25,360,26,60,0.8051624413782038,-0.01031160075246019,0.10330107023216706
mid_R__daily_cumulative_level__mid_R_s04_range_not_stated__WY2018__r1,mid_R,daily_cumulative_level,mid_R_s04_range_not_stated__WY2018,2017-10-01,2018-09-25,360,27,60,0.7964672836994338,-0.007498245962699042,0.10330107023216706
mid_R__daily_cumulative_level__mid_R_s04_range_not_stated__WY2018__r1,mid_R,daily_cumulative_level,mid_R_s04_range_not_stated__WY2018,2017-10-01,2018-09-25,360,28,60,0.787709957864368,-0.008651155603313412,0.10330107023216706
mid_R__daily_cumulative_level__mid_R_s04_range_not_stated__WY2018__r1,mid_R,daily_cumulative_level,mid_R_s04_range_not_stated__WY2018,2017-10-01,2018-09-25,360,29,60,0.7789176214180954,-0.0064869253186007,0.10330107023216706
mid_R__daily_cumulative_level__mid_R_s04_range_not_stated__WY2018__r1,mid_R,daily_cumulative_level,mid_R_s04_range_not_stated__WY2018,2017-10-01,2018-09-25,360,30,60,0.7700875892781224,-0.0069066871115457335,0.10330107023216706
mid_R__daily_cumulative_level__mid_R_s04_range_not_stated__WY2018__r1,mid_R,daily_cumulative_level,mid_R_s04_range_not_stated__WY2018,2017-10-01,2018-09-25,360,31,60,0.7612237854968295,-0.006597389621476089,0.10330107023216706
mid_R__daily_cumulative_level__mid_R_s04_range_not_stated__WY2018__r1,mid_R,daily_cumulative_level,mid_R_s04_range_not_stated__WY2018,2017-10-01,2018-09-25,360,32,60,0.7523426406888915,-0.005308839004707958,0.10330107023216706
mid_R__daily_cumulative_level__mid_R_s04_range_not_stated__WY2018__r1,mid_R,daily_cumulative_level,mid_R_s04_range_not_stated__WY2018,2017-10-01,2018-09-25,360,33,60,0.7434486052215381,-0.005034213785817323,0.10330107023216706
mid_R__daily_cumulative_level__mid_R_s04_range_not_stated__WY2018__r1,mid_R,daily_cumulative_level,mid_R_s04_range_not_stated__WY2018,2017-10-01,2018-09-25,360,34,60,0.7346436287224373,0.0036513393740698506,0.10330107023216706
mid_R__daily_cumulative_level__mid_R_s04_range_not_stated__WY2018__r1,mid_R,daily_cumulative_level,mid_R_s04_range_not_stated__WY2018,2017-10-01,2018-09-25,360,35,60,0.7258909753757493,3.7513878775790205e-05,0.10330107023216706
mid_R__daily_cumulative_level__mid_R_s04_range_not_stated__WY2018__r1,mid_R,daily_cumulative_level,mid_R_s04_range_not_stated__WY2018,2017-10-01,2018-09-25,360,36,60,0.7171049341274578,-0.0074729442058243814,0.10330107023216706
mid_R__daily_cumulative_level__mid_R_s04_range_not_stated__WY2018__r1,mid_R,daily_cumulative_level,mid_R_s04_range_not_stated__WY2018,2017-10-01,2018-09-25,360,37,60,0.7082676019581526,-0.009074188496694146,0.10330107023216706
mid_R__daily_cumulative_level__mid_R_s04_range_not_stated__WY2018__r1,mid_R,daily_cumulative_level,mid_R_s04_range_not_stated__WY2018,2017-10-01,2018-09-25,360,38,60,0.6993810919133501,-0.008768049529683332,0.10330107023216706
mid_R__daily_cumulative_level__mid_R_s04_range_not_stated__WY2018__r1,mid_R,daily_cumulative_level,mid_R_s04_range_not_stated__WY2018,2017-10-01,2018-09-25,360,39,60,0.6904524281046527,-0.007916149595139508,0.10330107023216706
mid_R__daily_cumulative_level__mid_R_s04_range_not_stated__WY2018__r1,mid_R,daily_cumulative_level,mid_R_s04_range_not_stated__WY2018,2017-10-01,2018-09-25,360,40,60,0.6819140895845544,0.028967185095082473,0.10330107023216706
mid_R__daily_cumulative_level__mid_R_s04_range_not_stated__WY2018__r1,mid_R,daily_cumulative_level,mid_R_s04_range_not_stated__WY2018,2017-10-01,2018-09-25,360,41,60,0.6733289713540987,-0.009877022656054533,0.10330107023216706
mid_R__daily_cumulative_level__mid_R_s04_range_not_stated__WY2018__r1,mid_R,daily_cumulative_level,mid_R_s04_range_not_stated__WY2018,2017-10-01,2018-09-25,360,42,60,0.6646894726388015,-0.009418597834526685,0.10330107023216706
mid_R__daily_cumulative_level__mid_R_s04_range_not_stated__WY2018__r1,mid_R,daily_cumulative_level,mid_R_s04_range_not_stated__WY2018,2017-10-01,2018-09-25,360,43,60,0.6559944517833006,-0.010072278450613172,0.10330107023216706
mid_R__daily_cumulative_level__mid_R_s04_range_not_stated__WY2018__r1,mid_R,daily_cumulative_level,mid_R_s04_range_not_stated__WY2018,2017-10-01,2018-09-25,360,44,60,0.6474415095865951,0.006895507140975307,0.10330107023216706
mid_R__daily_cumulative_level__mid_R_s04_range_not_stated__WY2018__r1,mid_R,daily_cumulative_level,mid_R_s04_range_not_stated__WY2018,2017-10-01,2018-09-25,360,45,60,0.6388680104638808,-0.007242755603431833,0.10330107023216706
mid_R__daily_cumulative_level__mid_R_s04_range_not_stated__WY2018__r1,mid_R,daily_cumulative_level,mid_R_s04_range_not_stated__WY2018,2017-10-01,2018-09-25,360,46,60,0.630622450212473,0.023129002390388714,0.10330107023216706
mid_R__daily_cumulative_level__mid_R_s04_range_not_stated__WY2018__r1,mid_R,daily_cumulative_level,mid_R_s04_range_not_stated__WY2018,2017-10-01,2018-09-25,360,47,60,0.6236523942282571,0.103249121739615,0.10330107023216706
mid_R__daily_cumulative_level__mid_R_s04_range_not_stated__WY2018__r1,mid_R,daily_cumulative_level,mid_R_s04_range_not_stated__WY2018,2017-10-01,2018-09-25,360,48,60,0.6167274219319728,-0.005286326371006082,0.10330107023216706
mid_R__daily_cumulative_level__mid_R_s04_range_not_stated__WY2018__r1,mid_R,daily_cumulative_level,mid_R_s04_range_not_stated__WY2018,2017-10-01,2018-09-25,360,49,60,0.6097604002697379,-0.010965875246143543,0.10330107023216706
mid_R__daily_cumulative_level__mid_R_s04_range_not_stated__WY2018__r1,mid_R,daily_cumulative_level,mid_R_s04_range_not_stated__WY2018,2017-10-01,2018-09-25,360,50,60,0.6027514306630514,-0.011845834852447607,0.10330107023216706
mid_R__daily_cumulative_level__mid_R_s04_range_not_stated__WY2018__r1,mid_R,daily_cumulative_level,mid_R_s04_range_not_stated__WY2018,2017-10-01,2018-09-25,360,51,60,0.5957519742622199,-0.006760073741162928,0.10330107023216706
mid_R__daily_cumulative_level__mid_R_s04_range_not_stated__WY2018__r1,mid_R,daily_cumulative_level,mid_R_s04_range_not_stated__WY2018,2017-10-01,2018-09-25,360,52,60,0.5886689548041761,-0.013786572939817419,0.10330107023216706
mid_R__daily_cumulative_level__mid_R_s04_range_not_stated__WY2018__r1,mid_R,daily_cumulative_level,mid_R_s04_range_not_stated__WY2018,2017-10-01,2018-09-25,360,53,60,0.5815118079856082,-0.012233981627786814,0.10330107023216706
mid_R__daily_cumulative_level__mid_R_s04_range_not_stated__WY2018__r1,mid_R,daily_cumulative_level,mid_R_s04_range_not_stated__WY2018,2017-10-01,2018-09-25,360,54,60,0.5742344022882205,-0.016291033903304566,0.10330107023216706
mid_R__daily_cumulative_level__mid_R_s04_range_not_stated__WY2018__r1,mid_R,daily_cumulative_level,mid_R_s04_range_not_stated__WY2018,2017-10-01,2018-09-25,360,55,60,0.5668249558452899,-0.01728959221542348,0.10330107023216706
mid_R__daily_cumulative_level__mid_R_s04_range_not_stated__WY2018__r1,mid_R,daily_cumulative_level,mid_R_s04_range_not_stated__WY2018,2017-10-01,2018-09-25,360,56,60,0.559323464902746,-0.014429167672081324,0.10330107023216706
mid_R__daily_cumulative_level__mid_R_s04_range_not_stated__WY2018__r1,mid_R,daily_cumulative_level,mid_R_s04_range_not_stated__WY2018,2017-10-01,2018-09-25,360,57,60,0.5521127777006695,0.018973991752746354,0.10330107023216706
mid_R__daily_cumulative_level__mid_R_s04_range_not_stated__WY2018__r1,mid_R,daily_cumulative_level,mid_R_s04_range_not_stated__WY2018,2017-10-01,2018-09-25,360,58,60,0.5450551770485184,0.0068886541027358035,0.10330107023216706
mid_R__daily_cumulative_level__mid_R_s04_range_not_stated__WY2018__r1,mid_R,daily_cumulative_level,mid_R_s04_range_not_stated__WY2018,2017-10-01,2018-09-25,360,59,60,0.5379390138462902,-0.010387854619622845,0.10330107023216706
mid_R__daily_cumulative_level__mid_R_s04_range_not_stated__WY2018__r1,mid_R,daily_cumulative_level,mid_R_s04_range_not_stated__WY2018,2017-10-01,2018-09-25,360,60,60,0.5307615341696378,-0.011667082347550036,0.10330107023216706
mid_R__daily_interval_sum__mid_R_s02_post_fire__r69,mid_R,daily_interval_sum,mid_R_s02_post_fire,2008-01-17,2009-09-24,617,0,60,1.0,1.0,0.0789066288583905
mid_R__daily_interval_sum__mid_R_s02_post_fire__r69,mid_R,daily_interval_sum,mid_R_s02_post_fire,2008-01-17,2009-09-24,617,1,60,0.5667557773995485,0.5667557773995485,0.0789066288583905
mid_R__daily_interval_sum__mid_R_s02_post_fire__r69,mid_R,daily_interval_sum,mid_R_s02_post_fire,2008-01-17,2009-09-24,617,2,60,0.29905594360122856,-0.03264078216572418,0.0789066288583905
mid_R__daily_interval_sum__mid_R_s02_post_fire__r69,mid_R,daily_interval_sum,mid_R_s02_post_fire,2008-01-17,2009-09-24,617,3,60,0.17089045079472256,0.021186441144220133,0.0789066288583905
mid_R__daily_interval_sum__mid_R_s02_post_fire__r69,mid_R,daily_interval_sum,mid_R_s02_post_fire,2008-01-17,2009-09-24,617,4,60,0.14482406291500446,0.06809691857931248,0.0789066288583905
mid_R__daily_interval_sum__mid_R_s02_post_fire__r69,mid_R,daily_interval_sum,mid_R_s02_post_fire,2008-01-17,2009-09-24,617,5,60,0.04176512017009955,-0.10185013659284814,0.0789066288583905
mid_R__daily_interval_sum__mid_R_s02_post_fire__r69,mid_R,daily_interval_sum,mid_R_s02_post_fire,2008-01-17,2009-09-24,617,6,60,0.04502926884686314,0.07514347680397007,0.0789066288583905
mid_R__daily_interval_sum__mid_R_s02_post_fire__r69,mid_R,daily_interval_sum,mid_R_s02_post_fire,2008-01-17,2009-09-24,617,7,60,0.10431179528425509,0.09254401090878112,0.0789066288583905
mid_R__daily_interval_sum__mid_R_s02_post_fire__r69,mid_R,daily_interval_sum,mid_R_s02_post_fire,2008-01-17,2009-09-24,617,8,60,0.08718127124020864,-0.037721551391211694,0.0789066288583905
mid_R__daily_interval_sum__mid_R_s02_post_fire__r69,mid_R,daily_interval_sum,mid_R_s02_post_fire,2008-01-17,2009-09-24,617,9,60,0.024057069177616457,-0.03535019720987404,0.0789066288583905
mid_R__daily_interval_sum__mid_R_s02_post_fire__r69,mid_R,daily_interval_sum,mid_R_s02_post_fire,2008-01-17,2009-09-24,617,10,60,-0.04205726203445894,-0.07063418015785905,0.0789066288583905
mid_R__daily_interval_sum__mid_R_s02_post_fire__r69,mid_R,daily_interval_sum,mid_R_s02_post_fire,2008-01-17,2009-09-24,617,11,60,-0.0205023977537505,0.03784388320832105,0.0789066288583905
mid_R__daily_interval_sum__mid_R_s02_post_fire__r69,mid_R,daily_interval_sum,mid_R_s02_post_fire,2008-01-17,2009-09-24,617,12,60,0.0037609888801292536,0.032271196624264774,0.0789066288583905
mid_R__daily_interval_sum__mid_R_s02_post_fire__r69,mid_R,daily_interval_sum,mid_R_s02_post_fire,2008-01-17,2009-09-24,617,13,60,0.006111653400658227,-0.00718125726715139,0.0789066288583905
mid_R__daily_interval_sum__mid_R_s02_post_fire__r69,mid_R,daily_interval_sum,mid_R_s02_post_fire,2008-01-17,2009-09-24,617,14,60,-0.004119689678064845,-0.014478192671374674,0.0789066288583905
mid_R__daily_interval_sum__mid_R_s02_post_fire__r69,mid_R,daily_interval_sum,mid_R_s02_post_fire,2008-01-17,2009-09-24,617,15,60,-0.017142728442929515,-0.03661349794657036,0.0789066288583905
mid_R__daily_interval_sum__mid_R_s02_post_fire__r69,mid_R,daily_interval_sum,mid_R_s02_post_fire,2008-01-17,2009-09-24,617,16,60,0.021507797598040824,0.06801722076621447,0.0789066288583905
mid_R__daily_interval_sum__mid_R_s02_post_fire__r69,mid_R,daily_interval_sum,mid_R_s02_post_fire,2008-01-17,2009-09-24,617,17,60,0.06726849323319743,0.07643424035100815,0.0789066288583905
mid_R__daily_interval_sum__mid_R_s02_post_fire__r69,mid_R,daily_interval_sum,mid_R_s02_post_fire,2008-01-17,2009-09-24,617,18,60,0.10329447840255197,0.050254871881374,0.0789066288583905
mid_R__daily_interval_sum__mid_R_s02_post_fire__r69,mid_R,daily_interval_sum,mid_R_s02_post_fire,2008-01-17,2009-09-24,617,19,60,0.12293646322832795,0.04044191903207879,0.0789066288583905
mid_R__daily_interval_sum__mid_R_s02_post_fire__r69,mid_R,daily_interval_sum,mid_R_s02_post_fire,2008-01-17,2009-09-24,617,20,60,0.1625077550092145,0.06569796224909197,0.0789066288583905
mid_R__daily_interval_sum__mid_R_s02_post_fire__r69,mid_R,daily_interval_sum,mid_R_s02_post_fire,2008-01-17,2009-09-24,617,21,60,0.1273541321159543,-0.021789390559729397,0.0789066288583905
mid_R__daily_interval_sum__mid_R_s02_post_fire__r69,mid_R,daily_interval_sum,mid_R_s02_post_fire,2008-01-17,2009-09-24,617,22,60,0.08056671142960108,0.00548967229787783,0.0789066288583905
mid_R__daily_interval_sum__mid_R_s02_post_fire__r69,mid_R,daily_interval_sum,mid_R_s02_post_fire,2008-01-17,2009-09-24,617,23,60,0.06171770477424441,0.017294974599080228,0.0789066288583905
mid_R__daily_interval_sum__mid_R_s02_post_fire__r69,mid_R,daily_interval_sum,mid_R_s02_post_fire,2008-01-17,2009-09-24,617,24,60,0.09626765190787134,0.05025652319904461,0.0789066288583905
mid_R__daily_interval_sum__mid_R_s02_post_fire__r69,mid_R,daily_interval_sum,mid_R_s02_post_fire,2008-01-17,2009-09-24,617,25,60,0.05919838288773622,-0.05322293794656043,0.0789066288583905
mid_R__daily_interval_sum__mid_R_s02_post_fire__r69,mid_R,daily_interval_sum,mid_R_s02_post_fire,2008-01-17,2009-09-24,617,26,60,0.018107020206791977,-0.027249113100476275,0.0789066288583905
mid_R__daily_interval_sum__mid_R_s02_post_fire__r69,mid_R,daily_interval_sum,mid_R_s02_post_fire,2008-01-17,2009-09-24,617,27,60,0.03320539989541806,0.04098431744289793,0.0789066288583905
mid_R__daily_interval_sum__mid_R_s02_post_fire__r69,mid_R,daily_interval_sum,mid_R_s02_post_fire,2008-01-17,2009-09-24,617,28,60,0.06928684632304065,0.04540797597624122,0.0789066288583905
mid_R__daily_interval_sum__mid_R_s02_post_fire__r69,mid_R,daily_interval_sum,mid_R_s02_post_fire,2008-01-17,2009-09-24,617,29,60,0.041167435303365,-0.015565318126026288,0.0789066288583905
mid_R__daily_interval_sum__mid_R_s02_post_fire__r69,mid_R,daily_interval_sum,mid_R_s02_post_fire,2008-01-17,2009-09-24,617,30,60,0.030665354202160554,0.024196255346408166,0.0789066288583905
mid_R__daily_interval_sum__mid_R_s02_post_fire__r69,mid_R,daily_interval_sum,mid_R_s02_post_fire,2008-01-17,2009-09-24,617,31,60,0.0065705808620547795,-0.05321122749692062,0.0789066288583905
mid_R__daily_interval_sum__mid_R_s02_post_fire__r69,mid_R,daily_interval_sum,mid_R_s02_post_fire,2008-01-17,2009-09-24,617,32,60,0.0066032814492820715,0.012812606024738849,0.0789066288583905
mid_R__daily_interval_sum__mid_R_s02_post_fire__r69,mid_R,daily_interval_sum,mid_R_s02_post_fire,2008-01-17,2009-09-24,617,33,60,0.010090759513662253,0.03833926297512997,0.0789066288583905
mid_R__daily_interval_sum__mid_R_s02_post_fire__r69,mid_R,daily_interval_sum,mid_R_s02_post_fire,2008-01-17,2009-09-24,617,34,60,0.019590116752011333,0.01397864477325689,0.0789066288583905
mid_R__daily_interval_sum__mid_R_s02_post_fire__r69,mid_R,daily_interval_sum,mid_R_s02_post_fire,2008-01-17,2009-09-24,617,35,60,0.016750789209796394,-0.012465391986695546,0.0789066288583905
mid_R__daily_interval_sum__mid_R_s02_post_fire__r69,mid_R,daily_interval_sum,mid_R_s02_post_fire,2008-01-17,2009-09-24,617,36,60,0.0633951747069162,0.05255316242833349,0.0789066288583905
mid_R__daily_interval_sum__mid_R_s02_post_fire__r69,mid_R,daily_interval_sum,mid_R_s02_post_fire,2008-01-17,2009-09-24,617,37,60,0.1136402497329018,0.05818161396675036,0.0789066288583905
mid_R__daily_interval_sum__mid_R_s02_post_fire__r69,mid_R,daily_interval_sum,mid_R_s02_post_fire,2008-01-17,2009-09-24,617,38,60,0.13423077422140223,0.0493463425421541,0.0789066288583905
mid_R__daily_interval_sum__mid_R_s02_post_fire__r69,mid_R,daily_interval_sum,mid_R_s02_post_fire,2008-01-17,2009-09-24,617,39,60,0.11289967937541283,0.005294354953153142,0.0789066288583905
mid_R__daily_interval_sum__mid_R_s02_post_fire__r69,mid_R,daily_interval_sum,mid_R_s02_post_fire,2008-01-17,2009-09-24,617,40,60,0.08413917562801805,-0.025494235308296778,0.0789066288583905
mid_R__daily_interval_sum__mid_R_s02_post_fire__r69,mid_R,daily_interval_sum,mid_R_s02_post_fire,2008-01-17,2009-09-24,617,41,60,0.08154644885410997,0.013039361380958512,0.0789066288583905
mid_R__daily_interval_sum__mid_R_s02_post_fire__r69,mid_R,daily_interval_sum,mid_R_s02_post_fire,2008-01-17,2009-09-24,617,42,60,0.03652712120650585,-0.04327014178093564,0.0789066288583905
mid_R__daily_interval_sum__mid_R_s02_post_fire__r69,mid_R,daily_interval_sum,mid_R_s02_post_fire,2008-01-17,2009-09-24,617,43,60,0.026750085452126603,0.030710112894678798,0.0789066288583905
mid_R__daily_interval_sum__mid_R_s02_post_fire__r69,mid_R,daily_interval_sum,mid_R_s02_post_fire,2008-01-17,2009-09-24,617,44,60,-0.0021554273646332213,-0.058768658129287,0.0789066288583905
mid_R__daily_interval_sum__mid_R_s02_post_fire__r69,mid_R,daily_interval_sum,mid_R_s02_post_fire,2008-01-17,2009-09-24,617,45,60,-0.00242037697241839,-0.01628509137768899,0.0789066288583905
mid_R__daily_interval_sum__mid_R_s02_post_fire__r69,mid_R,daily_interval_sum,mid_R_s02_post_fire,2008-01-17,2009-09-24,617,46,60,0.024998685574714016,0.05688094708569237,0.0789066288583905
mid_R__daily_interval_sum__mid_R_s02_post_fire__r69,mid_R,daily_interval_sum,mid_R_s02_post_fire,2008-01-17,2009-09-24,617,47,60,-0.011940838488620832,-0.07659435613388077,0.0789066288583905
mid_R__daily_interval_sum__mid_R_s02_post_fire__r69,mid_R,daily_interval_sum,mid_R_s02_post_fire,2008-01-17,2009-09-24,617,48,60,0.006281596238255437,0.052180350673247146,0.0789066288583905
mid_R__daily_interval_sum__mid_R_s02_post_fire__r69,mid_R,daily_interval_sum,mid_R_s02_post_fire,2008-01-17,2009-09-24,617,49,60,0.0063193848630043094,0.00043372616829735994,0.0789066288583905
mid_R__daily_interval_sum__mid_R_s02_post_fire__r69,mid_R,daily_interval_sum,mid_R_s02_post_fire,2008-01-17,2009-09-24,617,50,60,0.030652734074409348,0.02039334050407391,0.0789066288583905
mid_R__daily_interval_sum__mid_R_s02_post_fire__r69,mid_R,daily_interval_sum,mid_R_s02_post_fire,2008-01-17,2009-09-24,617,51,60,0.029248064061790226,0.036630856849991345,0.0789066288583905
mid_R__daily_interval_sum__mid_R_s02_post_fire__r69,mid_R,daily_interval_sum,mid_R_s02_post_fire,2008-01-17,2009-09-24,617,52,60,0.045776182293980304,0.008300917144482537,0.0789066288583905
mid_R__daily_interval_sum__mid_R_s02_post_fire__r69,mid_R,daily_interval_sum,mid_R_s02_post_fire,2008-01-17,2009-09-24,617,53,60,0.032114429891874616,-0.007369108201048594,0.0789066288583905
mid_R__daily_interval_sum__mid_R_s02_post_fire__r69,mid_R,daily_interval_sum,mid_R_s02_post_fire,2008-01-17,2009-09-24,617,54,60,0.05213039784510791,0.03896037560529447,0.0789066288583905
mid_R__daily_interval_sum__mid_R_s02_post_fire__r69,mid_R,daily_interval_sum,mid_R_s02_post_fire,2008-01-17,2009-09-24,617,55,60,0.019004357904197387,-0.06637377924305873,0.0789066288583905
mid_R__daily_interval_sum__mid_R_s02_post_fire__r69,mid_R,daily_interval_sum,mid_R_s02_post_fire,2008-01-17,2009-09-24,617,56,60,-0.012525675168142878,-0.035160528154349995,0.0789066288583905
mid_R__daily_interval_sum__mid_R_s02_post_fire__r69,mid_R,daily_interval_sum,mid_R_s02_post_fire,2008-01-17,2009-09-24,617,57,60,0.018851488866107453,0.026628359579113112,0.0789066288583905
mid_R__daily_interval_sum__mid_R_s02_post_fire__r69,mid_R,daily_interval_sum,mid_R_s02_post_fire,2008-01-17,2009-09-24,617,58,60,0.08595942113489674,0.06045501178936007,0.0789066288583905
mid_R__daily_interval_sum__mid_R_s02_post_fire__r69,mid_R,daily_interval_sum,mid_R_s02_post_fire,2008-01-17,2009-09-24,617,59,60,0.16222617553833812,0.1312956835436125,0.0789066288583905
mid_R__daily_interval_sum__mid_R_s02_post_fire__r69,mid_R,daily_interval_sum,mid_R_s02_post_fire,2008-01-17,2009-09-24,617,60,60,0.18477634901954026,0.04223000144196798,0.0789066288583905
mid_R__daily_interval_sum__mid_R_s03_post_mechanical_failure__r3,mid_R,daily_interval_sum,mid_R_s03_post_mechanical_failure,2016-10-17,2017-05-17,213,0,53,1.0,1.0,0.1342969871261962
mid_R__daily_interval_sum__mid_R_s03_post_mechanical_failure__r3,mid_R,daily_interval_sum,mid_R_s03_post_mechanical_failure,2016-10-17,2017-05-17,213,1,53,0.4221546252454128,0.4221546252454127,0.1342969871261962
mid_R__daily_interval_sum__mid_R_s03_post_mechanical_failure__r3,mid_R,daily_interval_sum,mid_R_s03_post_mechanical_failure,2016-10-17,2017-05-17,213,2,53,0.22981484590912954,0.06279049706652522,0.1342969871261962
mid_R__daily_interval_sum__mid_R_s03_post_mechanical_failure__r3,mid_R,daily_interval_sum,mid_R_s03_post_mechanical_failure,2016-10-17,2017-05-17,213,3,53,0.12143719898205539,0.004891934578038219,0.1342969871261962
mid_R__daily_interval_sum__mid_R_s03_post_mechanical_failure__r3,mid_R,daily_interval_sum,mid_R_s03_post_mechanical_failure,2016-10-17,2017-05-17,213,4,53,0.10664742614706345,0.05202998084093735,0.1342969871261962
mid_R__daily_interval_sum__mid_R_s03_post_mechanical_failure__r3,mid_R,daily_interval_sum,mid_R_s03_post_mechanical_failure,2016-10-17,2017-05-17,213,5,53,0.09805091794734776,0.037422967834748584,0.1342969871261962
mid_R__daily_interval_sum__mid_R_s03_post_mechanical_failure__r3,mid_R,daily_interval_sum,mid_R_s03_post_mechanical_failure,2016-10-17,2017-05-17,213,6,53,0.05901068724775917,-0.009744608794156272,0.1342969871261962
mid_R__daily_interval_sum__mid_R_s03_post_mechanical_failure__r3,mid_R,daily_interval_sum,mid_R_s03_post_mechanical_failure,2016-10-17,2017-05-17,213,7,53,-0.02457492923548785,-0.07555429907027061,0.1342969871261962
mid_R__daily_interval_sum__mid_R_s03_post_mechanical_failure__r3,mid_R,daily_interval_sum,mid_R_s03_post_mechanical_failure,2016-10-17,2017-05-17,213,8,53,-0.08291317450731107,-0.07101380760622096,0.1342969871261962
mid_R__daily_interval_sum__mid_R_s03_post_mechanical_failure__r3,mid_R,daily_interval_sum,mid_R_s03_post_mechanical_failure,2016-10-17,2017-05-17,213,9,53,-0.09785328782397149,-0.04227684281954396,0.1342969871261962
mid_R__daily_interval_sum__mid_R_s03_post_mechanical_failure__r3,mid_R,daily_interval_sum,mid_R_s03_post_mechanical_failure,2016-10-17,2017-05-17,213,10,53,-0.025234450484696688,0.05411137966277771,0.1342969871261962
mid_R__daily_interval_sum__mid_R_s03_post_mechanical_failure__r3,mid_R,daily_interval_sum,mid_R_s03_post_mechanical_failure,2016-10-17,2017-05-17,213,11,53,0.008964240315684126,0.029891623814845274,0.1342969871261962
mid_R__daily_interval_sum__mid_R_s03_post_mechanical_failure__r3,mid_R,daily_interval_sum,mid_R_s03_post_mechanical_failure,2016-10-17,2017-05-17,213,12,53,0.09873460118234749,0.11930610027492546,0.1342969871261962
mid_R__daily_interval_sum__mid_R_s03_post_mechanical_failure__r3,mid_R,daily_interval_sum,mid_R_s03_post_mechanical_failure,2016-10-17,2017-05-17,213,13,53,0.11619177371478889,0.06609000174382934,0.1342969871261962
mid_R__daily_interval_sum__mid_R_s03_post_mechanical_failure__r3,mid_R,daily_interval_sum,mid_R_s03_post_mechanical_failure,2016-10-17,2017-05-17,213,14,53,0.12695729289441468,0.056042678260364354,0.1342969871261962
mid_R__daily_interval_sum__mid_R_s03_post_mechanical_failure__r3,mid_R,daily_interval_sum,mid_R_s03_post_mechanical_failure,2016-10-17,2017-05-17,213,15,53,0.038879938857578046,-0.0749739497329869,0.1342969871261962
mid_R__daily_interval_sum__mid_R_s03_post_mechanical_failure__r3,mid_R,daily_interval_sum,mid_R_s03_post_mechanical_failure,2016-10-17,2017-05-17,213,16,53,0.038486820414124226,-0.0075840127635657265,0.1342969871261962
mid_R__daily_interval_sum__mid_R_s03_post_mechanical_failure__r3,mid_R,daily_interval_sum,mid_R_s03_post_mechanical_failure,2016-10-17,2017-05-17,213,17,53,0.04614734485618325,-8.827700766083015e-05,0.1342969871261962
mid_R__daily_interval_sum__mid_R_s03_post_mechanical_failure__r3,mid_R,daily_interval_sum,mid_R_s03_post_mechanical_failure,2016-10-17,2017-05-17,213,18,53,0.06987726855950711,0.026739669742722898,0.1342969871261962
mid_R__daily_interval_sum__mid_R_s03_post_mechanical_failure__r3,mid_R,daily_interval_sum,mid_R_s03_post_mechanical_failure,2016-10-17,2017-05-17,213,19,53,0.0321686819866128,-0.013210552676380943,0.1342969871261962
mid_R__daily_interval_sum__mid_R_s03_post_mechanical_failure__r3,mid_R,daily_interval_sum,mid_R_s03_post_mechanical_failure,2016-10-17,2017-05-17,213,20,53,0.023420311887966363,0.031839061922377704,0.1342969871261962
mid_R__daily_interval_sum__mid_R_s03_post_mechanical_failure__r3,mid_R,daily_interval_sum,mid_R_s03_post_mechanical_failure,2016-10-17,2017-05-17,213,21,53,-0.11849306306264759,-0.1324251008867529,0.1342969871261962
mid_R__daily_interval_sum__mid_R_s03_post_mechanical_failure__r3,mid_R,daily_interval_sum,mid_R_s03_post_mechanical_failure,2016-10-17,2017-05-17,213,22,53,-0.13636102808278813,-0.05100125892667133,0.1342969871261962
mid_R__daily_interval_sum__mid_R_s03_post_mechanical_failure__r3,mid_R,daily_interval_sum,mid_R_s03_post_mechanical_failure,2016-10-17,2017-05-17,213,23,53,-0.10138722348100673,-0.007170426077189913,0.1342969871261962
mid_R__daily_interval_sum__mid_R_s03_post_mechanical_failure__r3,mid_R,daily_interval_sum,mid_R_s03_post_mechanical_failure,2016-10-17,2017-05-17,213,24,53,0.00859598758098562,0.07772452775848783,0.1342969871261962
mid_R__daily_interval_sum__mid_R_s03_post_mechanical_failure__r3,mid_R,daily_interval_sum,mid_R_s03_post_mechanical_failure,2016-10-17,2017-05-17,213,25,53,0.07986630079128484,0.09348832505951381,0.1342969871261962
mid_R__daily_interval_sum__mid_R_s03_post_mechanical_failure__r3,mid_R,daily_interval_sum,mid_R_s03_post_mechanical_failure,2016-10-17,2017-05-17,213,26,53,0.06376809154964425,0.013815482291040133,0.1342969871261962
mid_R__daily_interval_sum__mid_R_s03_post_mechanical_failure__r3,mid_R,daily_interval_sum,mid_R_s03_post_mechanical_failure,2016-10-17,2017-05-17,213,27,53,0.04805534391250537,0.026742098444883,0.1342969871261962
mid_R__daily_interval_sum__mid_R_s03_post_mechanical_failure__r3,mid_R,daily_interval_sum,mid_R_s03_post_mechanical_failure,2016-10-17,2017-05-17,213,28,53,0.09770162768378192,0.07141722989629867,0.1342969871261962
mid_R__daily_interval_sum__mid_R_s03_post_mechanical_failure__r3,mid_R,daily_interval_sum,mid_R_s03_post_mechanical_failure,2016-10-17,2017-05-17,213,29,53,0.2512448234752499,0.20422685664452453,0.1342969871261962
mid_R__daily_interval_sum__mid_R_s03_post_mechanical_failure__r3,mid_R,daily_interval_sum,mid_R_s03_post_mechanical_failure,2016-10-17,2017-05-17,213,30,53,0.2217500083015078,-0.014016004843686168,0.1342969871261962
mid_R__daily_interval_sum__mid_R_s03_post_mechanical_failure__r3,mid_R,daily_interval_sum,mid_R_s03_post_mechanical_failure,2016-10-17,2017-05-17,213,31,53,0.19251345380951854,0.0273795206802629,0.1342969871261962
mid_R__daily_interval_sum__mid_R_s03_post_mechanical_failure__r3,mid_R,daily_interval_sum,mid_R_s03_post_mechanical_failure,2016-10-17,2017-05-17,213,32,53,0.031255008872129286,-0.14963700008247627,0.1342969871261962
mid_R__daily_interval_sum__mid_R_s03_post_mechanical_failure__r3,mid_R,daily_interval_sum,mid_R_s03_post_mechanical_failure,2016-10-17,2017-05-17,213,33,53,0.035396554851779234,0.05168426465851838,0.1342969871261962
mid_R__daily_interval_sum__mid_R_s03_post_mechanical_failure__r3,mid_R,daily_interval_sum,mid_R_s03_post_mechanical_failure,2016-10-17,2017-05-17,213,34,53,0.020187027848008028,-0.0019127749411013003,0.1342969871261962
mid_R__daily_interval_sum__mid_R_s03_post_mechanical_failure__r3,mid_R,daily_interval_sum,mid_R_s03_post_mechanical_failure,2016-10-17,2017-05-17,213,35,53,-0.06783064852977291,-0.08007855814283862,0.1342969871261962
mid_R__daily_interval_sum__mid_R_s03_post_mechanical_failure__r3,mid_R,daily_interval_sum,mid_R_s03_post_mechanical_failure,2016-10-17,2017-05-17,213,36,53,-0.057789366279869615,0.00417298906539077,0.1342969871261962
mid_R__daily_interval_sum__mid_R_s03_post_mechanical_failure__r3,mid_R,daily_interval_sum,mid_R_s03_post_mechanical_failure,2016-10-17,2017-05-17,213,37,53,-0.04739542924984083,0.020073930646916645,0.1342969871261962
mid_R__daily_interval_sum__mid_R_s03_post_mechanical_failure__r3,mid_R,daily_interval_sum,mid_R_s03_post_mechanical_failure,2016-10-17,2017-05-17,213,38,53,-0.03590530789744131,0.016976011841429696,0.1342969871261962
mid_R__daily_interval_sum__mid_R_s03_post_mechanical_failure__r3,mid_R,daily_interval_sum,mid_R_s03_post_mechanical_failure,2016-10-17,2017-05-17,213,39,53,-0.06910323101534512,-0.05622452311626349,0.1342969871261962
mid_R__daily_interval_sum__mid_R_s03_post_mechanical_failure__r3,mid_R,daily_interval_sum,mid_R_s03_post_mechanical_failure,2016-10-17,2017-05-17,213,40,53,-0.057080361363098735,0.0014581591285454123,0.1342969871261962
mid_R__daily_interval_sum__mid_R_s03_post_mechanical_failure__r3,mid_R,daily_interval_sum,mid_R_s03_post_mechanical_failure,2016-10-17,2017-05-17,213,41,53,0.09237800766798215,0.1516696436069582,0.1342969871261962
mid_R__daily_interval_sum__mid_R_s03_post_mechanical_failure__r3,mid_R,daily_interval_sum,mid_R_s03_post_mechanical_failure,2016-10-17,2017-05-17,213,42,53,0.07511531188043177,-0.041563445682950194,0.1342969871261962
mid_R__daily_interval_sum__mid_R_s03_post_mechanical_failure__r3,mid_R,daily_interval_sum,mid_R_s03_post_mechanical_failure,2016-10-17,2017-05-17,213,43,53,0.18445504065359705,0.0950294035023973,0.1342969871261962
mid_R__daily_interval_sum__mid_R_s03_post_mechanical_failure__r3,mid_R,daily_interval_sum,mid_R_s03_post_mechanical_failure,2016-10-17,2017-05-17,213,44,53,0.0978928270152606,-0.06301875300287199,0.1342969871261962
mid_R__daily_interval_sum__mid_R_s03_post_mechanical_failure__r3,mid_R,daily_interval_sum,mid_R_s03_post_mechanical_failure,2016-10-17,2017-05-17,213,45,53,0.026920036455293207,-0.06009455992053476,0.1342969871261962
mid_R__daily_interval_sum__mid_R_s03_post_mechanical_failure__r3,mid_R,daily_interval_sum,mid_R_s03_post_mechanical_failure,2016-10-17,2017-05-17,213,46,53,0.007004797211354574,0.0074643136404310825,0.1342969871261962
mid_R__daily_interval_sum__mid_R_s03_post_mechanical_failure__r3,mid_R,daily_interval_sum,mid_R_s03_post_mechanical_failure,2016-10-17,2017-05-17,213,47,53,0.011498952652070654,-0.02695860579288178,0.1342969871261962
mid_R__daily_interval_sum__mid_R_s03_post_mechanical_failure__r3,mid_R,daily_interval_sum,mid_R_s03_post_mechanical_failure,2016-10-17,2017-05-17,213,48,53,0.012221057848726746,0.0073009298063370885,0.1342969871261962
mid_R__daily_interval_sum__mid_R_s03_post_mechanical_failure__r3,mid_R,daily_interval_sum,mid_R_s03_post_mechanical_failure,2016-10-17,2017-05-17,213,49,53,-0.045921691381828646,-0.08472175906259492,0.1342969871261962
mid_R__daily_interval_sum__mid_R_s03_post_mechanical_failure__r3,mid_R,daily_interval_sum,mid_R_s03_post_mechanical_failure,2016-10-17,2017-05-17,213,50,53,-0.07721006537744372,0.03681955039155541,0.1342969871261962
mid_R__daily_interval_sum__mid_R_s03_post_mechanical_failure__r3,mid_R,daily_interval_sum,mid_R_s03_post_mechanical_failure,2016-10-17,2017-05-17,213,51,53,-0.10022333157505775,-0.009595168966769159,0.1342969871261962
mid_R__daily_interval_sum__mid_R_s03_post_mechanical_failure__r3,mid_R,daily_interval_sum,mid_R_s03_post_mechanical_failure,2016-10-17,2017-05-17,213,52,53,-0.11757071872690383,0.0395493479267959,0.1342969871261962
mid_R__daily_interval_sum__mid_R_s03_post_mechanical_failure__r3,mid_R,daily_interval_sum,mid_R_s03_post_mechanical_failure,2016-10-17,2017-05-17,213,53,53,-0.11450726164111219,-0.10552111253558558,0.1342969871261962
mid_R__daily_interval_sum__mid_R_s04_range_not_stated__r1,mid_R,daily_interval_sum,mid_R_s04_range_not_stated,2017-05-18,2018-09-24,495,0,60,1.0,1.0,0.08809544869519696
mid_R__daily_interval_sum__mid_R_s04_range_not_stated__r1,mid_R,daily_interval_sum,mid_R_s04_range_not_stated,2017-05-18,2018-09-24,495,1,60,0.38198553179545364,0.3819855317954535,0.08809544869519696
mid_R__daily_interval_sum__mid_R_s04_range_not_stated__r1,mid_R,daily_interval_sum,mid_R_s04_range_not_stated,2017-05-18,2018-09-24,495,2,60,0.14757033243334441,0.0019405351310490657,0.08809544869519696
mid_R__daily_interval_sum__mid_R_s04_range_not_stated__r1,mid_R,daily_interval_sum,mid_R_s04_range_not_stated,2017-05-18,2018-09-24,495,3,60,0.24054725320836962,0.21490355441160497,0.08809544869519696
mid_R__daily_interval_sum__mid_R_s04_range_not_stated__r1,mid_R,daily_interval_sum,mid_R_s04_range_not_stated,2017-05-18,2018-09-24,495,4,60,0.2053421490036633,0.05333567723582233,0.08809544869519696
mid_R__daily_interval_sum__mid_R_s04_range_not_stated__r1,mid_R,daily_interval_sum,mid_R_s04_range_not_stated,2017-05-18,2018-09-24,495,5,60,0.11968172805012002,0.01595575374943208,0.08809544869519696
mid_R__daily_interval_sum__mid_R_s04_range_not_stated__r1,mid_R,daily_interval_sum,mid_R_s04_range_not_stated,2017-05-18,2018-09-24,495,6,60,0.11698943257412786,0.03555749503579616,0.08809544869519696
mid_R__daily_interval_sum__mid_R_s04_range_not_stated__r1,mid_R,daily_interval_sum,mid_R_s04_range_not_stated,2017-05-18,2018-09-24,495,7,60,0.1417535422166292,0.053604302582167127,0.08809544869519696
mid_R__daily_interval_sum__mid_R_s04_range_not_stated__r1,mid_R,daily_interval_sum,mid_R_s04_range_not_stated,2017-05-18,2018-09-24,495,8,60,0.0694293619430794,-0.034713521455295035,0.08809544869519696
mid_R__daily_interval_sum__mid_R_s04_range_not_stated__r1,mid_R,daily_interval_sum,mid_R_s04_range_not_stated,2017-05-18,2018-09-24,495,9,60,0.12473216573995362,0.10066062381141025,0.08809544869519696
mid_R__daily_interval_sum__mid_R_s04_range_not_stated__r1,mid_R,daily_interval_sum,mid_R_s04_range_not_stated,2017-05-18,2018-09-24,495,10,60,0.11205867068180958,-0.006104873440514705,0.08809544869519696
mid_R__daily_interval_sum__mid_R_s04_range_not_stated__r1,mid_R,daily_interval_sum,mid_R_s04_range_not_stated,2017-05-18,2018-09-24,495,11,60,0.08106125896579043,0.025333609145406395,0.08809544869519696
mid_R__daily_interval_sum__mid_R_s04_range_not_stated__r1,mid_R,daily_interval_sum,mid_R_s04_range_not_stated,2017-05-18,2018-09-24,495,12,60,0.08237077874040802,0.012220699855784431,0.08809544869519696
mid_R__daily_interval_sum__mid_R_s04_range_not_stated__r1,mid_R,daily_interval_sum,mid_R_s04_range_not_stated,2017-05-18,2018-09-24,495,13,60,0.06251989900279947,-0.014014747166722678,0.08809544869519696
mid_R__daily_interval_sum__mid_R_s04_range_not_stated__r1,mid_R,daily_interval_sum,mid_R_s04_range_not_stated,2017-05-18,2018-09-24,495,14,60,0.055434960179263665,0.007434473863191512,0.08809544869519696
mid_R__daily_interval_sum__mid_R_s04_range_not_stated__r1,mid_R,daily_interval_sum,mid_R_s04_range_not_stated,2017-05-18,2018-09-24,495,15,60,0.09556664578839935,0.06062542976934818,0.08809544869519696
mid_R__daily_interval_sum__mid_R_s04_range_not_stated__r1,mid_R,daily_interval_sum,mid_R_s04_range_not_stated,2017-05-18,2018-09-24,495,16,60,0.11892121855125035,0.044286070786953124,0.08809544869519696
mid_R__daily_interval_sum__mid_R_s04_range_not_stated__r1,mid_R,daily_interval_sum,mid_R_s04_range_not_stated,2017-05-18,2018-09-24,495,17,60,0.18621176157492084,0.14520420558686178,0.08809544869519696
mid_R__daily_interval_sum__mid_R_s04_range_not_stated__r1,mid_R,daily_interval_sum,mid_R_s04_range_not_stated,2017-05-18,2018-09-24,495,18,60,0.12572082460495795,-0.02318946212761265,0.08809544869519696
mid_R__daily_interval_sum__mid_R_s04_range_not_stated__r1,mid_R,daily_interval_sum,mid_R_s04_range_not_stated,2017-05-18,2018-09-24,495,19,60,0.09714760095579189,0.021116970976159815,0.08809544869519696
mid_R__daily_interval_sum__mid_R_s04_range_not_stated__r1,mid_R,daily_interval_sum,mid_R_s04_range_not_stated,2017-05-18,2018-09-24,495,20,60,0.10746538809968469,0.001642344138401475,0.08809544869519696
mid_R__daily_interval_sum__mid_R_s04_range_not_stated__r1,mid_R,daily_interval_sum,mid_R_s04_range_not_stated,2017-05-18,2018-09-24,495,21,60,0.08735894894646894,-0.010003837014502595,0.08809544869519696
mid_R__daily_interval_sum__mid_R_s04_range_not_stated__r1,mid_R,daily_interval_sum,mid_R_s04_range_not_stated,2017-05-18,2018-09-24,495,22,60,0.010040452497082348,-0.0761339806069333,0.08809544869519696
mid_R__daily_interval_sum__mid_R_s04_range_not_stated__r1,mid_R,daily_interval_sum,mid_R_s04_range_not_stated,2017-05-18,2018-09-24,495,23,60,0.04375419047169823,0.03560721814223405,0.08809544869519696
mid_R__daily_interval_sum__mid_R_s04_range_not_stated__r1,mid_R,daily_interval_sum,mid_R_s04_range_not_stated,2017-05-18,2018-09-24,495,24,60,0.10158814301545906,0.03191740424948793,0.08809544869519696
mid_R__daily_interval_sum__mid_R_s04_range_not_stated__r1,mid_R,daily_interval_sum,mid_R_s04_range_not_stated,2017-05-18,2018-09-24,495,25,60,0.05881262643552473,0.0113897113800769,0.08809544869519696
mid_R__daily_interval_sum__mid_R_s04_range_not_stated__r1,mid_R,daily_interval_sum,mid_R_s04_range_not_stated,2017-05-18,2018-09-24,495,26,60,0.004072293506159778,-0.0630470589570495,0.08809544869519696
mid_R__daily_interval_sum__mid_R_s04_range_not_stated__r1,mid_R,daily_interval_sum,mid_R_s04_range_not_stated,2017-05-18,2018-09-24,495,27,60,0.025477547336666143,-0.0031509544013811307,0.08809544869519696
mid_R__daily_interval_sum__mid_R_s04_range_not_stated__r1,mid_R,daily_interval_sum,mid_R_s04_range_not_stated,2017-05-18,2018-09-24,495,28,60,-0.017555350310645052,-0.08039638520637937,0.08809544869519696
mid_R__daily_interval_sum__mid_R_s04_range_not_stated__r1,mid_R,daily_interval_sum,mid_R_s04_range_not_stated,2017-05-18,2018-09-24,495,29,60,-0.010258816776178757,0.019621156783701115,0.08809544869519696
mid_R__daily_interval_sum__mid_R_s04_range_not_stated__r1,mid_R,daily_interval_sum,mid_R_s04_range_not_stated,2017-05-18,2018-09-24,495,30,60,-0.016176453068799786,-0.04505856310288781,0.08809544869519696
mid_R__daily_interval_sum__mid_R_s04_range_not_stated__r1,mid_R,daily_interval_sum,mid_R_s04_range_not_stated,2017-05-18,2018-09-24,495,31,60,-0.045915071891803945,-0.022040071013049837,0.08809544869519696
mid_R__daily_interval_sum__mid_R_s04_range_not_stated__r1,mid_R,daily_interval_sum,mid_R_s04_range_not_stated,2017-05-18,2018-09-24,495,32,60,-0.03808829309002666,-0.02632365797760066,0.08809544869519696
mid_R__daily_interval_sum__mid_R_s04_range_not_stated__r1,mid_R,daily_interval_sum,mid_R_s04_range_not_stated,2017-05-18,2018-09-24,495,33,60,0.012896254285293656,0.03567586887881862,0.08809544869519696
mid_R__daily_interval_sum__mid_R_s04_range_not_stated__r1,mid_R,daily_interval_sum,mid_R_s04_range_not_stated,2017-05-18,2018-09-24,495,34,60,0.03060695745831329,-0.0022385094795723524,0.08809544869519696
mid_R__daily_interval_sum__mid_R_s04_range_not_stated__r1,mid_R,daily_interval_sum,mid_R_s04_range_not_stated,2017-05-18,2018-09-24,495,35,60,-0.0165839786161126,-0.019525183190645532,0.08809544869519696
mid_R__daily_interval_sum__mid_R_s04_range_not_stated__r1,mid_R,daily_interval_sum,mid_R_s04_range_not_stated,2017-05-18,2018-09-24,495,36,60,0.006820185430731472,-0.0028529840633724378,0.08809544869519696
mid_R__daily_interval_sum__mid_R_s04_range_not_stated__r1,mid_R,daily_interval_sum,mid_R_s04_range_not_stated,2017-05-18,2018-09-24,495,37,60,0.003296282269316338,-0.0027556516595290603,0.08809544869519696
mid_R__daily_interval_sum__mid_R_s04_range_not_stated__r1,mid_R,daily_interval_sum,mid_R_s04_range_not_stated,2017-05-18,2018-09-24,495,38,60,-0.007998193622403902,-0.0029431461625836967,0.08809544869519696
mid_R__daily_interval_sum__mid_R_s04_range_not_stated__r1,mid_R,daily_interval_sum,mid_R_s04_range_not_stated,2017-05-18,2018-09-24,495,39,60,0.0013220457703966896,0.024715779147280695,0.08809544869519696
mid_R__daily_interval_sum__mid_R_s04_range_not_stated__r1,mid_R,daily_interval_sum,mid_R_s04_range_not_stated,2017-05-18,2018-09-24,495,40,60,-0.0009601679341140095,-0.01846772152055862,0.08809544869519696
mid_R__daily_interval_sum__mid_R_s04_range_not_stated__r1,mid_R,daily_interval_sum,mid_R_s04_range_not_stated,2017-05-18,2018-09-24,495,41,60,0.011043722865544546,0.019299610958601218,0.08809544869519696
mid_R__daily_interval_sum__mid_R_s04_range_not_stated__r1,mid_R,daily_interval_sum,mid_R_s04_range_not_stated,2017-05-18,2018-09-24,495,42,60,0.013072136154281173,-0.0012284557624223575,0.08809544869519696
mid_R__daily_interval_sum__mid_R_s04_range_not_stated__r1,mid_R,daily_interval_sum,mid_R_s04_range_not_stated,2017-05-18,2018-09-24,495,43,60,0.016161039977639707,0.026174105222646817,0.08809544869519696
mid_R__daily_interval_sum__mid_R_s04_range_not_stated__r1,mid_R,daily_interval_sum,mid_R_s04_range_not_stated,2017-05-18,2018-09-24,495,44,60,0.007681823131066849,-0.011824816743119654,0.08809544869519696
mid_R__daily_interval_sum__mid_R_s04_range_not_stated__r1,mid_R,daily_interval_sum,mid_R_s04_range_not_stated,2017-05-18,2018-09-24,495,45,60,0.006406693963031621,0.02435644921929852,0.08809544869519696
mid_R__daily_interval_sum__mid_R_s04_range_not_stated__r1,mid_R,daily_interval_sum,mid_R_s04_range_not_stated,2017-05-18,2018-09-24,495,46,60,-0.009652359906180593,-0.014134701366160695,0.08809544869519696
mid_R__daily_interval_sum__mid_R_s04_range_not_stated__r1,mid_R,daily_interval_sum,mid_R_s04_range_not_stated,2017-05-18,2018-09-24,495,47,60,-0.01075582693731656,0.02636426701057095,0.08809544869519696
mid_R__daily_interval_sum__mid_R_s04_range_not_stated__r1,mid_R,daily_interval_sum,mid_R_s04_range_not_stated,2017-05-18,2018-09-24,495,48,60,-0.009644852402452485,-0.015389759422304295,0.08809544869519696
mid_R__daily_interval_sum__mid_R_s04_range_not_stated__r1,mid_R,daily_interval_sum,mid_R_s04_range_not_stated,2017-05-18,2018-09-24,495,49,60,-0.002912896562676958,0.024445124719796447,0.08809544869519696
mid_R__daily_interval_sum__mid_R_s04_range_not_stated__r1,mid_R,daily_interval_sum,mid_R_s04_range_not_stated,2017-05-18,2018-09-24,495,50,60,0.034727780704343236,0.034690999359251525,0.08809544869519696
mid_R__daily_interval_sum__mid_R_s04_range_not_stated__r1,mid_R,daily_interval_sum,mid_R_s04_range_not_stated,2017-05-18,2018-09-24,495,51,60,0.05615210810561618,0.051833741715541296,0.08809544869519696
mid_R__daily_interval_sum__mid_R_s04_range_not_stated__r1,mid_R,daily_interval_sum,mid_R_s04_range_not_stated,2017-05-18,2018-09-24,495,52,60,0.040966623777513395,0.015312053512676733,0.08809544869519696
mid_R__daily_interval_sum__mid_R_s04_range_not_stated__r1,mid_R,daily_interval_sum,mid_R_s04_range_not_stated,2017-05-18,2018-09-24,495,53,60,0.11801711296244344,0.12540590585815592,0.08809544869519696
mid_R__daily_interval_sum__mid_R_s04_range_not_stated__r1,mid_R,daily_interval_sum,mid_R_s04_range_not_stated,2017-05-18,2018-09-24,495,54,60,0.13824362011957508,0.044177212441146356,0.08809544869519696
mid_R__daily_interval_sum__mid_R_s04_range_not_stated__r1,mid_R,daily_interval_sum,mid_R_s04_range_not_stated,2017-05-18,2018-09-24,495,55,60,0.07580527157434429,0.024389614127795743,0.08809544869519696
mid_R__daily_interval_sum__mid_R_s04_range_not_stated__r1,mid_R,daily_interval_sum,mid_R_s04_range_not_stated,2017-05-18,2018-09-24,495,56,60,0.07451106883554252,0.010350995448430645,0.08809544869519696
mid_R__daily_interval_sum__mid_R_s04_range_not_stated__r1,mid_R,daily_interval_sum,mid_R_s04_range_not_stated,2017-05-18,2018-09-24,495,57,60,0.05018934411024736,-0.04302497986552002,0.08809544869519696
mid_R__daily_interval_sum__mid_R_s04_range_not_stated__r1,mid_R,daily_interval_sum,mid_R_s04_range_not_stated,2017-05-18,2018-09-24,495,58,60,0.017206310899847754,-0.04761392072992404,0.08809544869519696
mid_R__daily_interval_sum__mid_R_s04_range_not_stated__r1,mid_R,daily_interval_sum,mid_R_s04_range_not_stated,2017-05-18,2018-09-24,495,59,60,0.02164562353348021,-0.002419665978074578,0.08809544869519696
mid_R__daily_interval_sum__mid_R_s04_range_not_stated__r1,mid_R,daily_interval_sum,mid_R_s04_range_not_stated,2017-05-18,2018-09-24,495,60,60,0.01393316423172391,-0.05215560770764903,0.08809544869519696
toe_E5_C__daily_first_difference__toe_E5_C_s01_pre_topple__r27,toe_E5_C,daily_first_difference,toe_E5_C_s01_pre_topple,2015-10-02,2016-09-30,365,0,60,1.0,1.0,0.10259108882768189
toe_E5_C__daily_first_difference__toe_E5_C_s01_pre_topple__r27,toe_E5_C,daily_first_difference,toe_E5_C_s01_pre_topple,2015-10-02,2016-09-30,365,1,60,-0.04964348072535764,-0.04964348072535766,0.10259108882768189
toe_E5_C__daily_first_difference__toe_E5_C_s01_pre_topple__r27,toe_E5_C,daily_first_difference,toe_E5_C_s01_pre_topple,2015-10-02,2016-09-30,365,2,60,-0.2058715018322701,-0.2088506843383697,0.10259108882768189
toe_E5_C__daily_first_difference__toe_E5_C_s01_pre_topple__r27,toe_E5_C,daily_first_difference,toe_E5_C_s01_pre_topple,2015-10-02,2016-09-30,365,3,60,-0.07996501176853044,-0.10763640251937101,0.10259108882768189
toe_E5_C__daily_first_difference__toe_E5_C_s01_pre_topple__r27,toe_E5_C,daily_first_difference,toe_E5_C_s01_pre_topple,2015-10-02,2016-09-30,365,4,60,-0.027544087489758264,-0.08887881010490478,0.10259108882768189
toe_E5_C__daily_first_difference__toe_E5_C_s01_pre_topple__r27,toe_E5_C,daily_first_difference,toe_E5_C_s01_pre_topple,2015-10-02,2016-09-30,365,5,60,-0.07992483125425849,-0.13819970067397247,0.10259108882768189
toe_E5_C__daily_first_difference__toe_E5_C_s01_pre_topple__r27,toe_E5_C,daily_first_difference,toe_E5_C_s01_pre_topple,2015-10-02,2016-09-30,365,6,60,-0.09741869172135142,-0.16587416774204683,0.10259108882768189
toe_E5_C__daily_first_difference__toe_E5_C_s01_pre_topple__r27,toe_E5_C,daily_first_difference,toe_E5_C_s01_pre_topple,2015-10-02,2016-09-30,365,7,60,0.04323930421478693,-0.05259955864294541,0.10259108882768189
toe_E5_C__daily_first_difference__toe_E5_C_s01_pre_topple__r27,toe_E5_C,daily_first_difference,toe_E5_C_s01_pre_topple,2015-10-02,2016-09-30,365,8,60,0.08645879413750843,-0.0052915763313068145,0.10259108882768189
toe_E5_C__daily_first_difference__toe_E5_C_s01_pre_topple__r27,toe_E5_C,daily_first_difference,toe_E5_C_s01_pre_topple,2015-10-02,2016-09-30,365,9,60,0.04507746615495383,0.010302819355212052,0.10259108882768189
toe_E5_C__daily_first_difference__toe_E5_C_s01_pre_topple__r27,toe_E5_C,daily_first_difference,toe_E5_C_s01_pre_topple,2015-10-02,2016-09-30,365,10,60,0.025735260636590672,0.029366399215101376,0.10259108882768189
toe_E5_C__daily_first_difference__toe_E5_C_s01_pre_topple__r27,toe_E5_C,daily_first_difference,toe_E5_C_s01_pre_topple,2015-10-02,2016-09-30,365,11,60,-0.11351392326570442,-0.11455291124107787,0.10259108882768189
toe_E5_C__daily_first_difference__toe_E5_C_s01_pre_topple__r27,toe_E5_C,daily_first_difference,toe_E5_C_s01_pre_topple,2015-10-02,2016-09-30,365,12,60,-0.03951344460428954,-0.05291135088647605,0.10259108882768189
toe_E5_C__daily_first_difference__toe_E5_C_s01_pre_topple__r27,toe_E5_C,daily_first_difference,toe_E5_C_s01_pre_topple,2015-10-02,2016-09-30,365,13,60,-0.029413074728305486,-0.0768675412407356,0.10259108882768189
toe_E5_C__daily_first_difference__toe_E5_C_s01_pre_topple__r27,toe_E5_C,daily_first_difference,toe_E5_C_s01_pre_topple,2015-10-02,2016-09-30,365,14,60,0.010119797816950734,-0.03133575111518867,0.10259108882768189
toe_E5_C__daily_first_difference__toe_E5_C_s01_pre_topple__r27,toe_E5_C,daily_first_difference,toe_E5_C_s01_pre_topple,2015-10-02,2016-09-30,365,15,60,0.010569237980410357,-0.03613333860544929,0.10259108882768189
toe_E5_C__daily_first_difference__toe_E5_C_s01_pre_topple__r27,toe_E5_C,daily_first_difference,toe_E5_C_s01_pre_topple,2015-10-02,2016-09-30,365,16,60,0.13324867874823348,0.09962681031468346,0.10259108882768189
toe_E5_C__daily_first_difference__toe_E5_C_s01_pre_topple__r27,toe_E5_C,daily_first_difference,toe_E5_C_s01_pre_topple,2015-10-02,2016-09-30,365,17,60,0.09099354186541901,0.07948848143513373,0.10259108882768189
toe_E5_C__daily_first_difference__toe_E5_C_s01_pre_topple__r27,toe_E5_C,daily_first_difference,toe_E5_C_s01_pre_topple,2015-10-02,2016-09-30,365,18,60,-0.07261275035896159,-0.01757975974115969,0.10259108882768189
toe_E5_C__daily_first_difference__toe_E5_C_s01_pre_topple__r27,toe_E5_C,daily_first_difference,toe_E5_C_s01_pre_topple,2015-10-02,2016-09-30,365,19,60,0.0036754959851221405,0.0729913969264577,0.10259108882768189
toe_E5_C__daily_first_difference__toe_E5_C_s01_pre_topple__r27,toe_E5_C,daily_first_difference,toe_E5_C_s01_pre_topple,2015-10-02,2016-09-30,365,20,60,-0.07352192418301229,-0.04151712985849581,0.10259108882768189
toe_E5_C__daily_first_difference__toe_E5_C_s01_pre_topple__r27,toe_E5_C,daily_first_difference,toe_E5_C_s01_pre_topple,2015-10-02,2016-09-30,365,21,60,-0.0817740593937544,-0.04357057808614334,0.10259108882768189
toe_E5_C__daily_first_difference__toe_E5_C_s01_pre_topple__r27,toe_E5_C,daily_first_difference,toe_E5_C_s01_pre_topple,2015-10-02,2016-09-30,365,22,60,-0.012838902354451188,-0.019483620711042832,0.10259108882768189
toe_E5_C__daily_first_difference__toe_E5_C_s01_pre_topple__r27,toe_E5_C,daily_first_difference,toe_E5_C_s01_pre_topple,2015-10-02,2016-09-30,365,23,60,-0.022949455341538513,-0.07605199282321859,0.10259108882768189
toe_E5_C__daily_first_difference__toe_E5_C_s01_pre_topple__r27,toe_E5_C,daily_first_difference,toe_E5_C_s01_pre_topple,2015-10-02,2016-09-30,365,24,60,0.08551862943603504,0.014926162712004658,0.10259108882768189
toe_E5_C__daily_first_difference__toe_E5_C_s01_pre_topple__r27,toe_E5_C,daily_first_difference,toe_E5_C_s01_pre_topple,2015-10-02,2016-09-30,365,25,60,0.0882659100072385,0.05166876659831356,0.10259108882768189
toe_E5_C__daily_first_difference__toe_E5_C_s01_pre_topple__r27,toe_E5_C,daily_first_difference,toe_E5_C_s01_pre_topple,2015-10-02,2016-09-30,365,26,60,0.002786191646150952,-0.003387958928728451,0.10259108882768189
toe_E5_C__daily_first_difference__toe_E5_C_s01_pre_topple__r27,toe_E5_C,daily_first_difference,toe_E5_C_s01_pre_topple,2015-10-02,2016-09-30,365,27,60,-0.03398938279584073,0.009442552434401008,0.10259108882768189
toe_E5_C__daily_first_difference__toe_E5_C_s01_pre_topple__r27,toe_E5_C,daily_first_difference,toe_E5_C_s01_pre_topple,2015-10-02,2016-09-30,365,28,60,-0.07810797381753795,-0.042662958088595895,0.10259108882768189
toe_E5_C__daily_first_difference__toe_E5_C_s01_pre_topple__r27,toe_E5_C,daily_first_difference,toe_E5_C_s01_pre_topple,2015-10-02,2016-09-30,365,29,60,0.040460536029033725,0.04582668735512132,0.10259108882768189
toe_E5_C__daily_first_difference__toe_E5_C_s01_pre_topple__r27,toe_E5_C,daily_first_difference,toe_E5_C_s01_pre_topple,2015-10-02,2016-09-30,365,30,60,-0.0238790505808099,-0.006627975822891022,0.10259108882768189
toe_E5_C__daily_first_difference__toe_E5_C_s01_pre_topple__r27,toe_E5_C,daily_first_difference,toe_E5_C_s01_pre_topple,2015-10-02,2016-09-30,365,31,60,-0.01562198939355846,-0.008647672027772712,0.10259108882768189
toe_E5_C__daily_first_difference__toe_E5_C_s01_pre_topple__r27,toe_E5_C,daily_first_difference,toe_E5_C_s01_pre_topple,2015-10-02,2016-09-30,365,32,60,0.029370300142370395,-0.014538319061606256,0.10259108882768189
toe_E5_C__daily_first_difference__toe_E5_C_s01_pre_topple__r27,toe_E5_C,daily_first_difference,toe_E5_C_s01_pre_topple,2015-10-02,2016-09-30,365,33,60,0.017891115635711767,-0.04331616668517383,0.10259108882768189
toe_E5_C__daily_first_difference__toe_E5_C_s01_pre_topple__r27,toe_E5_C,daily_first_difference,toe_E5_C_s01_pre_topple,2015-10-02,2016-09-30,365,34,60,-0.005966188897538886,-0.03498247507762917,0.10259108882768189
toe_E5_C__daily_first_difference__toe_E5_C_s01_pre_topple__r27,toe_E5_C,daily_first_difference,toe_E5_C_s01_pre_topple,2015-10-02,2016-09-30,365,35,60,-0.002299772163237782,-0.0004977876913315622,0.10259108882768189
toe_E5_C__daily_first_difference__toe_E5_C_s01_pre_topple__r27,toe_E5_C,daily_first_difference,toe_E5_C_s01_pre_topple,2015-10-02,2016-09-30,365,36,60,-0.03906023751761692,-0.0331619308291329,0.10259108882768189
toe_E5_C__daily_first_difference__toe_E5_C_s01_pre_topple__r27,toe_E5_C,daily_first_difference,toe_E5_C_s01_pre_topple,2015-10-02,2016-09-30,365,37,60,-0.13235764962757135,-0.13081787191507674,0.10259108882768189
toe_E5_C__daily_first_difference__toe_E5_C_s01_pre_topple__r27,toe_E5_C,daily_first_difference,toe_E5_C_s01_pre_topple,2015-10-02,2016-09-30,365,38,60,0.008270128133341938,-0.04059635507641339,0.10259108882768189
toe_E5_C__daily_first_difference__toe_E5_C_s01_pre_topple__r27,toe_E5_C,daily_first_difference,toe_E5_C_s01_pre_topple,2015-10-02,2016-09-30,365,39,60,0.13232323678327385,0.05412842154594192,0.10259108882768189
toe_E5_C__daily_first_difference__toe_E5_C_s01_pre_topple__r27,toe_E5_C,daily_first_difference,toe_E5_C_s01_pre_topple,2015-10-02,2016-09-30,365,40,60,0.035793739014865426,0.015980204889126305,0.10259108882768189
toe_E5_C__daily_first_difference__toe_E5_C_s01_pre_topple__r27,toe_E5_C,daily_first_difference,toe_E5_C_s01_pre_topple,2015-10-02,2016-09-30,365,41,60,-0.04414094419241168,-0.06605271101940532,0.10259108882768189
toe_E5_C__daily_first_difference__toe_E5_C_s01_pre_topple__r27,toe_E5_C,daily_first_difference,toe_E5_C_s01_pre_topple,2015-10-02,2016-09-30,365,42,60,0.037672191855332486,0.02051262421797149,0.10259108882768189
toe_E5_C__daily_first_difference__toe_E5_C_s01_pre_topple__r27,toe_E5_C,daily_first_difference,toe_E5_C_s01_pre_topple,2015-10-02,2016-09-30,365,43,60,0.046883643743444094,0.017544837099327554,0.10259108882768189
toe_E5_C__daily_first_difference__toe_E5_C_s01_pre_topple__r27,toe_E5_C,daily_first_difference,toe_E5_C_s01_pre_topple,2015-10-02,2016-09-30,365,44,60,-0.0661701595105704,-0.028450049589132196,0.10259108882768189
toe_E5_C__daily_first_difference__toe_E5_C_s01_pre_topple__r27,toe_E5_C,daily_first_difference,toe_E5_C_s01_pre_topple,2015-10-02,2016-09-30,365,45,60,-0.12502514731705378,-0.08891628702631305,0.10259108882768189
toe_E5_C__daily_first_difference__toe_E5_C_s01_pre_topple__r27,toe_E5_C,daily_first_difference,toe_E5_C_s01_pre_topple,2015-10-02,2016-09-30,365,46,60,-0.03310151347523643,-0.08529731207860494,0.10259108882768189
toe_E5_C__daily_first_difference__toe_E5_C_s01_pre_topple__r27,toe_E5_C,daily_first_difference,toe_E5_C_s01_pre_topple,2015-10-02,2016-09-30,365,47,60,0.07167995392487181,0.009764557206471184,0.10259108882768189
toe_E5_C__daily_first_difference__toe_E5_C_s01_pre_topple__r27,toe_E5_C,daily_first_difference,toe_E5_C_s01_pre_topple,2015-10-02,2016-09-30,365,48,60,0.05788278356031921,-0.008554951484563691,0.10259108882768189
toe_E5_C__daily_first_difference__toe_E5_C_s01_pre_topple__r27,toe_E5_C,daily_first_difference,toe_E5_C_s01_pre_topple,2015-10-02,2016-09-30,365,49,60,-0.020243845495987883,-0.049564842427285226,0.10259108882768189
toe_E5_C__daily_first_difference__toe_E5_C_s01_pre_topple__r27,toe_E5_C,daily_first_difference,toe_E5_C_s01_pre_topple,2015-10-02,2016-09-30,365,50,60,0.009178529255195118,-0.0017806207511470659,0.10259108882768189
toe_E5_C__daily_first_difference__toe_E5_C_s01_pre_topple__r27,toe_E5_C,daily_first_difference,toe_E5_C_s01_pre_topple,2015-10-02,2016-09-30,365,51,60,0.05237787372776652,0.03556568151776346,0.10259108882768189
toe_E5_C__daily_first_difference__toe_E5_C_s01_pre_topple__r27,toe_E5_C,daily_first_difference,toe_E5_C_s01_pre_topple,2015-10-02,2016-09-30,365,52,60,-0.026667891491638143,-0.006265206005894628,0.10259108882768189
toe_E5_C__daily_first_difference__toe_E5_C_s01_pre_topple__r27,toe_E5_C,daily_first_difference,toe_E5_C_s01_pre_topple,2015-10-02,2016-09-30,365,53,60,0.0068905959934839126,0.09071035754060472,0.10259108882768189
toe_E5_C__daily_first_difference__toe_E5_C_s01_pre_topple__r27,toe_E5_C,daily_first_difference,toe_E5_C_s01_pre_topple,2015-10-02,2016-09-30,365,54,60,-0.02068354409245713,0.018629224192553476,0.10259108882768189
toe_E5_C__daily_first_difference__toe_E5_C_s01_pre_topple__r27,toe_E5_C,daily_first_difference,toe_E5_C_s01_pre_topple,2015-10-02,2016-09-30,365,55,60,0.02344500926828693,0.019514387848306704,0.10259108882768189
toe_E5_C__daily_first_difference__toe_E5_C_s01_pre_topple__r27,toe_E5_C,daily_first_difference,toe_E5_C_s01_pre_topple,2015-10-02,2016-09-30,365,56,60,-0.03629889652606892,-0.06394858443155957,0.10259108882768189
toe_E5_C__daily_first_difference__toe_E5_C_s01_pre_topple__r27,toe_E5_C,daily_first_difference,toe_E5_C_s01_pre_topple,2015-10-02,2016-09-30,365,57,60,0.02386417606350732,0.01703833729573856,0.10259108882768189
toe_E5_C__daily_first_difference__toe_E5_C_s01_pre_topple__r27,toe_E5_C,daily_first_difference,toe_E5_C_s01_pre_topple,2015-10-02,2016-09-30,365,58,60,0.0496100061623,0.026676412047052248,0.10259108882768189
toe_E5_C__daily_first_difference__toe_E5_C_s01_pre_topple__r27,toe_E5_C,daily_first_difference,toe_E5_C_s01_pre_topple,2015-10-02,2016-09-30,365,59,60,0.079022308188408,0.11656732056489515,0.10259108882768189
toe_E5_C__daily_first_difference__toe_E5_C_s01_pre_topple__r27,toe_E5_C,daily_first_difference,toe_E5_C_s01_pre_topple,2015-10-02,2016-09-30,365,60,60,0.005041864591114952,0.09188779929476631,0.10259108882768189
toe_E5_C__daily_first_difference__toe_E5_C_s03_post_relocation__r1,toe_E5_C,daily_first_difference,toe_E5_C_s03_post_relocation,2017-04-26,2017-09-25,153,0,38,1.0,1.0,0.15845660835707087
toe_E5_C__daily_first_difference__toe_E5_C_s03_post_relocation__r1,toe_E5_C,daily_first_difference,toe_E5_C_s03_post_relocation,2017-04-26,2017-09-25,153,1,38,0.7049558032648741,0.7049558032648743,0.15845660835707087
toe_E5_C__daily_first_difference__toe_E5_C_s03_post_relocation__r1,toe_E5_C,daily_first_difference,toe_E5_C_s03_post_relocation,2017-04-26,2017-09-25,153,2,38,0.45392022549944916,-0.0855651414636193,0.15845660835707087
toe_E5_C__daily_first_difference__toe_E5_C_s03_post_relocation__r1,toe_E5_C,daily_first_difference,toe_E5_C_s03_post_relocation,2017-04-26,2017-09-25,153,3,38,0.24813423873199947,-0.07794088295262837,0.15845660835707087
toe_E5_C__daily_first_difference__toe_E5_C_s03_post_relocation__r1,toe_E5_C,daily_first_difference,toe_E5_C_s03_post_relocation,2017-04-26,2017-09-25,153,4,38,0.14203701139154842,0.04132562819758372,0.15845660835707087
toe_E5_C__daily_first_difference__toe_E5_C_s03_post_relocation__r1,toe_E5_C,daily_first_difference,toe_E5_C_s03_post_relocation,2017-04-26,2017-09-25,153,5,38,0.1137738688841082,0.06500515848125528,0.15845660835707087
toe_E5_C__daily_first_difference__toe_E5_C_s03_post_relocation__r1,toe_E5_C,daily_first_difference,toe_E5_C_s03_post_relocation,2017-04-26,2017-09-25,153,6,38,0.09349923441704432,-0.011629832266445202,0.15845660835707087
toe_E5_C__daily_first_difference__toe_E5_C_s03_post_relocation__r1,toe_E5_C,daily_first_difference,toe_E5_C_s03_post_relocation,2017-04-26,2017-09-25,153,7,38,0.05068759025363425,-0.05289102972972768,0.15845660835707087
toe_E5_C__daily_first_difference__toe_E5_C_s03_post_relocation__r1,toe_E5_C,daily_first_difference,toe_E5_C_s03_post_relocation,2017-04-26,2017-09-25,153,8,38,0.03773908004338609,0.04318827115881528,0.15845660835707087
toe_E5_C__daily_first_difference__toe_E5_C_s03_post_relocation__r1,toe_E5_C,daily_first_difference,toe_E5_C_s03_post_relocation,2017-04-26,2017-09-25,153,9,38,0.027791248177972617,0.004213048805416344,0.15845660835707087
toe_E5_C__daily_first_difference__toe_E5_C_s03_post_relocation__r1,toe_E5_C,daily_first_difference,toe_E5_C_s03_post_relocation,2017-04-26,2017-09-25,153,10,38,0.0014115101635670095,-0.051122188046983714,0.15845660835707087
toe_E5_C__daily_first_difference__toe_E5_C_s03_post_relocation__r1,toe_E5_C,daily_first_difference,toe_E5_C_s03_post_relocation,2017-04-26,2017-09-25,153,11,38,0.0012318439739074196,0.029270720998679178,0.15845660835707087
toe_E5_C__daily_first_difference__toe_E5_C_s03_post_relocation__r1,toe_E5_C,daily_first_difference,toe_E5_C_s03_post_relocation,2017-04-26,2017-09-25,153,12,38,0.012651874524199656,0.030647391899648213,0.15845660835707087
toe_E5_C__daily_first_difference__toe_E5_C_s03_post_relocation__r1,toe_E5_C,daily_first_difference,toe_E5_C_s03_post_relocation,2017-04-26,2017-09-25,153,13,38,0.014914249753478272,-0.015758324777408444,0.15845660835707087
toe_E5_C__daily_first_difference__toe_E5_C_s03_post_relocation__r1,toe_E5_C,daily_first_difference,toe_E5_C_s03_post_relocation,2017-04-26,2017-09-25,153,14,38,-0.0011905590881137083,-0.039508533433748404,0.15845660835707087
toe_E5_C__daily_first_difference__toe_E5_C_s03_post_relocation__r1,toe_E5_C,daily_first_difference,toe_E5_C_s03_post_relocation,2017-04-26,2017-09-25,153,15,38,-0.04677543656224019,-0.059589033766593046,0.15845660835707087
toe_E5_C__daily_first_difference__toe_E5_C_s03_post_relocation__r1,toe_E5_C,daily_first_difference,toe_E5_C_s03_post_relocation,2017-04-26,2017-09-25,153,16,38,0.010101678701354025,0.1714940062537541,0.15845660835707087
toe_E5_C__daily_first_difference__toe_E5_C_s03_post_relocation__r1,toe_E5_C,daily_first_difference,toe_E5_C_s03_post_relocation,2017-04-26,2017-09-25,153,17,38,-0.017550953451354715,-0.14960154028446676,0.15845660835707087
toe_E5_C__daily_first_difference__toe_E5_C_s03_post_relocation__r1,toe_E5_C,daily_first_difference,toe_E5_C_s03_post_relocation,2017-04-26,2017-09-25,153,18,38,-0.013457047157876427,0.024982596687654752,0.15845660835707087
toe_E5_C__daily_first_difference__toe_E5_C_s03_post_relocation__r1,toe_E5_C,daily_first_difference,toe_E5_C_s03_post_relocation,2017-04-26,2017-09-25,153,19,38,-0.02767845150642744,-0.00642374804148865,0.15845660835707087
toe_E5_C__daily_first_difference__toe_E5_C_s03_post_relocation__r1,toe_E5_C,daily_first_difference,toe_E5_C_s03_post_relocation,2017-04-26,2017-09-25,153,20,38,-0.005269234570915678,0.06740890206036898,0.15845660835707087
toe_E5_C__daily_first_difference__toe_E5_C_s03_post_relocation__r1,toe_E5_C,daily_first_difference,toe_E5_C_s03_post_relocation,2017-04-26,2017-09-25,153,21,38,0.02253082869954126,0.0015829813539832511,0.15845660835707087
toe_E5_C__daily_first_difference__toe_E5_C_s03_post_relocation__r1,toe_E5_C,daily_first_difference,toe_E5_C_s03_post_relocation,2017-04-26,2017-09-25,153,22,38,0.026014224638285854,-0.04290273843904515,0.15845660835707087
toe_E5_C__daily_first_difference__toe_E5_C_s03_post_relocation__r1,toe_E5_C,daily_first_difference,toe_E5_C_s03_post_relocation,2017-04-26,2017-09-25,153,23,38,-0.001586534085589195,-0.010181369351876165,0.15845660835707087
toe_E5_C__daily_first_difference__toe_E5_C_s03_post_relocation__r1,toe_E5_C,daily_first_difference,toe_E5_C_s03_post_relocation,2017-04-26,2017-09-25,153,24,38,-0.0042082416941880245,0.0351488657596302,0.15845660835707087
toe_E5_C__daily_first_difference__toe_E5_C_s03_post_relocation__r1,toe_E5_C,daily_first_difference,toe_E5_C_s03_post_relocation,2017-04-26,2017-09-25,153,25,38,-0.008050970012254598,-0.033494236016681736,0.15845660835707087
toe_E5_C__daily_first_difference__toe_E5_C_s03_post_relocation__r1,toe_E5_C,daily_first_difference,toe_E5_C_s03_post_relocation,2017-04-26,2017-09-25,153,26,38,-0.003346553364040179,0.014717527765439962,0.15845660835707087
toe_E5_C__daily_first_difference__toe_E5_C_s03_post_relocation__r1,toe_E5_C,daily_first_difference,toe_E5_C_s03_post_relocation,2017-04-26,2017-09-25,153,27,38,-0.00841030239157724,-0.014837087659597008,0.15845660835707087
toe_E5_C__daily_first_difference__toe_E5_C_s03_post_relocation__r1,toe_E5_C,daily_first_difference,toe_E5_C_s03_post_relocation,2017-04-26,2017-09-25,153,28,38,-0.006147927162298966,0.02072518987721173,0.15845660835707087
toe_E5_C__daily_first_difference__toe_E5_C_s03_post_relocation__r1,toe_E5_C,daily_first_difference,toe_E5_C_s03_post_relocation,2017-04-26,2017-09-25,153,29,38,-0.005106572642490489,-0.01937429388253951,0.15845660835707087
toe_E5_C__daily_first_difference__toe_E5_C_s03_post_relocation__r1,toe_E5_C,daily_first_difference,toe_E5_C_s03_post_relocation,2017-04-26,2017-09-25,153,30,38,-0.01749644592683942,-0.043753260396146756,0.15845660835707087
toe_E5_C__daily_first_difference__toe_E5_C_s03_post_relocation__r1,toe_E5_C,daily_first_difference,toe_E5_C_s03_post_relocation,2017-04-26,2017-09-25,153,31,38,-0.025002236373313263,0.05678524063808796,0.15845660835707087
toe_E5_C__daily_first_difference__toe_E5_C_s03_post_relocation__r1,toe_E5_C,daily_first_difference,toe_E5_C_s03_post_relocation,2017-04-26,2017-09-25,153,32,38,-0.024519518779405874,-0.04917768190676871,0.15845660835707087
toe_E5_C__daily_first_difference__toe_E5_C_s03_post_relocation__r1,toe_E5_C,daily_first_difference,toe_E5_C_s03_post_relocation,2017-04-26,2017-09-25,153,33,38,-0.04789857844897462,-0.03906168240152142,0.15845660835707087
toe_E5_C__daily_first_difference__toe_E5_C_s03_post_relocation__r1,toe_E5_C,daily_first_difference,toe_E5_C_s03_post_relocation,2017-04-26,2017-09-25,153,34,38,0.003763262084956101,0.11129501846356421,0.15845660835707087
toe_E5_C__daily_first_difference__toe_E5_C_s03_post_relocation__r1,toe_E5_C,daily_first_difference,toe_E5_C_s03_post_relocation,2017-04-26,2017-09-25,153,35,38,-0.013510694037267153,-0.07982001596786073,0.15845660835707087
toe_E5_C__daily_first_difference__toe_E5_C_s03_post_relocation__r1,toe_E5_C,daily_first_difference,toe_E5_C_s03_post_relocation,2017-04-26,2017-09-25,153,36,38,0.004624950415104287,0.05379664676154482,0.15845660835707087
toe_E5_C__daily_first_difference__toe_E5_C_s03_post_relocation__r1,toe_E5_C,daily_first_difference,toe_E5_C_s03_post_relocation,2017-04-26,2017-09-25,153,37,38,-0.013311389490687352,-0.0764070615224353,0.15845660835707087
toe_E5_C__daily_first_difference__toe_E5_C_s03_post_relocation__r1,toe_E5_C,daily_first_difference,toe_E5_C_s03_post_relocation,2017-04-26,2017-09-25,153,38,38,-0.011607651187312216,0.04352805185700309,0.15845660835707087
toe_E5_C__daily_level__toe_E5_C_s01_pre_topple__WY2007__r1,toe_E5_C,daily_level,toe_E5_C_s01_pre_topple__WY2007,2006-11-30,2007-09-30,305,0,60,1.0,1.0,0.11222927352551818
toe_E5_C__daily_level__toe_E5_C_s01_pre_topple__WY2007__r1,toe_E5_C,daily_level,toe_E5_C_s01_pre_topple__WY2007,2006-11-30,2007-09-30,305,1,60,0.9697112571841552,0.9697112571841553,0.11222927352551818
toe_E5_C__daily_level__toe_E5_C_s01_pre_topple__WY2007__r1,toe_E5_C,daily_level,toe_E5_C_s01_pre_topple__WY2007,2006-11-30,2007-09-30,305,2,60,0.9468045565612417,0.10835779137135175,0.11222927352551818
toe_E5_C__daily_level__toe_E5_C_s01_pre_topple__WY2007__r1,toe_E5_C,daily_level,toe_E5_C_s01_pre_topple__WY2007,2006-11-30,2007-09-30,305,3,60,0.9336545410744399,0.16855532774718324,0.11222927352551818
toe_E5_C__daily_level__toe_E5_C_s01_pre_topple__WY2007__r1,toe_E5_C,daily_level,toe_E5_C_s01_pre_topple__WY2007,2006-11-30,2007-09-30,305,4,60,0.9152304091957187,-0.05316075555399977,0.11222927352551818
toe_E5_C__daily_level__toe_E5_C_s01_pre_topple__WY2007__r1,toe_E5_C,daily_level,toe_E5_C_s01_pre_topple__WY2007,2006-11-30,2007-09-30,305,5,60,0.8936874075093783,-0.052876083001958035,0.11222927352551818
toe_E5_C__daily_level__toe_E5_C_s01_pre_topple__WY2007__r1,toe_E5_C,daily_level,toe_E5_C_s01_pre_topple__WY2007,2006-11-30,2007-09-30,305,6,60,0.8828776198506384,0.1410792985139852,0.11222927352551818
toe_E5_C__daily_level__toe_E5_C_s01_pre_topple__WY2007__r1,toe_E5_C,daily_level,toe_E5_C_s01_pre_topple__WY2007,2006-11-30,2007-09-30,305,7,60,0.8746661733833501,0.07352889813077787,0.11222927352551818
toe_E5_C__daily_level__toe_E5_C_s01_pre_topple__WY2007__r1,toe_E5_C,daily_level,toe_E5_C_s01_pre_topple__WY2007,2006-11-30,2007-09-30,305,8,60,0.8648501221736588,0.04261116649218119,0.11222927352551818
toe_E5_C__daily_level__toe_E5_C_s01_pre_topple__WY2007__r1,toe_E5_C,daily_level,toe_E5_C_s01_pre_topple__WY2007,2006-11-30,2007-09-30,305,9,60,0.8590477337646694,0.07093158954703933,0.11222927352551818
toe_E5_C__daily_level__toe_E5_C_s01_pre_topple__WY2007__r1,toe_E5_C,daily_level,toe_E5_C_s01_pre_topple__WY2007,2006-11-30,2007-09-30,305,10,60,0.858149499260075,0.0886513679874801,0.11222927352551818
toe_E5_C__daily_level__toe_E5_C_s01_pre_topple__WY2007__r1,toe_E5_C,daily_level,toe_E5_C_s01_pre_topple__WY2007,2006-11-30,2007-09-30,305,11,60,0.8505360154179716,-0.05154712903787847,0.11222927352551818
toe_E5_C__daily_level__toe_E5_C_s01_pre_topple__WY2007__r1,toe_E5_C,daily_level,toe_E5_C_s01_pre_topple__WY2007,2006-11-30,2007-09-30,305,12,60,0.8444238909729155,0.0421155298262405,0.11222927352551818
toe_E5_C__daily_level__toe_E5_C_s01_pre_topple__WY2007__r1,toe_E5_C,daily_level,toe_E5_C_s01_pre_topple__WY2007,2006-11-30,2007-09-30,305,13,60,0.8365135767629144,-0.05442196478851598,0.11222927352551818
toe_E5_C__daily_level__toe_E5_C_s01_pre_topple__WY2007__r1,toe_E5_C,daily_level,toe_E5_C_s01_pre_topple__WY2007,2006-11-30,2007-09-30,305,14,60,0.8285387342120659,0.02270048934470795,0.11222927352551818
toe_E5_C__daily_level__toe_E5_C_s01_pre_topple__WY2007__r1,toe_E5_C,daily_level,toe_E5_C_s01_pre_topple__WY2007,2006-11-30,2007-09-30,305,15,60,0.8203014764084388,0.020741035927200144,0.11222927352551818
toe_E5_C__daily_level__toe_E5_C_s01_pre_topple__WY2007__r1,toe_E5_C,daily_level,toe_E5_C_s01_pre_topple__WY2007,2006-11-30,2007-09-30,305,16,60,0.80803765013594,-0.08153937310032218,0.11222927352551818
toe_E5_C__daily_level__toe_E5_C_s01_pre_topple__WY2007__r1,toe_E5_C,daily_level,toe_E5_C_s01_pre_topple__WY2007,2006-11-30,2007-09-30,305,17,60,0.7956963898544243,-0.01789511811448847,0.11222927352551818
toe_E5_C__daily_level__toe_E5_C_s01_pre_topple__WY2007__r1,toe_E5_C,daily_level,toe_E5_C_s01_pre_topple__WY2007,2006-11-30,2007-09-30,305,18,60,0.7819010909591492,-0.06462773453745695,0.11222927352551818
toe_E5_C__daily_level__toe_E5_C_s01_pre_topple__WY2007__r1,toe_E5_C,daily_level,toe_E5_C_s01_pre_topple__WY2007,2006-11-30,2007-09-30,305,19,60,0.7681574147365523,-0.02097441113682634,0.11222927352551818
toe_E5_C__daily_level__toe_E5_C_s01_pre_topple__WY2007__r1,toe_E5_C,daily_level,toe_E5_C_s01_pre_topple__WY2007,2006-11-30,2007-09-30,305,20,60,0.7577864197955743,0.03625409330727725,0.11222927352551818
toe_E5_C__daily_level__toe_E5_C_s01_pre_topple__WY2007__r1,toe_E5_C,daily_level,toe_E5_C_s01_pre_topple__WY2007,2006-11-30,2007-09-30,305,21,60,0.749738445125099,0.03503629220147159,0.11222927352551818
toe_E5_C__daily_level__toe_E5_C_s01_pre_topple__WY2007__r1,toe_E5_C,daily_level,toe_E5_C_s01_pre_topple__WY2007,2006-11-30,2007-09-30,305,22,60,0.7393846577416803,-0.04285421964132147,0.11222927352551818
toe_E5_C__daily_level__toe_E5_C_s01_pre_topple__WY2007__r1,toe_E5_C,daily_level,toe_E5_C_s01_pre_topple__WY2007,2006-11-30,2007-09-30,305,23,60,0.7289663420174142,-0.01612216663657846,0.11222927352551818
toe_E5_C__daily_level__toe_E5_C_s01_pre_topple__WY2007__r1,toe_E5_C,daily_level,toe_E5_C_s01_pre_topple__WY2007,2006-11-30,2007-09-30,305,24,60,0.7181049316859965,-0.05759441739531336,0.11222927352551818
toe_E5_C__daily_level__toe_E5_C_s01_pre_topple__WY2007__r1,toe_E5_C,daily_level,toe_E5_C_s01_pre_topple__WY2007,2006-11-30,2007-09-30,305,25,60,0.7109947689025021,0.05676498238389123,0.11222927352551818
toe_E5_C__daily_level__toe_E5_C_s01_pre_topple__WY2007__r1,toe_E5_C,daily_level,toe_E5_C_s01_pre_topple__WY2007,2006-11-30,2007-09-30,305,26,60,0.7011701139140312,-0.013956168450254759,0.11222927352551818
toe_E5_C__daily_level__toe_E5_C_s01_pre_topple__WY2007__r1,toe_E5_C,daily_level,toe_E5_C_s01_pre_topple__WY2007,2006-11-30,2007-09-30,305,27,60,0.6894870427091581,-0.03924640375420287,0.11222927352551818
toe_E5_C__daily_level__toe_E5_C_s01_pre_topple__WY2007__r1,toe_E5_C,daily_level,toe_E5_C_s01_pre_topple__WY2007,2006-11-30,2007-09-30,305,28,60,0.6755196682382905,-0.05766869593432647,0.11222927352551818
toe_E5_C__daily_level__toe_E5_C_s01_pre_topple__WY2007__r1,toe_E5_C,daily_level,toe_E5_C_s01_pre_topple__WY2007,2006-11-30,2007-09-30,305,29,60,0.6646109371235848,0.02327897734697045,0.11222927352551818
toe_E5_C__daily_level__toe_E5_C_s01_pre_topple__WY2007__r1,toe_E5_C,daily_level,toe_E5_C_s01_pre_topple__WY2007,2006-11-30,2007-09-30,305,30,60,0.6528418281309152,-0.009167260169844886,0.11222927352551818
toe_E5_C__daily_level__toe_E5_C_s01_pre_topple__WY2007__r1,toe_E5_C,daily_level,toe_E5_C_s01_pre_topple__WY2007,2006-11-30,2007-09-30,305,31,60,0.6411157380321438,0.0066483030492587684,0.11222927352551818
toe_E5_C__daily_level__toe_E5_C_s01_pre_topple__WY2007__r1,toe_E5_C,daily_level,toe_E5_C_s01_pre_topple__WY2007,2006-11-30,2007-09-30,305,32,60,0.6320094985717729,0.029648557047881552,0.11222927352551818
toe_E5_C__daily_level__toe_E5_C_s01_pre_topple__WY2007__r1,toe_E5_C,daily_level,toe_E5_C_s01_pre_topple__WY2007,2006-11-30,2007-09-30,305,33,60,0.6229505798946899,-0.008586514377545146,0.11222927352551818
toe_E5_C__daily_level__toe_E5_C_s01_pre_topple__WY2007__r1,toe_E5_C,daily_level,toe_E5_C_s01_pre_topple__WY2007,2006-11-30,2007-09-30,305,34,60,0.6124462263826274,0.005064546104323921,0.11222927352551818
toe_E5_C__daily_level__toe_E5_C_s01_pre_topple__WY2007__r1,toe_E5_C,daily_level,toe_E5_C_s01_pre_topple__WY2007,2006-11-30,2007-09-30,305,35,60,0.6069879891248237,0.054369770024596496,0.11222927352551818
toe_E5_C__daily_level__toe_E5_C_s01_pre_topple__WY2007__r1,toe_E5_C,daily_level,toe_E5_C_s01_pre_topple__WY2007,2006-11-30,2007-09-30,305,36,60,0.5985528444092647,-0.04759135595715772,0.11222927352551818
toe_E5_C__daily_level__toe_E5_C_s01_pre_topple__WY2007__r1,toe_E5_C,daily_level,toe_E5_C_s01_pre_topple__WY2007,2006-11-30,2007-09-30,305,37,60,0.5881216230168291,-0.019148079574216482,0.11222927352551818
toe_E5_C__daily_level__toe_E5_C_s01_pre_topple__WY2007__r1,toe_E5_C,daily_level,toe_E5_C_s01_pre_topple__WY2007,2006-11-30,2007-09-30,305,38,60,0.5841131224833946,0.10928551205795578,0.11222927352551818
toe_E5_C__daily_level__toe_E5_C_s01_pre_topple__WY2007__r1,toe_E5_C,daily_level,toe_E5_C_s01_pre_topple__WY2007,2006-11-30,2007-09-30,305,39,60,0.5789043948102007,0.0005020861858652043,0.11222927352551818
toe_E5_C__daily_level__toe_E5_C_s01_pre_topple__WY2007__r1,toe_E5_C,daily_level,toe_E5_C_s01_pre_topple__WY2007,2006-11-30,2007-09-30,305,40,60,0.5721512888460613,0.0389731951029698,0.11222927352551818
toe_E5_C__daily_level__toe_E5_C_s01_pre_topple__WY2007__r1,toe_E5_C,daily_level,toe_E5_C_s01_pre_topple__WY2007,2006-11-30,2007-09-30,305,41,60,0.5681987128746948,0.033848718059401026,0.11222927352551818
toe_E5_C__daily_level__toe_E5_C_s01_pre_topple__WY2007__r1,toe_E5_C,daily_level,toe_E5_C_s01_pre_topple__WY2007,2006-11-30,2007-09-30,305,42,60,0.5681608562480642,0.06033005467985798,0.11222927352551818
toe_E5_C__daily_level__toe_E5_C_s01_pre_topple__WY2007__r1,toe_E5_C,daily_level,toe_E5_C_s01_pre_topple__WY2007,2006-11-30,2007-09-30,305,43,60,0.5650557524864922,0.029870745132144803,0.11222927352551818
toe_E5_C__daily_level__toe_E5_C_s01_pre_topple__WY2007__r1,toe_E5_C,daily_level,toe_E5_C_s01_pre_topple__WY2007,2006-11-30,2007-09-30,305,44,60,0.561520459785938,0.024938677328939948,0.11222927352551818
toe_E5_C__daily_level__toe_E5_C_s01_pre_topple__WY2007__r1,toe_E5_C,daily_level,toe_E5_C_s01_pre_topple__WY2007,2006-11-30,2007-09-30,305,45,60,0.5582819974532817,-0.018716199149813775,0.11222927352551818
toe_E5_C__daily_level__toe_E5_C_s01_pre_topple__WY2007__r1,toe_E5_C,daily_level,toe_E5_C_s01_pre_topple__WY2007,2006-11-30,2007-09-30,305,46,60,0.5496876828302991,-0.08139137887375972,0.11222927352551818
toe_E5_C__daily_level__toe_E5_C_s01_pre_topple__WY2007__r1,toe_E5_C,daily_level,toe_E5_C_s01_pre_topple__WY2007,2006-11-30,2007-09-30,305,47,60,0.5407922359500293,-0.011641280517931877,0.11222927352551818
toe_E5_C__daily_level__toe_E5_C_s01_pre_topple__WY2007__r1,toe_E5_C,daily_level,toe_E5_C_s01_pre_topple__WY2007,2006-11-30,2007-09-30,305,48,60,0.5373085659221533,0.05840070540369781,0.11222927352551818
toe_E5_C__daily_level__toe_E5_C_s01_pre_topple__WY2007__r1,toe_E5_C,daily_level,toe_E5_C_s01_pre_topple__WY2007,2006-11-30,2007-09-30,305,49,60,0.5316223285266891,0.015223989127682297,0.11222927352551818
toe_E5_C__daily_level__toe_E5_C_s01_pre_topple__WY2007__r1,toe_E5_C,daily_level,toe_E5_C_s01_pre_topple__WY2007,2006-11-30,2007-09-30,305,50,60,0.5201844650170356,-0.11360637287911478,0.11222927352551818
toe_E5_C__daily_level__toe_E5_C_s01_pre_topple__WY2007__r1,toe_E5_C,daily_level,toe_E5_C_s01_pre_topple__WY2007,2006-11-30,2007-09-30,305,51,60,0.5155736999690265,0.06438357916955975,0.11222927352551818
toe_E5_C__daily_level__toe_E5_C_s01_pre_topple__WY2007__r1,toe_E5_C,daily_level,toe_E5_C_s01_pre_topple__WY2007,2006-11-30,2007-09-30,305,52,60,0.5123954640878274,-0.015801430575552482,0.11222927352551818
toe_E5_C__daily_level__toe_E5_C_s01_pre_topple__WY2007__r1,toe_E5_C,daily_level,toe_E5_C_s01_pre_topple__WY2007,2006-11-30,2007-09-30,305,53,60,0.5043259799704031,-0.0430678270325542,0.11222927352551818
toe_E5_C__daily_level__toe_E5_C_s01_pre_topple__WY2007__r1,toe_E5_C,daily_level,toe_E5_C_s01_pre_topple__WY2007,2006-11-30,2007-09-30,305,54,60,0.49548215576281107,-0.049953636635406154,0.11222927352551818
toe_E5_C__daily_level__toe_E5_C_s01_pre_topple__WY2007__r1,toe_E5_C,daily_level,toe_E5_C_s01_pre_topple__WY2007,2006-11-30,2007-09-30,305,55,60,0.4927255050418145,0.026776819803844814,0.11222927352551818
toe_E5_C__daily_level__toe_E5_C_s01_pre_topple__WY2007__r1,toe_E5_C,daily_level,toe_E5_C_s01_pre_topple__WY2007,2006-11-30,2007-09-30,305,56,60,0.48224696286609076,-0.12546897097858495,0.11222927352551818
toe_E5_C__daily_level__toe_E5_C_s01_pre_topple__WY2007__r1,toe_E5_C,daily_level,toe_E5_C_s01_pre_topple__WY2007,2006-11-30,2007-09-30,305,57,60,0.4727965722545342,0.02976844160361783,0.11222927352551818
toe_E5_C__daily_level__toe_E5_C_s01_pre_topple__WY2007__r1,toe_E5_C,daily_level,toe_E5_C_s01_pre_topple__WY2007,2006-11-30,2007-09-30,305,58,60,0.46237395464087844,-0.10495976178133477,0.11222927352551818
toe_E5_C__daily_level__toe_E5_C_s01_pre_topple__WY2007__r1,toe_E5_C,daily_level,toe_E5_C_s01_pre_topple__WY2007,2006-11-30,2007-09-30,305,59,60,0.4538699796950821,-0.0001676601447213812,0.11222927352551818
toe_E5_C__daily_level__toe_E5_C_s01_pre_topple__WY2007__r1,toe_E5_C,daily_level,toe_E5_C_s01_pre_topple__WY2007,2006-11-30,2007-09-30,305,60,60,0.4410512096912964,-0.06083278764941098,0.11222927352551818
toe_E5_C__daily_level__toe_E5_C_s01_pre_topple__WY2008__r3,toe_E5_C,daily_level,toe_E5_C_s01_pre_topple__WY2008,2007-12-30,2008-09-30,276,0,60,1.0,1.0,0.11797813602405381
toe_E5_C__daily_level__toe_E5_C_s01_pre_topple__WY2008__r3,toe_E5_C,daily_level,toe_E5_C_s01_pre_topple__WY2008,2007-12-30,2008-09-30,276,1,60,0.9635020841341466,0.9635020841341466,0.11797813602405381
toe_E5_C__daily_level__toe_E5_C_s01_pre_topple__WY2008__r3,toe_E5_C,daily_level,toe_E5_C_s01_pre_topple__WY2008,2007-12-30,2008-09-30,276,2,60,0.9260685920505703,-0.03164325884016021,0.11797813602405381
toe_E5_C__daily_level__toe_E5_C_s01_pre_topple__WY2008__r3,toe_E5_C,daily_level,toe_E5_C_s01_pre_topple__WY2008,2007-12-30,2008-09-30,276,3,60,0.904436095370642,0.2014349060118225,0.11797813602405381
toe_E5_C__daily_level__toe_E5_C_s01_pre_topple__WY2008__r3,toe_E5_C,daily_level,toe_E5_C_s01_pre_topple__WY2008,2007-12-30,2008-09-30,276,4,60,0.8852106275210011,0.015829078182495675,0.11797813602405381
toe_E5_C__daily_level__toe_E5_C_s01_pre_topple__WY2008__r3,toe_E5_C,daily_level,toe_E5_C_s01_pre_topple__WY2008,2007-12-30,2008-09-30,276,5,60,0.8689849686513419,0.08059465944340992,0.11797813602405381
toe_E5_C__daily_level__toe_E5_C_s01_pre_topple__WY2008__r3,toe_E5_C,daily_level,toe_E5_C_s01_pre_topple__WY2008,2007-12-30,2008-09-30,276,6,60,0.8533671988593893,0.011800661820425206,0.11797813602405381
toe_E5_C__daily_level__toe_E5_C_s01_pre_topple__WY2008__r3,toe_E5_C,daily_level,toe_E5_C_s01_pre_topple__WY2008,2007-12-30,2008-09-30,276,7,60,0.8340130107918738,-0.03223794106182793,0.11797813602405381
toe_E5_C__daily_level__toe_E5_C_s01_pre_topple__WY2008__r3,toe_E5_C,daily_level,toe_E5_C_s01_pre_topple__WY2008,2007-12-30,2008-09-30,276,8,60,0.8170931261130063,0.03752123491089668,0.11797813602405381
toe_E5_C__daily_level__toe_E5_C_s01_pre_topple__WY2008__r3,toe_E5_C,daily_level,toe_E5_C_s01_pre_topple__WY2008,2007-12-30,2008-09-30,276,9,60,0.8076105621934428,0.0860648411787717,0.11797813602405381
toe_E5_C__daily_level__toe_E5_C_s01_pre_topple__WY2008__r3,toe_E5_C,daily_level,toe_E5_C_s01_pre_topple__WY2008,2007-12-30,2008-09-30,276,10,60,0.7909853997207458,-0.09554813769407947,0.11797813602405381
toe_E5_C__daily_level__toe_E5_C_s01_pre_topple__WY2008__r3,toe_E5_C,daily_level,toe_E5_C_s01_pre_topple__WY2008,2007-12-30,2008-09-30,276,11,60,0.7726601885168504,0.012511257742861832,0.11797813602405381
toe_E5_C__daily_level__toe_E5_C_s01_pre_topple__WY2008__r3,toe_E5_C,daily_level,toe_E5_C_s01_pre_topple__WY2008,2007-12-30,2008-09-30,276,12,60,0.7578789039212389,0.00940452842057199,0.11797813602405381
toe_E5_C__daily_level__toe_E5_C_s01_pre_topple__WY2008__r3,toe_E5_C,daily_level,toe_E5_C_s01_pre_topple__WY2008,2007-12-30,2008-09-30,276,13,60,0.7473334171049879,0.06155224534575861,0.11797813602405381
toe_E5_C__daily_level__toe_E5_C_s01_pre_topple__WY2008__r3,toe_E5_C,daily_level,toe_E5_C_s01_pre_topple__WY2008,2007-12-30,2008-09-30,276,14,60,0.7395408947045625,0.03699820594887346,0.11797813602405381
toe_E5_C__daily_level__toe_E5_C_s01_pre_topple__WY2008__r3,toe_E5_C,daily_level,toe_E5_C_s01_pre_topple__WY2008,2007-12-30,2008-09-30,276,15,60,0.7349010365428448,0.06332754537541223,0.11797813602405381
toe_E5_C__daily_level__toe_E5_C_s01_pre_topple__WY2008__r3,toe_E5_C,daily_level,toe_E5_C_s01_pre_topple__WY2008,2007-12-30,2008-09-30,276,16,60,0.7232812460789355,-0.06954593255075024,0.11797813602405381
toe_E5_C__daily_level__toe_E5_C_s01_pre_topple__WY2008__r3,toe_E5_C,daily_level,toe_E5_C_s01_pre_topple__WY2008,2007-12-30,2008-09-30,276,17,60,0.7159039248690937,0.1047043470223604,0.11797813602405381
toe_E5_C__daily_level__toe_E5_C_s01_pre_topple__WY2008__r3,toe_E5_C,daily_level,toe_E5_C_s01_pre_topple__WY2008,2007-12-30,2008-09-30,276,18,60,0.7179314207975639,0.08815576224362312,0.11797813602405381
toe_E5_C__daily_level__toe_E5_C_s01_pre_topple__WY2008__r3,toe_E5_C,daily_level,toe_E5_C_s01_pre_topple__WY2008,2007-12-30,2008-09-30,276,19,60,0.7230580129472421,0.09579090319412718,0.11797813602405381
toe_E5_C__daily_level__toe_E5_C_s01_pre_topple__WY2008__r3,toe_E5_C,daily_level,toe_E5_C_s01_pre_topple__WY2008,2007-12-30,2008-09-30,276,20,60,0.728202657322598,0.05960548652469142,0.11797813602405381
toe_E5_C__daily_level__toe_E5_C_s01_pre_topple__WY2008__r3,toe_E5_C,daily_level,toe_E5_C_s01_pre_topple__WY2008,2007-12-30,2008-09-30,276,21,60,0.7310727212625832,0.025555494315739592,0.11797813602405381
toe_E5_C__daily_level__toe_E5_C_s01_pre_topple__WY2008__r3,toe_E5_C,daily_level,toe_E5_C_s01_pre_topple__WY2008,2007-12-30,2008-09-30,276,22,60,0.7300435044562187,-0.013965498572765304,0.11797813602405381
toe_E5_C__daily_level__toe_E5_C_s01_pre_topple__WY2008__r3,toe_E5_C,daily_level,toe_E5_C_s01_pre_topple__WY2008,2007-12-30,2008-09-30,276,23,60,0.7219768629332766,-0.09103453319112177,0.11797813602405381
toe_E5_C__daily_level__toe_E5_C_s01_pre_topple__WY2008__r3,toe_E5_C,daily_level,toe_E5_C_s01_pre_topple__WY2008,2007-12-30,2008-09-30,276,24,60,0.7132513151731043,-0.04653173515576067,0.11797813602405381
toe_E5_C__daily_level__toe_E5_C_s01_pre_topple__WY2008__r3,toe_E5_C,daily_level,toe_E5_C_s01_pre_topple__WY2008,2007-12-30,2008-09-30,276,25,60,0.6998053066180981,-0.08703713034832032,0.11797813602405381
toe_E5_C__daily_level__toe_E5_C_s01_pre_topple__WY2008__r3,toe_E5_C,daily_level,toe_E5_C_s01_pre_topple__WY2008,2007-12-30,2008-09-30,276,26,60,0.682995501271895,-0.07042045982261858,0.11797813602405381
toe_E5_C__daily_level__toe_E5_C_s01_pre_topple__WY2008__r3,toe_E5_C,daily_level,toe_E5_C_s01_pre_topple__WY2008,2007-12-30,2008-09-30,276,27,60,0.6655177635756223,-0.07736768275196022,0.11797813602405381
toe_E5_C__daily_level__toe_E5_C_s01_pre_topple__WY2008__r3,toe_E5_C,daily_level,toe_E5_C_s01_pre_topple__WY2008,2007-12-30,2008-09-30,276,28,60,0.6597781912964067,0.13135449544750427,0.11797813602405381
toe_E5_C__daily_level__toe_E5_C_s01_pre_topple__WY2008__r3,toe_E5_C,daily_level,toe_E5_C_s01_pre_topple__WY2008,2007-12-30,2008-09-30,276,29,60,0.656724378136337,0.02057600367827109,0.11797813602405381
toe_E5_C__daily_level__toe_E5_C_s01_pre_topple__WY2008__r3,toe_E5_C,daily_level,toe_E5_C_s01_pre_topple__WY2008,2007-12-30,2008-09-30,276,30,60,0.6482976731990655,-0.00823870530083309,0.11797813602405381
toe_E5_C__daily_level__toe_E5_C_s01_pre_topple__WY2008__r3,toe_E5_C,daily_level,toe_E5_C_s01_pre_topple__WY2008,2007-12-30,2008-09-30,276,31,60,0.6348194845895908,-0.03606256607819475,0.11797813602405381
toe_E5_C__daily_level__toe_E5_C_s01_pre_topple__WY2008__r3,toe_E5_C,daily_level,toe_E5_C_s01_pre_topple__WY2008,2007-12-30,2008-09-30,276,32,60,0.6222195760032975,0.03553139141696561,0.11797813602405381
toe_E5_C__daily_level__toe_E5_C_s01_pre_topple__WY2008__r3,toe_E5_C,daily_level,toe_E5_C_s01_pre_topple__WY2008,2007-12-30,2008-09-30,276,33,60,0.6078472135632513,-0.07019142937031217,0.11797813602405381
toe_E5_C__daily_level__toe_E5_C_s01_pre_topple__WY2008__r3,toe_E5_C,daily_level,toe_E5_C_s01_pre_topple__WY2008,2007-12-30,2008-09-30,276,34,60,0.590833339578954,-0.0529422305394079,0.11797813602405381
toe_E5_C__daily_level__toe_E5_C_s01_pre_topple__WY2008__r3,toe_E5_C,daily_level,toe_E5_C_s01_pre_topple__WY2008,2007-12-30,2008-09-30,276,35,60,0.5725650321299118,-0.06760545348988038,0.11797813602405381
toe_E5_C__daily_level__toe_E5_C_s01_pre_topple__WY2008__r3,toe_E5_C,daily_level,toe_E5_C_s01_pre_topple__WY2008,2007-12-30,2008-09-30,276,36,60,0.5544321163734509,0.0014874211924099882,0.11797813602405381
toe_E5_C__daily_level__toe_E5_C_s01_pre_topple__WY2008__r3,toe_E5_C,daily_level,toe_E5_C_s01_pre_topple__WY2008,2007-12-30,2008-09-30,276,37,60,0.5369381905400221,-0.07328515207498942,0.11797813602405381
toe_E5_C__daily_level__toe_E5_C_s01_pre_topple__WY2008__r3,toe_E5_C,daily_level,toe_E5_C_s01_pre_topple__WY2008,2007-12-30,2008-09-30,276,38,60,0.520903355468965,-0.023425007383526434,0.11797813602405381
toe_E5_C__daily_level__toe_E5_C_s01_pre_topple__WY2008__r3,toe_E5_C,daily_level,toe_E5_C_s01_pre_topple__WY2008,2007-12-30,2008-09-30,276,39,60,0.5118232384501044,0.048329925745801965,0.11797813602405381
toe_E5_C__daily_level__toe_E5_C_s01_pre_topple__WY2008__r3,toe_E5_C,daily_level,toe_E5_C_s01_pre_topple__WY2008,2007-12-30,2008-09-30,276,40,60,0.4993551895991949,-0.06019981279444632,0.11797813602405381
toe_E5_C__daily_level__toe_E5_C_s01_pre_topple__WY2008__r3,toe_E5_C,daily_level,toe_E5_C_s01_pre_topple__WY2008,2007-12-30,2008-09-30,276,41,60,0.4870105630303632,-0.00785185431816777,0.11797813602405381
toe_E5_C__daily_level__toe_E5_C_s01_pre_topple__WY2008__r3,toe_E5_C,daily_level,toe_E5_C_s01_pre_topple__WY2008,2007-12-30,2008-09-30,276,42,60,0.475093107062619,-0.03738864367761288,0.11797813602405381
toe_E5_C__daily_level__toe_E5_C_s01_pre_topple__WY2008__r3,toe_E5_C,daily_level,toe_E5_C_s01_pre_topple__WY2008,2007-12-30,2008-09-30,276,43,60,0.4673276630007099,0.027293589786313886,0.11797813602405381
toe_E5_C__daily_level__toe_E5_C_s01_pre_topple__WY2008__r3,toe_E5_C,daily_level,toe_E5_C_s01_pre_topple__WY2008,2007-12-30,2008-09-30,276,44,60,0.46291954047513534,0.0472247257658964,0.11797813602405381
toe_E5_C__daily_level__toe_E5_C_s01_pre_topple__WY2008__r3,toe_E5_C,daily_level,toe_E5_C_s01_pre_topple__WY2008,2007-12-30,2008-09-30,276,45,60,0.46144470840231755,0.1069105496261861,0.11797813602405381
toe_E5_C__daily_level__toe_E5_C_s01_pre_topple__WY2008__r3,toe_E5_C,daily_level,toe_E5_C_s01_pre_topple__WY2008,2007-12-30,2008-09-30,276,46,60,0.45462641752894656,-0.022525691746705222,0.11797813602405381
toe_E5_C__daily_level__toe_E5_C_s01_pre_topple__WY2008__r3,toe_E5_C,daily_level,toe_E5_C_s01_pre_topple__WY2008,2007-12-30,2008-09-30,276,47,60,0.44264519011179787,-0.020133741926314536,0.11797813602405381
toe_E5_C__daily_level__toe_E5_C_s01_pre_topple__WY2008__r3,toe_E5_C,daily_level,toe_E5_C_s01_pre_topple__WY2008,2007-12-30,2008-09-30,276,48,60,0.4299147953290309,-0.0669675943347806,0.11797813602405381
toe_E5_C__daily_level__toe_E5_C_s01_pre_topple__WY2008__r3,toe_E5_C,daily_level,toe_E5_C_s01_pre_topple__WY2008,2007-12-30,2008-09-30,276,49,60,0.4193536109252342,0.005120798290712086,0.11797813602405381
toe_E5_C__daily_level__toe_E5_C_s01_pre_topple__WY2008__r3,toe_E5_C,daily_level,toe_E5_C_s01_pre_topple__WY2008,2007-12-30,2008-09-30,276,50,60,0.4135431051722967,-0.012247556399338947,0.11797813602405381
toe_E5_C__daily_level__toe_E5_C_s01_pre_topple__WY2008__r3,toe_E5_C,daily_level,toe_E5_C_s01_pre_topple__WY2008,2007-12-30,2008-09-30,276,51,60,0.4077642889242169,-0.018366522163728517,0.11797813602405381
toe_E5_C__daily_level__toe_E5_C_s01_pre_topple__WY2008__r3,toe_E5_C,daily_level,toe_E5_C_s01_pre_topple__WY2008,2007-12-30,2008-09-30,276,52,60,0.4011777336869891,-0.02064179060962309,0.11797813602405381
toe_E5_C__daily_level__toe_E5_C_s01_pre_topple__WY2008__r3,toe_E5_C,daily_level,toe_E5_C_s01_pre_topple__WY2008,2007-12-30,2008-09-30,276,53,60,0.39548515606048856,0.03161132093213465,0.11797813602405381
toe_E5_C__daily_level__toe_E5_C_s01_pre_topple__WY2008__r3,toe_E5_C,daily_level,toe_E5_C_s01_pre_topple__WY2008,2007-12-30,2008-09-30,276,54,60,0.3928944217330165,0.013701857316355613,0.11797813602405381
toe_E5_C__daily_level__toe_E5_C_s01_pre_topple__WY2008__r3,toe_E5_C,daily_level,toe_E5_C_s01_pre_topple__WY2008,2007-12-30,2008-09-30,276,55,60,0.38157435708130777,-0.0433874330114551,0.11797813602405381
toe_E5_C__daily_level__toe_E5_C_s01_pre_topple__WY2008__r3,toe_E5_C,daily_level,toe_E5_C_s01_pre_topple__WY2008,2007-12-30,2008-09-30,276,56,60,0.3664891279468429,0.00975576576005821,0.11797813602405381
toe_E5_C__daily_level__toe_E5_C_s01_pre_topple__WY2008__r3,toe_E5_C,daily_level,toe_E5_C_s01_pre_topple__WY2008,2007-12-30,2008-09-30,276,57,60,0.34937616294116347,-0.04648434897905929,0.11797813602405381
toe_E5_C__daily_level__toe_E5_C_s01_pre_topple__WY2008__r3,toe_E5_C,daily_level,toe_E5_C_s01_pre_topple__WY2008,2007-12-30,2008-09-30,276,58,60,0.33597969989684856,0.03722107185172768,0.11797813602405381
toe_E5_C__daily_level__toe_E5_C_s01_pre_topple__WY2008__r3,toe_E5_C,daily_level,toe_E5_C_s01_pre_topple__WY2008,2007-12-30,2008-09-30,276,59,60,0.3264357191660126,0.025891796767796876,0.11797813602405381
toe_E5_C__daily_level__toe_E5_C_s01_pre_topple__WY2008__r3,toe_E5_C,daily_level,toe_E5_C_s01_pre_topple__WY2008,2007-12-30,2008-09-30,276,60,60,0.3175596707852459,0.016082678759439355,0.11797813602405381
toe_E5_C__daily_level__toe_E5_C_s01_pre_topple__WY2009__r3,toe_E5_C,daily_level,toe_E5_C_s01_pre_topple__WY2009,2009-02-18,2009-09-30,225,0,56,1.0,1.0,0.13066666666666665
toe_E5_C__daily_level__toe_E5_C_s01_pre_topple__WY2009__r3,toe_E5_C,daily_level,toe_E5_C_s01_pre_topple__WY2009,2009-02-18,2009-09-30,225,1,56,0.9585105398349221,0.9585105398349218,0.13066666666666665
toe_E5_C__daily_level__toe_E5_C_s01_pre_topple__WY2009__r3,toe_E5_C,daily_level,toe_E5_C_s01_pre_topple__WY2009,2009-02-18,2009-09-30,225,2,56,0.9167324174953103,-0.024736625733593483,0.13066666666666665
toe_E5_C__daily_level__toe_E5_C_s01_pre_topple__WY2009__r3,toe_E5_C,daily_level,toe_E5_C_s01_pre_topple__WY2009,2009-02-18,2009-09-30,225,3,56,0.8838904513301827,0.08825587707661138,0.13066666666666665
toe_E5_C__daily_level__toe_E5_C_s01_pre_topple__WY2009__r3,toe_E5_C,daily_level,toe_E5_C_s01_pre_topple__WY2009,2009-02-18,2009-09-30,225,4,56,0.8643104502121896,0.14590566294535912,0.13066666666666665
toe_E5_C__daily_level__toe_E5_C_s01_pre_topple__WY2009__r3,toe_E5_C,daily_level,toe_E5_C_s01_pre_topple__WY2009,2009-02-18,2009-09-30,225,5,56,0.8523181405390744,0.09694226599385777,0.13066666666666665
toe_E5_C__daily_level__toe_E5_C_s01_pre_topple__WY2009__r3,toe_E5_C,daily_level,toe_E5_C_s01_pre_topple__WY2009,2009-02-18,2009-09-30,225,6,56,0.8384371554954404,0.006520647163561084,0.13066666666666665
toe_E5_C__daily_level__toe_E5_C_s01_pre_topple__WY2009__r3,toe_E5_C,daily_level,toe_E5_C_s01_pre_topple__WY2009,2009-02-18,2009-09-30,225,7,56,0.8262675247722548,0.06285701648134255,0.13066666666666665
toe_E5_C__daily_level__toe_E5_C_s01_pre_topple__WY2009__r3,toe_E5_C,daily_level,toe_E5_C_s01_pre_topple__WY2009,2009-02-18,2009-09-30,225,8,56,0.8114999344782683,-0.005597445118877802,0.13066666666666665
toe_E5_C__daily_level__toe_E5_C_s01_pre_topple__WY2009__r3,toe_E5_C,daily_level,toe_E5_C_s01_pre_topple__WY2009,2009-02-18,2009-09-30,225,9,56,0.7897178533431204,-0.07856376531067898,0.13066666666666665
toe_E5_C__daily_level__toe_E5_C_s01_pre_topple__WY2009__r3,toe_E5_C,daily_level,toe_E5_C_s01_pre_topple__WY2009,2009-02-18,2009-09-30,225,10,56,0.7672677254611951,-0.013206625672143658,0.13066666666666665
toe_E5_C__daily_level__toe_E5_C_s01_pre_topple__WY2009__r3,toe_E5_C,daily_level,toe_E5_C_s01_pre_topple__WY2009,2009-02-18,2009-09-30,225,11,56,0.7543393255935213,0.09562069827038627,0.13066666666666665
toe_E5_C__daily_level__toe_E5_C_s01_pre_topple__WY2009__r3,toe_E5_C,daily_level,toe_E5_C_s01_pre_topple__WY2009,2009-02-18,2009-09-30,225,12,56,0.7492048044382495,0.06646130779959106,0.13066666666666665
toe_E5_C__daily_level__toe_E5_C_s01_pre_topple__WY2009__r3,toe_E5_C,daily_level,toe_E5_C_s01_pre_topple__WY2009,2009-02-18,2009-09-30,225,13,56,0.736387745695039,-0.09149770035200466,0.13066666666666665
toe_E5_C__daily_level__toe_E5_C_s01_pre_topple__WY2009__r3,toe_E5_C,daily_level,toe_E5_C_s01_pre_topple__WY2009,2009-02-18,2009-09-30,225,14,56,0.7246634794697047,0.05723849629161947,0.13066666666666665
toe_E5_C__daily_level__toe_E5_C_s01_pre_topple__WY2009__r3,toe_E5_C,daily_level,toe_E5_C_s01_pre_topple__WY2009,2009-02-18,2009-09-30,225,15,56,0.7152567581313385,0.05120102625514723,0.13066666666666665
toe_E5_C__daily_level__toe_E5_C_s01_pre_topple__WY2009__r3,toe_E5_C,daily_level,toe_E5_C_s01_pre_topple__WY2009,2009-02-18,2009-09-30,225,16,56,0.7137758753565892,0.09541110823655709,0.13066666666666665
toe_E5_C__daily_level__toe_E5_C_s01_pre_topple__WY2009__r3,toe_E5_C,daily_level,toe_E5_C_s01_pre_topple__WY2009,2009-02-18,2009-09-30,225,17,56,0.713433146298572,0.0354657254592829,0.13066666666666665
toe_E5_C__daily_level__toe_E5_C_s01_pre_topple__WY2009__r3,toe_E5_C,daily_level,toe_E5_C_s01_pre_topple__WY2009,2009-02-18,2009-09-30,225,18,56,0.702125378353636,-0.09161574752096563,0.13066666666666665
toe_E5_C__daily_level__toe_E5_C_s01_pre_topple__WY2009__r3,toe_E5_C,daily_level,toe_E5_C_s01_pre_topple__WY2009,2009-02-18,2009-09-30,225,19,56,0.6857082899194586,-0.058969000820690606,0.13066666666666665
toe_E5_C__daily_level__toe_E5_C_s01_pre_topple__WY2009__r3,toe_E5_C,daily_level,toe_E5_C_s01_pre_topple__WY2009,2009-02-18,2009-09-30,225,20,56,0.6660623088758578,-0.061264644443614666,0.13066666666666665
toe_E5_C__daily_level__toe_E5_C_s01_pre_topple__WY2009__r3,toe_E5_C,daily_level,toe_E5_C_s01_pre_topple__WY2009,2009-02-18,2009-09-30,225,21,56,0.6460080770425598,-0.03917435999418,0.13066666666666665
toe_E5_C__daily_level__toe_E5_C_s01_pre_topple__WY2009__r3,toe_E5_C,daily_level,toe_E5_C_s01_pre_topple__WY2009,2009-02-18,2009-09-30,225,22,56,0.6347827840046333,0.07451901802058782,0.13066666666666665
toe_E5_C__daily_level__toe_E5_C_s01_pre_topple__WY2009__r3,toe_E5_C,daily_level,toe_E5_C_s01_pre_topple__WY2009,2009-02-18,2009-09-30,225,23,56,0.6341225265546293,0.09595236649239697,0.13066666666666665
toe_E5_C__daily_level__toe_E5_C_s01_pre_topple__WY2009__r3,toe_E5_C,daily_level,toe_E5_C_s01_pre_topple__WY2009,2009-02-18,2009-09-30,225,24,56,0.6302622427126545,-0.06420589242079099,0.13066666666666665
toe_E5_C__daily_level__toe_E5_C_s01_pre_topple__WY2009__r3,toe_E5_C,daily_level,toe_E5_C_s01_pre_topple__WY2009,2009-02-18,2009-09-30,225,25,56,0.6173462140810325,-0.06455475867201649,0.13066666666666665
toe_E5_C__daily_level__toe_E5_C_s01_pre_topple__WY2009__r3,toe_E5_C,daily_level,toe_E5_C_s01_pre_topple__WY2009,2009-02-18,2009-09-30,225,26,56,0.6000507678872037,0.011595568081018906,0.13066666666666665
toe_E5_C__daily_level__toe_E5_C_s01_pre_topple__WY2009__r3,toe_E5_C,daily_level,toe_E5_C_s01_pre_topple__WY2009,2009-02-18,2009-09-30,225,27,56,0.5828955290352911,0.012221693311877708,0.13066666666666665
toe_E5_C__daily_level__toe_E5_C_s01_pre_topple__WY2009__r3,toe_E5_C,daily_level,toe_E5_C_s01_pre_topple__WY2009,2009-02-18,2009-09-30,225,28,56,0.5682722698285714,-0.03468797018215705,0.13066666666666665
toe_E5_C__daily_level__toe_E5_C_s01_pre_topple__WY2009__r3,toe_E5_C,daily_level,toe_E5_C_s01_pre_topple__WY2009,2009-02-18,2009-09-30,225,29,56,0.5548242780467376,-0.03343163496296268,0.13066666666666665
toe_E5_C__daily_level__toe_E5_C_s01_pre_topple__WY2009__r3,toe_E5_C,daily_level,toe_E5_C_s01_pre_topple__WY2009,2009-02-18,2009-09-30,225,30,56,0.5472072621904787,0.05636793222825575,0.13066666666666665
toe_E5_C__daily_level__toe_E5_C_s01_pre_topple__WY2009__r3,toe_E5_C,daily_level,toe_E5_C_s01_pre_topple__WY2009,2009-02-18,2009-09-30,225,31,56,0.5439325501882719,0.029848580130097575,0.13066666666666665
toe_E5_C__daily_level__toe_E5_C_s01_pre_topple__WY2009__r3,toe_E5_C,daily_level,toe_E5_C_s01_pre_topple__WY2009,2009-02-18,2009-09-30,225,32,56,0.544736222337687,0.08865124211282416,0.13066666666666665
toe_E5_C__daily_level__toe_E5_C_s01_pre_topple__WY2009__r3,toe_E5_C,daily_level,toe_E5_C_s01_pre_topple__WY2009,2009-02-18,2009-09-30,225,33,56,0.5272510838577362,-0.1867501045173595,0.13066666666666665
toe_E5_C__daily_level__toe_E5_C_s01_pre_topple__WY2009__r3,toe_E5_C,daily_level,toe_E5_C_s01_pre_topple__WY2009,2009-02-18,2009-09-30,225,34,56,0.5078648987712154,-0.026515476610008575,0.13066666666666665
toe_E5_C__daily_level__toe_E5_C_s01_pre_topple__WY2009__r3,toe_E5_C,daily_level,toe_E5_C_s01_pre_topple__WY2009,2009-02-18,2009-09-30,225,35,56,0.49534062594788864,0.04010778215079867,0.13066666666666665
toe_E5_C__daily_level__toe_E5_C_s01_pre_topple__WY2009__r3,toe_E5_C,daily_level,toe_E5_C_s01_pre_topple__WY2009,2009-02-18,2009-09-30,225,36,56,0.4822184100487426,-0.050853206777675096,0.13066666666666665
toe_E5_C__daily_level__toe_E5_C_s01_pre_topple__WY2009__r3,toe_E5_C,daily_level,toe_E5_C_s01_pre_topple__WY2009,2009-02-18,2009-09-30,225,37,56,0.4715085851796258,0.036562324446494245,0.13066666666666665
toe_E5_C__daily_level__toe_E5_C_s01_pre_topple__WY2009__r3,toe_E5_C,daily_level,toe_E5_C_s01_pre_topple__WY2009,2009-02-18,2009-09-30,225,38,56,0.45560284116890765,-0.03696070300749725,0.13066666666666665
toe_E5_C__daily_level__toe_E5_C_s01_pre_topple__WY2009__r3,toe_E5_C,daily_level,toe_E5_C_s01_pre_topple__WY2009,2009-02-18,2009-09-30,225,39,56,0.4448765213183888,0.014078870839459048,0.13066666666666665
toe_E5_C__daily_level__toe_E5_C_s01_pre_topple__WY2009__r3,toe_E5_C,daily_level,toe_E5_C_s01_pre_topple__WY2009,2009-02-18,2009-09-30,225,40,56,0.43781208733909366,-0.012339258371823045,0.13066666666666665
toe_E5_C__daily_level__toe_E5_C_s01_pre_topple__WY2009__r3,toe_E5_C,daily_level,toe_E5_C_s01_pre_topple__WY2009,2009-02-18,2009-09-30,225,41,56,0.43479717129396717,0.10734109225315452,0.13066666666666665
toe_E5_C__daily_level__toe_E5_C_s01_pre_topple__WY2009__r3,toe_E5_C,daily_level,toe_E5_C_s01_pre_topple__WY2009,2009-02-18,2009-09-30,225,42,56,0.4258811756523077,-0.04339672005806941,0.13066666666666665
toe_E5_C__daily_level__toe_E5_C_s01_pre_topple__WY2009__r3,toe_E5_C,daily_level,toe_E5_C_s01_pre_topple__WY2009,2009-02-18,2009-09-30,225,43,56,0.4109073980907974,-0.08861643582166774,0.13066666666666665
toe_E5_C__daily_level__toe_E5_C_s01_pre_topple__WY2009__r3,toe_E5_C,daily_level,toe_E5_C_s01_pre_topple__WY2009,2009-02-18,2009-09-30,225,44,56,0.39548825603143584,-0.03273330855983621,0.13066666666666665
toe_E5_C__daily_level__toe_E5_C_s01_pre_topple__WY2009__r3,toe_E5_C,daily_level,toe_E5_C_s01_pre_topple__WY2009,2009-02-18,2009-09-30,225,45,56,0.37962374947422245,0.03682429436462699,0.13066666666666665
toe_E5_C__daily_level__toe_E5_C_s01_pre_topple__WY2009__r3,toe_E5_C,daily_level,toe_E5_C_s01_pre_topple__WY2009,2009-02-18,2009-09-30,225,46,56,0.3656891557410324,-0.01633908061673729,0.13066666666666665
toe_E5_C__daily_level__toe_E5_C_s01_pre_topple__WY2009__r3,toe_E5_C,daily_level,toe_E5_C_s01_pre_topple__WY2009,2009-02-18,2009-09-30,225,47,56,0.3573958456472951,0.019705780994118988,0.13066666666666665
toe_E5_C__daily_level__toe_E5_C_s01_pre_topple__WY2009__r3,toe_E5_C,daily_level,toe_E5_C_s01_pre_topple__WY2009,2009-02-18,2009-09-30,225,48,56,0.35192317737328416,-0.015150725871137746,0.13066666666666665
toe_E5_C__daily_level__toe_E5_C_s01_pre_topple__WY2009__r3,toe_E5_C,daily_level,toe_E5_C_s01_pre_topple__WY2009,2009-02-18,2009-09-30,225,49,56,0.3464505090992733,-0.049375731733942815,0.13066666666666665
toe_E5_C__daily_level__toe_E5_C_s01_pre_topple__WY2009__r3,toe_E5_C,daily_level,toe_E5_C_s01_pre_topple__WY2009,2009-02-18,2009-09-30,225,50,56,0.3288540294948596,-0.0759859646152409,0.13066666666666665
toe_E5_C__daily_level__toe_E5_C_s01_pre_topple__WY2009__r3,toe_E5_C,daily_level,toe_E5_C_s01_pre_topple__WY2009,2009-02-18,2009-09-30,225,51,56,0.3082884532381022,0.0007176128621532567,0.13066666666666665
toe_E5_C__daily_level__toe_E5_C_s01_pre_topple__WY2009__r3,toe_E5_C,daily_level,toe_E5_C_s01_pre_topple__WY2009,2009-02-18,2009-09-30,225,52,56,0.28597853269809326,-0.02894738468359718,0.13066666666666665
toe_E5_C__daily_level__toe_E5_C_s01_pre_topple__WY2009__r3,toe_E5_C,daily_level,toe_E5_C_s01_pre_topple__WY2009,2009-02-18,2009-09-30,225,53,56,0.272299611176633,0.05446367630100626,0.13066666666666665
toe_E5_C__daily_level__toe_E5_C_s01_pre_topple__WY2009__r3,toe_E5_C,daily_level,toe_E5_C_s01_pre_topple__WY2009,2009-02-18,2009-09-30,225,54,56,0.26131349536903403,-0.043469749768406084,0.13066666666666665
toe_E5_C__daily_level__toe_E5_C_s01_pre_topple__WY2009__r3,toe_E5_C,daily_level,toe_E5_C_s01_pre_topple__WY2009,2009-02-18,2009-09-30,225,55,56,0.25210883755284136,-0.021661296749343778,0.13066666666666665
toe_E5_C__daily_level__toe_E5_C_s01_pre_topple__WY2009__r3,toe_E5_C,daily_level,toe_E5_C_s01_pre_topple__WY2009,2009-02-18,2009-09-30,225,56,56,0.24306500580531698,0.034847146601421186,0.13066666666666665
toe_E5_C__daily_level__toe_E5_C_s01_pre_topple__WY2010__r2,toe_E5_C,daily_level,toe_E5_C_s01_pre_topple__WY2010,2010-01-22,2010-09-30,252,0,60,1.0,1.0,0.12346839451634756
toe_E5_C__daily_level__toe_E5_C_s01_pre_topple__WY2010__r2,toe_E5_C,daily_level,toe_E5_C_s01_pre_topple__WY2010,2010-01-22,2010-09-30,252,1,60,0.9932109955783164,0.9932109955783164,0.12346839451634756
toe_E5_C__daily_level__toe_E5_C_s01_pre_topple__WY2010__r2,toe_E5_C,daily_level,toe_E5_C_s01_pre_topple__WY2010,2010-01-22,2010-09-30,252,2,60,0.9855025946061634,-0.07134887403175753,0.12346839451634756
toe_E5_C__daily_level__toe_E5_C_s01_pre_topple__WY2010__r2,toe_E5_C,daily_level,toe_E5_C_s01_pre_topple__WY2010,2010-01-22,2010-09-30,252,3,60,0.9777374857339924,-0.00350413010542874,0.12346839451634756
toe_E5_C__daily_level__toe_E5_C_s01_pre_topple__WY2010__r2,toe_E5_C,daily_level,toe_E5_C_s01_pre_topple__WY2010,2010-01-22,2010-09-30,252,4,60,0.9698471538638727,-0.012972318446966438,0.12346839451634756
toe_E5_C__daily_level__toe_E5_C_s01_pre_topple__WY2010__r2,toe_E5_C,daily_level,toe_E5_C_s01_pre_topple__WY2010,2010-01-22,2010-09-30,252,5,60,0.9619863816760857,-0.0005784992213646364,0.12346839451634756
toe_E5_C__daily_level__toe_E5_C_s01_pre_topple__WY2010__r2,toe_E5_C,daily_level,toe_E5_C_s01_pre_topple__WY2010,2010-01-22,2010-09-30,252,6,60,0.954282155872776,0.00727239310886811,0.12346839451634756
toe_E5_C__daily_level__toe_E5_C_s01_pre_topple__WY2010__r2,toe_E5_C,daily_level,toe_E5_C_s01_pre_topple__WY2010,2010-01-22,2010-09-30,252,7,60,0.946348398398605,-0.022462115211927855,0.12346839451634756
toe_E5_C__daily_level__toe_E5_C_s01_pre_topple__WY2010__r2,toe_E5_C,daily_level,toe_E5_C_s01_pre_topple__WY2010,2010-01-22,2010-09-30,252,8,60,0.9382721977600574,-0.012349722028503967,0.12346839451634756
toe_E5_C__daily_level__toe_E5_C_s01_pre_topple__WY2010__r2,toe_E5_C,daily_level,toe_E5_C_s01_pre_topple__WY2010,2010-01-22,2010-09-30,252,9,60,0.9299493094189193,-0.021393960795111664,0.12346839451634756
toe_E5_C__daily_level__toe_E5_C_s01_pre_topple__WY2010__r2,toe_E5_C,daily_level,toe_E5_C_s01_pre_topple__WY2010,2010-01-22,2010-09-30,252,10,60,0.92132405804381,-0.02401805158577381,0.12346839451634756
toe_E5_C__daily_level__toe_E5_C_s01_pre_topple__WY2010__r2,toe_E5_C,daily_level,toe_E5_C_s01_pre_topple__WY2010,2010-01-22,2010-09-30,252,11,60,0.9128129471908258,0.007081361709156693,0.12346839451634756
toe_E5_C__daily_level__toe_E5_C_s01_pre_topple__WY2010__r2,toe_E5_C,daily_level,toe_E5_C_s01_pre_topple__WY2010,2010-01-22,2010-09-30,252,12,60,0.9042886374169822,-0.006890155448425788,0.12346839451634756
toe_E5_C__daily_level__toe_E5_C_s01_pre_topple__WY2010__r2,toe_E5_C,daily_level,toe_E5_C_s01_pre_topple__WY2010,2010-01-22,2010-09-30,252,13,60,0.8957625062177141,-0.004040600460274265,0.12346839451634756
toe_E5_C__daily_level__toe_E5_C_s01_pre_topple__WY2010__r2,toe_E5_C,daily_level,toe_E5_C_s01_pre_topple__WY2010,2010-01-22,2010-09-30,252,14,60,0.8871477536926762,-0.011510120352807119,0.12346839451634756
toe_E5_C__daily_level__toe_E5_C_s01_pre_topple__WY2010__r2,toe_E5_C,daily_level,toe_E5_C_s01_pre_topple__WY2010,2010-01-22,2010-09-30,252,15,60,0.8783447658288528,-0.01746973735825337,0.12346839451634756
toe_E5_C__daily_level__toe_E5_C_s01_pre_topple__WY2010__r2,toe_E5_C,daily_level,toe_E5_C_s01_pre_topple__WY2010,2010-01-22,2010-09-30,252,16,60,0.8692519596779973,-0.0232049635451873,0.12346839451634756
toe_E5_C__daily_level__toe_E5_C_s01_pre_topple__WY2010__r2,toe_E5_C,daily_level,toe_E5_C_s01_pre_topple__WY2010,2010-01-22,2010-09-30,252,17,60,0.8598290778901427,-0.026403169307744473,0.12346839451634756
toe_E5_C__daily_level__toe_E5_C_s01_pre_topple__WY2010__r2,toe_E5_C,daily_level,toe_E5_C_s01_pre_topple__WY2010,2010-01-22,2010-09-30,252,18,60,0.8501504333399224,-0.020291212790634974,0.12346839451634756
toe_E5_C__daily_level__toe_E5_C_s01_pre_topple__WY2010__r2,toe_E5_C,daily_level,toe_E5_C_s01_pre_topple__WY2010,2010-01-22,2010-09-30,252,19,60,0.8404653560794871,-0.0032509347447782673,0.12346839451634756
toe_E5_C__daily_level__toe_E5_C_s01_pre_topple__WY2010__r2,toe_E5_C,daily_level,toe_E5_C_s01_pre_topple__WY2010,2010-01-22,2010-09-30,252,20,60,0.8308362748239222,-0.001447923951460896,0.12346839451634756
toe_E5_C__daily_level__toe_E5_C_s01_pre_topple__WY2010__r2,toe_E5_C,daily_level,toe_E5_C_s01_pre_topple__WY2010,2010-01-22,2010-09-30,252,21,60,0.8213588144080242,0.005833973297434542,0.12346839451634756
toe_E5_C__daily_level__toe_E5_C_s01_pre_topple__WY2010__r2,toe_E5_C,daily_level,toe_E5_C_s01_pre_topple__WY2010,2010-01-22,2010-09-30,252,22,60,0.8119347910225441,-0.002400983738163749,0.12346839451634756
toe_E5_C__daily_level__toe_E5_C_s01_pre_topple__WY2010__r2,toe_E5_C,daily_level,toe_E5_C_s01_pre_topple__WY2010,2010-01-22,2010-09-30,252,23,60,0.8024217743300455,-0.011083467097742864,0.12346839451634756
toe_E5_C__daily_level__toe_E5_C_s01_pre_topple__WY2010__r2,toe_E5_C,daily_level,toe_E5_C_s01_pre_topple__WY2010,2010-01-22,2010-09-30,252,24,60,0.7926414057352433,-0.022641483690176822,0.12346839451634756
toe_E5_C__daily_level__toe_E5_C_s01_pre_topple__WY2010__r2,toe_E5_C,daily_level,toe_E5_C_s01_pre_topple__WY2010,2010-01-22,2010-09-30,252,25,60,0.7828238646694494,-0.004227466349490686,0.12346839451634756
toe_E5_C__daily_level__toe_E5_C_s01_pre_topple__WY2010__r2,toe_E5_C,daily_level,toe_E5_C_s01_pre_topple__WY2010,2010-01-22,2010-09-30,252,26,60,0.7729978065157543,-0.00470669984223438,0.12346839451634756
toe_E5_C__daily_level__toe_E5_C_s01_pre_topple__WY2010__r2,toe_E5_C,daily_level,toe_E5_C_s01_pre_topple__WY2010,2010-01-22,2010-09-30,252,27,60,0.7629930562663436,-0.01868030224148197,0.12346839451634756
toe_E5_C__daily_level__toe_E5_C_s01_pre_topple__WY2010__r2,toe_E5_C,daily_level,toe_E5_C_s01_pre_topple__WY2010,2010-01-22,2010-09-30,252,28,60,0.75277166542038,-0.02100220371309032,0.12346839451634756
toe_E5_C__daily_level__toe_E5_C_s01_pre_topple__WY2010__r2,toe_E5_C,daily_level,toe_E5_C_s01_pre_topple__WY2010,2010-01-22,2010-09-30,252,29,60,0.7421829943990761,-0.03173031109741403,0.12346839451634756
toe_E5_C__daily_level__toe_E5_C_s01_pre_topple__WY2010__r2,toe_E5_C,daily_level,toe_E5_C_s01_pre_topple__WY2010,2010-01-22,2010-09-30,252,30,60,0.7309835429943341,-0.047308716858162604,0.12346839451634756
toe_E5_C__daily_level__toe_E5_C_s01_pre_topple__WY2010__r2,toe_E5_C,daily_level,toe_E5_C_s01_pre_topple__WY2010,2010-01-22,2010-09-30,252,31,60,0.7192224191444533,-0.04137134556077523,0.12346839451634756
toe_E5_C__daily_level__toe_E5_C_s01_pre_topple__WY2010__r2,toe_E5_C,daily_level,toe_E5_C_s01_pre_topple__WY2010,2010-01-22,2010-09-30,252,32,60,0.7073061213926332,-0.011973275664298837,0.12346839451634756
toe_E5_C__daily_level__toe_E5_C_s01_pre_topple__WY2010__r2,toe_E5_C,daily_level,toe_E5_C_s01_pre_topple__WY2010,2010-01-22,2010-09-30,252,33,60,0.6953632590488795,-0.006184027999388513,0.12346839451634756
toe_E5_C__daily_level__toe_E5_C_s01_pre_topple__WY2010__r2,toe_E5_C,daily_level,toe_E5_C_s01_pre_topple__WY2010,2010-01-22,2010-09-30,252,34,60,0.6832180838001177,-0.022173856239224184,0.12346839451634756
toe_E5_C__daily_level__toe_E5_C_s01_pre_topple__WY2010__r2,toe_E5_C,daily_level,toe_E5_C_s01_pre_topple__WY2010,2010-01-22,2010-09-30,252,35,60,0.6707858801236896,-0.027458618381164448,0.12346839451634756
toe_E5_C__daily_level__toe_E5_C_s01_pre_topple__WY2010__r2,toe_E5_C,daily_level,toe_E5_C_s01_pre_topple__WY2010,2010-01-22,2010-09-30,252,36,60,0.6581712452986496,-0.018346818956591883,0.12346839451634756
toe_E5_C__daily_level__toe_E5_C_s01_pre_topple__WY2010__r2,toe_E5_C,daily_level,toe_E5_C_s01_pre_topple__WY2010,2010-01-22,2010-09-30,252,37,60,0.6451239770409535,-0.03700818282199933,0.12346839451634756
toe_E5_C__daily_level__toe_E5_C_s01_pre_topple__WY2010__r2,toe_E5_C,daily_level,toe_E5_C_s01_pre_topple__WY2010,2010-01-22,2010-09-30,252,38,60,0.6321209168306253,0.00129069236447216,0.12346839451634756
toe_E5_C__daily_level__toe_E5_C_s01_pre_topple__WY2010__r2,toe_E5_C,daily_level,toe_E5_C_s01_pre_topple__WY2010,2010-01-22,2010-09-30,252,39,60,0.6191289006153017,-0.006077045209653704,0.12346839451634756
toe_E5_C__daily_level__toe_E5_C_s01_pre_topple__WY2010__r2,toe_E5_C,daily_level,toe_E5_C_s01_pre_topple__WY2010,2010-01-22,2010-09-30,252,40,60,0.6058972579276426,-0.02483070111663549,0.12346839451634756
toe_E5_C__daily_level__toe_E5_C_s01_pre_topple__WY2010__r2,toe_E5_C,daily_level,toe_E5_C_s01_pre_topple__WY2010,2010-01-22,2010-09-30,252,41,60,0.5924988137172875,-0.018847129752846095,0.12346839451634756
toe_E5_C__daily_level__toe_E5_C_s01_pre_topple__WY2010__r2,toe_E5_C,daily_level,toe_E5_C_s01_pre_topple__WY2010,2010-01-22,2010-09-30,252,42,60,0.5787705183413757,-0.03211441116482351,0.12346839451634756
toe_E5_C__daily_level__toe_E5_C_s01_pre_topple__WY2010__r2,toe_E5_C,daily_level,toe_E5_C_s01_pre_topple__WY2010,2010-01-22,2010-09-30,252,43,60,0.5651323899374567,0.003999915089601547,0.12346839451634756
toe_E5_C__daily_level__toe_E5_C_s01_pre_topple__WY2010__r2,toe_E5_C,daily_level,toe_E5_C_s01_pre_topple__WY2010,2010-01-22,2010-09-30,252,44,60,0.5516002505355402,0.0005715292040854069,0.12346839451634756
toe_E5_C__daily_level__toe_E5_C_s01_pre_topple__WY2010__r2,toe_E5_C,daily_level,toe_E5_C_s01_pre_topple__WY2010,2010-01-22,2010-09-30,252,45,60,0.5380696054720883,-0.00643192095423151,0.12346839451634756
toe_E5_C__daily_level__toe_E5_C_s01_pre_topple__WY2010__r2,toe_E5_C,daily_level,toe_E5_C_s01_pre_topple__WY2010,2010-01-22,2010-09-30,252,46,60,0.5239751843454015,-0.047760854841263176,0.12346839451634756
toe_E5_C__daily_level__toe_E5_C_s01_pre_topple__WY2010__r2,toe_E5_C,daily_level,toe_E5_C_s01_pre_topple__WY2010,2010-01-22,2010-09-30,252,47,60,0.5098587778442221,-0.005501030123376823,0.12346839451634756
toe_E5_C__daily_level__toe_E5_C_s01_pre_topple__WY2010__r2,toe_E5_C,daily_level,toe_E5_C_s01_pre_topple__WY2010,2010-01-22,2010-09-30,252,48,60,0.495702030617967,-0.011230220860026447,0.12346839451634756
toe_E5_C__daily_level__toe_E5_C_s01_pre_topple__WY2010__r2,toe_E5_C,daily_level,toe_E5_C_s01_pre_topple__WY2010,2010-01-22,2010-09-30,252,49,60,0.4816676588090672,0.0005364846013381345,0.12346839451634756
toe_E5_C__daily_level__toe_E5_C_s01_pre_topple__WY2010__r2,toe_E5_C,daily_level,toe_E5_C_s01_pre_topple__WY2010,2010-01-22,2010-09-30,252,50,60,0.46748943287243466,-0.022051189438568142,0.12346839451634756
toe_E5_C__daily_level__toe_E5_C_s01_pre_topple__WY2010__r2,toe_E5_C,daily_level,toe_E5_C_s01_pre_topple__WY2010,2010-01-22,2010-09-30,252,51,60,0.45331541417199417,-0.008685701669864297,0.12346839451634756
toe_E5_C__daily_level__toe_E5_C_s01_pre_topple__WY2010__r2,toe_E5_C,daily_level,toe_E5_C_s01_pre_topple__WY2010,2010-01-22,2010-09-30,252,52,60,0.43919641021554345,-0.0049447633075355105,0.12346839451634756
toe_E5_C__daily_level__toe_E5_C_s01_pre_topple__WY2010__r2,toe_E5_C,daily_level,toe_E5_C_s01_pre_topple__WY2010,2010-01-22,2010-09-30,252,53,60,0.42511976081368724,-0.005095345609210653,0.12346839451634756
toe_E5_C__daily_level__toe_E5_C_s01_pre_topple__WY2010__r2,toe_E5_C,daily_level,toe_E5_C_s01_pre_topple__WY2010,2010-01-22,2010-09-30,252,54,60,0.41100649049924254,-0.01088532575507961,0.12346839451634756
toe_E5_C__daily_level__toe_E5_C_s01_pre_topple__WY2010__r2,toe_E5_C,daily_level,toe_E5_C_s01_pre_topple__WY2010,2010-01-22,2010-09-30,252,55,60,0.3967794965382103,-0.01795079130357768,0.12346839451634756
toe_E5_C__daily_level__toe_E5_C_s01_pre_topple__WY2010__r2,toe_E5_C,daily_level,toe_E5_C_s01_pre_topple__WY2010,2010-01-22,2010-09-30,252,56,60,0.3825915606082923,-0.006027602234535364,0.12346839451634756
toe_E5_C__daily_level__toe_E5_C_s01_pre_topple__WY2010__r2,toe_E5_C,daily_level,toe_E5_C_s01_pre_topple__WY2010,2010-01-22,2010-09-30,252,57,60,0.36837992049397406,-0.009820905688286563,0.12346839451634756
toe_E5_C__daily_level__toe_E5_C_s01_pre_topple__WY2010__r2,toe_E5_C,daily_level,toe_E5_C_s01_pre_topple__WY2010,2010-01-22,2010-09-30,252,58,60,0.35417703476593987,-0.006524020012400829,0.12346839451634756
toe_E5_C__daily_level__toe_E5_C_s01_pre_topple__WY2010__r2,toe_E5_C,daily_level,toe_E5_C_s01_pre_topple__WY2010,2010-01-22,2010-09-30,252,59,60,0.3399641311980699,-0.007927099813120564,0.12346839451634756
toe_E5_C__daily_level__toe_E5_C_s01_pre_topple__WY2010__r2,toe_E5_C,daily_level,toe_E5_C_s01_pre_topple__WY2010,2010-01-22,2010-09-30,252,60,60,0.32576989724080313,-0.006985707147131135,0.12346839451634756
toe_E5_C__daily_level__toe_E5_C_s01_pre_topple__WY2012__r1,toe_E5_C,daily_level,toe_E5_C_s01_pre_topple__WY2012,2011-10-01,2012-05-15,228,0,57,1.0,1.0,0.1298041709923743
toe_E5_C__daily_level__toe_E5_C_s01_pre_topple__WY2012__r1,toe_E5_C,daily_level,toe_E5_C_s01_pre_topple__WY2012,2011-10-01,2012-05-15,228,1,57,0.8672462281984826,0.8672462281984825,0.1298041709923743
toe_E5_C__daily_level__toe_E5_C_s01_pre_topple__WY2012__r1,toe_E5_C,daily_level,toe_E5_C_s01_pre_topple__WY2012,2011-10-01,2012-05-15,228,2,57,0.7124676879913092,-0.15994713488579165,0.1298041709923743
toe_E5_C__daily_level__toe_E5_C_s01_pre_topple__WY2012__r1,toe_E5_C,daily_level,toe_E5_C_s01_pre_topple__WY2012,2011-10-01,2012-05-15,228,3,57,0.5623339064384512,-0.06485977135300171,0.1298041709923743
toe_E5_C__daily_level__toe_E5_C_s01_pre_topple__WY2012__r1,toe_E5_C,daily_level,toe_E5_C_s01_pre_topple__WY2012,2011-10-01,2012-05-15,228,4,57,0.4669620946564363,0.12818225009546333,0.1298041709923743
toe_E5_C__daily_level__toe_E5_C_s01_pre_topple__WY2012__r1,toe_E5_C,daily_level,toe_E5_C_s01_pre_topple__WY2012,2011-10-01,2012-05-15,228,5,57,0.4163107119334173,0.08421249678135971,0.1298041709923743
toe_E5_C__daily_level__toe_E5_C_s01_pre_topple__WY2012__r1,toe_E5_C,daily_level,toe_E5_C_s01_pre_topple__WY2012,2011-10-01,2012-05-15,228,6,57,0.39518482896661455,0.05504123789591568,0.1298041709923743
toe_E5_C__daily_level__toe_E5_C_s01_pre_topple__WY2012__r1,toe_E5_C,daily_level,toe_E5_C_s01_pre_topple__WY2012,2011-10-01,2012-05-15,228,7,57,0.3676761083596364,-0.033510587272196975,0.1298041709923743
toe_E5_C__daily_level__toe_E5_C_s01_pre_topple__WY2012__r1,toe_E5_C,daily_level,toe_E5_C_s01_pre_topple__WY2012,2011-10-01,2012-05-15,228,8,57,0.34163086898132705,0.03507249302619856,0.1298041709923743
toe_E5_C__daily_level__toe_E5_C_s01_pre_topple__WY2012__r1,toe_E5_C,daily_level,toe_E5_C_s01_pre_topple__WY2012,2011-10-01,2012-05-15,228,9,57,0.3191429187302728,0.0453142667286753,0.1298041709923743
toe_E5_C__daily_level__toe_E5_C_s01_pre_topple__WY2012__r1,toe_E5_C,daily_level,toe_E5_C_s01_pre_topple__WY2012,2011-10-01,2012-05-15,228,10,57,0.31155501723592255,0.06225844316205174,0.1298041709923743
toe_E5_C__daily_level__toe_E5_C_s01_pre_topple__WY2012__r1,toe_E5_C,daily_level,toe_E5_C_s01_pre_topple__WY2012,2011-10-01,2012-05-15,228,11,57,0.3157061698615139,0.050429097612968224,0.1298041709923743
toe_E5_C__daily_level__toe_E5_C_s01_pre_topple__WY2012__r1,toe_E5_C,daily_level,toe_E5_C_s01_pre_topple__WY2012,2011-10-01,2012-05-15,228,12,57,0.31454167158510604,-0.008241774946872723,0.1298041709923743
toe_E5_C__daily_level__toe_E5_C_s01_pre_topple__WY2012__r1,toe_E5_C,daily_level,toe_E5_C_s01_pre_topple__WY2012,2011-10-01,2012-05-15,228,13,57,0.32725060090499286,0.10465916808821966,0.1298041709923743
toe_E5_C__daily_level__toe_E5_C_s01_pre_topple__WY2012__r1,toe_E5_C,daily_level,toe_E5_C_s01_pre_topple__WY2012,2011-10-01,2012-05-15,228,14,57,0.3284287647446261,-0.0024277889331339687,0.1298041709923743
toe_E5_C__daily_level__toe_E5_C_s01_pre_topple__WY2012__r1,toe_E5_C,daily_level,toe_E5_C_s01_pre_topple__WY2012,2011-10-01,2012-05-15,228,15,57,0.32196889835510284,0.0026272303499763716,0.1298041709923743
toe_E5_C__daily_level__toe_E5_C_s01_pre_topple__WY2012__r1,toe_E5_C,daily_level,toe_E5_C_s01_pre_topple__WY2012,2011-10-01,2012-05-15,228,16,57,0.28987626746045997,-0.06819039548205331,0.1298041709923743
toe_E5_C__daily_level__toe_E5_C_s01_pre_topple__WY2012__r1,toe_E5_C,daily_level,toe_E5_C_s01_pre_topple__WY2012,2011-10-01,2012-05-15,228,17,57,0.23359407050048325,-0.08980065911698483,0.1298041709923743
toe_E5_C__daily_level__toe_E5_C_s01_pre_topple__WY2012__r1,toe_E5_C,daily_level,toe_E5_C_s01_pre_topple__WY2012,2011-10-01,2012-05-15,228,18,57,0.17515721727527006,-0.013277300033015724,0.1298041709923743
toe_E5_C__daily_level__toe_E5_C_s01_pre_topple__WY2012__r1,toe_E5_C,daily_level,toe_E5_C_s01_pre_topple__WY2012,2011-10-01,2012-05-15,228,19,57,0.13553343084674144,0.011905927438443268,0.1298041709923743
toe_E5_C__daily_level__toe_E5_C_s01_pre_topple__WY2012__r1,toe_E5_C,daily_level,toe_E5_C_s01_pre_topple__WY2012,2011-10-01,2012-05-15,228,20,57,0.0866201271095828,-0.12660736691911786,0.1298041709923743
toe_E5_C__daily_level__toe_E5_C_s01_pre_topple__WY2012__r1,toe_E5_C,daily_level,toe_E5_C_s01_pre_topple__WY2012,2011-10-01,2012-05-15,228,21,57,0.05701759860401863,0.008295485472290965,0.1298041709923743
toe_E5_C__daily_level__toe_E5_C_s01_pre_topple__WY2012__r1,toe_E5_C,daily_level,toe_E5_C_s01_pre_topple__WY2012,2011-10-01,2012-05-15,228,22,57,0.035241106178415325,-0.0021176181720547077,0.1298041709923743
toe_E5_C__daily_level__toe_E5_C_s01_pre_topple__WY2012__r1,toe_E5_C,daily_level,toe_E5_C_s01_pre_topple__WY2012,2011-10-01,2012-05-15,228,23,57,-0.005389018621639407,-0.13248973568399225,0.1298041709923743
toe_E5_C__daily_level__toe_E5_C_s01_pre_topple__WY2012__r1,toe_E5_C,daily_level,toe_E5_C_s01_pre_topple__WY2012,2011-10-01,2012-05-15,228,24,57,-0.027856686083810245,0.03770962285551501,0.1298041709923743
toe_E5_C__daily_level__toe_E5_C_s01_pre_topple__WY2012__r1,toe_E5_C,daily_level,toe_E5_C_s01_pre_topple__WY2012,2011-10-01,2012-05-15,228,25,57,-0.027181691429940036,0.054945499270065916,0.1298041709923743
toe_E5_C__daily_level__toe_E5_C_s01_pre_topple__WY2012__r1,toe_E5_C,daily_level,toe_E5_C_s01_pre_topple__WY2012,2011-10-01,2012-05-15,228,26,57,-0.03079572651765936,-0.0854007120260069,0.1298041709923743
toe_E5_C__daily_level__toe_E5_C_s01_pre_topple__WY2012__r1,toe_E5_C,daily_level,toe_E5_C_s01_pre_topple__WY2012,2011-10-01,2012-05-15,228,27,57,-0.03405403269265316,-0.013394441365366796,0.1298041709923743
toe_E5_C__daily_level__toe_E5_C_s01_pre_topple__WY2012__r1,toe_E5_C,daily_level,toe_E5_C_s01_pre_topple__WY2012,2011-10-01,2012-05-15,228,28,57,-0.03978215846784197,0.005123775362336213,0.1298041709923743
toe_E5_C__daily_level__toe_E5_C_s01_pre_topple__WY2012__r1,toe_E5_C,daily_level,toe_E5_C_s01_pre_topple__WY2012,2011-10-01,2012-05-15,228,29,57,-0.046577470981207264,-0.004792130297665073,0.1298041709923743
toe_E5_C__daily_level__toe_E5_C_s01_pre_topple__WY2012__r1,toe_E5_C,daily_level,toe_E5_C_s01_pre_topple__WY2012,2011-10-01,2012-05-15,228,30,57,-0.057661813236162054,-0.024736144462756213,0.1298041709923743
toe_E5_C__daily_level__toe_E5_C_s01_pre_topple__WY2012__r1,toe_E5_C,daily_level,toe_E5_C_s01_pre_topple__WY2012,2011-10-01,2012-05-15,228,31,57,-0.0787471306251978,-0.0378947160508929,0.1298041709923743
toe_E5_C__daily_level__toe_E5_C_s01_pre_topple__WY2012__r1,toe_E5_C,daily_level,toe_E5_C_s01_pre_topple__WY2012,2011-10-01,2012-05-15,228,32,57,-0.10040660696108876,-0.015242806738577837,0.1298041709923743
toe_E5_C__daily_level__toe_E5_C_s01_pre_topple__WY2012__r1,toe_E5_C,daily_level,toe_E5_C_s01_pre_topple__WY2012,2011-10-01,2012-05-15,228,33,57,-0.11665369909415177,0.030167249584108727,0.1298041709923743
toe_E5_C__daily_level__toe_E5_C_s01_pre_topple__WY2012__r1,toe_E5_C,daily_level,toe_E5_C_s01_pre_topple__WY2012,2011-10-01,2012-05-15,228,34,57,-0.13000425295320217,-0.007768620282499254,0.1298041709923743
toe_E5_C__daily_level__toe_E5_C_s01_pre_topple__WY2012__r1,toe_E5_C,daily_level,toe_E5_C_s01_pre_topple__WY2012,2011-10-01,2012-05-15,228,35,57,-0.12097430949387124,0.05746323624052915,0.1298041709923743
toe_E5_C__daily_level__toe_E5_C_s01_pre_topple__WY2012__r1,toe_E5_C,daily_level,toe_E5_C_s01_pre_topple__WY2012,2011-10-01,2012-05-15,228,36,57,-0.12466947573712438,-0.05271801747758268,0.1298041709923743
toe_E5_C__daily_level__toe_E5_C_s01_pre_topple__WY2012__r1,toe_E5_C,daily_level,toe_E5_C_s01_pre_topple__WY2012,2011-10-01,2012-05-15,228,37,57,-0.11915625582728154,0.050001272161710186,0.1298041709923743
toe_E5_C__daily_level__toe_E5_C_s01_pre_topple__WY2012__r1,toe_E5_C,daily_level,toe_E5_C_s01_pre_topple__WY2012,2011-10-01,2012-05-15,228,38,57,-0.1043738013976922,0.06331549079748193,0.1298041709923743
toe_E5_C__daily_level__toe_E5_C_s01_pre_topple__WY2012__r1,toe_E5_C,daily_level,toe_E5_C_s01_pre_topple__WY2012,2011-10-01,2012-05-15,228,39,57,-0.10135068387692785,-0.039335025833289676,0.1298041709923743
toe_E5_C__daily_level__toe_E5_C_s01_pre_topple__WY2012__r1,toe_E5_C,daily_level,toe_E5_C_s01_pre_topple__WY2012,2011-10-01,2012-05-15,228,40,57,-0.10759680087590992,-0.0558376710135579,0.1298041709923743
toe_E5_C__daily_level__toe_E5_C_s01_pre_topple__WY2012__r1,toe_E5_C,daily_level,toe_E5_C_s01_pre_topple__WY2012,2011-10-01,2012-05-15,228,41,57,-0.10854754976177644,0.025173987061383244,0.1298041709923743
toe_E5_C__daily_level__toe_E5_C_s01_pre_topple__WY2012__r1,toe_E5_C,daily_level,toe_E5_C_s01_pre_topple__WY2012,2011-10-01,2012-05-15,228,42,57,-0.10841082912058304,0.04435061596452155,0.1298041709923743
toe_E5_C__daily_level__toe_E5_C_s01_pre_topple__WY2012__r1,toe_E5_C,daily_level,toe_E5_C_s01_pre_topple__WY2012,2011-10-01,2012-05-15,228,43,57,-0.0979174044325832,0.004462588177550831,0.1298041709923743
toe_E5_C__daily_level__toe_E5_C_s01_pre_topple__WY2012__r1,toe_E5_C,daily_level,toe_E5_C_s01_pre_topple__WY2012,2011-10-01,2012-05-15,228,44,57,-0.0899343649225453,-0.03954396852908196,0.1298041709923743
toe_E5_C__daily_level__toe_E5_C_s01_pre_topple__WY2012__r1,toe_E5_C,daily_level,toe_E5_C_s01_pre_topple__WY2012,2011-10-01,2012-05-15,228,45,57,-0.11578613769919682,-0.1126372806850511,0.1298041709923743
toe_E5_C__daily_level__toe_E5_C_s01_pre_topple__WY2012__r1,toe_E5_C,daily_level,toe_E5_C_s01_pre_topple__WY2012,2011-10-01,2012-05-15,228,46,57,-0.15019568717014378,-0.031967830858945286,0.1298041709923743
toe_E5_C__daily_level__toe_E5_C_s01_pre_topple__WY2012__r1,toe_E5_C,daily_level,toe_E5_C_s01_pre_topple__WY2012,2011-10-01,2012-05-15,228,47,57,-0.18669904453967692,-0.023186705251504618,0.1298041709923743
toe_E5_C__daily_level__toe_E5_C_s01_pre_topple__WY2012__r1,toe_E5_C,daily_level,toe_E5_C_s01_pre_topple__WY2012,2011-10-01,2012-05-15,228,48,57,-0.2023922605147682,0.004291657601805951,0.1298041709923743
toe_E5_C__daily_level__toe_E5_C_s01_pre_topple__WY2012__r1,toe_E5_C,daily_level,toe_E5_C_s01_pre_topple__WY2012,2011-10-01,2012-05-15,228,49,57,-0.18686246332554943,0.05033353806684877,0.1298041709923743
toe_E5_C__daily_level__toe_E5_C_s01_pre_topple__WY2012__r1,toe_E5_C,daily_level,toe_E5_C_s01_pre_topple__WY2012,2011-10-01,2012-05-15,228,50,57,-0.14767669344008488,0.03773275771738986,0.1298041709923743
toe_E5_C__daily_level__toe_E5_C_s01_pre_topple__WY2012__r1,toe_E5_C,daily_level,toe_E5_C_s01_pre_topple__WY2012,2011-10-01,2012-05-15,228,51,57,-0.11275967050732634,-0.016737573834237844,0.1298041709923743
toe_E5_C__daily_level__toe_E5_C_s01_pre_topple__WY2012__r1,toe_E5_C,daily_level,toe_E5_C_s01_pre_topple__WY2012,2011-10-01,2012-05-15,228,52,57,-0.10950252080713734,-0.0946502089487555,0.1298041709923743
toe_E5_C__daily_level__toe_E5_C_s01_pre_topple__WY2012__r1,toe_E5_C,daily_level,toe_E5_C_s01_pre_topple__WY2012,2011-10-01,2012-05-15,228,53,57,-0.11045326969300388,0.05144838952458468,0.1298041709923743
toe_E5_C__daily_level__toe_E5_C_s01_pre_topple__WY2012__r1,toe_E5_C,daily_level,toe_E5_C_s01_pre_topple__WY2012,2011-10-01,2012-05-15,228,54,57,-0.10288680746234191,0.024208863846418807,0.1298041709923743
toe_E5_C__daily_level__toe_E5_C_s01_pre_topple__WY2012__r1,toe_E5_C,daily_level,toe_E5_C_s01_pre_topple__WY2012,2011-10-01,2012-05-15,228,55,57,-0.08320527941012949,0.040103750082053864,0.1298041709923743
toe_E5_C__daily_level__toe_E5_C_s01_pre_topple__WY2012__r1,toe_E5_C,daily_level,toe_E5_C_s01_pre_topple__WY2012,2011-10-01,2012-05-15,228,56,57,-0.048247690899604026,0.06814796988853603,0.1298041709923743
toe_E5_C__daily_level__toe_E5_C_s01_pre_topple__WY2012__r1,toe_E5_C,daily_level,toe_E5_C_s01_pre_topple__WY2012,2011-10-01,2012-05-15,228,57,57,0.0008984885421744998,0.059756000690561535,0.1298041709923743
toe_E5_C__daily_level__toe_E5_C_s01_pre_topple__WY2013__r2,toe_E5_C,daily_level,toe_E5_C_s01_pre_topple__WY2013,2012-12-27,2013-06-03,159,0,39,1.0,1.0,0.15543811080075626
toe_E5_C__daily_level__toe_E5_C_s01_pre_topple__WY2013__r2,toe_E5_C,daily_level,toe_E5_C_s01_pre_topple__WY2013,2012-12-27,2013-06-03,159,1,39,0.842657412819599,0.8426574128195993,0.15543811080075626
toe_E5_C__daily_level__toe_E5_C_s01_pre_topple__WY2013__r2,toe_E5_C,daily_level,toe_E5_C_s01_pre_topple__WY2013,2012-12-27,2013-06-03,159,2,39,0.6742473096722004,-0.12356221484947093,0.15543811080075626
toe_E5_C__daily_level__toe_E5_C_s01_pre_topple__WY2013__r2,toe_E5_C,daily_level,toe_E5_C_s01_pre_topple__WY2013,2012-12-27,2013-06-03,159,3,39,0.5733716406907676,0.1370558616004263,0.15543811080075626
toe_E5_C__daily_level__toe_E5_C_s01_pre_topple__WY2013__r2,toe_E5_C,daily_level,toe_E5_C_s01_pre_topple__WY2013,2012-12-27,2013-06-03,159,4,39,0.48750693836615216,-0.034793650468190655,0.15543811080075626
toe_E5_C__daily_level__toe_E5_C_s01_pre_topple__WY2013__r2,toe_E5_C,daily_level,toe_E5_C_s01_pre_topple__WY2013,2012-12-27,2013-06-03,159,5,39,0.42332553262994066,0.05642498477130138,0.15543811080075626
toe_E5_C__daily_level__toe_E5_C_s01_pre_topple__WY2013__r2,toe_E5_C,daily_level,toe_E5_C_s01_pre_topple__WY2013,2012-12-27,2013-06-03,159,6,39,0.4171310350920153,0.16231353250264474,0.15543811080075626
toe_E5_C__daily_level__toe_E5_C_s01_pre_topple__WY2013__r2,toe_E5_C,daily_level,toe_E5_C_s01_pre_topple__WY2013,2012-12-27,2013-06-03,159,7,39,0.4051250617716502,-0.019466965489398646,0.15543811080075626
toe_E5_C__daily_level__toe_E5_C_s01_pre_topple__WY2013__r2,toe_E5_C,daily_level,toe_E5_C_s01_pre_topple__WY2013,2012-12-27,2013-06-03,159,8,39,0.39437059423577053,0.08184424384522879,0.15543811080075626
toe_E5_C__daily_level__toe_E5_C_s01_pre_topple__WY2013__r2,toe_E5_C,daily_level,toe_E5_C_s01_pre_topple__WY2013,2012-12-27,2013-06-03,159,9,39,0.3835124264476009,0.004710448653211322,0.15543811080075626
toe_E5_C__daily_level__toe_E5_C_s01_pre_topple__WY2013__r2,toe_E5_C,daily_level,toe_E5_C_s01_pre_topple__WY2013,2012-12-27,2013-06-03,159,10,39,0.3769457444425527,0.06059563551689081,0.15543811080075626
toe_E5_C__daily_level__toe_E5_C_s01_pre_topple__WY2013__r2,toe_E5_C,daily_level,toe_E5_C_s01_pre_topple__WY2013,2012-12-27,2013-06-03,159,11,39,0.38526786167381627,0.09674968525009185,0.15543811080075626
toe_E5_C__daily_level__toe_E5_C_s01_pre_topple__WY2013__r2,toe_E5_C,daily_level,toe_E5_C_s01_pre_topple__WY2013,2012-12-27,2013-06-03,159,12,39,0.3724621179145577,-0.05423432706838812,0.15543811080075626
toe_E5_C__daily_level__toe_E5_C_s01_pre_topple__WY2013__r2,toe_E5_C,daily_level,toe_E5_C_s01_pre_topple__WY2013,2012-12-27,2013-06-03,159,13,39,0.34692255139465633,0.02001461651200557,0.15543811080075626
toe_E5_C__daily_level__toe_E5_C_s01_pre_topple__WY2013__r2,toe_E5_C,daily_level,toe_E5_C_s01_pre_topple__WY2013,2012-12-27,2013-06-03,159,14,39,0.3473577672462803,0.07883892502489805,0.15543811080075626
toe_E5_C__daily_level__toe_E5_C_s01_pre_topple__WY2013__r2,toe_E5_C,daily_level,toe_E5_C_s01_pre_topple__WY2013,2012-12-27,2013-06-03,159,15,39,0.31568283922445833,-0.11000414399247474,0.15543811080075626
toe_E5_C__daily_level__toe_E5_C_s01_pre_topple__WY2013__r2,toe_E5_C,daily_level,toe_E5_C_s01_pre_topple__WY2013,2012-12-27,2013-06-03,159,16,39,0.2688747771253129,0.0015807612854062477,0.15543811080075626
toe_E5_C__daily_level__toe_E5_C_s01_pre_topple__WY2013__r2,toe_E5_C,daily_level,toe_E5_C_s01_pre_topple__WY2013,2012-12-27,2013-06-03,159,17,39,0.24036199652263318,-0.020240223837187304,0.15543811080075626
toe_E5_C__daily_level__toe_E5_C_s01_pre_topple__WY2013__r2,toe_E5_C,daily_level,toe_E5_C_s01_pre_topple__WY2013,2012-12-27,2013-06-03,159,18,39,0.20462145039048552,-0.0615331999016283,0.15543811080075626
toe_E5_C__daily_level__toe_E5_C_s01_pre_topple__WY2013__r2,toe_E5_C,daily_level,toe_E5_C_s01_pre_topple__WY2013,2012-12-27,2013-06-03,159,19,39,0.20594166976507688,0.14913933197087748,0.15543811080075626
toe_E5_C__daily_level__toe_E5_C_s01_pre_topple__WY2013__r2,toe_E5_C,daily_level,toe_E5_C_s01_pre_topple__WY2013,2012-12-27,2013-06-03,159,20,39,0.2019632324130733,-0.11726219238515585,0.15543811080075626
toe_E5_C__daily_level__toe_E5_C_s01_pre_topple__WY2013__r2,toe_E5_C,daily_level,toe_E5_C_s01_pre_topple__WY2013,2012-12-27,2013-06-03,159,21,39,0.1919048350637972,0.04631787879437618,0.15543811080075626
toe_E5_C__daily_level__toe_E5_C_s01_pre_topple__WY2013__r2,toe_E5_C,daily_level,toe_E5_C_s01_pre_topple__WY2013,2012-12-27,2013-06-03,159,22,39,0.17603496193208146,-0.04980225181388371,0.15543811080075626
toe_E5_C__daily_level__toe_E5_C_s01_pre_topple__WY2013__r2,toe_E5_C,daily_level,toe_E5_C_s01_pre_topple__WY2013,2012-12-27,2013-06-03,159,23,39,0.17106782080482047,0.019557303356846415,0.15543811080075626
toe_E5_C__daily_level__toe_E5_C_s01_pre_topple__WY2013__r2,toe_E5_C,daily_level,toe_E5_C_s01_pre_topple__WY2013,2012-12-27,2013-06-03,159,24,39,0.14261044170678883,-0.03605291398905672,0.15543811080075626
toe_E5_C__daily_level__toe_E5_C_s01_pre_topple__WY2013__r2,toe_E5_C,daily_level,toe_E5_C_s01_pre_topple__WY2013,2012-12-27,2013-06-03,159,25,39,0.13107467090023156,0.0048860253061888985,0.15543811080075626
toe_E5_C__daily_level__toe_E5_C_s01_pre_topple__WY2013__r2,toe_E5_C,daily_level,toe_E5_C_s01_pre_topple__WY2013,2012-12-27,2013-06-03,159,26,39,0.15623316333889548,0.12906275277453227,0.15543811080075626
toe_E5_C__daily_level__toe_E5_C_s01_pre_topple__WY2013__r2,toe_E5_C,daily_level,toe_E5_C_s01_pre_topple__WY2013,2012-12-27,2013-06-03,159,27,39,0.20812927425154637,0.13024207548696476,0.15543811080075626
toe_E5_C__daily_level__toe_E5_C_s01_pre_topple__WY2013__r2,toe_E5_C,daily_level,toe_E5_C_s01_pre_topple__WY2013,2012-12-27,2013-06-03,159,28,39,0.25427499309201046,0.040721114564372676,0.15543811080075626
toe_E5_C__daily_level__toe_E5_C_s01_pre_topple__WY2013__r2,toe_E5_C,daily_level,toe_E5_C_s01_pre_topple__WY2013,2012-12-27,2013-06-03,159,29,39,0.2685733700682565,-0.006456179093291025,0.15543811080075626
toe_E5_C__daily_level__toe_E5_C_s01_pre_topple__WY2013__r2,toe_E5_C,daily_level,toe_E5_C_s01_pre_topple__WY2013,2012-12-27,2013-06-03,159,30,39,0.2462144181357134,-0.06795953535919827,0.15543811080075626
toe_E5_C__daily_level__toe_E5_C_s01_pre_topple__WY2013__r2,toe_E5_C,daily_level,toe_E5_C_s01_pre_topple__WY2013,2012-12-27,2013-06-03,159,31,39,0.22555870733324732,0.03580381451974056,0.15543811080075626
toe_E5_C__daily_level__toe_E5_C_s01_pre_topple__WY2013__r2,toe_E5_C,daily_level,toe_E5_C_s01_pre_topple__WY2013,2012-12-27,2013-06-03,159,32,39,0.20851687929551518,0.045524854334380915,0.15543811080075626
toe_E5_C__daily_level__toe_E5_C_s01_pre_topple__WY2013__r2,toe_E5_C,daily_level,toe_E5_C_s01_pre_topple__WY2013,2012-12-27,2013-06-03,159,33,39,0.18457685365340087,-0.08051216328185043,0.15543811080075626
toe_E5_C__daily_level__toe_E5_C_s01_pre_topple__WY2013__r2,toe_E5_C,daily_level,toe_E5_C_s01_pre_topple__WY2013,2012-12-27,2013-06-03,159,34,39,0.17427412146311289,0.04475038082730211,0.15543811080075626
toe_E5_C__daily_level__toe_E5_C_s01_pre_topple__WY2013__r2,toe_E5_C,daily_level,toe_E5_C_s01_pre_topple__WY2013,2012-12-27,2013-06-03,159,35,39,0.1689589452425501,-0.03007442343935551,0.15543811080075626
toe_E5_C__daily_level__toe_E5_C_s01_pre_topple__WY2013__r2,toe_E5_C,daily_level,toe_E5_C_s01_pre_topple__WY2013,2012-12-27,2013-06-03,159,36,39,0.1594744506593717,0.005680563508553656,0.15543811080075626
toe_E5_C__daily_level__toe_E5_C_s01_pre_topple__WY2013__r2,toe_E5_C,daily_level,toe_E5_C_s01_pre_topple__WY2013,2012-12-27,2013-06-03,159,37,39,0.14286589079901538,-0.033336128168968714,0.15543811080075626
toe_E5_C__daily_level__toe_E5_C_s01_pre_topple__WY2013__r2,toe_E5_C,daily_level,toe_E5_C_s01_pre_topple__WY2013,2012-12-27,2013-06-03,159,38,39,0.12445038955629195,-0.08782675449594819,0.15543811080075626
toe_E5_C__daily_level__toe_E5_C_s01_pre_topple__WY2013__r2,toe_E5_C,daily_level,toe_E5_C_s01_pre_topple__WY2013,2012-12-27,2013-06-03,159,39,39,0.11732827195336223,0.06013525724728905,0.15543811080075626
toe_E5_C__daily_level__toe_E5_C_s01_pre_topple__WY2014__r2,toe_E5_C,daily_level,toe_E5_C_s01_pre_topple__WY2014,2014-01-13,2014-09-30,261,0,60,1.0,1.0,0.1213209542756739
toe_E5_C__daily_level__toe_E5_C_s01_pre_topple__WY2014__r2,toe_E5_C,daily_level,toe_E5_C_s01_pre_topple__WY2014,2014-01-13,2014-09-30,261,1,60,0.7730440517112424,0.7730440517112422,0.1213209542756739
toe_E5_C__daily_level__toe_E5_C_s01_pre_topple__WY2014__r2,toe_E5_C,daily_level,toe_E5_C_s01_pre_topple__WY2014,2014-01-13,2014-09-30,261,2,60,0.5788784721338253,-0.04651714494630797,0.1213209542756739
toe_E5_C__daily_level__toe_E5_C_s01_pre_topple__WY2014__r2,toe_E5_C,daily_level,toe_E5_C_s01_pre_topple__WY2014,2014-01-13,2014-09-30,261,3,60,0.4695605501877961,0.09265867469027043,0.1213209542756739
toe_E5_C__daily_level__toe_E5_C_s01_pre_topple__WY2014__r2,toe_E5_C,daily_level,toe_E5_C_s01_pre_topple__WY2014,2014-01-13,2014-09-30,261,4,60,0.3738420773151804,-0.023528028784258498,0.1213209542756739
toe_E5_C__daily_level__toe_E5_C_s01_pre_topple__WY2014__r2,toe_E5_C,daily_level,toe_E5_C_s01_pre_topple__WY2014,2014-01-13,2014-09-30,261,5,60,0.28460071431147144,-0.021135164654276836,0.1213209542756739
toe_E5_C__daily_level__toe_E5_C_s01_pre_topple__WY2014__r2,toe_E5_C,daily_level,toe_E5_C_s01_pre_topple__WY2014,2014-01-13,2014-09-30,261,6,60,0.24765705019660308,0.07550657685973737,0.1213209542756739
toe_E5_C__daily_level__toe_E5_C_s01_pre_topple__WY2014__r2,toe_E5_C,daily_level,toe_E5_C_s01_pre_topple__WY2014,2014-01-13,2014-09-30,261,7,60,0.2366218255573619,0.04894460314780752,0.1213209542756739
toe_E5_C__daily_level__toe_E5_C_s01_pre_topple__WY2014__r2,toe_E5_C,daily_level,toe_E5_C_s01_pre_topple__WY2014,2014-01-13,2014-09-30,261,8,60,0.21692098481716704,0.008497279838957074,0.1213209542756739
toe_E5_C__daily_level__toe_E5_C_s01_pre_topple__WY2014__r2,toe_E5_C,daily_level,toe_E5_C_s01_pre_topple__WY2014,2014-01-13,2014-09-30,261,9,60,0.1279200317822514,-0.1624230491855161,0.1213209542756739
toe_E5_C__daily_level__toe_E5_C_s01_pre_topple__WY2014__r2,toe_E5_C,daily_level,toe_E5_C_s01_pre_topple__WY2014,2014-01-13,2014-09-30,261,10,60,0.06077932455489601,-0.013566431821322224,0.1213209542756739
toe_E5_C__daily_level__toe_E5_C_s01_pre_topple__WY2014__r2,toe_E5_C,daily_level,toe_E5_C_s01_pre_topple__WY2014,2014-01-13,2014-09-30,261,11,60,-0.033395871421272795,-0.1577425489322209,0.1213209542756739
toe_E5_C__daily_level__toe_E5_C_s01_pre_topple__WY2014__r2,toe_E5_C,daily_level,toe_E5_C_s01_pre_topple__WY2014,2014-01-13,2014-09-30,261,12,60,-0.11980349885733507,-0.059143938105008426,0.1213209542756739
toe_E5_C__daily_level__toe_E5_C_s01_pre_topple__WY2014__r2,toe_E5_C,daily_level,toe_E5_C_s01_pre_topple__WY2014,2014-01-13,2014-09-30,261,13,60,-0.1396687489955433,0.05491448280960793,0.1213209542756739
toe_E5_C__daily_level__toe_E5_C_s01_pre_topple__WY2014__r2,toe_E5_C,daily_level,toe_E5_C_s01_pre_topple__WY2014,2014-01-13,2014-09-30,261,14,60,-0.1486038762299714,-0.042312495927503656,0.1213209542756739
toe_E5_C__daily_level__toe_E5_C_s01_pre_topple__WY2014__r2,toe_E5_C,daily_level,toe_E5_C_s01_pre_topple__WY2014,2014-01-13,2014-09-30,261,15,60,-0.12321156198483896,0.08292882423861932,0.1213209542756739
toe_E5_C__daily_level__toe_E5_C_s01_pre_topple__WY2014__r2,toe_E5_C,daily_level,toe_E5_C_s01_pre_topple__WY2014,2014-01-13,2014-09-30,261,16,60,-0.11328458837736688,-0.04974746031353188,0.1213209542756739
toe_E5_C__daily_level__toe_E5_C_s01_pre_topple__WY2014__r2,toe_E5_C,daily_level,toe_E5_C_s01_pre_topple__WY2014,2014-01-13,2014-09-30,261,17,60,-0.08197818889992088,0.09322281847013457,0.1213209542756739
toe_E5_C__daily_level__toe_E5_C_s01_pre_topple__WY2014__r2,toe_E5_C,daily_level,toe_E5_C_s01_pre_topple__WY2014,2014-01-13,2014-09-30,261,18,60,-0.04758523562958103,0.03303935214202074,0.1213209542756739
toe_E5_C__daily_level__toe_E5_C_s01_pre_topple__WY2014__r2,toe_E5_C,daily_level,toe_E5_C_s01_pre_topple__WY2014,2014-01-13,2014-09-30,261,19,60,-0.046381266309161534,-0.002137666686871025,0.1213209542756739
toe_E5_C__daily_level__toe_E5_C_s01_pre_topple__WY2014__r2,toe_E5_C,daily_level,toe_E5_C_s01_pre_topple__WY2014,2014-01-13,2014-09-30,261,20,60,-0.05278666025906208,0.0008586141268790117,0.1213209542756739
toe_E5_C__daily_level__toe_E5_C_s01_pre_topple__WY2014__r2,toe_E5_C,daily_level,toe_E5_C_s01_pre_topple__WY2014,2014-01-13,2014-09-30,261,21,60,-0.011265163655988696,0.07268259812649203,0.1213209542756739
toe_E5_C__daily_level__toe_E5_C_s01_pre_topple__WY2014__r2,toe_E5_C,daily_level,toe_E5_C_s01_pre_topple__WY2014,2014-01-13,2014-09-30,261,22,60,0.006454195004497776,-0.02134515332202222,0.1213209542756739
toe_E5_C__daily_level__toe_E5_C_s01_pre_topple__WY2014__r2,toe_E5_C,daily_level,toe_E5_C_s01_pre_topple__WY2014,2014-01-13,2014-09-30,261,23,60,0.044566523146877375,0.04477481633296773,0.1213209542756739
toe_E5_C__daily_level__toe_E5_C_s01_pre_topple__WY2014__r2,toe_E5_C,daily_level,toe_E5_C_s01_pre_topple__WY2014,2014-01-13,2014-09-30,261,24,60,0.10308422902760417,0.08315604563873366,0.1213209542756739
toe_E5_C__daily_level__toe_E5_C_s01_pre_topple__WY2014__r2,toe_E5_C,daily_level,toe_E5_C_s01_pre_topple__WY2014,2014-01-13,2014-09-30,261,25,60,0.15497282389786457,0.013988451750351261,0.1213209542756739
toe_E5_C__daily_level__toe_E5_C_s01_pre_topple__WY2014__r2,toe_E5_C,daily_level,toe_E5_C_s01_pre_topple__WY2014,2014-01-13,2014-09-30,261,26,60,0.20767105750173828,0.09765634377935982,0.1213209542756739
toe_E5_C__daily_level__toe_E5_C_s01_pre_topple__WY2014__r2,toe_E5_C,daily_level,toe_E5_C_s01_pre_topple__WY2014,2014-01-13,2014-09-30,261,27,60,0.22781933236306467,-0.002298269114205959,0.1213209542756739
toe_E5_C__daily_level__toe_E5_C_s01_pre_topple__WY2014__r2,toe_E5_C,daily_level,toe_E5_C_s01_pre_topple__WY2014,2014-01-13,2014-09-30,261,28,60,0.2125079123434174,-0.04279421955048845,0.1213209542756739
toe_E5_C__daily_level__toe_E5_C_s01_pre_topple__WY2014__r2,toe_E5_C,daily_level,toe_E5_C_s01_pre_topple__WY2014,2014-01-13,2014-09-30,261,29,60,0.1707188240833228,-0.059366647745037235,0.1213209542756739
toe_E5_C__daily_level__toe_E5_C_s01_pre_topple__WY2014__r2,toe_E5_C,daily_level,toe_E5_C_s01_pre_topple__WY2014,2014-01-13,2014-09-30,261,30,60,0.133300544159095,-0.009354603902294078,0.1213209542756739
toe_E5_C__daily_level__toe_E5_C_s01_pre_topple__WY2014__r2,toe_E5_C,daily_level,toe_E5_C_s01_pre_topple__WY2014,2014-01-13,2014-09-30,261,31,60,0.09701451763628041,-0.05792399991956068,0.1213209542756739
toe_E5_C__daily_level__toe_E5_C_s01_pre_topple__WY2014__r2,toe_E5_C,daily_level,toe_E5_C_s01_pre_topple__WY2014,2014-01-13,2014-09-30,261,32,60,0.04453571644119893,-0.09305457246008147,0.1213209542756739
toe_E5_C__daily_level__toe_E5_C_s01_pre_topple__WY2014__r2,toe_E5_C,daily_level,toe_E5_C_s01_pre_topple__WY2014,2014-01-13,2014-09-30,261,33,60,0.01189306421964442,-0.0013661278724683382,0.1213209542756739
toe_E5_C__daily_level__toe_E5_C_s01_pre_topple__WY2014__r2,toe_E5_C,daily_level,toe_E5_C_s01_pre_topple__WY2014,2014-01-13,2014-09-30,261,34,60,-0.020104358666310208,-0.09847903520240534,0.1213209542756739
toe_E5_C__daily_level__toe_E5_C_s01_pre_topple__WY2014__r2,toe_E5_C,daily_level,toe_E5_C_s01_pre_topple__WY2014,2014-01-13,2014-09-30,261,35,60,-0.035744597481984386,0.063834715987992,0.1213209542756739
toe_E5_C__daily_level__toe_E5_C_s01_pre_topple__WY2014__r2,toe_E5_C,daily_level,toe_E5_C_s01_pre_topple__WY2014,2014-01-13,2014-09-30,261,36,60,-0.05219447503127205,-0.0181878075339991,0.1213209542756739
toe_E5_C__daily_level__toe_E5_C_s01_pre_topple__WY2014__r2,toe_E5_C,daily_level,toe_E5_C_s01_pre_topple__WY2014,2014-01-13,2014-09-30,261,37,60,-0.07131367875019287,0.044288265181067925,0.1213209542756739
toe_E5_C__daily_level__toe_E5_C_s01_pre_topple__WY2014__r2,toe_E5_C,daily_level,toe_E5_C_s01_pre_topple__WY2014,2014-01-13,2014-09-30,261,38,60,-0.06209552679264662,0.10619959339571293,0.1213209542756739
toe_E5_C__daily_level__toe_E5_C_s01_pre_topple__WY2014__r2,toe_E5_C,daily_level,toe_E5_C_s01_pre_topple__WY2014,2014-01-13,2014-09-30,261,39,60,-0.0636554965973209,-0.006862672042689157,0.1213209542756739
toe_E5_C__daily_level__toe_E5_C_s01_pre_topple__WY2014__r2,toe_E5_C,daily_level,toe_E5_C_s01_pre_topple__WY2014,2014-01-13,2014-09-30,261,40,60,-0.07412149247174205,0.04287994217875286,0.1213209542756739
toe_E5_C__daily_level__toe_E5_C_s01_pre_topple__WY2014__r2,toe_E5_C,daily_level,toe_E5_C_s01_pre_topple__WY2014,2014-01-13,2014-09-30,261,41,60,-0.0692043524075096,0.0044889996754870305,0.1213209542756739
toe_E5_C__daily_level__toe_E5_C_s01_pre_topple__WY2014__r2,toe_E5_C,daily_level,toe_E5_C_s01_pre_topple__WY2014,2014-01-13,2014-09-30,261,42,60,-0.08614745815083748,-0.05285429115395788,0.1213209542756739
toe_E5_C__daily_level__toe_E5_C_s01_pre_topple__WY2014__r2,toe_E5_C,daily_level,toe_E5_C_s01_pre_topple__WY2014,2014-01-13,2014-09-30,261,43,60,-0.08187554742220492,0.009829888843406562,0.1213209542756739
toe_E5_C__daily_level__toe_E5_C_s01_pre_topple__WY2014__r2,toe_E5_C,daily_level,toe_E5_C_s01_pre_topple__WY2014,2014-01-13,2014-09-30,261,44,60,-0.06449121168597234,3.1027410512789465e-05,0.1213209542756739
toe_E5_C__daily_level__toe_E5_C_s01_pre_topple__WY2014__r2,toe_E5_C,daily_level,toe_E5_C_s01_pre_topple__WY2014,2014-01-13,2014-09-30,261,45,60,-0.03949751267941968,-0.006908559668454129,0.1213209542756739
toe_E5_C__daily_level__toe_E5_C_s01_pre_topple__WY2014__r2,toe_E5_C,daily_level,toe_E5_C_s01_pre_topple__WY2014,2014-01-13,2014-09-30,261,46,60,-0.020158876551706572,-0.025168135455690775,0.1213209542756739
toe_E5_C__daily_level__toe_E5_C_s01_pre_topple__WY2014__r2,toe_E5_C,daily_level,toe_E5_C_s01_pre_topple__WY2014,2014-01-13,2014-09-30,261,47,60,0.016182172981886768,0.07545959019938576,0.1213209542756739
toe_E5_C__daily_level__toe_E5_C_s01_pre_topple__WY2014__r2,toe_E5_C,daily_level,toe_E5_C_s01_pre_topple__WY2014,2014-01-13,2014-09-30,261,48,60,0.07017086525696037,0.03788990554064138,0.1213209542756739
toe_E5_C__daily_level__toe_E5_C_s01_pre_topple__WY2014__r2,toe_E5_C,daily_level,toe_E5_C_s01_pre_topple__WY2014,2014-01-13,2014-09-30,261,49,60,0.09160959878948662,-0.0004799386185760566,0.1213209542756739
toe_E5_C__daily_level__toe_E5_C_s01_pre_topple__WY2014__r2,toe_E5_C,daily_level,toe_E5_C_s01_pre_topple__WY2014,2014-01-13,2014-09-30,261,50,60,0.09621653244237295,0.023040582149791173,0.1213209542756739
toe_E5_C__daily_level__toe_E5_C_s01_pre_topple__WY2014__r2,toe_E5_C,daily_level,toe_E5_C_s01_pre_topple__WY2014,2014-01-13,2014-09-30,261,51,60,0.1386298724780664,0.06932609282790617,0.1213209542756739
toe_E5_C__daily_level__toe_E5_C_s01_pre_topple__WY2014__r2,toe_E5_C,daily_level,toe_E5_C_s01_pre_topple__WY2014,2014-01-13,2014-09-30,261,52,60,0.143799830767546,-0.05841930565682064,0.1213209542756739
toe_E5_C__daily_level__toe_E5_C_s01_pre_topple__WY2014__r2,toe_E5_C,daily_level,toe_E5_C_s01_pre_topple__WY2014,2014-01-13,2014-09-30,261,53,60,0.13301742435355182,-0.014387899635902568,0.1213209542756739
toe_E5_C__daily_level__toe_E5_C_s01_pre_topple__WY2014__r2,toe_E5_C,daily_level,toe_E5_C_s01_pre_topple__WY2014,2014-01-13,2014-09-30,261,54,60,0.11349340126782431,-0.08180319763448639,0.1213209542756739
toe_E5_C__daily_level__toe_E5_C_s01_pre_topple__WY2014__r2,toe_E5_C,daily_level,toe_E5_C_s01_pre_topple__WY2014,2014-01-13,2014-09-30,261,55,60,0.09413378758011015,-0.02552951113611519,0.1213209542756739
toe_E5_C__daily_level__toe_E5_C_s01_pre_topple__WY2014__r2,toe_E5_C,daily_level,toe_E5_C_s01_pre_topple__WY2014,2014-01-13,2014-09-30,261,56,60,0.07218084829354261,-0.04003717742607521,0.1213209542756739
toe_E5_C__daily_level__toe_E5_C_s01_pre_topple__WY2014__r2,toe_E5_C,daily_level,toe_E5_C_s01_pre_topple__WY2014,2014-01-13,2014-09-30,261,57,60,0.057995477547081675,0.02256479961764691,0.1213209542756739
toe_E5_C__daily_level__toe_E5_C_s01_pre_topple__WY2014__r2,toe_E5_C,daily_level,toe_E5_C_s01_pre_topple__WY2014,2014-01-13,2014-09-30,261,58,60,0.010298508182900451,-0.07788851968814706,0.1213209542756739
toe_E5_C__daily_level__toe_E5_C_s01_pre_topple__WY2014__r2,toe_E5_C,daily_level,toe_E5_C_s01_pre_topple__WY2014,2014-01-13,2014-09-30,261,59,60,-0.04274952177700114,-0.05442029441158788,0.1213209542756739
toe_E5_C__daily_level__toe_E5_C_s01_pre_topple__WY2014__r2,toe_E5_C,daily_level,toe_E5_C_s01_pre_topple__WY2014,2014-01-13,2014-09-30,261,60,60,-0.09434268366768948,0.007545609078032907,0.1213209542756739
toe_E5_C__daily_level__toe_E5_C_s01_pre_topple__WY2015__r1,toe_E5_C,daily_level,toe_E5_C_s01_pre_topple__WY2015,2014-10-01,2015-07-02,275,0,60,1.0,1.0,0.11819244707448333
toe_E5_C__daily_level__toe_E5_C_s01_pre_topple__WY2015__r1,toe_E5_C,daily_level,toe_E5_C_s01_pre_topple__WY2015,2014-10-01,2015-07-02,275,1,60,0.7638094851783948,0.7638094851783949,0.11819244707448333
toe_E5_C__daily_level__toe_E5_C_s01_pre_topple__WY2015__r1,toe_E5_C,daily_level,toe_E5_C_s01_pre_topple__WY2015,2014-10-01,2015-07-02,275,2,60,0.6024128865623933,0.045626936722680006,0.11819244707448333
toe_E5_C__daily_level__toe_E5_C_s01_pre_topple__WY2015__r1,toe_E5_C,daily_level,toe_E5_C_s01_pre_topple__WY2015,2014-10-01,2015-07-02,275,3,60,0.4992886420424123,0.06086660679404378,0.11819244707448333
toe_E5_C__daily_level__toe_E5_C_s01_pre_topple__WY2015__r1,toe_E5_C,daily_level,toe_E5_C_s01_pre_topple__WY2015,2014-10-01,2015-07-02,275,4,60,0.49739364970875993,0.21142852530558298,0.11819244707448333
toe_E5_C__daily_level__toe_E5_C_s01_pre_topple__WY2015__r1,toe_E5_C,daily_level,toe_E5_C_s01_pre_topple__WY2015,2014-10-01,2015-07-02,275,5,60,0.4671237912319699,0.015581293255011825,0.11819244707448333
toe_E5_C__daily_level__toe_E5_C_s01_pre_topple__WY2015__r1,toe_E5_C,daily_level,toe_E5_C_s01_pre_topple__WY2015,2014-10-01,2015-07-02,275,6,60,0.44798496746872607,0.07283072857616057,0.11819244707448333
toe_E5_C__daily_level__toe_E5_C_s01_pre_topple__WY2015__r1,toe_E5_C,daily_level,toe_E5_C_s01_pre_topple__WY2015,2014-10-01,2015-07-02,275,7,60,0.3843666238054289,-0.04720011974993061,0.11819244707448333
toe_E5_C__daily_level__toe_E5_C_s01_pre_topple__WY2015__r1,toe_E5_C,daily_level,toe_E5_C_s01_pre_topple__WY2015,2014-10-01,2015-07-02,275,8,60,0.3464501920643162,0.01888165947141369,0.11819244707448333
toe_E5_C__daily_level__toe_E5_C_s01_pre_topple__WY2015__r1,toe_E5_C,daily_level,toe_E5_C_s01_pre_topple__WY2015,2014-10-01,2015-07-02,275,9,60,0.3000868345691432,-0.026411081674201312,0.11819244707448333
toe_E5_C__daily_level__toe_E5_C_s01_pre_topple__WY2015__r1,toe_E5_C,daily_level,toe_E5_C_s01_pre_topple__WY2015,2014-10-01,2015-07-02,275,10,60,0.2660048441987246,-0.024979231092144293,0.11819244707448333
toe_E5_C__daily_level__toe_E5_C_s01_pre_topple__WY2015__r1,toe_E5_C,daily_level,toe_E5_C_s01_pre_topple__WY2015,2014-10-01,2015-07-02,275,11,60,0.24726061931108337,0.03436810921603115,0.11819244707448333
toe_E5_C__daily_level__toe_E5_C_s01_pre_topple__WY2015__r1,toe_E5_C,daily_level,toe_E5_C_s01_pre_topple__WY2015,2014-10-01,2015-07-02,275,12,60,0.2411533188389337,0.01999421989394363,0.11819244707448333
toe_E5_C__daily_level__toe_E5_C_s01_pre_topple__WY2015__r1,toe_E5_C,daily_level,toe_E5_C_s01_pre_topple__WY2015,2014-10-01,2015-07-02,275,13,60,0.23390126332484226,0.0295766525066857,0.11819244707448333
toe_E5_C__daily_level__toe_E5_C_s01_pre_topple__WY2015__r1,toe_E5_C,daily_level,toe_E5_C_s01_pre_topple__WY2015,2014-10-01,2015-07-02,275,14,60,0.22933331677023672,0.03313174473187258,0.11819244707448333
toe_E5_C__daily_level__toe_E5_C_s01_pre_topple__WY2015__r1,toe_E5_C,daily_level,toe_E5_C_s01_pre_topple__WY2015,2014-10-01,2015-07-02,275,15,60,0.20940529525578833,-0.008297364571729145,0.11819244707448333
toe_E5_C__daily_level__toe_E5_C_s01_pre_topple__WY2015__r1,toe_E5_C,daily_level,toe_E5_C_s01_pre_topple__WY2015,2014-10-01,2015-07-02,275,16,60,0.17912428204046532,-0.02665106262985928,0.11819244707448333
toe_E5_C__daily_level__toe_E5_C_s01_pre_topple__WY2015__r1,toe_E5_C,daily_level,toe_E5_C_s01_pre_topple__WY2015,2014-10-01,2015-07-02,275,17,60,0.19562345354761254,0.09261283091997914,0.11819244707448333
toe_E5_C__daily_level__toe_E5_C_s01_pre_topple__WY2015__r1,toe_E5_C,daily_level,toe_E5_C_s01_pre_topple__WY2015,2014-10-01,2015-07-02,275,18,60,0.17300574570441155,-0.07424056488089584,0.11819244707448333
toe_E5_C__daily_level__toe_E5_C_s01_pre_topple__WY2015__r1,toe_E5_C,daily_level,toe_E5_C_s01_pre_topple__WY2015,2014-10-01,2015-07-02,275,19,60,0.1354616033618354,-0.056647992776940596,0.11819244707448333
toe_E5_C__daily_level__toe_E5_C_s01_pre_topple__WY2015__r1,toe_E5_C,daily_level,toe_E5_C_s01_pre_topple__WY2015,2014-10-01,2015-07-02,275,20,60,0.07873967679652139,-0.07067427506259297,0.11819244707448333
toe_E5_C__daily_level__toe_E5_C_s01_pre_topple__WY2015__r1,toe_E5_C,daily_level,toe_E5_C_s01_pre_topple__WY2015,2014-10-01,2015-07-02,275,21,60,0.04998128539094323,-0.03200601676821188,0.11819244707448333
toe_E5_C__daily_level__toe_E5_C_s01_pre_topple__WY2015__r1,toe_E5_C,daily_level,toe_E5_C_s01_pre_topple__WY2015,2014-10-01,2015-07-02,275,22,60,0.03427114938425846,-0.004918450989292481,0.11819244707448333
toe_E5_C__daily_level__toe_E5_C_s01_pre_topple__WY2015__r1,toe_E5_C,daily_level,toe_E5_C_s01_pre_topple__WY2015,2014-10-01,2015-07-02,275,23,60,0.020094789925851474,-0.04030524528298222,0.11819244707448333
toe_E5_C__daily_level__toe_E5_C_s01_pre_topple__WY2015__r1,toe_E5_C,daily_level,toe_E5_C_s01_pre_topple__WY2015,2014-10-01,2015-07-02,275,24,60,-0.005207026876835417,-0.010438195888047402,0.11819244707448333
toe_E5_C__daily_level__toe_E5_C_s01_pre_topple__WY2015__r1,toe_E5_C,daily_level,toe_E5_C_s01_pre_topple__WY2015,2014-10-01,2015-07-02,275,25,60,-0.040100524475524424,-0.05076740563065083,0.11819244707448333
toe_E5_C__daily_level__toe_E5_C_s01_pre_topple__WY2015__r1,toe_E5_C,daily_level,toe_E5_C_s01_pre_topple__WY2015,2014-10-01,2015-07-02,275,26,60,-0.055471835299271445,0.012333839311456353,0.11819244707448333
toe_E5_C__daily_level__toe_E5_C_s01_pre_topple__WY2015__r1,toe_E5_C,daily_level,toe_E5_C_s01_pre_topple__WY2015,2014-10-01,2015-07-02,275,27,60,-0.029453488796586207,0.08869326543045647,0.11819244707448333
toe_E5_C__daily_level__toe_E5_C_s01_pre_topple__WY2015__r1,toe_E5_C,daily_level,toe_E5_C_s01_pre_topple__WY2015,2014-10-01,2015-07-02,275,28,60,-0.0034630291402332814,0.034208261610252026,0.11819244707448333
toe_E5_C__daily_level__toe_E5_C_s01_pre_topple__WY2015__r1,toe_E5_C,daily_level,toe_E5_C_s01_pre_topple__WY2015,2014-10-01,2015-07-02,275,29,60,0.006889881435270124,0.019588379339307016,0.11819244707448333
toe_E5_C__daily_level__toe_E5_C_s01_pre_topple__WY2015__r1,toe_E5_C,daily_level,toe_E5_C_s01_pre_topple__WY2015,2014-10-01,2015-07-02,275,30,60,-0.03642265507114694,-0.09532262455356905,0.11819244707448333
toe_E5_C__daily_level__toe_E5_C_s01_pre_topple__WY2015__r1,toe_E5_C,daily_level,toe_E5_C_s01_pre_topple__WY2015,2014-10-01,2015-07-02,275,31,60,-0.06095200623042846,-0.017258059974919946,0.11819244707448333
toe_E5_C__daily_level__toe_E5_C_s01_pre_topple__WY2015__r1,toe_E5_C,daily_level,toe_E5_C_s01_pre_topple__WY2015,2014-10-01,2015-07-02,275,32,60,-0.09241123870329201,-0.07766460886274185,0.11819244707448333
toe_E5_C__daily_level__toe_E5_C_s01_pre_topple__WY2015__r1,toe_E5_C,daily_level,toe_E5_C_s01_pre_topple__WY2015,2014-10-01,2015-07-02,275,33,60,-0.08130259459218273,0.028212287130201668,0.11819244707448333
toe_E5_C__daily_level__toe_E5_C_s01_pre_topple__WY2015__r1,toe_E5_C,daily_level,toe_E5_C_s01_pre_topple__WY2015,2014-10-01,2015-07-02,275,34,60,-0.09320059870523902,-0.053545028025890076,0.11819244707448333
toe_E5_C__daily_level__toe_E5_C_s01_pre_topple__WY2015__r1,toe_E5_C,daily_level,toe_E5_C_s01_pre_topple__WY2015,2014-10-01,2015-07-02,275,35,60,-0.09666283180276798,-0.011634578686373178,0.11819244707448333
toe_E5_C__daily_level__toe_E5_C_s01_pre_topple__WY2015__r1,toe_E5_C,daily_level,toe_E5_C_s01_pre_topple__WY2015,2014-10-01,2015-07-02,275,36,60,-0.09551258051693087,0.044064684088127234,0.11819244707448333
toe_E5_C__daily_level__toe_E5_C_s01_pre_topple__WY2015__r1,toe_E5_C,daily_level,toe_E5_C_s01_pre_topple__WY2015,2014-10-01,2015-07-02,275,37,60,-0.10661023214024952,-0.027378674602223284,0.11819244707448333
toe_E5_C__daily_level__toe_E5_C_s01_pre_topple__WY2015__r1,toe_E5_C,daily_level,toe_E5_C_s01_pre_topple__WY2015,2014-10-01,2015-07-02,275,38,60,-0.10851637921243483,0.05550841883479083,0.11819244707448333
toe_E5_C__daily_level__toe_E5_C_s01_pre_topple__WY2015__r1,toe_E5_C,daily_level,toe_E5_C_s01_pre_topple__WY2015,2014-10-01,2015-07-02,275,39,60,-0.0843594797024321,0.06408101577651419,0.11819244707448333
toe_E5_C__daily_level__toe_E5_C_s01_pre_topple__WY2015__r1,toe_E5_C,daily_level,toe_E5_C_s01_pre_topple__WY2015,2014-10-01,2015-07-02,275,40,60,-0.07556265515227228,-0.004694734030467724,0.11819244707448333
toe_E5_C__daily_level__toe_E5_C_s01_pre_topple__WY2015__r1,toe_E5_C,daily_level,toe_E5_C_s01_pre_topple__WY2015,2014-10-01,2015-07-02,275,41,60,-0.04528180418769163,0.06316519122515965,0.11819244707448333
toe_E5_C__daily_level__toe_E5_C_s01_pre_topple__WY2015__r1,toe_E5_C,daily_level,toe_E5_C_s01_pre_topple__WY2015,2014-10-01,2015-07-02,275,42,60,-0.04643221772427106,-0.03843859712662255,0.11819244707448333
toe_E5_C__daily_level__toe_E5_C_s01_pre_topple__WY2015__r1,toe_E5_C,daily_level,toe_E5_C_s01_pre_topple__WY2015,2014-10-01,2015-07-02,275,43,60,-0.045281966438433914,0.004561006218923988,0.11819244707448333
toe_E5_C__daily_level__toe_E5_C_s01_pre_topple__WY2015__r1,toe_E5_C,daily_level,toe_E5_C_s01_pre_topple__WY2015,2014-10-01,2015-07-02,275,44,60,-0.04259793860431905,-0.004664609417676259,0.11819244707448333
toe_E5_C__daily_level__toe_E5_C_s01_pre_topple__WY2015__r1,toe_E5_C,daily_level,toe_E5_C_s01_pre_topple__WY2015,2014-10-01,2015-07-02,275,45,60,-0.04911657005987049,-0.07529609453197386,0.11819244707448333
toe_E5_C__daily_level__toe_E5_C_s01_pre_topple__WY2015__r1,toe_E5_C,daily_level,toe_E5_C_s01_pre_topple__WY2015,2014-10-01,2015-07-02,275,46,60,-0.06714968036603762,-0.062378716564556846,0.11819244707448333
toe_E5_C__daily_level__toe_E5_C_s01_pre_topple__WY2015__r1,toe_E5_C,daily_level,toe_E5_C_s01_pre_topple__WY2015,2014-10-01,2015-07-02,275,47,60,-0.07828079620495514,-0.02131346397676084,0.11819244707448333
toe_E5_C__daily_level__toe_E5_C_s01_pre_topple__WY2015__r1,toe_E5_C,daily_level,toe_E5_C_s01_pre_topple__WY2015,2014-10-01,2015-07-02,275,48,60,-0.07444643595963198,0.018684960326705483,0.11819244707448333
toe_E5_C__daily_level__toe_E5_C_s01_pre_topple__WY2015__r1,toe_E5_C,daily_level,toe_E5_C_s01_pre_topple__WY2015,2014-10-01,2015-07-02,275,49,60,-0.08980659204484606,-0.01879463531910885,0.11819244707448333
toe_E5_C__daily_level__toe_E5_C_s01_pre_topple__WY2015__r1,toe_E5_C,daily_level,toe_E5_C_s01_pre_topple__WY2015,2014-10-01,2015-07-02,275,50,60,-0.10055426374669404,-0.017781614629285715,0.11819244707448333
toe_E5_C__daily_level__toe_E5_C_s01_pre_topple__WY2015__r1,toe_E5_C,daily_level,toe_E5_C_s01_pre_topple__WY2015,2014-10-01,2015-07-02,275,51,60,-0.13583120548245253,-0.0634355146714655,0.11819244707448333
toe_E5_C__daily_level__toe_E5_C_s01_pre_topple__WY2015__r1,toe_E5_C,daily_level,toe_E5_C_s01_pre_topple__WY2015,2014-10-01,2015-07-02,275,52,60,-0.1515636509662031,-0.0024773344022836975,0.11819244707448333
toe_E5_C__daily_level__toe_E5_C_s01_pre_topple__WY2015__r1,toe_E5_C,daily_level,toe_E5_C_s01_pre_topple__WY2015,2014-10-01,2015-07-02,275,53,60,-0.165762319901676,-0.03709356990454052,0.11819244707448333
toe_E5_C__daily_level__toe_E5_C_s01_pre_topple__WY2015__r1,toe_E5_C,daily_level,toe_E5_C_s01_pre_topple__WY2015,2014-10-01,2015-07-02,275,54,60,-0.18837445037561037,-0.06532338489711269,0.11819244707448333
toe_E5_C__daily_level__toe_E5_C_s01_pre_topple__WY2015__r1,toe_E5_C,daily_level,toe_E5_C_s01_pre_topple__WY2015,2014-10-01,2015-07-02,275,55,60,-0.1818448264322684,0.024688526276036755,0.11819244707448333
toe_E5_C__daily_level__toe_E5_C_s01_pre_topple__WY2015__r1,toe_E5_C,daily_level,toe_E5_C_s01_pre_topple__WY2015,2014-10-01,2015-07-02,275,56,60,-0.16152236829295988,-0.020485710981175177,0.11819244707448333
toe_E5_C__daily_level__toe_E5_C_s01_pre_topple__WY2015__r1,toe_E5_C,daily_level,toe_E5_C_s01_pre_topple__WY2015,2014-10-01,2015-07-02,275,57,60,-0.1757321919669657,-0.07993249524662545,0.11819244707448333
toe_E5_C__daily_level__toe_E5_C_s01_pre_topple__WY2015__r1,toe_E5_C,daily_level,toe_E5_C_s01_pre_topple__WY2015,2014-10-01,2015-07-02,275,58,60,-0.18876937375269728,-0.03481745733369175,0.11819244707448333
toe_E5_C__daily_level__toe_E5_C_s01_pre_topple__WY2015__r1,toe_E5_C,daily_level,toe_E5_C_s01_pre_topple__WY2015,2014-10-01,2015-07-02,275,59,60,-0.21254299137637298,-0.04038510686345991,0.11819244707448333
toe_E5_C__daily_level__toe_E5_C_s01_pre_topple__WY2015__r1,toe_E5_C,daily_level,toe_E5_C_s01_pre_topple__WY2015,2014-10-01,2015-07-02,275,60,60,-0.19949481710285066,0.04136356500656364,0.11819244707448333
toe_E5_C__daily_level__toe_E5_C_s01_pre_topple__WY2016__r1,toe_E5_C,daily_level,toe_E5_C_s01_pre_topple__WY2016,2015-10-01,2016-09-30,366,0,60,1.0,1.0,0.10245084120390606
toe_E5_C__daily_level__toe_E5_C_s01_pre_topple__WY2016__r1,toe_E5_C,daily_level,toe_E5_C_s01_pre_topple__WY2016,2015-10-01,2016-09-30,366,1,60,0.8518066736428023,0.8518066736428024,0.10245084120390606
toe_E5_C__daily_level__toe_E5_C_s01_pre_topple__WY2016__r1,toe_E5_C,daily_level,toe_E5_C_s01_pre_topple__WY2016,2015-10-01,2016-09-30,366,2,60,0.7197728152608338,-0.021141607873775742,0.10245084120390606
toe_E5_C__daily_level__toe_E5_C_s01_pre_topple__WY2016__r1,toe_E5_C,daily_level,toe_E5_C_s01_pre_topple__WY2016,2015-10-01,2016-09-30,366,3,60,0.6530697509502407,0.16408495818285024,0.10245084120390606
toe_E5_C__daily_level__toe_E5_C_s01_pre_topple__WY2016__r1,toe_E5_C,daily_level,toe_E5_C_s01_pre_topple__WY2016,2015-10-01,2016-09-30,366,4,60,0.6080608159764034,0.05965268326666889,0.10245084120390606
toe_E5_C__daily_level__toe_E5_C_s01_pre_topple__WY2016__r1,toe_E5_C,daily_level,toe_E5_C_s01_pre_topple__WY2016,2015-10-01,2016-09-30,366,5,60,0.5713495150437841,0.05828608999552433,0.10245084120390606
toe_E5_C__daily_level__toe_E5_C_s01_pre_topple__WY2016__r1,toe_E5_C,daily_level,toe_E5_C_s01_pre_topple__WY2016,2015-10-01,2016-09-30,366,6,60,0.5595703382444671,0.11507329966404937,0.10245084120390606
toe_E5_C__daily_level__toe_E5_C_s01_pre_topple__WY2016__r1,toe_E5_C,daily_level,toe_E5_C_s01_pre_topple__WY2016,2015-10-01,2016-09-30,366,7,60,0.5756475042978106,0.14737940190938104,0.10245084120390606
toe_E5_C__daily_level__toe_E5_C_s01_pre_topple__WY2016__r1,toe_E5_C,daily_level,toe_E5_C_s01_pre_topple__WY2016,2015-10-01,2016-09-30,366,8,60,0.5770077007307796,0.03793548751451443,0.10245084120390606
toe_E5_C__daily_level__toe_E5_C_s01_pre_topple__WY2016__r1,toe_E5_C,daily_level,toe_E5_C_s01_pre_topple__WY2016,2015-10-01,2016-09-30,366,9,60,0.5544424712780939,0.0003333065921775843,0.10245084120390606
toe_E5_C__daily_level__toe_E5_C_s01_pre_topple__WY2016__r1,toe_E5_C,daily_level,toe_E5_C_s01_pre_topple__WY2016,2015-10-01,2016-09-30,366,10,60,0.5203328969854992,-0.019259116040861522,0.10245084120390606
toe_E5_C__daily_level__toe_E5_C_s01_pre_topple__WY2016__r1,toe_E5_C,daily_level,toe_E5_C_s01_pre_topple__WY2016,2015-10-01,2016-09-30,366,11,60,0.4791982249647305,-0.03962544102514981,0.10245084120390606
toe_E5_C__daily_level__toe_E5_C_s01_pre_topple__WY2016__r1,toe_E5_C,daily_level,toe_E5_C_s01_pre_topple__WY2016,2015-10-01,2016-09-30,366,12,60,0.4708945540203881,0.10180547424972189,0.10245084120390606
toe_E5_C__daily_level__toe_E5_C_s01_pre_topple__WY2016__r1,toe_E5_C,daily_level,toe_E5_C_s01_pre_topple__WY2016,2015-10-01,2016-09-30,366,13,60,0.47328105970582923,0.041006637980013035,0.10245084120390606
toe_E5_C__daily_level__toe_E5_C_s01_pre_topple__WY2016__r1,toe_E5_C,daily_level,toe_E5_C_s01_pre_topple__WY2016,2015-10-01,2016-09-30,366,14,60,0.484915243666199,0.07585704563657615,0.10245084120390606
toe_E5_C__daily_level__toe_E5_C_s01_pre_topple__WY2016__r1,toe_E5_C,daily_level,toe_E5_C_s01_pre_topple__WY2016,2015-10-01,2016-09-30,366,15,60,0.49542942135104745,0.03686482572277065,0.10245084120390606
toe_E5_C__daily_level__toe_E5_C_s01_pre_topple__WY2016__r1,toe_E5_C,daily_level,toe_E5_C_s01_pre_topple__WY2016,2015-10-01,2016-09-30,366,16,60,0.49853717621391586,0.02402286554076376,0.10245084120390606
toe_E5_C__daily_level__toe_E5_C_s01_pre_topple__WY2016__r1,toe_E5_C,daily_level,toe_E5_C_s01_pre_topple__WY2016,2015-10-01,2016-09-30,366,17,60,0.45731534417170583,-0.12272940480553583,0.10245084120390606
toe_E5_C__daily_level__toe_E5_C_s01_pre_topple__WY2016__r1,toe_E5_C,daily_level,toe_E5_C_s01_pre_topple__WY2016,2015-10-01,2016-09-30,366,18,60,0.39046846582573436,-0.1006020574347476,0.10245084120390606
toe_E5_C__daily_level__toe_E5_C_s01_pre_topple__WY2016__r1,toe_E5_C,daily_level,toe_E5_C_s01_pre_topple__WY2016,2015-10-01,2016-09-30,366,19,60,0.34716786727214777,-0.010796186335592862,0.10245084120390606
toe_E5_C__daily_level__toe_E5_C_s01_pre_topple__WY2016__r1,toe_E5_C,daily_level,toe_E5_C_s01_pre_topple__WY2016,2015-10-01,2016-09-30,366,20,60,0.30534898908306435,-0.08939442638217669,0.10245084120390606
toe_E5_C__daily_level__toe_E5_C_s01_pre_topple__WY2016__r1,toe_E5_C,daily_level,toe_E5_C_s01_pre_topple__WY2016,2015-10-01,2016-09-30,366,21,60,0.2866013685695104,0.024294576880653715,0.10245084120390606
toe_E5_C__daily_level__toe_E5_C_s01_pre_topple__WY2016__r1,toe_E5_C,daily_level,toe_E5_C_s01_pre_topple__WY2016,2015-10-01,2016-09-30,366,22,60,0.2951217607638877,0.03471531237791419,0.10245084120390606
toe_E5_C__daily_level__toe_E5_C_s01_pre_topple__WY2016__r1,toe_E5_C,daily_level,toe_E5_C_s01_pre_topple__WY2016,2015-10-01,2016-09-30,366,23,60,0.307363885873811,0.010791718446215985,0.10245084120390606
toe_E5_C__daily_level__toe_E5_C_s01_pre_topple__WY2016__r1,toe_E5_C,daily_level,toe_E5_C_s01_pre_topple__WY2016,2015-10-01,2016-09-30,366,24,60,0.32370688999255065,0.0662471728466151,0.10245084120390606
toe_E5_C__daily_level__toe_E5_C_s01_pre_topple__WY2016__r1,toe_E5_C,daily_level,toe_E5_C_s01_pre_topple__WY2016,2015-10-01,2016-09-30,366,25,60,0.3171311664732833,-0.007811461283862989,0.10245084120390606
toe_E5_C__daily_level__toe_E5_C_s01_pre_topple__WY2016__r1,toe_E5_C,daily_level,toe_E5_C_s01_pre_topple__WY2016,2015-10-01,2016-09-30,366,26,60,0.2857758488582359,-0.04884238628141263,0.10245084120390606
toe_E5_C__daily_level__toe_E5_C_s01_pre_topple__WY2016__r1,toe_E5_C,daily_level,toe_E5_C_s01_pre_topple__WY2016,2015-10-01,2016-09-30,366,27,60,0.2536230170469999,-0.0009551455325012642,0.10245084120390606
toe_E5_C__daily_level__toe_E5_C_s01_pre_topple__WY2016__r1,toe_E5_C,daily_level,toe_E5_C_s01_pre_topple__WY2016,2015-10-01,2016-09-30,366,28,60,0.22950198121158566,-0.025649779529650994,0.10245084120390606
toe_E5_C__daily_level__toe_E5_C_s01_pre_topple__WY2016__r1,toe_E5_C,daily_level,toe_E5_C_s01_pre_topple__WY2016,2015-10-01,2016-09-30,366,29,60,0.22797718093484548,0.031117337873790705,0.10245084120390606
toe_E5_C__daily_level__toe_E5_C_s01_pre_topple__WY2016__r1,toe_E5_C,daily_level,toe_E5_C_s01_pre_topple__WY2016,2015-10-01,2016-09-30,366,30,60,0.21475550578067407,-0.05865745821622775,0.10245084120390606
toe_E5_C__daily_level__toe_E5_C_s01_pre_topple__WY2016__r1,toe_E5_C,daily_level,toe_E5_C_s01_pre_topple__WY2016,2015-10-01,2016-09-30,366,31,60,0.20844562032680297,-0.0027998848694100243,0.10245084120390606
toe_E5_C__daily_level__toe_E5_C_s01_pre_topple__WY2016__r1,toe_E5_C,daily_level,toe_E5_C_s01_pre_topple__WY2016,2015-10-01,2016-09-30,366,32,60,0.20394866331891215,-0.008820775469418948,0.10245084120390606
toe_E5_C__daily_level__toe_E5_C_s01_pre_topple__WY2016__r1,toe_E5_C,daily_level,toe_E5_C_s01_pre_topple__WY2016,2015-10-01,2016-09-30,366,33,60,0.1853710048471688,-0.011618764215215583,0.10245084120390606
toe_E5_C__daily_level__toe_E5_C_s01_pre_topple__WY2016__r1,toe_E5_C,daily_level,toe_E5_C_s01_pre_topple__WY2016,2015-10-01,2016-09-30,366,34,60,0.16086864391794875,0.017520752083828004,0.10245084120390606
toe_E5_C__daily_level__toe_E5_C_s01_pre_topple__WY2016__r1,toe_E5_C,daily_level,toe_E5_C_s01_pre_topple__WY2016,2015-10-01,2016-09-30,366,35,60,0.1427660075630609,0.02450985369196256,0.10245084120390606
toe_E5_C__daily_level__toe_E5_C_s01_pre_topple__WY2016__r1,toe_E5_C,daily_level,toe_E5_C_s01_pre_topple__WY2016,2015-10-01,2016-09-30,366,36,60,0.12606882655391496,-0.016654847452298668,0.10245084120390606
toe_E5_C__daily_level__toe_E5_C_s01_pre_topple__WY2016__r1,toe_E5_C,daily_level,toe_E5_C_s01_pre_topple__WY2016,2015-10-01,2016-09-30,366,37,60,0.12411694217211207,0.029005964721323836,0.10245084120390606
toe_E5_C__daily_level__toe_E5_C_s01_pre_topple__WY2016__r1,toe_E5_C,daily_level,toe_E5_C_s01_pre_topple__WY2016,2015-10-01,2016-09-30,366,38,60,0.15954363298543864,0.1106020769454669,0.10245084120390606
toe_E5_C__daily_level__toe_E5_C_s01_pre_topple__WY2016__r1,toe_E5_C,daily_level,toe_E5_C_s01_pre_topple__WY2016,2015-10-01,2016-09-30,366,39,60,0.19257778121019983,0.03062261924483386,0.10245084120390606
toe_E5_C__daily_level__toe_E5_C_s01_pre_topple__WY2016__r1,toe_E5_C,daily_level,toe_E5_C_s01_pre_topple__WY2016,2015-10-01,2016-09-30,366,40,60,0.18446368331249238,-0.0663980151430574,0.10245084120390606
toe_E5_C__daily_level__toe_E5_C_s01_pre_topple__WY2016__r1,toe_E5_C,daily_level,toe_E5_C_s01_pre_topple__WY2016,2015-10-01,2016-09-30,366,41,60,0.15982840335057416,-0.050586196975409566,0.10245084120390606
toe_E5_C__daily_level__toe_E5_C_s01_pre_topple__WY2016__r1,toe_E5_C,daily_level,toe_E5_C_s01_pre_topple__WY2016,2015-10-01,2016-09-30,366,42,60,0.15336598785918062,0.06744192965653253,0.10245084120390606
toe_E5_C__daily_level__toe_E5_C_s01_pre_topple__WY2016__r1,toe_E5_C,daily_level,toe_E5_C_s01_pre_topple__WY2016,2015-10-01,2016-09-30,366,43,60,0.13526335150429267,-0.037158800628665764,0.10245084120390606
toe_E5_C__daily_level__toe_E5_C_s01_pre_topple__WY2016__r1,toe_E5_C,daily_level,toe_E5_C_s01_pre_topple__WY2016,2015-10-01,2016-09-30,366,44,60,0.10721139870187289,-0.01577166001016756,0.10245084120390606
toe_E5_C__daily_level__toe_E5_C_s01_pre_topple__WY2016__r1,toe_E5_C,daily_level,toe_E5_C_s01_pre_topple__WY2016,2015-10-01,2016-09-30,366,45,60,0.09829978660797706,0.013576361923339657,0.10245084120390606
toe_E5_C__daily_level__toe_E5_C_s01_pre_topple__WY2016__r1,toe_E5_C,daily_level,toe_E5_C_s01_pre_topple__WY2016,2015-10-01,2016-09-30,366,46,60,0.12012951407645066,0.06401500241554309,0.10245084120390606
toe_E5_C__daily_level__toe_E5_C_s01_pre_topple__WY2016__r1,toe_E5_C,daily_level,toe_E5_C_s01_pre_topple__WY2016,2015-10-01,2016-09-30,366,47,60,0.1507885517169345,0.07483511885621653,0.10245084120390606
toe_E5_C__daily_level__toe_E5_C_s01_pre_topple__WY2016__r1,toe_E5_C,daily_level,toe_E5_C_s01_pre_topple__WY2016,2015-10-01,2016-09-30,366,48,60,0.16071222025651768,-0.009501447562339206,0.10245084120390606
toe_E5_C__daily_level__toe_E5_C_s01_pre_topple__WY2016__r1,toe_E5_C,daily_level,toe_E5_C_s01_pre_topple__WY2016,2015-10-01,2016-09-30,366,49,60,0.1571740234844819,0.016572733039661933,0.10245084120390606
toe_E5_C__daily_level__toe_E5_C_s01_pre_topple__WY2016__r1,toe_E5_C,daily_level,toe_E5_C_s01_pre_topple__WY2016,2015-10-01,2016-09-30,366,50,60,0.15948426415116176,0.046733555874002776,0.10245084120390606
toe_E5_C__daily_level__toe_E5_C_s01_pre_topple__WY2016__r1,toe_E5_C,daily_level,toe_E5_C_s01_pre_topple__WY2016,2015-10-01,2016-09-30,366,51,60,0.16094033660771623,0.004615299455996453,0.10245084120390606
toe_E5_C__daily_level__toe_E5_C_s01_pre_topple__WY2016__r1,toe_E5_C,daily_level,toe_E5_C_s01_pre_topple__WY2016,2015-10-01,2016-09-30,366,52,60,0.14724363933668946,-0.04509021782387481,0.10245084120390606
toe_E5_C__daily_level__toe_E5_C_s01_pre_topple__WY2016__r1,toe_E5_C,daily_level,toe_E5_C_s01_pre_topple__WY2016,2015-10-01,2016-09-30,366,53,60,0.14125624596215128,-0.001431729365940899,0.10245084120390606
toe_E5_C__daily_level__toe_E5_C_s01_pre_topple__WY2016__r1,toe_E5_C,daily_level,toe_E5_C_s01_pre_topple__WY2016,2015-10-01,2016-09-30,366,54,60,0.13507927954097823,-0.09744661239537396,0.10245084120390606
toe_E5_C__daily_level__toe_E5_C_s01_pre_topple__WY2016__r1,toe_E5_C,daily_level,toe_E5_C_s01_pre_topple__WY2016,2015-10-01,2016-09-30,366,55,60,0.13233859696513095,-0.022585007095638848,0.10245084120390606
toe_E5_C__daily_level__toe_E5_C_s01_pre_topple__WY2016__r1,toe_E5_C,daily_level,toe_E5_C_s01_pre_topple__WY2016,2015-10-01,2016-09-30,366,56,60,0.11953311091334204,-0.036373509832715235,0.10245084120390606
toe_E5_C__daily_level__toe_E5_C_s01_pre_topple__WY2016__r1,toe_E5_C,daily_level,toe_E5_C_s01_pre_topple__WY2016,2015-10-01,2016-09-30,366,57,60,0.11722822844470154,0.06262849510948841,0.10245084120390606
toe_E5_C__daily_level__toe_E5_C_s01_pre_topple__WY2016__r1,toe_E5_C,daily_level,toe_E5_C_s01_pre_topple__WY2016,2015-10-01,2016-09-30,366,58,60,0.11097499700476737,-0.0126797394825169,0.10245084120390606
toe_E5_C__daily_level__toe_E5_C_s01_pre_topple__WY2016__r1,toe_E5_C,daily_level,toe_E5_C_s01_pre_topple__WY2016,2015-10-01,2016-09-30,366,59,60,0.08962564985118858,-0.03146901194717141,0.10245084120390606
toe_E5_C__daily_level__toe_E5_C_s01_pre_topple__WY2016__r1,toe_E5_C,daily_level,toe_E5_C_s01_pre_topple__WY2016,2015-10-01,2016-09-30,366,60,60,0.04541422907353973,-0.11980362140730791,0.10245084120390606
toe_E5_C__daily_level__toe_E5_C_s03_post_relocation__WY2017__r1,toe_E5_C,daily_level,toe_E5_C_s03_post_relocation__WY2017,2017-04-25,2017-09-25,154,0,38,1.0,1.0,0.15794130094897454
toe_E5_C__daily_level__toe_E5_C_s03_post_relocation__WY2017__r1,toe_E5_C,daily_level,toe_E5_C_s03_post_relocation__WY2017,2017-04-25,2017-09-25,154,1,38,0.6719259041513559,0.6719259041513558,0.15794130094897454
toe_E5_C__daily_level__toe_E5_C_s03_post_relocation__WY2017__r1,toe_E5_C,daily_level,toe_E5_C_s03_post_relocation__WY2017,2017-04-25,2017-09-25,154,2,38,0.4060497898677487,-0.08283197873309962,0.15794130094897454
toe_E5_C__daily_level__toe_E5_C_s03_post_relocation__WY2017__r1,toe_E5_C,daily_level,toe_E5_C_s03_post_relocation__WY2017,2017-04-25,2017-09-25,154,3,38,0.23417792019393938,-0.010279892701115852,0.15794130094897454
toe_E5_C__daily_level__toe_E5_C_s03_post_relocation__WY2017__r1,toe_E5_C,daily_level,toe_E5_C_s03_post_relocation__WY2017,2017-04-25,2017-09-25,154,4,38,0.13829413281167274,0.01030649371316983,0.15794130094897454
toe_E5_C__daily_level__toe_E5_C_s03_post_relocation__WY2017__r1,toe_E5_C,daily_level,toe_E5_C_s03_post_relocation__WY2017,2017-04-25,2017-09-25,154,5,38,0.08762305426752763,0.008923430320754506,0.15794130094897454
toe_E5_C__daily_level__toe_E5_C_s03_post_relocation__WY2017__r1,toe_E5_C,daily_level,toe_E5_C_s03_post_relocation__WY2017,2017-04-25,2017-09-25,154,6,38,0.04818828178044288,-0.016051680993426912,0.15794130094897454
toe_E5_C__daily_level__toe_E5_C_s03_post_relocation__WY2017__r1,toe_E5_C,daily_level,toe_E5_C_s03_post_relocation__WY2017,2017-04-25,2017-09-25,154,7,38,0.009645775473735472,-0.026912469513732058,0.15794130094897454
toe_E5_C__daily_level__toe_E5_C_s03_post_relocation__WY2017__r1,toe_E5_C,daily_level,toe_E5_C_s03_post_relocation__WY2017,2017-04-25,2017-09-25,154,8,38,-0.00997365901628029,0.00018091349686812831,0.15794130094897454
toe_E5_C__daily_level__toe_E5_C_s03_post_relocation__WY2017__r1,toe_E5_C,daily_level,toe_E5_C_s03_post_relocation__WY2017,2017-04-25,2017-09-25,154,9,38,-0.02163493825198122,-0.010236224674393305,0.15794130094897454
toe_E5_C__daily_level__toe_E5_C_s03_post_relocation__WY2017__r1,toe_E5_C,daily_level,toe_E5_C_s03_post_relocation__WY2017,2017-04-25,2017-09-25,154,10,38,-0.03675399299194893,-0.024854894959946874,0.15794130094897454
toe_E5_C__daily_level__toe_E5_C_s03_post_relocation__WY2017__r1,toe_E5_C,daily_level,toe_E5_C_s03_post_relocation__WY2017,2017-04-25,2017-09-25,154,11,38,-0.03940475051551449,0.0006329583048797031,0.15794130094897454
toe_E5_C__daily_level__toe_E5_C_s03_post_relocation__WY2017__r1,toe_E5_C,daily_level,toe_E5_C_s03_post_relocation__WY2017,2017-04-25,2017-09-25,154,12,38,-0.04220584610448312,-0.013486587466428359,0.15794130094897454
toe_E5_C__daily_level__toe_E5_C_s03_post_relocation__WY2017__r1,toe_E5_C,daily_level,toe_E5_C_s03_post_relocation__WY2017,2017-04-25,2017-09-25,154,13,38,-0.04658549138018231,-0.015701919615380908,0.15794130094897454
toe_E5_C__daily_level__toe_E5_C_s03_post_relocation__WY2017__r1,toe_E5_C,daily_level,toe_E5_C_s03_post_relocation__WY2017,2017-04-25,2017-09-25,154,14,38,-0.05284436247341811,-0.018635243951093856,0.15794130094897454
toe_E5_C__daily_level__toe_E5_C_s03_post_relocation__WY2017__r1,toe_E5_C,daily_level,toe_E5_C_s03_post_relocation__WY2017,2017-04-25,2017-09-25,154,15,38,-0.05896265771329001,-0.017309880003981253,0.15794130094897454
toe_E5_C__daily_level__toe_E5_C_s03_post_relocation__WY2017__r1,toe_E5_C,daily_level,toe_E5_C_s03_post_relocation__WY2017,2017-04-25,2017-09-25,154,16,38,-0.04044015354514155,0.02538149885804448,0.15794130094897454
toe_E5_C__daily_level__toe_E5_C_s03_post_relocation__WY2017__r1,toe_E5_C,daily_level,toe_E5_C_s03_post_relocation__WY2017,2017-04-25,2017-09-25,154,17,38,-0.04233922074169249,-0.03516111583291644,0.15794130094897454
toe_E5_C__daily_level__toe_E5_C_s03_post_relocation__WY2017__r1,toe_E5_C,daily_level,toe_E5_C_s03_post_relocation__WY2017,2017-04-25,2017-09-25,154,18,38,-0.042208724055304285,-0.004638189537677242,0.15794130094897454
toe_E5_C__daily_level__toe_E5_C_s03_post_relocation__WY2017__r1,toe_E5_C,daily_level,toe_E5_C_s03_post_relocation__WY2017,2017-04-25,2017-09-25,154,19,38,-0.040574846714886904,-0.006724461118779407,0.15794130094897454
toe_E5_C__daily_level__toe_E5_C_s03_post_relocation__WY2017__r1,toe_E5_C,daily_level,toe_E5_C_s03_post_relocation__WY2017,2017-04-25,2017-09-25,154,20,38,-0.03570870096830701,-0.0033344026192580383,0.15794130094897454
toe_E5_C__daily_level__toe_E5_C_s03_post_relocation__WY2017__r1,toe_E5_C,daily_level,toe_E5_C_s03_post_relocation__WY2017,2017-04-25,2017-09-25,154,21,38,-0.030391541025518245,-0.005618754875164335,0.15794130094897454
toe_E5_C__daily_level__toe_E5_C_s03_post_relocation__WY2017__r1,toe_E5_C,daily_level,toe_E5_C_s03_post_relocation__WY2017,2017-04-25,2017-09-25,154,22,38,-0.04070953988463205,-0.03275111880781927,0.15794130094897454
toe_E5_C__daily_level__toe_E5_C_s03_post_relocation__WY2017__r1,toe_E5_C,daily_level,toe_E5_C_s03_post_relocation__WY2017,2017-04-25,2017-09-25,154,23,38,-0.054635652313415606,-0.022659949790859467,0.15794130094897454
toe_E5_C__daily_level__toe_E5_C_s03_post_relocation__WY2017__r1,toe_E5_C,daily_level,toe_E5_C_s03_post_relocation__WY2017,2017-04-25,2017-09-25,154,24,38,-0.05609346752579701,-0.004554770142210843,0.15794130094897454
toe_E5_C__daily_level__toe_E5_C_s03_post_relocation__WY2017__r1,toe_E5_C,daily_level,toe_E5_C_s03_post_relocation__WY2017,2017-04-25,2017-09-25,154,25,38,-0.05740094467277549,-0.01984143590909514,0.15794130094897454
toe_E5_C__daily_level__toe_E5_C_s03_post_relocation__WY2017__r1,toe_E5_C,daily_level,toe_E5_C_s03_post_relocation__WY2017,2017-04-25,2017-09-25,154,26,38,-0.058107069558142314,-0.01458561581912877,0.15794130094897454
toe_E5_C__daily_level__toe_E5_C_s03_post_relocation__WY2017__r1,toe_E5_C,daily_level,toe_E5_C_s03_post_relocation__WY2017,2017-04-25,2017-09-25,154,27,38,-0.05881319444350918,-0.016401394828258718,0.15794130094897454
toe_E5_C__daily_level__toe_E5_C_s03_post_relocation__WY2017__r1,toe_E5_C,daily_level,toe_E5_C_s03_post_relocation__WY2017,2017-04-25,2017-09-25,154,28,38,-0.058917967067264265,-0.014044412784483313,0.15794130094897454
toe_E5_C__daily_level__toe_E5_C_s03_post_relocation__WY2017__r1,toe_E5_C,daily_level,toe_E5_C_s03_post_relocation__WY2017,2017-04-25,2017-09-25,154,29,38,-0.05872206356021357,-0.016405045231485813,0.15794130094897454
toe_E5_C__daily_level__toe_E5_C_s03_post_relocation__WY2017__r1,toe_E5_C,daily_level,toe_E5_C_s03_post_relocation__WY2017,2017-04-25,2017-09-25,154,30,38,-0.058375821987760014,-0.01642792800596162,0.15794130094897454
toe_E5_C__daily_level__toe_E5_C_s03_post_relocation__WY2017__r1,toe_E5_C,daily_level,toe_E5_C_s03_post_relocation__WY2017,2017-04-25,2017-09-25,154,31,38,-0.05637586169587454,-0.010610130903963186,0.15794130094897454
toe_E5_C__daily_level__toe_E5_C_s03_post_relocation__WY2017__r1,toe_E5_C,daily_level,toe_E5_C_s03_post_relocation__WY2017,2017-04-25,2017-09-25,154,32,38,-0.0518201542921396,-0.012177347196467726,0.15794130094897454
toe_E5_C__daily_level__toe_E5_C_s03_post_relocation__WY2017__r1,toe_E5_C,daily_level,toe_E5_C_s03_post_relocation__WY2017,2017-04-25,2017-09-25,154,33,38,-0.04484927562991904,-0.006463714326821168,0.15794130094897454
toe_E5_C__daily_level__toe_E5_C_s03_post_relocation__WY2017__r1,toe_E5_C,daily_level,toe_E5_C_s03_post_relocation__WY2017,2017-04-25,2017-09-25,154,34,38,-0.032466226613193726,0.002741119360485148,0.15794130094897454
toe_E5_C__daily_level__toe_E5_C_s03_post_relocation__WY2017__r1,toe_E5_C,daily_level,toe_E5_C_s03_post_relocation__WY2017,2017-04-25,2017-09-25,154,35,38,-0.0337541793360938,-0.025111718569930094,0.15794130094897454
toe_E5_C__daily_level__toe_E5_C_s03_post_relocation__WY2017__r1,toe_E5_C,daily_level,toe_E5_C_s03_post_relocation__WY2017,2017-04-25,2017-09-25,154,36,38,-0.03398976560117362,-0.008378559183384817,0.15794130094897454
toe_E5_C__daily_level__toe_E5_C_s03_post_relocation__WY2017__r1,toe_E5_C,daily_level,toe_E5_C_s03_post_relocation__WY2017,2017-04-25,2017-09-25,154,37,38,-0.0354280563894767,-0.01629808671603515,0.15794130094897454
toe_E5_C__daily_level__toe_E5_C_s03_post_relocation__WY2017__r1,toe_E5_C,daily_level,toe_E5_C_s03_post_relocation__WY2017,2017-04-25,2017-09-25,154,38,38,-0.0358237429319987,-0.011840710674935915,0.15794130094897454
toe_M1_A__daily_first_difference__toe_M1_A_s01__r2,toe_M1_A,daily_first_difference,toe_M1_A_s01,2007-12-18,2011-01-12,1122,0,60,1.0,1.0,0.05851398053460015
toe_M1_A__daily_first_difference__toe_M1_A_s01__r2,toe_M1_A,daily_first_difference,toe_M1_A_s01,2007-12-18,2011-01-12,1122,1,60,-0.0774613619644501,-0.07746136196445008,0.05851398053460015
toe_M1_A__daily_first_difference__toe_M1_A_s01__r2,toe_M1_A,daily_first_difference,toe_M1_A_s01,2007-12-18,2011-01-12,1122,2,60,-0.009950157504745571,-0.016046704543215124,0.05851398053460015
toe_M1_A__daily_first_difference__toe_M1_A_s01__r2,toe_M1_A,daily_first_difference,toe_M1_A_s01,2007-12-18,2011-01-12,1122,3,60,-0.008728792835141599,-0.010822621859247745,0.05851398053460015
toe_M1_A__daily_first_difference__toe_M1_A_s01__r2,toe_M1_A,daily_first_difference,toe_M1_A_s01,2007-12-18,2011-01-12,1122,4,60,-0.030139860909465035,-0.03203902077520624,0.05851398053460015
toe_M1_A__daily_first_difference__toe_M1_A_s01__r2,toe_M1_A,daily_first_difference,toe_M1_A_s01,2007-12-18,2011-01-12,1122,5,60,-0.01641877790042805,-0.02173412063681965,0.05851398053460015
toe_M1_A__daily_first_difference__toe_M1_A_s01__r2,toe_M1_A,daily_first_difference,toe_M1_A_s01,2007-12-18,2011-01-12,1122,6,60,-0.006230673869451848,-0.010297532699520912,0.05851398053460015
toe_M1_A__daily_first_difference__toe_M1_A_s01__r2,toe_M1_A,daily_first_difference,toe_M1_A_s01,2007-12-18,2011-01-12,1122,7,60,0.0034354447880618143,0.0009100849265497695,0.05851398053460015
toe_M1_A__daily_first_difference__toe_M1_A_s01__r2,toe_M1_A,daily_first_difference,toe_M1_A_s01,2007-12-18,2011-01-12,1122,8,60,-0.0036170215440103305,-0.00497172935930217,0.05851398053460015
toe_M1_A__daily_first_difference__toe_M1_A_s01__r2,toe_M1_A,daily_first_difference,toe_M1_A_s01,2007-12-18,2011-01-12,1122,9,60,-0.02281708686427535,-0.025043161564550994,0.05851398053460015
toe_M1_A__daily_first_difference__toe_M1_A_s01__r2,toe_M1_A,daily_first_difference,toe_M1_A_s01,2007-12-18,2011-01-12,1122,10,60,-0.004414290625063728,-0.009273447258872431,0.05851398053460015
toe_M1_A__daily_first_difference__toe_M1_A_s01__r2,toe_M1_A,daily_first_difference,toe_M1_A_s01,2007-12-18,2011-01-12,1122,11,60,-0.023968844543305726,-0.026266393124878697,0.05851398053460015
toe_M1_A__daily_first_difference__toe_M1_A_s01__r2,toe_M1_A,daily_first_difference,toe_M1_A_s01,2007-12-18,2011-01-12,1122,12,60,-0.007495771772672541,-0.0126973586158693,0.05851398053460015
toe_M1_A__daily_first_difference__toe_M1_A_s01__r2,toe_M1_A,daily_first_difference,toe_M1_A_s01,2007-12-18,2011-01-12,1122,13,60,-0.010584738035089102,-0.014989702660143874,0.05851398053460015
toe_M1_A__daily_first_difference__toe_M1_A_s01__r2,toe_M1_A,daily_first_difference,toe_M1_A_s01,2007-12-18,2011-01-12,1122,14,60,-0.038632128450862904,-0.04355523936743923,0.05851398053460015
toe_M1_A__daily_first_difference__toe_M1_A_s01__r2,toe_M1_A,daily_first_difference,toe_M1_A_s01,2007-12-18,2011-01-12,1122,15,60,0.030767441221814892,0.02136636087278448,0.05851398053460015
toe_M1_A__daily_first_difference__toe_M1_A_s01__r2,toe_M1_A,daily_first_difference,toe_M1_A_s01,2007-12-18,2011-01-12,1122,16,60,-0.020237136111240756,-0.019672832241295755,0.05851398053460015
toe_M1_A__daily_first_difference__toe_M1_A_s01__r2,toe_M1_A,daily_first_difference,toe_M1_A_s01,2007-12-18,2011-01-12,1122,17,60,0.02681155192277085,0.02166578431770064,0.05851398053460015
toe_M1_A__daily_first_difference__toe_M1_A_s01__r2,toe_M1_A,daily_first_difference,toe_M1_A_s01,2007-12-18,2011-01-12,1122,18,60,-0.03011023590310425,-0.03063860412850903,0.05851398053460015
toe_M1_A__daily_first_difference__toe_M1_A_s01__r2,toe_M1_A,daily_first_difference,toe_M1_A_s01,2007-12-18,2011-01-12,1122,19,60,-0.009051692466224691,-0.01464391289038656,0.05851398053460015
toe_M1_A__daily_first_difference__toe_M1_A_s01__r2,toe_M1_A,daily_first_difference,toe_M1_A_s01,2007-12-18,2011-01-12,1122,20,60,0.08907915775532055,0.08567119477210171,0.05851398053460015
toe_M1_A__daily_first_difference__toe_M1_A_s01__r2,toe_M1_A,daily_first_difference,toe_M1_A_s01,2007-12-18,2011-01-12,1122,21,60,-0.008235830234854045,0.004617158134282598,0.05851398053460015
toe_M1_A__daily_first_difference__toe_M1_A_s01__r2,toe_M1_A,daily_first_difference,toe_M1_A_s01,2007-12-18,2011-01-12,1122,22,60,-0.004130907898515931,-0.005344924468302371,0.05851398053460015
toe_M1_A__daily_first_difference__toe_M1_A_s01__r2,toe_M1_A,daily_first_difference,toe_M1_A_s01,2007-12-18,2011-01-12,1122,23,60,-0.0027700625278157956,-0.00541132437346977,0.05851398053460015
toe_M1_A__daily_first_difference__toe_M1_A_s01__r2,toe_M1_A,daily_first_difference,toe_M1_A_s01,2007-12-18,2011-01-12,1122,24,60,-0.018493796829002228,-0.015278819121963388,0.05851398053460015
toe_M1_A__daily_first_difference__toe_M1_A_s01__r2,toe_M1_A,daily_first_difference,toe_M1_A_s01,2007-12-18,2011-01-12,1122,25,60,-0.001287342558276485,-0.00294160464629011,0.05851398053460015
toe_M1_A__daily_first_difference__toe_M1_A_s01__r2,toe_M1_A,daily_first_difference,toe_M1_A_s01,2007-12-18,2011-01-12,1122,26,60,-0.026940277342579134,-0.02690308712429242,0.05851398053460015
toe_M1_A__daily_first_difference__toe_M1_A_s01__r2,toe_M1_A,daily_first_difference,toe_M1_A_s01,2007-12-18,2011-01-12,1122,27,60,0.038358857632765996,0.030923830745032164,0.05851398053460015
toe_M1_A__daily_first_difference__toe_M1_A_s01__r2,toe_M1_A,daily_first_difference,toe_M1_A_s01,2007-12-18,2011-01-12,1122,28,60,0.05972587867931231,0.06441362857598597,0.05851398053460015
toe_M1_A__daily_first_difference__toe_M1_A_s01__r2,toe_M1_A,daily_first_difference,toe_M1_A_s01,2007-12-18,2011-01-12,1122,29,60,0.006919446408776177,0.021248523787445697,0.05851398053460015
toe_M1_A__daily_first_difference__toe_M1_A_s01__r2,toe_M1_A,daily_first_difference,toe_M1_A_s01,2007-12-18,2011-01-12,1122,30,60,-0.002378542738897734,-0.0005540716515783369,0.05851398053460015
toe_M1_A__daily_first_difference__toe_M1_A_s01__r2,toe_M1_A,daily_first_difference,toe_M1_A_s01,2007-12-18,2011-01-12,1122,31,60,-0.0007246949008383842,0.007945189651816962,0.05851398053460015
toe_M1_A__daily_first_difference__toe_M1_A_s01__r2,toe_M1_A,daily_first_difference,toe_M1_A_s01,2007-12-18,2011-01-12,1122,32,60,0.0014625786663279038,0.004926460388489117,0.05851398053460015
toe_M1_A__daily_first_difference__toe_M1_A_s01__r2,toe_M1_A,daily_first_difference,toe_M1_A_s01,2007-12-18,2011-01-12,1122,33,60,-0.0011053720479094501,0.006808384729264476,0.05851398053460015
toe_M1_A__daily_first_difference__toe_M1_A_s01__r2,toe_M1_A,daily_first_difference,toe_M1_A_s01,2007-12-18,2011-01-12,1122,34,60,-0.0002479800424969754,0.006270493971878898,0.05851398053460015
toe_M1_A__daily_first_difference__toe_M1_A_s01__r2,toe_M1_A,daily_first_difference,toe_M1_A_s01,2007-12-18,2011-01-12,1122,35,60,0.02808159555291034,0.024399260336375315,0.05851398053460015
toe_M1_A__daily_first_difference__toe_M1_A_s01__r2,toe_M1_A,daily_first_difference,toe_M1_A_s01,2007-12-18,2011-01-12,1122,36,60,-0.019647925222290086,-0.011223170806166203,0.05851398053460015
toe_M1_A__daily_first_difference__toe_M1_A_s01__r2,toe_M1_A,daily_first_difference,toe_M1_A_s01,2007-12-18,2011-01-12,1122,37,60,0.014858160160730301,0.01117702516099718,0.05851398053460015
toe_M1_A__daily_first_difference__toe_M1_A_s01__r2,toe_M1_A,daily_first_difference,toe_M1_A_s01,2007-12-18,2011-01-12,1122,38,60,0.058735338489756005,0.07021235659542699,0.05851398053460015
toe_M1_A__daily_first_difference__toe_M1_A_s01__r2,toe_M1_A,daily_first_difference,toe_M1_A_s01,2007-12-18,2011-01-12,1122,39,60,-0.012862164792282796,0.004860236867068516,0.05851398053460015
toe_M1_A__daily_first_difference__toe_M1_A_s01__r2,toe_M1_A,daily_first_difference,toe_M1_A_s01,2007-12-18,2011-01-12,1122,40,60,0.02837947690889564,0.02426556648892321,0.05851398053460015
toe_M1_A__daily_first_difference__toe_M1_A_s01__r2,toe_M1_A,daily_first_difference,toe_M1_A_s01,2007-12-18,2011-01-12,1122,41,60,-0.03039000289257865,-0.01732159335941332,0.05851398053460015
toe_M1_A__daily_first_difference__toe_M1_A_s01__r2,toe_M1_A,daily_first_difference,toe_M1_A_s01,2007-12-18,2011-01-12,1122,42,60,-0.012962148955413963,-0.0088990647831912,0.05851398053460015
toe_M1_A__daily_first_difference__toe_M1_A_s01__r2,toe_M1_A,daily_first_difference,toe_M1_A_s01,2007-12-18,2011-01-12,1122,43,60,0.015481902401528597,0.018689877285097873,0.05851398053460015
toe_M1_A__daily_first_difference__toe_M1_A_s01__r2,toe_M1_A,daily_first_difference,toe_M1_A_s01,2007-12-18,2011-01-12,1122,44,60,-0.00928495261960259,-0.0038204772828828704,0.05851398053460015
toe_M1_A__daily_first_difference__toe_M1_A_s01__r2,toe_M1_A,daily_first_difference,toe_M1_A_s01,2007-12-18,2011-01-12,1122,45,60,-0.002520964855217826,-0.0030340940354942553,0.05851398053460015
toe_M1_A__daily_first_difference__toe_M1_A_s01__r2,toe_M1_A,daily_first_difference,toe_M1_A_s01,2007-12-18,2011-01-12,1122,46,60,0.0312084352479853,0.04183426584397124,0.05851398053460015
toe_M1_A__daily_first_difference__toe_M1_A_s01__r2,toe_M1_A,daily_first_difference,toe_M1_A_s01,2007-12-18,2011-01-12,1122,47,60,-0.0012792321807929409,0.003363907488453813,0.05851398053460015
toe_M1_A__daily_first_difference__toe_M1_A_s01__r2,toe_M1_A,daily_first_difference,toe_M1_A_s01,2007-12-18,2011-01-12,1122,48,60,0.010247698093039381,0.003437029188482689,0.05851398053460015
toe_M1_A__daily_first_difference__toe_M1_A_s01__r2,toe_M1_A,daily_first_difference,toe_M1_A_s01,2007-12-18,2011-01-12,1122,49,60,0.02728697510269232,0.03376036673291051,0.05851398053460015
toe_M1_A__daily_first_difference__toe_M1_A_s01__r2,toe_M1_A,daily_first_difference,toe_M1_A_s01,2007-12-18,2011-01-12,1122,50,60,-0.0017350668311762283,0.004799282143741907,0.05851398053460015
toe_M1_A__daily_first_difference__toe_M1_A_s01__r2,toe_M1_A,daily_first_difference,toe_M1_A_s01,2007-12-18,2011-01-12,1122,51,60,-0.01978266824462245,-0.011005761449904549,0.05851398053460015
toe_M1_A__daily_first_difference__toe_M1_A_s01__r2,toe_M1_A,daily_first_difference,toe_M1_A_s01,2007-12-18,2011-01-12,1122,52,60,0.018408100026571617,0.02180751691431713,0.05851398053460015
toe_M1_A__daily_first_difference__toe_M1_A_s01__r2,toe_M1_A,daily_first_difference,toe_M1_A_s01,2007-12-18,2011-01-12,1122,53,60,0.017612367212496566,0.024594164174761242,0.05851398053460015
toe_M1_A__daily_first_difference__toe_M1_A_s01__r2,toe_M1_A,daily_first_difference,toe_M1_A_s01,2007-12-18,2011-01-12,1122,54,60,-0.03154515269541588,-0.023011883273005726,0.05851398053460015
toe_M1_A__daily_first_difference__toe_M1_A_s01__r2,toe_M1_A,daily_first_difference,toe_M1_A_s01,2007-12-18,2011-01-12,1122,55,60,0.08413428178094605,0.07081697638707556,0.05851398053460015
toe_M1_A__daily_first_difference__toe_M1_A_s01__r2,toe_M1_A,daily_first_difference,toe_M1_A_s01,2007-12-18,2011-01-12,1122,56,60,-0.0483454128313929,-0.03214818470667787,0.05851398053460015
toe_M1_A__daily_first_difference__toe_M1_A_s01__r2,toe_M1_A,daily_first_difference,toe_M1_A_s01,2007-12-18,2011-01-12,1122,57,60,-0.013889416077893237,-0.018070595693001804,0.05851398053460015
toe_M1_A__daily_first_difference__toe_M1_A_s01__r2,toe_M1_A,daily_first_difference,toe_M1_A_s01,2007-12-18,2011-01-12,1122,58,60,0.017331783605491775,0.00895515146996708,0.05851398053460015
toe_M1_A__daily_first_difference__toe_M1_A_s01__r2,toe_M1_A,daily_first_difference,toe_M1_A_s01,2007-12-18,2011-01-12,1122,59,60,0.024180529655693766,0.032209138419716905,0.05851398053460015
toe_M1_A__daily_first_difference__toe_M1_A_s01__r2,toe_M1_A,daily_first_difference,toe_M1_A_s01,2007-12-18,2011-01-12,1122,60,60,0.03258134395578851,0.03753676151344994,0.05851398053460015
toe_M1_A__daily_level__toe_M1_A_s01__r2,toe_M1_A,daily_level,toe_M1_A_s01,2007-12-17,2011-01-12,1123,0,60,1.0,1.0,0.05848792220307647
toe_M1_A__daily_level__toe_M1_A_s01__r2,toe_M1_A,daily_level,toe_M1_A_s01,2007-12-17,2011-01-12,1123,1,60,0.9868734588423765,0.9868734588423761,0.05848792220307647
toe_M1_A__daily_level__toe_M1_A_s01__r2,toe_M1_A,daily_level,toe_M1_A_s01,2007-12-17,2011-01-12,1123,2,60,0.9757550797668783,0.070391156421019,0.05848792220307647
toe_M1_A__daily_level__toe_M1_A_s01__r2,toe_M1_A,daily_level,toe_M1_A_s01,2007-12-17,2011-01-12,1123,3,60,0.9649413177365657,0.011956948823505748,0.05848792220307647
toe_M1_A__daily_level__toe_M1_A_s01__r2,toe_M1_A,daily_level,toe_M1_A_s01,2007-12-17,2011-01-12,1123,4,60,0.9543813736929746,0.006520581059659357,0.05848792220307647
toe_M1_A__daily_level__toe_M1_A_s01__r2,toe_M1_A,daily_level,toe_M1_A_s01,2007-12-17,2011-01-12,1123,5,60,0.9445801976625041,0.025719616437702462,0.05848792220307647
toe_M1_A__daily_level__toe_M1_A_s01__r2,toe_M1_A,daily_level,toe_M1_A_s01,2007-12-17,2011-01-12,1123,6,60,0.9351872849846534,0.01566343974949433,0.05848792220307647
toe_M1_A__daily_level__toe_M1_A_s01__r2,toe_M1_A,daily_level,toe_M1_A_s01,2007-12-17,2011-01-12,1123,7,60,0.9259388538840954,0.004567893816150707,0.05848792220307647
toe_M1_A__daily_level__toe_M1_A_s01__r2,toe_M1_A,daily_level,toe_M1_A_s01,2007-12-17,2011-01-12,1123,8,60,0.9165826509513547,-0.006541027828409244,0.05848792220307647
toe_M1_A__daily_level__toe_M1_A_s01__r2,toe_M1_A,daily_level,toe_M1_A_s01,2007-12-17,2011-01-12,1123,9,60,0.907290062680341,-0.001300345446400776,0.05848792220307647
toe_M1_A__daily_level__toe_M1_A_s01__r2,toe_M1_A,daily_level,toe_M1_A_s01,2007-12-17,2011-01-12,1123,10,60,0.898559650424668,0.01847690800732471,0.05848792220307647
toe_M1_A__daily_level__toe_M1_A_s01__r2,toe_M1_A,daily_level,toe_M1_A_s01,2007-12-17,2011-01-12,1123,11,60,0.8899103907915438,0.0028113932906210417,0.05848792220307647
toe_M1_A__daily_level__toe_M1_A_s01__r2,toe_M1_A,daily_level,toe_M1_A_s01,2007-12-17,2011-01-12,1123,12,60,0.881967520543054,0.024350570197368426,0.05848792220307647
toe_M1_A__daily_level__toe_M1_A_s01__r2,toe_M1_A,daily_level,toe_M1_A_s01,2007-12-17,2011-01-12,1123,13,60,0.8742072933600246,0.008027256138087482,0.05848792220307647
toe_M1_A__daily_level__toe_M1_A_s01__r2,toe_M1_A,daily_level,toe_M1_A_s01,2007-12-17,2011-01-12,1123,14,60,0.8667149367559162,0.010164161196889175,0.05848792220307647
toe_M1_A__daily_level__toe_M1_A_s01__r2,toe_M1_A,daily_level,toe_M1_A_s01,2007-12-17,2011-01-12,1123,15,60,0.8601233195810016,0.03490688742104493,0.05848792220307647
toe_M1_A__daily_level__toe_M1_A_s01__r2,toe_M1_A,daily_level,toe_M1_A_s01,2007-12-17,2011-01-12,1123,16,60,0.8526318662624344,-0.029732277135143995,0.05848792220307647
toe_M1_A__daily_level__toe_M1_A_s01__r2,toe_M1_A,daily_level,toe_M1_A_s01,2007-12-17,2011-01-12,1123,17,60,0.8458311655231318,0.021090707035800085,0.05848792220307647
toe_M1_A__daily_level__toe_M1_A_s01__r2,toe_M1_A,daily_level,toe_M1_A_s01,2007-12-17,2011-01-12,1123,18,60,0.8383009684239359,-0.026303928841276383,0.05848792220307647
toe_M1_A__daily_level__toe_M1_A_s01__r2,toe_M1_A,daily_level,toe_M1_A_s01,2007-12-17,2011-01-12,1123,19,60,0.8316496976220424,0.02944166488321286,0.05848792220307647
toe_M1_A__daily_level__toe_M1_A_s01__r2,toe_M1_A,daily_level,toe_M1_A_s01,2007-12-17,2011-01-12,1123,20,60,0.8252520058966207,0.011266476008776425,0.05848792220307647
toe_M1_A__daily_level__toe_M1_A_s01__r2,toe_M1_A,daily_level,toe_M1_A_s01,2007-12-17,2011-01-12,1123,21,60,0.816499675763718,-0.0901662099812367,0.05848792220307647
toe_M1_A__daily_level__toe_M1_A_s01__r2,toe_M1_A,daily_level,toe_M1_A_s01,2007-12-17,2011-01-12,1123,22,60,0.8079759856182646,-0.00825284638416183,0.05848792220307647
toe_M1_A__daily_level__toe_M1_A_s01__r2,toe_M1_A,daily_level,toe_M1_A_s01,2007-12-17,2011-01-12,1123,23,60,0.7995367854829549,-0.0002557607906633156,0.05848792220307647
toe_M1_A__daily_level__toe_M1_A_s01__r2,toe_M1_A,daily_level,toe_M1_A_s01,2007-12-17,2011-01-12,1123,24,60,0.791121631213965,-0.0016157060890902072,0.05848792220307647
toe_M1_A__daily_level__toe_M1_A_s01__r2,toe_M1_A,daily_level,toe_M1_A_s01,2007-12-17,2011-01-12,1123,25,60,0.783074221333856,0.005937706481525905,0.05848792220307647
toe_M1_A__daily_level__toe_M1_A_s01__r2,toe_M1_A,daily_level,toe_M1_A_s01,2007-12-17,2011-01-12,1123,26,60,0.7747073884965636,-0.015834803412142922,0.05848792220307647
toe_M1_A__daily_level__toe_M1_A_s01__r2,toe_M1_A,daily_level,toe_M1_A_s01,2007-12-17,2011-01-12,1123,27,60,0.7676360979969729,0.042679508894102956,0.05848792220307647
toe_M1_A__daily_level__toe_M1_A_s01__r2,toe_M1_A,daily_level,toe_M1_A_s01,2007-12-17,2011-01-12,1123,28,60,0.7595346118578312,-0.03341087267190426,0.05848792220307647
toe_M1_A__daily_level__toe_M1_A_s01__r2,toe_M1_A,daily_level,toe_M1_A_s01,2007-12-17,2011-01-12,1123,29,60,0.7498023647195707,-0.07188190362490235,0.05848792220307647
toe_M1_A__daily_level__toe_M1_A_s01__r2,toe_M1_A,daily_level,toe_M1_A_s01,2007-12-17,2011-01-12,1123,30,60,0.7400685840328228,-0.01923612051857772,0.05848792220307647
toe_M1_A__daily_level__toe_M1_A_s01__r2,toe_M1_A,daily_level,toe_M1_A_s01,2007-12-17,2011-01-12,1123,31,60,0.7303893838436297,-0.00285992705410199,0.05848792220307647
toe_M1_A__daily_level__toe_M1_A_s01__r2,toe_M1_A,daily_level,toe_M1_A_s01,2007-12-17,2011-01-12,1123,32,60,0.7207070889082401,-0.013975025424397162,0.05848792220307647
toe_M1_A__daily_level__toe_M1_A_s01__r2,toe_M1_A,daily_level,toe_M1_A_s01,2007-12-17,2011-01-12,1123,33,60,0.7109528631916062,-0.011228017598408547,0.05848792220307647
toe_M1_A__daily_level__toe_M1_A_s01__r2,toe_M1_A,daily_level,toe_M1_A_s01,2007-12-17,2011-01-12,1123,34,60,0.70118407922484,-0.015067791260081011,0.05848792220307647
toe_M1_A__daily_level__toe_M1_A_s01__r2,toe_M1_A,daily_level,toe_M1_A_s01,2007-12-17,2011-01-12,1123,35,60,0.6914019858714217,-0.011835415657182895,0.05848792220307647
toe_M1_A__daily_level__toe_M1_A_s01__r2,toe_M1_A,daily_level,toe_M1_A_s01,2007-12-17,2011-01-12,1123,36,60,0.6809825600210839,-0.02538658345571696,0.05848792220307647
toe_M1_A__daily_level__toe_M1_A_s01__r2,toe_M1_A,daily_level,toe_M1_A_s01,2007-12-17,2011-01-12,1123,37,60,0.6710479199655401,0.0032404759012315833,0.05848792220307647
toe_M1_A__daily_level__toe_M1_A_s01__r2,toe_M1_A,daily_level,toe_M1_A_s01,2007-12-17,2011-01-12,1123,38,60,0.6606634390429217,-0.01863893222979604,0.05848792220307647
toe_M1_A__daily_level__toe_M1_A_s01__r2,toe_M1_A,daily_level,toe_M1_A_s01,2007-12-17,2011-01-12,1123,39,60,0.6488268867056195,-0.07420384095205852,0.05848792220307647
toe_M1_A__daily_level__toe_M1_A_s01__r2,toe_M1_A,daily_level,toe_M1_A_s01,2007-12-17,2011-01-12,1123,40,60,0.6373165680435529,-0.01171317955744591,0.05848792220307647
toe_M1_A__daily_level__toe_M1_A_s01__r2,toe_M1_A,daily_level,toe_M1_A_s01,2007-12-17,2011-01-12,1123,41,60,0.625013852715617,-0.03101962922945673,0.05848792220307647
toe_M1_A__daily_level__toe_M1_A_s01__r2,toe_M1_A,daily_level,toe_M1_A_s01,2007-12-17,2011-01-12,1123,42,60,0.6135622209185058,0.0102810542411905,0.05848792220307647
toe_M1_A__daily_level__toe_M1_A_s01__r2,toe_M1_A,daily_level,toe_M1_A_s01,2007-12-17,2011-01-12,1123,43,60,0.6024411205475011,0.0039678192757253575,0.05848792220307647
toe_M1_A__daily_level__toe_M1_A_s01__r2,toe_M1_A,daily_level,toe_M1_A_s01,2007-12-17,2011-01-12,1123,44,60,0.5909579115883316,-0.025083192806913783,0.05848792220307647
toe_M1_A__daily_level__toe_M1_A_s01__r2,toe_M1_A,daily_level,toe_M1_A_s01,2007-12-17,2011-01-12,1123,45,60,0.5797075644565173,-0.002094763284986899,0.05848792220307647
toe_M1_A__daily_level__toe_M1_A_s01__r2,toe_M1_A,daily_level,toe_M1_A_s01,2007-12-17,2011-01-12,1123,46,60,0.5685110733685744,-0.0022025589258943927,0.05848792220307647
toe_M1_A__daily_level__toe_M1_A_s01__r2,toe_M1_A,daily_level,toe_M1_A_s01,2007-12-17,2011-01-12,1123,47,60,0.5565210333454054,-0.05319376319380775,0.05848792220307647
toe_M1_A__daily_level__toe_M1_A_s01__r2,toe_M1_A,daily_level,toe_M1_A_s01,2007-12-17,2011-01-12,1123,48,60,0.5445655590393652,-0.010766160405379858,0.05848792220307647
toe_M1_A__daily_level__toe_M1_A_s01__r2,toe_M1_A,daily_level,toe_M1_A_s01,2007-12-17,2011-01-12,1123,49,60,0.5324654517563491,-0.006171066753638107,0.05848792220307647
toe_M1_A__daily_level__toe_M1_A_s01__r2,toe_M1_A,daily_level,toe_M1_A_s01,2007-12-17,2011-01-12,1123,50,60,0.5195909137504906,-0.04522942813991767,0.05848792220307647
toe_M1_A__daily_level__toe_M1_A_s01__r2,toe_M1_A,daily_level,toe_M1_A_s01,2007-12-17,2011-01-12,1123,51,60,0.5067246178887252,-0.015385592297823547,0.05848792220307647
toe_M1_A__daily_level__toe_M1_A_s01__r2,toe_M1_A,daily_level,toe_M1_A_s01,2007-12-17,2011-01-12,1123,52,60,0.49442195445711784,0.002646912817309932,0.05848792220307647
toe_M1_A__daily_level__toe_M1_A_s01__r2,toe_M1_A,daily_level,toe_M1_A_s01,2007-12-17,2011-01-12,1123,53,60,0.48163194553743777,-0.02639304931349541,0.05848792220307647
toe_M1_A__daily_level__toe_M1_A_s01__r2,toe_M1_A,daily_level,toe_M1_A_s01,2007-12-17,2011-01-12,1123,54,60,0.46837616627450196,-0.03289897690971882,0.05848792220307647
toe_M1_A__daily_level__toe_M1_A_s01__r2,toe_M1_A,daily_level,toe_M1_A_s01,2007-12-17,2011-01-12,1123,55,60,0.4560992067679395,0.01620625741196071,0.05848792220307647
toe_M1_A__daily_level__toe_M1_A_s01__r2,toe_M1_A,daily_level,toe_M1_A_s01,2007-12-17,2011-01-12,1123,56,60,0.44162522396003856,-0.08070285956539229,0.05848792220307647
toe_M1_A__daily_level__toe_M1_A_s01__r2,toe_M1_A,daily_level,toe_M1_A_s01,2007-12-17,2011-01-12,1123,57,60,0.4283919410428797,0.020791837654428953,0.05848792220307647
toe_M1_A__daily_level__toe_M1_A_s01__r2,toe_M1_A,daily_level,toe_M1_A_s01,2007-12-17,2011-01-12,1123,58,60,0.41550514837694635,0.006673892540445643,0.05848792220307647
toe_M1_A__daily_level__toe_M1_A_s01__r2,toe_M1_A,daily_level,toe_M1_A_s01,2007-12-17,2011-01-12,1123,59,60,0.4021543421255795,-0.020664122835397248,0.05848792220307647
toe_M1_A__daily_level__toe_M1_A_s01__r2,toe_M1_A,daily_level,toe_M1_A_s01,2007-12-17,2011-01-12,1123,60,60,0.388161582667403,-0.04281580182925537,0.05848792220307647
toe_P7_B__daily_first_difference__toe_P7_B_s01_relocated_depth_1_03m__r6,toe_P7_B,daily_first_difference,toe_P7_B_s01_relocated_depth_1_03m,2007-12-18,2011-01-12,1122,0,60,1.0,1.0,0.05851398053460015
toe_P7_B__daily_first_difference__toe_P7_B_s01_relocated_depth_1_03m__r6,toe_P7_B,daily_first_difference,toe_P7_B_s01_relocated_depth_1_03m,2007-12-18,2011-01-12,1122,1,60,0.06654912945555994,0.06654912945555994,0.05851398053460015
toe_P7_B__daily_first_difference__toe_P7_B_s01_relocated_depth_1_03m__r6,toe_P7_B,daily_first_difference,toe_P7_B_s01_relocated_depth_1_03m,2007-12-18,2011-01-12,1122,2,60,-0.03669861506154149,-0.04131035644720166,0.05851398053460015
toe_P7_B__daily_first_difference__toe_P7_B_s01_relocated_depth_1_03m__r6,toe_P7_B,daily_first_difference,toe_P7_B_s01_relocated_depth_1_03m,2007-12-18,2011-01-12,1122,3,60,-0.07425401936166581,-0.06938688672848414,0.05851398053460015
toe_P7_B__daily_first_difference__toe_P7_B_s01_relocated_depth_1_03m__r6,toe_P7_B,daily_first_difference,toe_P7_B_s01_relocated_depth_1_03m,2007-12-18,2011-01-12,1122,4,60,-0.03337894008485398,-0.025445723431129805,0.05851398053460015
toe_P7_B__daily_first_difference__toe_P7_B_s01_relocated_depth_1_03m__r6,toe_P7_B,daily_first_difference,toe_P7_B_s01_relocated_depth_1_03m,2007-12-18,2011-01-12,1122,5,60,-0.08011421111948733,-0.08247897952225675,0.05851398053460015
toe_P7_B__daily_first_difference__toe_P7_B_s01_relocated_depth_1_03m__r6,toe_P7_B,daily_first_difference,toe_P7_B_s01_relocated_depth_1_03m,2007-12-18,2011-01-12,1122,6,60,-0.02381030864406185,-0.021124795714100468,0.05851398053460015
toe_P7_B__daily_first_difference__toe_P7_B_s01_relocated_depth_1_03m__r6,toe_P7_B,daily_first_difference,toe_P7_B_s01_relocated_depth_1_03m,2007-12-18,2011-01-12,1122,7,60,0.013911040394609457,0.006454004927337691,0.05851398053460015
toe_P7_B__daily_first_difference__toe_P7_B_s01_relocated_depth_1_03m__r6,toe_P7_B,daily_first_difference,toe_P7_B_s01_relocated_depth_1_03m,2007-12-18,2011-01-12,1122,8,60,-0.029640709702692492,-0.04606497884611763,0.05851398053460015
toe_P7_B__daily_first_difference__toe_P7_B_s01_relocated_depth_1_03m__r6,toe_P7_B,daily_first_difference,toe_P7_B_s01_relocated_depth_1_03m,2007-12-18,2011-01-12,1122,9,60,-0.030315543855472527,-0.033260677223463445,0.05851398053460015
toe_P7_B__daily_first_difference__toe_P7_B_s01_relocated_depth_1_03m__r6,toe_P7_B,daily_first_difference,toe_P7_B_s01_relocated_depth_1_03m,2007-12-18,2011-01-12,1122,10,60,-0.06894137745478664,-0.07609789545095055,0.05851398053460015
toe_P7_B__daily_first_difference__toe_P7_B_s01_relocated_depth_1_03m__r6,toe_P7_B,daily_first_difference,toe_P7_B_s01_relocated_depth_1_03m,2007-12-18,2011-01-12,1122,11,60,-0.07114612913743806,-0.07647227007316622,0.05851398053460015
toe_P7_B__daily_first_difference__toe_P7_B_s01_relocated_depth_1_03m__r6,toe_P7_B,daily_first_difference,toe_P7_B_s01_relocated_depth_1_03m,2007-12-18,2011-01-12,1122,12,60,-0.06231644175267581,-0.06877640319915346,0.05851398053460015
toe_P7_B__daily_first_difference__toe_P7_B_s01_relocated_depth_1_03m__r6,toe_P7_B,daily_first_difference,toe_P7_B_s01_relocated_depth_1_03m,2007-12-18,2011-01-12,1122,13,60,-0.03560095920807202,-0.05703050135044876,0.05851398053460015
toe_P7_B__daily_first_difference__toe_P7_B_s01_relocated_depth_1_03m__r6,toe_P7_B,daily_first_difference,toe_P7_B_s01_relocated_depth_1_03m,2007-12-18,2011-01-12,1122,14,60,-0.02406664420108032,-0.052127397334000854,0.05851398053460015
toe_P7_B__daily_first_difference__toe_P7_B_s01_relocated_depth_1_03m__r6,toe_P7_B,daily_first_difference,toe_P7_B_s01_relocated_depth_1_03m,2007-12-18,2011-01-12,1122,15,60,0.02747621826392928,-0.0035098020069594046,0.05851398053460015
toe_P7_B__daily_first_difference__toe_P7_B_s01_relocated_depth_1_03m__r6,toe_P7_B,daily_first_difference,toe_P7_B_s01_relocated_depth_1_03m,2007-12-18,2011-01-12,1122,16,60,0.003415969152163971,-0.03397094747946588,0.05851398053460015
toe_P7_B__daily_first_difference__toe_P7_B_s01_relocated_depth_1_03m__r6,toe_P7_B,daily_first_difference,toe_P7_B_s01_relocated_depth_1_03m,2007-12-18,2011-01-12,1122,17,60,-0.006458178070819097,-0.03371185579972081,0.05851398053460015
toe_P7_B__daily_first_difference__toe_P7_B_s01_relocated_depth_1_03m__r6,toe_P7_B,daily_first_difference,toe_P7_B_s01_relocated_depth_1_03m,2007-12-18,2011-01-12,1122,18,60,0.009318692114992463,-0.011695714397304118,0.05851398053460015
toe_P7_B__daily_first_difference__toe_P7_B_s01_relocated_depth_1_03m__r6,toe_P7_B,daily_first_difference,toe_P7_B_s01_relocated_depth_1_03m,2007-12-18,2011-01-12,1122,19,60,0.019575870117225374,-0.0064131003042966215,0.05851398053460015
toe_P7_B__daily_first_difference__toe_P7_B_s01_relocated_depth_1_03m__r6,toe_P7_B,daily_first_difference,toe_P7_B_s01_relocated_depth_1_03m,2007-12-18,2011-01-12,1122,20,60,-0.012100596790083141,-0.03607613362144479,0.05851398053460015
toe_P7_B__daily_first_difference__toe_P7_B_s01_relocated_depth_1_03m__r6,toe_P7_B,daily_first_difference,toe_P7_B_s01_relocated_depth_1_03m,2007-12-18,2011-01-12,1122,21,60,0.038111472895914315,0.01818375012939861,0.05851398053460015
toe_P7_B__daily_first_difference__toe_P7_B_s01_relocated_depth_1_03m__r6,toe_P7_B,daily_first_difference,toe_P7_B_s01_relocated_depth_1_03m,2007-12-18,2011-01-12,1122,22,60,0.08828603789455385,0.06050250495435326,0.05851398053460015
toe_P7_B__daily_first_difference__toe_P7_B_s01_relocated_depth_1_03m__r6,toe_P7_B,daily_first_difference,toe_P7_B_s01_relocated_depth_1_03m,2007-12-18,2011-01-12,1122,23,60,0.041040656036869474,0.016332025549054864,0.05851398053460015
toe_P7_B__daily_first_difference__toe_P7_B_s01_relocated_depth_1_03m__r6,toe_P7_B,daily_first_difference,toe_P7_B_s01_relocated_depth_1_03m,2007-12-18,2011-01-12,1122,24,60,-0.06874856743176468,-0.07798621844817587,0.05851398053460015
toe_P7_B__daily_first_difference__toe_P7_B_s01_relocated_depth_1_03m__r6,toe_P7_B,daily_first_difference,toe_P7_B_s01_relocated_depth_1_03m,2007-12-18,2011-01-12,1122,25,60,-0.012427116179231742,-0.003954792607482884,0.05851398053460015
toe_P7_B__daily_first_difference__toe_P7_B_s01_relocated_depth_1_03m__r6,toe_P7_B,daily_first_difference,toe_P7_B_s01_relocated_depth_1_03m,2007-12-18,2011-01-12,1122,26,60,-0.053610363737949675,-0.0578604143225292,0.05851398053460015
toe_P7_B__daily_first_difference__toe_P7_B_s01_relocated_depth_1_03m__r6,toe_P7_B,daily_first_difference,toe_P7_B_s01_relocated_depth_1_03m,2007-12-18,2011-01-12,1122,27,60,-0.018177463075037186,-0.01600861263667238,0.05851398053460015
toe_P7_B__daily_first_difference__toe_P7_B_s01_relocated_depth_1_03m__r6,toe_P7_B,daily_first_difference,toe_P7_B_s01_relocated_depth_1_03m,2007-12-18,2011-01-12,1122,28,60,-0.03561922924014693,-0.04480056604687651,0.05851398053460015
toe_P7_B__daily_first_difference__toe_P7_B_s01_relocated_depth_1_03m__r6,toe_P7_B,daily_first_difference,toe_P7_B_s01_relocated_depth_1_03m,2007-12-18,2011-01-12,1122,29,60,0.04953811679745042,0.031658765407703446,0.05851398053460015
toe_P7_B__daily_first_difference__toe_P7_B_s01_relocated_depth_1_03m__r6,toe_P7_B,daily_first_difference,toe_P7_B_s01_relocated_depth_1_03m,2007-12-18,2011-01-12,1122,30,60,0.1056900034764918,0.09539974021904306,0.05851398053460015
toe_P7_B__daily_first_difference__toe_P7_B_s01_relocated_depth_1_03m__r6,toe_P7_B,daily_first_difference,toe_P7_B_s01_relocated_depth_1_03m,2007-12-18,2011-01-12,1122,31,60,-0.007782029359563198,-0.02069286564541253,0.05851398053460015
toe_P7_B__daily_first_difference__toe_P7_B_s01_relocated_depth_1_03m__r6,toe_P7_B,daily_first_difference,toe_P7_B_s01_relocated_depth_1_03m,2007-12-18,2011-01-12,1122,32,60,-0.06716099047029116,-0.05244303087110769,0.05851398053460015
toe_P7_B__daily_first_difference__toe_P7_B_s01_relocated_depth_1_03m__r6,toe_P7_B,daily_first_difference,toe_P7_B_s01_relocated_depth_1_03m,2007-12-18,2011-01-12,1122,33,60,-0.015537083811889525,0.011985153319871574,0.05851398053460015
toe_P7_B__daily_first_difference__toe_P7_B_s01_relocated_depth_1_03m__r6,toe_P7_B,daily_first_difference,toe_P7_B_s01_relocated_depth_1_03m,2007-12-18,2011-01-12,1122,34,60,-0.02286079096725617,-0.022753628728199825,0.05851398053460015
toe_P7_B__daily_first_difference__toe_P7_B_s01_relocated_depth_1_03m__r6,toe_P7_B,daily_first_difference,toe_P7_B_s01_relocated_depth_1_03m,2007-12-18,2011-01-12,1122,35,60,-0.032388158145272045,-0.02667159225482566,0.05851398053460015
toe_P7_B__daily_first_difference__toe_P7_B_s01_relocated_depth_1_03m__r6,toe_P7_B,daily_first_difference,toe_P7_B_s01_relocated_depth_1_03m,2007-12-18,2011-01-12,1122,36,60,0.01262779192088398,-0.0015218516656887045,0.05851398053460015
toe_P7_B__daily_first_difference__toe_P7_B_s01_relocated_depth_1_03m__r6,toe_P7_B,daily_first_difference,toe_P7_B_s01_relocated_depth_1_03m,2007-12-18,2011-01-12,1122,37,60,0.10950542798075341,0.08464828840067602,0.05851398053460015
toe_P7_B__daily_first_difference__toe_P7_B_s01_relocated_depth_1_03m__r6,toe_P7_B,daily_first_difference,toe_P7_B_s01_relocated_depth_1_03m,2007-12-18,2011-01-12,1122,38,60,-0.034782781589812246,-0.06130969734054385,0.05851398053460015
toe_P7_B__daily_first_difference__toe_P7_B_s01_relocated_depth_1_03m__r6,toe_P7_B,daily_first_difference,toe_P7_B_s01_relocated_depth_1_03m,2007-12-18,2011-01-12,1122,39,60,0.038214970200359695,0.054424569823901134,0.05851398053460015
toe_P7_B__daily_first_difference__toe_P7_B_s01_relocated_depth_1_03m__r6,toe_P7_B,daily_first_difference,toe_P7_B_s01_relocated_depth_1_03m,2007-12-18,2011-01-12,1122,40,60,0.03556420489422765,0.04159934462658452,0.05851398053460015
toe_P7_B__daily_first_difference__toe_P7_B_s01_relocated_depth_1_03m__r6,toe_P7_B,daily_first_difference,toe_P7_B_s01_relocated_depth_1_03m,2007-12-18,2011-01-12,1122,41,60,-0.03399974663096623,-0.03029546296039501,0.05851398053460015
toe_P7_B__daily_first_difference__toe_P7_B_s01_relocated_depth_1_03m__r6,toe_P7_B,daily_first_difference,toe_P7_B_s01_relocated_depth_1_03m,2007-12-18,2011-01-12,1122,42,60,0.004477585380809873,0.03690349729070291,0.05851398053460015
toe_P7_B__daily_first_difference__toe_P7_B_s01_relocated_depth_1_03m__r6,toe_P7_B,daily_first_difference,toe_P7_B_s01_relocated_depth_1_03m,2007-12-18,2011-01-12,1122,43,60,0.015243272686059137,0.01720626238914302,0.05851398053460015
toe_P7_B__daily_first_difference__toe_P7_B_s01_relocated_depth_1_03m__r6,toe_P7_B,daily_first_difference,toe_P7_B_s01_relocated_depth_1_03m,2007-12-18,2011-01-12,1122,44,60,-0.01727221115506215,-0.030675738777664142,0.05851398053460015
toe_P7_B__daily_first_difference__toe_P7_B_s01_relocated_depth_1_03m__r6,toe_P7_B,daily_first_difference,toe_P7_B_s01_relocated_depth_1_03m,2007-12-18,2011-01-12,1122,45,60,-0.016494223981822848,-0.0047238139898437385,0.05851398053460015
toe_P7_B__daily_first_difference__toe_P7_B_s01_relocated_depth_1_03m__r6,toe_P7_B,daily_first_difference,toe_P7_B_s01_relocated_depth_1_03m,2007-12-18,2011-01-12,1122,46,60,0.02619186142985897,0.03407765515991907,0.05851398053460015
toe_P7_B__daily_first_difference__toe_P7_B_s01_relocated_depth_1_03m__r6,toe_P7_B,daily_first_difference,toe_P7_B_s01_relocated_depth_1_03m,2007-12-18,2011-01-12,1122,47,60,-0.0032545373600464003,0.01480731922223394,0.05851398053460015
toe_P7_B__daily_first_difference__toe_P7_B_s01_relocated_depth_1_03m__r6,toe_P7_B,daily_first_difference,toe_P7_B_s01_relocated_depth_1_03m,2007-12-18,2011-01-12,1122,48,60,-0.019575380240508845,-0.009149247698476306,0.05851398053460015
toe_P7_B__daily_first_difference__toe_P7_B_s01_relocated_depth_1_03m__r6,toe_P7_B,daily_first_difference,toe_P7_B_s01_relocated_depth_1_03m,2007-12-18,2011-01-12,1122,49,60,-0.02872107122261969,-0.01156763539373499,0.05851398053460015
toe_P7_B__daily_first_difference__toe_P7_B_s01_relocated_depth_1_03m__r6,toe_P7_B,daily_first_difference,toe_P7_B_s01_relocated_depth_1_03m,2007-12-18,2011-01-12,1122,50,60,-0.027451766821281906,-0.01332057504690813,0.05851398053460015
toe_P7_B__daily_first_difference__toe_P7_B_s01_relocated_depth_1_03m__r6,toe_P7_B,daily_first_difference,toe_P7_B_s01_relocated_depth_1_03m,2007-12-18,2011-01-12,1122,51,60,-0.04872533952758575,-0.047189846346880907,0.05851398053460015
toe_P7_B__daily_first_difference__toe_P7_B_s01_relocated_depth_1_03m__r6,toe_P7_B,daily_first_difference,toe_P7_B_s01_relocated_depth_1_03m,2007-12-18,2011-01-12,1122,52,60,0.007904923612364553,-0.019972770732872368,0.05851398053460015
toe_P7_B__daily_first_difference__toe_P7_B_s01_relocated_depth_1_03m__r6,toe_P7_B,daily_first_difference,toe_P7_B_s01_relocated_depth_1_03m,2007-12-18,2011-01-12,1122,53,60,0.027438115361734818,0.0318588811107822,0.05851398053460015
toe_P7_B__daily_first_difference__toe_P7_B_s01_relocated_depth_1_03m__r6,toe_P7_B,daily_first_difference,toe_P7_B_s01_relocated_depth_1_03m,2007-12-18,2011-01-12,1122,54,60,-0.027448045785115734,-0.02220658899296976,0.05851398053460015
toe_P7_B__daily_first_difference__toe_P7_B_s01_relocated_depth_1_03m__r6,toe_P7_B,daily_first_difference,toe_P7_B_s01_relocated_depth_1_03m,2007-12-18,2011-01-12,1122,55,60,0.0065791643451620216,0.0031066818733865727,0.05851398053460015
toe_P7_B__daily_first_difference__toe_P7_B_s01_relocated_depth_1_03m__r6,toe_P7_B,daily_first_difference,toe_P7_B_s01_relocated_depth_1_03m,2007-12-18,2011-01-12,1122,56,60,-0.011469177533088574,-0.015001900240814381,0.05851398053460015
toe_P7_B__daily_first_difference__toe_P7_B_s01_relocated_depth_1_03m__r6,toe_P7_B,daily_first_difference,toe_P7_B_s01_relocated_depth_1_03m,2007-12-18,2011-01-12,1122,57,60,0.00048776890487718514,0.007295121153877776,0.05851398053460015
toe_P7_B__daily_first_difference__toe_P7_B_s01_relocated_depth_1_03m__r6,toe_P7_B,daily_first_difference,toe_P7_B_s01_relocated_depth_1_03m,2007-12-18,2011-01-12,1122,58,60,0.04726965202310857,0.035494847288389295,0.05851398053460015
toe_P7_B__daily_first_difference__toe_P7_B_s01_relocated_depth_1_03m__r6,toe_P7_B,daily_first_difference,toe_P7_B_s01_relocated_depth_1_03m,2007-12-18,2011-01-12,1122,59,60,-0.002607277185767483,-0.04910752162395223,0.05851398053460015
toe_P7_B__daily_first_difference__toe_P7_B_s01_relocated_depth_1_03m__r6,toe_P7_B,daily_first_difference,toe_P7_B_s01_relocated_depth_1_03m,2007-12-18,2011-01-12,1122,60,60,0.008769431263991642,-0.00697812073347705,0.05851398053460015
toe_P7_B__daily_level__toe_P7_B_s01_relocated_depth_1_03m__r6,toe_P7_B,daily_level,toe_P7_B_s01_relocated_depth_1_03m,2007-12-17,2011-01-12,1123,0,60,1.0,1.0,0.05848792220307647
toe_P7_B__daily_level__toe_P7_B_s01_relocated_depth_1_03m__r6,toe_P7_B,daily_level,toe_P7_B_s01_relocated_depth_1_03m,2007-12-17,2011-01-12,1123,1,60,0.9462349138488201,0.9462349138488199,0.05848792220307647
toe_P7_B__daily_level__toe_P7_B_s01_relocated_depth_1_03m__r6,toe_P7_B,daily_level,toe_P7_B_s01_relocated_depth_1_03m,2007-12-17,2011-01-12,1123,2,60,0.8852794665063595,-0.09634073991350192,0.05848792220307647
toe_P7_B__daily_level__toe_P7_B_s01_relocated_depth_1_03m__r6,toe_P7_B,daily_level,toe_P7_B_s01_relocated_depth_1_03m,2007-12-17,2011-01-12,1123,3,60,0.8281366440217109,0.008800567325089681,0.05848792220307647
toe_P7_B__daily_level__toe_P7_B_s01_relocated_depth_1_03m__r6,toe_P7_B,daily_level,toe_P7_B_s01_relocated_depth_1_03m,2007-12-17,2011-01-12,1123,4,60,0.7787822117663707,0.038760400092303325,0.05848792220307647
toe_P7_B__daily_level__toe_P7_B_s01_relocated_depth_1_03m__r6,toe_P7_B,daily_level,toe_P7_B_s01_relocated_depth_1_03m,2007-12-17,2011-01-12,1123,5,60,0.7328659423579489,-0.0030632781692073443,0.05848792220307647
toe_P7_B__daily_level__toe_P7_B_s01_relocated_depth_1_03m__r6,toe_P7_B,daily_level,toe_P7_B_s01_relocated_depth_1_03m,2007-12-17,2011-01-12,1123,6,60,0.6954054229527904,0.05575121143186416,0.05848792220307647
toe_P7_B__daily_level__toe_P7_B_s01_relocated_depth_1_03m__r6,toe_P7_B,daily_level,toe_P7_B_s01_relocated_depth_1_03m,2007-12-17,2011-01-12,1123,7,60,0.6604209751736737,-0.0032645244379989596,0.05848792220307647
toe_P7_B__daily_level__toe_P7_B_s01_relocated_depth_1_03m__r6,toe_P7_B,daily_level,toe_P7_B_s01_relocated_depth_1_03m,2007-12-17,2011-01-12,1123,8,60,0.6238717031724873,-0.031168204530061652,0.05848792220307647
toe_P7_B__daily_level__toe_P7_B_s01_relocated_depth_1_03m__r6,toe_P7_B,daily_level,toe_P7_B_s01_relocated_depth_1_03m,2007-12-17,2011-01-12,1123,9,60,0.5903637821595825,0.020838708389846597,0.05848792220307647
toe_P7_B__daily_level__toe_P7_B_s01_relocated_depth_1_03m__r6,toe_P7_B,daily_level,toe_P7_B_s01_relocated_depth_1_03m,2007-12-17,2011-01-12,1123,10,60,0.559958728686859,0.009293481138439016,0.05848792220307647
toe_P7_B__daily_level__toe_P7_B_s01_relocated_depth_1_03m__r6,toe_P7_B,daily_level,toe_P7_B_s01_relocated_depth_1_03m,2007-12-17,2011-01-12,1123,11,60,0.5367264423940619,0.052940567720750904,0.05848792220307647
toe_P7_B__daily_level__toe_P7_B_s01_relocated_depth_1_03m__r6,toe_P7_B,daily_level,toe_P7_B_s01_relocated_depth_1_03m,2007-12-17,2011-01-12,1123,12,60,0.5214024514800792,0.06034807381335745,0.05848792220307647
toe_P7_B__daily_level__toe_P7_B_s01_relocated_depth_1_03m__r6,toe_P7_B,daily_level,toe_P7_B_s01_relocated_depth_1_03m,2007-12-17,2011-01-12,1123,13,60,0.5126968710740495,0.05060761293086531,0.05848792220307647
toe_P7_B__daily_level__toe_P7_B_s01_relocated_depth_1_03m__r6,toe_P7_B,daily_level,toe_P7_B_s01_relocated_depth_1_03m,2007-12-17,2011-01-12,1123,14,60,0.5076597672830947,0.03982002739057975,0.05848792220307647
toe_P7_B__daily_level__toe_P7_B_s01_relocated_depth_1_03m__r6,toe_P7_B,daily_level,toe_P7_B_s01_relocated_depth_1_03m,2007-12-17,2011-01-12,1123,15,60,0.5048376797720777,0.03410994903058476,0.05848792220307647
toe_P7_B__daily_level__toe_P7_B_s01_relocated_depth_1_03m__r6,toe_P7_B,daily_level,toe_P7_B_s01_relocated_depth_1_03m,2007-12-17,2011-01-12,1123,16,60,0.49894948493957375,-0.012098789010905171,0.05848792220307647
toe_P7_B__daily_level__toe_P7_B_s01_relocated_depth_1_03m__r6,toe_P7_B,daily_level,toe_P7_B_s01_relocated_depth_1_03m,2007-12-17,2011-01-12,1123,17,60,0.4930570227934611,0.023182504350859452,0.05848792220307647
toe_P7_B__daily_level__toe_P7_B_s01_relocated_depth_1_03m__r6,toe_P7_B,daily_level,toe_P7_B_s01_relocated_depth_1_03m,2007-12-17,2011-01-12,1123,18,60,0.4877438848095543,0.017997709138268675,0.05848792220307647
toe_P7_B__daily_level__toe_P7_B_s01_relocated_depth_1_03m__r6,toe_P7_B,daily_level,toe_P7_B_s01_relocated_depth_1_03m,2007-12-17,2011-01-12,1123,19,60,0.4818061546212406,0.001772475260637771,0.05848792220307647
toe_P7_B__daily_level__toe_P7_B_s01_relocated_depth_1_03m__r6,toe_P7_B,daily_level,toe_P7_B_s01_relocated_depth_1_03m,2007-12-17,2011-01-12,1123,20,60,0.4758104894980111,0.01286391002309874,0.05848792220307647
toe_P7_B__daily_level__toe_P7_B_s01_relocated_depth_1_03m__r6,toe_P7_B,daily_level,toe_P7_B_s01_relocated_depth_1_03m,2007-12-17,2011-01-12,1123,21,60,0.47061637259134054,0.01701932988855298,0.05848792220307647
toe_P7_B__daily_level__toe_P7_B_s01_relocated_depth_1_03m__r6,toe_P7_B,daily_level,toe_P7_B_s01_relocated_depth_1_03m,2007-12-17,2011-01-12,1123,22,60,0.4612761947549993,-0.027064804142072327,0.05848792220307647
toe_P7_B__daily_level__toe_P7_B_s01_relocated_depth_1_03m__r6,toe_P7_B,daily_level,toe_P7_B_s01_relocated_depth_1_03m,2007-12-17,2011-01-12,1123,23,60,0.44239349073521395,-0.07110948906432372,0.05848792220307647
toe_P7_B__daily_level__toe_P7_B_s01_relocated_depth_1_03m__r6,toe_P7_B,daily_level,toe_P7_B_s01_relocated_depth_1_03m,2007-12-17,2011-01-12,1123,24,60,0.41943486646977424,-0.025883287701746357,0.05848792220307647
toe_P7_B__daily_level__toe_P7_B_s01_relocated_depth_1_03m__r6,toe_P7_B,daily_level,toe_P7_B_s01_relocated_depth_1_03m,2007-12-17,2011-01-12,1123,25,60,0.40363516193429816,0.06638809422896741,0.05848792220307647
toe_P7_B__daily_level__toe_P7_B_s01_relocated_depth_1_03m__r6,toe_P7_B,daily_level,toe_P7_B_s01_relocated_depth_1_03m,2007-12-17,2011-01-12,1123,26,60,0.38892452954955914,-0.009371509175595738,0.05848792220307647
toe_P7_B__daily_level__toe_P7_B_s01_relocated_depth_1_03m__r6,toe_P7_B,daily_level,toe_P7_B_s01_relocated_depth_1_03m,2007-12-17,2011-01-12,1123,27,60,0.38067257945898486,0.054060371741478805,0.05848792220307647
toe_P7_B__daily_level__toe_P7_B_s01_relocated_depth_1_03m__r6,toe_P7_B,daily_level,toe_P7_B_s01_relocated_depth_1_03m,2007-12-17,2011-01-12,1123,28,60,0.3743314584496359,0.006381855970164162,0.05848792220307647
toe_P7_B__daily_level__toe_P7_B_s01_relocated_depth_1_03m__r6,toe_P7_B,daily_level,toe_P7_B_s01_relocated_depth_1_03m,2007-12-17,2011-01-12,1123,29,60,0.37138314889787344,0.032340167758875174,0.05848792220307647
toe_P7_B__daily_level__toe_P7_B_s01_relocated_depth_1_03m__r6,toe_P7_B,daily_level,toe_P7_B_s01_relocated_depth_1_03m,2007-12-17,2011-01-12,1123,30,60,0.3636440096140153,-0.03206217553924593,0.05848792220307647
toe_P7_B__daily_level__toe_P7_B_s01_relocated_depth_1_03m__r6,toe_P7_B,daily_level,toe_P7_B_s01_relocated_depth_1_03m,2007-12-17,2011-01-12,1123,31,60,0.3444442375507052,-0.1056091525032605,0.05848792220307647
toe_P7_B__daily_level__toe_P7_B_s01_relocated_depth_1_03m__r6,toe_P7_B,daily_level,toe_P7_B_s01_relocated_depth_1_03m,2007-12-17,2011-01-12,1123,32,60,0.325759337964142,0.009779372132913288,0.05848792220307647
toe_P7_B__daily_level__toe_P7_B_s01_relocated_depth_1_03m__r6,toe_P7_B,daily_level,toe_P7_B_s01_relocated_depth_1_03m,2007-12-17,2011-01-12,1123,33,60,0.3139540143785627,0.04168521978309641,0.05848792220307647
toe_P7_B__daily_level__toe_P7_B_s01_relocated_depth_1_03m__r6,toe_P7_B,daily_level,toe_P7_B_s01_relocated_depth_1_03m,2007-12-17,2011-01-12,1123,34,60,0.3034864107593198,-0.024098159841208444,0.05848792220307647
toe_P7_B__daily_level__toe_P7_B_s01_relocated_depth_1_03m__r6,toe_P7_B,daily_level,toe_P7_B_s01_relocated_depth_1_03m,2007-12-17,2011-01-12,1123,35,60,0.2953999822734608,0.012687349145923477,0.05848792220307647
toe_P7_B__daily_level__toe_P7_B_s01_relocated_depth_1_03m__r6,toe_P7_B,daily_level,toe_P7_B_s01_relocated_depth_1_03m,2007-12-17,2011-01-12,1123,36,60,0.29077902716915477,0.01759858176979085,0.05848792220307647
toe_P7_B__daily_level__toe_P7_B_s01_relocated_depth_1_03m__r6,toe_P7_B,daily_level,toe_P7_B_s01_relocated_depth_1_03m,2007-12-17,2011-01-12,1123,37,60,0.28473626867375934,-0.009221986950662519,0.05848792220307647
toe_P7_B__daily_level__toe_P7_B_s01_relocated_depth_1_03m__r6,toe_P7_B,daily_level,toe_P7_B_s01_relocated_depth_1_03m,2007-12-17,2011-01-12,1123,38,60,0.2669100232613958,-0.09443523433665686,0.05848792220307647
toe_P7_B__daily_level__toe_P7_B_s01_relocated_depth_1_03m__r6,toe_P7_B,daily_level,toe_P7_B_s01_relocated_depth_1_03m,2007-12-17,2011-01-12,1123,39,60,0.25328592262124433,0.05354842068543874,0.05848792220307647
toe_P7_B__daily_level__toe_P7_B_s01_relocated_depth_1_03m__r6,toe_P7_B,daily_level,toe_P7_B_s01_relocated_depth_1_03m,2007-12-17,2011-01-12,1123,40,60,0.23554251929729844,-0.06486664559337375,0.05848792220307647
toe_P7_B__daily_level__toe_P7_B_s01_relocated_depth_1_03m__r6,toe_P7_B,daily_level,toe_P7_B_s01_relocated_depth_1_03m,2007-12-17,2011-01-12,1123,41,60,0.2137681943470001,-0.05500671512038642,0.05848792220307647
toe_P7_B__daily_level__toe_P7_B_s01_relocated_depth_1_03m__r6,toe_P7_B,daily_level,toe_P7_B_s01_relocated_depth_1_03m,2007-12-17,2011-01-12,1123,42,60,0.19654260393381603,0.024648756613803214,0.05848792220307647
toe_P7_B__daily_level__toe_P7_B_s01_relocated_depth_1_03m__r6,toe_P7_B,daily_level,toe_P7_B_s01_relocated_depth_1_03m,2007-12-17,2011-01-12,1123,43,60,0.17935306774907916,-0.045066522822866245,0.05848792220307647
toe_P7_B__daily_level__toe_P7_B_s01_relocated_depth_1_03m__r6,toe_P7_B,daily_level,toe_P7_B_s01_relocated_depth_1_03m,2007-12-17,2011-01-12,1123,44,60,0.1604787701668931,-0.025760921092435204,0.05848792220307647
toe_P7_B__daily_level__toe_P7_B_s01_relocated_depth_1_03m__r6,toe_P7_B,daily_level,toe_P7_B_s01_relocated_depth_1_03m,2007-12-17,2011-01-12,1123,45,60,0.14330344342118548,0.01684902848100494,0.05848792220307647
toe_P7_B__daily_level__toe_P7_B_s01_relocated_depth_1_03m__r6,toe_P7_B,daily_level,toe_P7_B_s01_relocated_depth_1_03m,2007-12-17,2011-01-12,1123,46,60,0.12790740469629747,-0.005968595365439044,0.05848792220307647
toe_P7_B__daily_level__toe_P7_B_s01_relocated_depth_1_03m__r6,toe_P7_B,daily_level,toe_P7_B_s01_relocated_depth_1_03m,2007-12-17,2011-01-12,1123,47,60,0.10995756034271988,-0.04362917572110617,0.05848792220307647
toe_P7_B__daily_level__toe_P7_B_s01_relocated_depth_1_03m__r6,toe_P7_B,daily_level,toe_P7_B_s01_relocated_depth_1_03m,2007-12-17,2011-01-12,1123,48,60,0.0926249772161881,-0.022188113663953613,0.05848792220307647
toe_P7_B__daily_level__toe_P7_B_s01_relocated_depth_1_03m__r6,toe_P7_B,daily_level,toe_P7_B_s01_relocated_depth_1_03m,2007-12-17,2011-01-12,1123,49,60,0.07783538100549497,-0.003282086890171829,0.05848792220307647
toe_P7_B__daily_level__toe_P7_B_s01_relocated_depth_1_03m__r6,toe_P7_B,daily_level,toe_P7_B_s01_relocated_depth_1_03m,2007-12-17,2011-01-12,1123,50,60,0.06582064741053223,-0.007073740775076971,0.05848792220307647
toe_P7_B__daily_level__toe_P7_B_s01_relocated_depth_1_03m__r6,toe_P7_B,daily_level,toe_P7_B_s01_relocated_depth_1_03m,2007-12-17,2011-01-12,1123,51,60,0.05665738768064274,0.005354683375781035,0.05848792220307647
toe_P7_B__daily_level__toe_P7_B_s01_relocated_depth_1_03m__r6,toe_P7_B,daily_level,toe_P7_B_s01_relocated_depth_1_03m,2007-12-17,2011-01-12,1123,52,60,0.05379185894887702,0.049213430328898064,0.05848792220307647
toe_P7_B__daily_level__toe_P7_B_s01_relocated_depth_1_03m__r6,toe_P7_B,daily_level,toe_P7_B_s01_relocated_depth_1_03m,2007-12-17,2011-01-12,1123,53,60,0.05003350708969356,0.006581049409565566,0.05848792220307647
toe_P7_B__daily_level__toe_P7_B_s01_relocated_depth_1_03m__r6,toe_P7_B,daily_level,toe_P7_B_s01_relocated_depth_1_03m,2007-12-17,2011-01-12,1123,54,60,0.04329825557928255,-0.039678826947420386,0.05848792220307647
toe_P7_B__daily_level__toe_P7_B_s01_relocated_depth_1_03m__r6,toe_P7_B,daily_level,toe_P7_B_s01_relocated_depth_1_03m,2007-12-17,2011-01-12,1123,55,60,0.039337831554398975,0.014367373162710759,0.05848792220307647
toe_P7_B__daily_level__toe_P7_B_s01_relocated_depth_1_03m__r6,toe_P7_B,daily_level,toe_P7_B_s01_relocated_depth_1_03m,2007-12-17,2011-01-12,1123,56,60,0.03456041721248912,-0.014844936905254276,0.05848792220307647
toe_P7_B__daily_level__toe_P7_B_s01_relocated_depth_1_03m__r6,toe_P7_B,daily_level,toe_P7_B_s01_relocated_depth_1_03m,2007-12-17,2011-01-12,1123,57,60,0.030895429321191065,-0.0006608098032958622,0.05848792220307647
toe_P7_B__daily_level__toe_P7_B_s01_relocated_depth_1_03m__r6,toe_P7_B,daily_level,toe_P7_B_s01_relocated_depth_1_03m,2007-12-17,2011-01-12,1123,58,60,0.027059496612795636,-0.013831858474499364,0.05848792220307647
toe_P7_B__daily_level__toe_P7_B_s01_relocated_depth_1_03m__r6,toe_P7_B,daily_level,toe_P7_B_s01_relocated_depth_1_03m,2007-12-17,2011-01-12,1123,59,60,0.018114907775974444,-0.04947028997561833,0.05848792220307647
toe_P7_B__daily_level__toe_P7_B_s01_relocated_depth_1_03m__r6,toe_P7_B,daily_level,toe_P7_B_s01_relocated_depth_1_03m,2007-12-17,2011-01-12,1123,60,60,0.009299152026176982,0.033329533491810365,0.05848792220307647
