lag_days,n,correlation,window_id,predictor,response,method,rain_definition,predictor_transformation,response_transformation,prewhitening_ar1_phi
0,2475,0.39086244972313633,middle_stable_2009_2016,mid_R,mid_P1,naive_levels,published_cumulative,daily_cumulative_level,daily_level,
1,2466,0.38406837376796266,middle_stable_2009_2016,mid_R,mid_P1,naive_levels,published_cumulative,daily_cumulative_level,daily_level,
2,2460,0.37774716775707295,middle_stable_2009_2016,mid_R,mid_P1,naive_levels,published_cumulative,daily_cumulative_level,daily_level,
3,2455,0.3708962431259586,middle_stable_2009_2016,mid_R,mid_P1,naive_levels,published_cumulative,daily_cumulative_level,daily_level,
4,2450,0.3641494790359677,middle_stable_2009_2016,mid_R,mid_P1,naive_levels,published_cumulative,daily_cumulative_level,daily_level,
5,2447,0.35753882719690133,middle_stable_2009_2016,mid_R,mid_P1,naive_levels,published_cumulative,daily_cumulative_level,daily_level,
6,2444,0.3510451417278737,middle_stable_2009_2016,mid_R,mid_P1,naive_levels,published_cumulative,daily_cumulative_level,daily_level,
7,2442,0.343354633370697,middle_stable_2009_2016,mid_R,mid_P1,naive_levels,published_cumulative,daily_cumulative_level,daily_level,
8,2440,0.33615772084780754,middle_stable_2009_2016,mid_R,mid_P1,naive_levels,published_cumulative,daily_cumulative_level,daily_level,
9,2438,0.3291096546445182,middle_stable_2009_2016,mid_R,mid_P1,naive_levels,published_cumulative,daily_cumulative_level,daily_level,
10,2436,0.32199808413433934,middle_stable_2009_2016,mid_R,mid_P1,naive_levels,published_cumulative,daily_cumulative_level,daily_level,
11,2434,0.3146781408632959,middle_stable_2009_2016,mid_R,mid_P1,naive_levels,published_cumulative,daily_cumulative_level,daily_level,
12,2432,0.30820938147765814,middle_stable_2009_2016,mid_R,mid_P1,naive_levels,published_cumulative,daily_cumulative_level,daily_level,
13,2430,0.3016848271560104,middle_stable_2009_2016,mid_R,mid_P1,naive_levels,published_cumulative,daily_cumulative_level,daily_level,
14,2428,0.29501015064486663,middle_stable_2009_2016,mid_R,mid_P1,naive_levels,published_cumulative,daily_cumulative_level,daily_level,
15,2426,0.28829321349697673,middle_stable_2009_2016,mid_R,mid_P1,naive_levels,published_cumulative,daily_cumulative_level,daily_level,
16,2424,0.28169188866492934,middle_stable_2009_2016,mid_R,mid_P1,naive_levels,published_cumulative,daily_cumulative_level,daily_level,
17,2422,0.2750092606030273,middle_stable_2009_2016,mid_R,mid_P1,naive_levels,published_cumulative,daily_cumulative_level,daily_level,
18,2420,0.26835007201704114,middle_stable_2009_2016,mid_R,mid_P1,naive_levels,published_cumulative,daily_cumulative_level,daily_level,
19,2418,0.2622374889114104,middle_stable_2009_2016,mid_R,mid_P1,naive_levels,published_cumulative,daily_cumulative_level,daily_level,
20,2416,0.25641017716262227,middle_stable_2009_2016,mid_R,mid_P1,naive_levels,published_cumulative,daily_cumulative_level,daily_level,
21,2414,0.25062909656861126,middle_stable_2009_2016,mid_R,mid_P1,naive_levels,published_cumulative,daily_cumulative_level,daily_level,
22,2412,0.24464723390775717,middle_stable_2009_2016,mid_R,mid_P1,naive_levels,published_cumulative,daily_cumulative_level,daily_level,
23,2410,0.238486110052792,middle_stable_2009_2016,mid_R,mid_P1,naive_levels,published_cumulative,daily_cumulative_level,daily_level,
24,2408,0.2320319741690568,middle_stable_2009_2016,mid_R,mid_P1,naive_levels,published_cumulative,daily_cumulative_level,daily_level,
25,2406,0.22576065872913267,middle_stable_2009_2016,mid_R,mid_P1,naive_levels,published_cumulative,daily_cumulative_level,daily_level,
26,2404,0.2188281077384551,middle_stable_2009_2016,mid_R,mid_P1,naive_levels,published_cumulative,daily_cumulative_level,daily_level,
27,2402,0.2117844019928513,middle_stable_2009_2016,mid_R,mid_P1,naive_levels,published_cumulative,daily_cumulative_level,daily_level,
28,2400,0.2048414046591698,middle_stable_2009_2016,mid_R,mid_P1,naive_levels,published_cumulative,daily_cumulative_level,daily_level,
29,2398,0.19797179367292772,middle_stable_2009_2016,mid_R,mid_P1,naive_levels,published_cumulative,daily_cumulative_level,daily_level,
30,2396,0.190662437293537,middle_stable_2009_2016,mid_R,mid_P1,naive_levels,published_cumulative,daily_cumulative_level,daily_level,
0,2442,0.27297947081974705,middle_stable_2009_2016,mid_R,mid_P1,transformed,cumulative_daily_difference,daily_cumulative_difference,daily_first_difference,
1,2434,0.33988434663588346,middle_stable_2009_2016,mid_R,mid_P1,transformed,cumulative_daily_difference,daily_cumulative_difference,daily_first_difference,
2,2426,0.020835305442039966,middle_stable_2009_2016,mid_R,mid_P1,transformed,cumulative_daily_difference,daily_cumulative_difference,daily_first_difference,
3,2419,-0.010924421573574618,middle_stable_2009_2016,mid_R,mid_P1,transformed,cumulative_daily_difference,daily_cumulative_difference,daily_first_difference,
4,2413,-0.03268616559381624,middle_stable_2009_2016,mid_R,mid_P1,transformed,cumulative_daily_difference,daily_cumulative_difference,daily_first_difference,
5,2408,-0.05286877711479341,middle_stable_2009_2016,mid_R,mid_P1,transformed,cumulative_daily_difference,daily_cumulative_difference,daily_first_difference,
6,2405,0.003551240679304028,middle_stable_2009_2016,mid_R,mid_P1,transformed,cumulative_daily_difference,daily_cumulative_difference,daily_first_difference,
7,2402,-0.02693517564589306,middle_stable_2009_2016,mid_R,mid_P1,transformed,cumulative_daily_difference,daily_cumulative_difference,daily_first_difference,
8,2400,0.002719732656430963,middle_stable_2009_2016,mid_R,mid_P1,transformed,cumulative_daily_difference,daily_cumulative_difference,daily_first_difference,
9,2398,-0.026963683674538916,middle_stable_2009_2016,mid_R,mid_P1,transformed,cumulative_daily_difference,daily_cumulative_difference,daily_first_difference,
10,2396,-0.0260674319990386,middle_stable_2009_2016,mid_R,mid_P1,transformed,cumulative_daily_difference,daily_cumulative_difference,daily_first_difference,
11,2394,-0.02739270066228574,middle_stable_2009_2016,mid_R,mid_P1,transformed,cumulative_daily_difference,daily_cumulative_difference,daily_first_difference,
12,2392,0.003032770145006393,middle_stable_2009_2016,mid_R,mid_P1,transformed,cumulative_daily_difference,daily_cumulative_difference,daily_first_difference,
13,2390,0.03560871300869936,middle_stable_2009_2016,mid_R,mid_P1,transformed,cumulative_daily_difference,daily_cumulative_difference,daily_first_difference,
14,2388,-0.01082970557350935,middle_stable_2009_2016,mid_R,mid_P1,transformed,cumulative_daily_difference,daily_cumulative_difference,daily_first_difference,
15,2386,-0.004869734544831675,middle_stable_2009_2016,mid_R,mid_P1,transformed,cumulative_daily_difference,daily_cumulative_difference,daily_first_difference,
16,2384,0.01082729835148727,middle_stable_2009_2016,mid_R,mid_P1,transformed,cumulative_daily_difference,daily_cumulative_difference,daily_first_difference,
17,2382,-0.00438836566381052,middle_stable_2009_2016,mid_R,mid_P1,transformed,cumulative_daily_difference,daily_cumulative_difference,daily_first_difference,
18,2380,0.02673424417728402,middle_stable_2009_2016,mid_R,mid_P1,transformed,cumulative_daily_difference,daily_cumulative_difference,daily_first_difference,
19,2378,-0.022367069530655766,middle_stable_2009_2016,mid_R,mid_P1,transformed,cumulative_daily_difference,daily_cumulative_difference,daily_first_difference,
20,2376,-0.032038498619403166,middle_stable_2009_2016,mid_R,mid_P1,transformed,cumulative_daily_difference,daily_cumulative_difference,daily_first_difference,
21,2374,0.03851361839548294,middle_stable_2009_2016,mid_R,mid_P1,transformed,cumulative_daily_difference,daily_cumulative_difference,daily_first_difference,
22,2372,0.0166952366455884,middle_stable_2009_2016,mid_R,mid_P1,transformed,cumulative_daily_difference,daily_cumulative_difference,daily_first_difference,
23,2370,0.010601208541769517,middle_stable_2009_2016,mid_R,mid_P1,transformed,cumulative_daily_difference,daily_cumulative_difference,daily_first_difference,
24,2368,0.021319899809842727,middle_stable_2009_2016,mid_R,mid_P1,transformed,cumulative_daily_difference,daily_cumulative_difference,daily_first_difference,
25,2366,0.05570814634568573,middle_stable_2009_2016,mid_R,mid_P1,transformed,cumulative_daily_difference,daily_cumulative_difference,daily_first_difference,
26,2364,0.020250762520648734,middle_stable_2009_2016,mid_R,mid_P1,transformed,cumulative_daily_difference,daily_cumulative_difference,daily_first_difference,
27,2362,-0.018291908765246313,middle_stable_2009_2016,mid_R,mid_P1,transformed,cumulative_daily_difference,daily_cumulative_difference,daily_first_difference,
28,2360,1.2602105626916145e-05,middle_stable_2009_2016,mid_R,mid_P1,transformed,cumulative_daily_difference,daily_cumulative_difference,daily_first_difference,
29,2358,0.018288885984336485,middle_stable_2009_2016,mid_R,mid_P1,transformed,cumulative_daily_difference,daily_cumulative_difference,daily_first_difference,
30,2356,-0.008576644814944205,middle_stable_2009_2016,mid_R,mid_P1,transformed,cumulative_daily_difference,daily_cumulative_difference,daily_first_difference,
0,2427,0.25247236295317804,middle_stable_2009_2016,mid_R,mid_P1,transformed,15_minute_interval_sum,daily_interval_sum,daily_first_difference,
1,2427,0.31875883184463966,middle_stable_2009_2016,mid_R,mid_P1,transformed,15_minute_interval_sum,daily_interval_sum,daily_first_difference,
2,2419,0.025900243715483294,middle_stable_2009_2016,mid_R,mid_P1,transformed,15_minute_interval_sum,daily_interval_sum,daily_first_difference,
3,2411,-0.03283333241136308,middle_stable_2009_2016,mid_R,mid_P1,transformed,15_minute_interval_sum,daily_interval_sum,daily_first_difference,
4,2404,-0.026826161352388227,middle_stable_2009_2016,mid_R,mid_P1,transformed,15_minute_interval_sum,daily_interval_sum,daily_first_difference,
5,2398,-0.05144282049351482,middle_stable_2009_2016,mid_R,mid_P1,transformed,15_minute_interval_sum,daily_interval_sum,daily_first_difference,
6,2393,0.013804393746442795,middle_stable_2009_2016,mid_R,mid_P1,transformed,15_minute_interval_sum,daily_interval_sum,daily_first_difference,
7,2390,-0.023372034454983513,middle_stable_2009_2016,mid_R,mid_P1,transformed,15_minute_interval_sum,daily_interval_sum,daily_first_difference,
8,2387,0.007718772776354146,middle_stable_2009_2016,mid_R,mid_P1,transformed,15_minute_interval_sum,daily_interval_sum,daily_first_difference,
9,2385,-0.0225121491607582,middle_stable_2009_2016,mid_R,mid_P1,transformed,15_minute_interval_sum,daily_interval_sum,daily_first_difference,
10,2383,-0.02337174184197481,middle_stable_2009_2016,mid_R,mid_P1,transformed,15_minute_interval_sum,daily_interval_sum,daily_first_difference,
11,2381,-0.027413787391968474,middle_stable_2009_2016,mid_R,mid_P1,transformed,15_minute_interval_sum,daily_interval_sum,daily_first_difference,
12,2379,0.004922329057846606,middle_stable_2009_2016,mid_R,mid_P1,transformed,15_minute_interval_sum,daily_interval_sum,daily_first_difference,
13,2377,0.019918331906252744,middle_stable_2009_2016,mid_R,mid_P1,transformed,15_minute_interval_sum,daily_interval_sum,daily_first_difference,
14,2375,-0.008207891581858804,middle_stable_2009_2016,mid_R,mid_P1,transformed,15_minute_interval_sum,daily_interval_sum,daily_first_difference,
15,2374,-0.00715503510684882,middle_stable_2009_2016,mid_R,mid_P1,transformed,15_minute_interval_sum,daily_interval_sum,daily_first_difference,
16,2373,-0.004230222307668764,middle_stable_2009_2016,mid_R,mid_P1,transformed,15_minute_interval_sum,daily_interval_sum,daily_first_difference,
17,2371,-0.01324418776934233,middle_stable_2009_2016,mid_R,mid_P1,transformed,15_minute_interval_sum,daily_interval_sum,daily_first_difference,
18,2369,0.033844325493299354,middle_stable_2009_2016,mid_R,mid_P1,transformed,15_minute_interval_sum,daily_interval_sum,daily_first_difference,
19,2368,-0.021393868175345516,middle_stable_2009_2016,mid_R,mid_P1,transformed,15_minute_interval_sum,daily_interval_sum,daily_first_difference,
20,2367,-0.02512474920489407,middle_stable_2009_2016,mid_R,mid_P1,transformed,15_minute_interval_sum,daily_interval_sum,daily_first_difference,
21,2364,0.0439557537112709,middle_stable_2009_2016,mid_R,mid_P1,transformed,15_minute_interval_sum,daily_interval_sum,daily_first_difference,
22,2361,0.019876491835480212,middle_stable_2009_2016,mid_R,mid_P1,transformed,15_minute_interval_sum,daily_interval_sum,daily_first_difference,
23,2359,0.014473120009518115,middle_stable_2009_2016,mid_R,mid_P1,transformed,15_minute_interval_sum,daily_interval_sum,daily_first_difference,
24,2357,0.02319846891552921,middle_stable_2009_2016,mid_R,mid_P1,transformed,15_minute_interval_sum,daily_interval_sum,daily_first_difference,
25,2355,0.06182585369849119,middle_stable_2009_2016,mid_R,mid_P1,transformed,15_minute_interval_sum,daily_interval_sum,daily_first_difference,
26,2353,0.023591953591802228,middle_stable_2009_2016,mid_R,mid_P1,transformed,15_minute_interval_sum,daily_interval_sum,daily_first_difference,
27,2351,-0.038940126657705215,middle_stable_2009_2016,mid_R,mid_P1,transformed,15_minute_interval_sum,daily_interval_sum,daily_first_difference,
28,2349,-0.015099287643117305,middle_stable_2009_2016,mid_R,mid_P1,transformed,15_minute_interval_sum,daily_interval_sum,daily_first_difference,
29,2347,0.015261305547399366,middle_stable_2009_2016,mid_R,mid_P1,transformed,15_minute_interval_sum,daily_interval_sum,daily_first_difference,
30,2346,-0.0020112620773990587,middle_stable_2009_2016,mid_R,mid_P1,transformed,15_minute_interval_sum,daily_interval_sum,daily_first_difference,
0,2430,0.1647839719720778,middle_stable_2009_2016,mid_R,mid_P1,prewhitened,cumulative_daily_difference,daily_cumulative_difference,daily_first_difference,0.3878109567019985
1,2422,0.28621755466841864,middle_stable_2009_2016,mid_R,mid_P1,prewhitened,cumulative_daily_difference,daily_cumulative_difference,daily_first_difference,0.3878109567019985
2,2414,-0.1065351785407265,middle_stable_2009_2016,mid_R,mid_P1,prewhitened,cumulative_daily_difference,daily_cumulative_difference,daily_first_difference,0.3878109567019985
3,2406,-0.008515505092806288,middle_stable_2009_2016,mid_R,mid_P1,prewhitened,cumulative_daily_difference,daily_cumulative_difference,daily_first_difference,0.3878109567019985
4,2399,-0.01367665558196155,middle_stable_2009_2016,mid_R,mid_P1,prewhitened,cumulative_daily_difference,daily_cumulative_difference,daily_first_difference,0.3878109567019985
5,2393,-0.052098362727298404,middle_stable_2009_2016,mid_R,mid_P1,prewhitened,cumulative_daily_difference,daily_cumulative_difference,daily_first_difference,0.3878109567019985
6,2388,0.036924576389179155,middle_stable_2009_2016,mid_R,mid_P1,prewhitened,cumulative_daily_difference,daily_cumulative_difference,daily_first_difference,0.3878109567019985
7,2385,-0.035712294871587495,middle_stable_2009_2016,mid_R,mid_P1,prewhitened,cumulative_daily_difference,daily_cumulative_difference,daily_first_difference,0.3878109567019985
8,2382,0.024068457017958362,middle_stable_2009_2016,mid_R,mid_P1,prewhitened,cumulative_daily_difference,daily_cumulative_difference,daily_first_difference,0.3878109567019985
9,2380,-0.024176182831337586,middle_stable_2009_2016,mid_R,mid_P1,prewhitened,cumulative_daily_difference,daily_cumulative_difference,daily_first_difference,0.3878109567019985
10,2378,-0.008177252191865436,middle_stable_2009_2016,mid_R,mid_P1,prewhitened,cumulative_daily_difference,daily_cumulative_difference,daily_first_difference,0.3878109567019985
11,2376,-0.024768408793630865,middle_stable_2009_2016,mid_R,mid_P1,prewhitened,cumulative_daily_difference,daily_cumulative_difference,daily_first_difference,0.3878109567019985
12,2374,0.0016495273848724,middle_stable_2009_2016,mid_R,mid_P1,prewhitened,cumulative_daily_difference,daily_cumulative_difference,daily_first_difference,0.3878109567019985
13,2372,0.04616022066321857,middle_stable_2009_2016,mid_R,mid_P1,prewhitened,cumulative_daily_difference,daily_cumulative_difference,daily_first_difference,0.3878109567019985
14,2370,-0.024672057155096776,middle_stable_2009_2016,mid_R,mid_P1,prewhitened,cumulative_daily_difference,daily_cumulative_difference,daily_first_difference,0.3878109567019985
15,2368,-0.005947769983718718,middle_stable_2009_2016,mid_R,mid_P1,prewhitened,cumulative_daily_difference,daily_cumulative_difference,daily_first_difference,0.3878109567019985
16,2366,0.017140179396441663,middle_stable_2009_2016,mid_R,mid_P1,prewhitened,cumulative_daily_difference,daily_cumulative_difference,daily_first_difference,0.3878109567019985
17,2364,-0.02128243361438652,middle_stable_2009_2016,mid_R,mid_P1,prewhitened,cumulative_daily_difference,daily_cumulative_difference,daily_first_difference,0.3878109567019985
18,2362,0.04239778042518401,middle_stable_2009_2016,mid_R,mid_P1,prewhitened,cumulative_daily_difference,daily_cumulative_difference,daily_first_difference,0.3878109567019985
19,2360,-0.024172757969366993,middle_stable_2009_2016,mid_R,mid_P1,prewhitened,cumulative_daily_difference,daily_cumulative_difference,daily_first_difference,0.3878109567019985
20,2358,-0.04407577447714117,middle_stable_2009_2016,mid_R,mid_P1,prewhitened,cumulative_daily_difference,daily_cumulative_difference,daily_first_difference,0.3878109567019985
21,2356,0.05252020408386072,middle_stable_2009_2016,mid_R,mid_P1,prewhitened,cumulative_daily_difference,daily_cumulative_difference,daily_first_difference,0.3878109567019985
22,2354,0.0005047016729815227,middle_stable_2009_2016,mid_R,mid_P1,prewhitened,cumulative_daily_difference,daily_cumulative_difference,daily_first_difference,0.3878109567019985
23,2352,-0.001664238924194985,middle_stable_2009_2016,mid_R,mid_P1,prewhitened,cumulative_daily_difference,daily_cumulative_difference,daily_first_difference,0.3878109567019985
24,2350,-0.0014427408776433372,middle_stable_2009_2016,mid_R,mid_P1,prewhitened,cumulative_daily_difference,daily_cumulative_difference,daily_first_difference,0.3878109567019985
25,2348,0.050233681580388205,middle_stable_2009_2016,mid_R,mid_P1,prewhitened,cumulative_daily_difference,daily_cumulative_difference,daily_first_difference,0.3878109567019985
26,2346,0.009574490200439786,middle_stable_2009_2016,mid_R,mid_P1,prewhitened,cumulative_daily_difference,daily_cumulative_difference,daily_first_difference,0.3878109567019985
27,2344,-0.029795040881377334,middle_stable_2009_2016,mid_R,mid_P1,prewhitened,cumulative_daily_difference,daily_cumulative_difference,daily_first_difference,0.3878109567019985
28,2342,-0.00041717959084400274,middle_stable_2009_2016,mid_R,mid_P1,prewhitened,cumulative_daily_difference,daily_cumulative_difference,daily_first_difference,0.3878109567019985
29,2340,0.025676889318752102,middle_stable_2009_2016,mid_R,mid_P1,prewhitened,cumulative_daily_difference,daily_cumulative_difference,daily_first_difference,0.3878109567019985
30,2338,-0.013344315673222534,middle_stable_2009_2016,mid_R,mid_P1,prewhitened,cumulative_daily_difference,daily_cumulative_difference,daily_first_difference,0.3878109567019985
0,2398,0.15121360621365407,middle_stable_2009_2016,mid_R,mid_P1,prewhitened,15_minute_interval_sum,daily_interval_sum,daily_first_difference,0.37658929352759324
1,2398,0.2727829019576664,middle_stable_2009_2016,mid_R,mid_P1,prewhitened,15_minute_interval_sum,daily_interval_sum,daily_first_difference,0.37658929352759324
2,2390,-0.10760619362173136,middle_stable_2009_2016,mid_R,mid_P1,prewhitened,15_minute_interval_sum,daily_interval_sum,daily_first_difference,0.37658929352759324
3,2382,-0.01698568523622246,middle_stable_2009_2016,mid_R,mid_P1,prewhitened,15_minute_interval_sum,daily_interval_sum,daily_first_difference,0.37658929352759324
4,2374,0.005172135781983358,middle_stable_2009_2016,mid_R,mid_P1,prewhitened,15_minute_interval_sum,daily_interval_sum,daily_first_difference,0.37658929352759324
5,2367,-0.056864150072339865,middle_stable_2009_2016,mid_R,mid_P1,prewhitened,15_minute_interval_sum,daily_interval_sum,daily_first_difference,0.37658929352759324
6,2361,0.04479847662223244,middle_stable_2009_2016,mid_R,mid_P1,prewhitened,15_minute_interval_sum,daily_interval_sum,daily_first_difference,0.37658929352759324
7,2356,-0.036813347749940536,middle_stable_2009_2016,mid_R,mid_P1,prewhitened,15_minute_interval_sum,daily_interval_sum,daily_first_difference,0.37658929352759324
8,2353,0.027219215978526563,middle_stable_2009_2016,mid_R,mid_P1,prewhitened,15_minute_interval_sum,daily_interval_sum,daily_first_difference,0.37658929352759324
9,2350,-0.022708356985926003,middle_stable_2009_2016,mid_R,mid_P1,prewhitened,15_minute_interval_sum,daily_interval_sum,daily_first_difference,0.37658929352759324
10,2348,-0.007763074258583435,middle_stable_2009_2016,mid_R,mid_P1,prewhitened,15_minute_interval_sum,daily_interval_sum,daily_first_difference,0.37658929352759324
11,2346,-0.02642267589460882,middle_stable_2009_2016,mid_R,mid_P1,prewhitened,15_minute_interval_sum,daily_interval_sum,daily_first_difference,0.37658929352759324
12,2344,0.006701873284501621,middle_stable_2009_2016,mid_R,mid_P1,prewhitened,15_minute_interval_sum,daily_interval_sum,daily_first_difference,0.37658929352759324
13,2342,0.029489952787089907,middle_stable_2009_2016,mid_R,mid_P1,prewhitened,15_minute_interval_sum,daily_interval_sum,daily_first_difference,0.37658929352759324
14,2341,-0.014870031184265522,middle_stable_2009_2016,mid_R,mid_P1,prewhitened,15_minute_interval_sum,daily_interval_sum,daily_first_difference,0.37658929352759324
15,2340,-0.005564271157408991,middle_stable_2009_2016,mid_R,mid_P1,prewhitened,15_minute_interval_sum,daily_interval_sum,daily_first_difference,0.37658929352759324
16,2339,0.0034305533704091767,middle_stable_2009_2016,mid_R,mid_P1,prewhitened,15_minute_interval_sum,daily_interval_sum,daily_first_difference,0.37658929352759324
17,2337,-0.026406069826593,middle_stable_2009_2016,mid_R,mid_P1,prewhitened,15_minute_interval_sum,daily_interval_sum,daily_first_difference,0.37658929352759324
18,2336,0.05261644517314304,middle_stable_2009_2016,mid_R,mid_P1,prewhitened,15_minute_interval_sum,daily_interval_sum,daily_first_difference,0.37658929352759324
19,2335,-0.027421479024501635,middle_stable_2009_2016,mid_R,mid_P1,prewhitened,15_minute_interval_sum,daily_interval_sum,daily_first_difference,0.37658929352759324
20,2334,-0.038580361518900055,middle_stable_2009_2016,mid_R,mid_P1,prewhitened,15_minute_interval_sum,daily_interval_sum,daily_first_difference,0.37658929352759324
21,2331,0.05540490136294939,middle_stable_2009_2016,mid_R,mid_P1,prewhitened,15_minute_interval_sum,daily_interval_sum,daily_first_difference,0.37658929352759324
22,2328,0.0009042139102928913,middle_stable_2009_2016,mid_R,mid_P1,prewhitened,15_minute_interval_sum,daily_interval_sum,daily_first_difference,0.37658929352759324
23,2325,0.0005730972532183467,middle_stable_2009_2016,mid_R,mid_P1,prewhitened,15_minute_interval_sum,daily_interval_sum,daily_first_difference,0.37658929352759324
24,2323,0.0002609980340263525,middle_stable_2009_2016,mid_R,mid_P1,prewhitened,15_minute_interval_sum,daily_interval_sum,daily_first_difference,0.37658929352759324
25,2321,0.0553926650700728,middle_stable_2009_2016,mid_R,mid_P1,prewhitened,15_minute_interval_sum,daily_interval_sum,daily_first_difference,0.37658929352759324
26,2319,0.014923939426674965,middle_stable_2009_2016,mid_R,mid_P1,prewhitened,15_minute_interval_sum,daily_interval_sum,daily_first_difference,0.37658929352759324
27,2317,-0.049950485384114555,middle_stable_2009_2016,mid_R,mid_P1,prewhitened,15_minute_interval_sum,daily_interval_sum,daily_first_difference,0.37658929352759324
28,2315,-0.006922175814851264,middle_stable_2009_2016,mid_R,mid_P1,prewhitened,15_minute_interval_sum,daily_interval_sum,daily_first_difference,0.37658929352759324
29,2314,0.026875413654810127,middle_stable_2009_2016,mid_R,mid_P1,prewhitened,15_minute_interval_sum,daily_interval_sum,daily_first_difference,0.37658929352759324
30,2313,-0.006944735904688205,middle_stable_2009_2016,mid_R,mid_P1,prewhitened,15_minute_interval_sum,daily_interval_sum,daily_first_difference,0.37658929352759324
0,2474,0.5881611374149609,middle_stable_2009_2016,mid_R,mid_P2,naive_levels,published_cumulative,daily_cumulative_level,daily_level,
1,2465,0.5832576369323191,middle_stable_2009_2016,mid_R,mid_P2,naive_levels,published_cumulative,daily_cumulative_level,daily_level,
2,2459,0.5792399219178396,middle_stable_2009_2016,mid_R,mid_P2,naive_levels,published_cumulative,daily_cumulative_level,daily_level,
3,2454,0.5748925302652703,middle_stable_2009_2016,mid_R,mid_P2,naive_levels,published_cumulative,daily_cumulative_level,daily_level,
4,2449,0.5702344626529241,middle_stable_2009_2016,mid_R,mid_P2,naive_levels,published_cumulative,daily_cumulative_level,daily_level,
5,2446,0.565282915966665,middle_stable_2009_2016,mid_R,mid_P2,naive_levels,published_cumulative,daily_cumulative_level,daily_level,
6,2443,0.5602629263930625,middle_stable_2009_2016,mid_R,mid_P2,naive_levels,published_cumulative,daily_cumulative_level,daily_level,
7,2441,0.5542862409538014,middle_stable_2009_2016,mid_R,mid_P2,naive_levels,published_cumulative,daily_cumulative_level,daily_level,
8,2439,0.5481881247009072,middle_stable_2009_2016,mid_R,mid_P2,naive_levels,published_cumulative,daily_cumulative_level,daily_level,
9,2437,0.5420314602905878,middle_stable_2009_2016,mid_R,mid_P2,naive_levels,published_cumulative,daily_cumulative_level,daily_level,
10,2435,0.5358158171314524,middle_stable_2009_2016,mid_R,mid_P2,naive_levels,published_cumulative,daily_cumulative_level,daily_level,
11,2433,0.5294769582275017,middle_stable_2009_2016,mid_R,mid_P2,naive_levels,published_cumulative,daily_cumulative_level,daily_level,
12,2431,0.5229342053665198,middle_stable_2009_2016,mid_R,mid_P2,naive_levels,published_cumulative,daily_cumulative_level,daily_level,
13,2429,0.5163516510255234,middle_stable_2009_2016,mid_R,mid_P2,naive_levels,published_cumulative,daily_cumulative_level,daily_level,
14,2427,0.5097442617531227,middle_stable_2009_2016,mid_R,mid_P2,naive_levels,published_cumulative,daily_cumulative_level,daily_level,
15,2425,0.5030590186158581,middle_stable_2009_2016,mid_R,mid_P2,naive_levels,published_cumulative,daily_cumulative_level,daily_level,
16,2423,0.4962844030912167,middle_stable_2009_2016,mid_R,mid_P2,naive_levels,published_cumulative,daily_cumulative_level,daily_level,
17,2421,0.4894682043553641,middle_stable_2009_2016,mid_R,mid_P2,naive_levels,published_cumulative,daily_cumulative_level,daily_level,
18,2419,0.4827371858036306,middle_stable_2009_2016,mid_R,mid_P2,naive_levels,published_cumulative,daily_cumulative_level,daily_level,
19,2417,0.47590492191288686,middle_stable_2009_2016,mid_R,mid_P2,naive_levels,published_cumulative,daily_cumulative_level,daily_level,
20,2415,0.46900246081293123,middle_stable_2009_2016,mid_R,mid_P2,naive_levels,published_cumulative,daily_cumulative_level,daily_level,
21,2413,0.4621328296684163,middle_stable_2009_2016,mid_R,mid_P2,naive_levels,published_cumulative,daily_cumulative_level,daily_level,
22,2411,0.4552778919129731,middle_stable_2009_2016,mid_R,mid_P2,naive_levels,published_cumulative,daily_cumulative_level,daily_level,
23,2409,0.4483758054037647,middle_stable_2009_2016,mid_R,mid_P2,naive_levels,published_cumulative,daily_cumulative_level,daily_level,
24,2407,0.44138134666101503,middle_stable_2009_2016,mid_R,mid_P2,naive_levels,published_cumulative,daily_cumulative_level,daily_level,
25,2405,0.43430052028607535,middle_stable_2009_2016,mid_R,mid_P2,naive_levels,published_cumulative,daily_cumulative_level,daily_level,
26,2403,0.42709772199465584,middle_stable_2009_2016,mid_R,mid_P2,naive_levels,published_cumulative,daily_cumulative_level,daily_level,
27,2401,0.41975708046330407,middle_stable_2009_2016,mid_R,mid_P2,naive_levels,published_cumulative,daily_cumulative_level,daily_level,
28,2399,0.4123398981319173,middle_stable_2009_2016,mid_R,mid_P2,naive_levels,published_cumulative,daily_cumulative_level,daily_level,
29,2397,0.40486106327095156,middle_stable_2009_2016,mid_R,mid_P2,naive_levels,published_cumulative,daily_cumulative_level,daily_level,
30,2395,0.3973720901756313,middle_stable_2009_2016,mid_R,mid_P2,naive_levels,published_cumulative,daily_cumulative_level,daily_level,
0,2440,0.16110410547638745,middle_stable_2009_2016,mid_R,mid_P2,transformed,cumulative_daily_difference,daily_cumulative_difference,daily_first_difference,
1,2432,0.22437997552521483,middle_stable_2009_2016,mid_R,mid_P2,transformed,cumulative_daily_difference,daily_cumulative_difference,daily_first_difference,
2,2424,0.14254451608137725,middle_stable_2009_2016,mid_R,mid_P2,transformed,cumulative_daily_difference,daily_cumulative_difference,daily_first_difference,
3,2417,0.1507362963785284,middle_stable_2009_2016,mid_R,mid_P2,transformed,cumulative_daily_difference,daily_cumulative_difference,daily_first_difference,
4,2411,0.11007098290345863,middle_stable_2009_2016,mid_R,mid_P2,transformed,cumulative_daily_difference,daily_cumulative_difference,daily_first_difference,
5,2406,0.10012520133873454,middle_stable_2009_2016,mid_R,mid_P2,transformed,cumulative_daily_difference,daily_cumulative_difference,daily_first_difference,
6,2403,0.07955263568522865,middle_stable_2009_2016,mid_R,mid_P2,transformed,cumulative_daily_difference,daily_cumulative_difference,daily_first_difference,
7,2400,0.10500207791625184,middle_stable_2009_2016,mid_R,mid_P2,transformed,cumulative_daily_difference,daily_cumulative_difference,daily_first_difference,
8,2398,0.08429969500064018,middle_stable_2009_2016,mid_R,mid_P2,transformed,cumulative_daily_difference,daily_cumulative_difference,daily_first_difference,
9,2396,0.10716704781564619,middle_stable_2009_2016,mid_R,mid_P2,transformed,cumulative_daily_difference,daily_cumulative_difference,daily_first_difference,
10,2394,0.1127338005782495,middle_stable_2009_2016,mid_R,mid_P2,transformed,cumulative_daily_difference,daily_cumulative_difference,daily_first_difference,
11,2392,0.08610284513081055,middle_stable_2009_2016,mid_R,mid_P2,transformed,cumulative_daily_difference,daily_cumulative_difference,daily_first_difference,
12,2390,0.08350349362983721,middle_stable_2009_2016,mid_R,mid_P2,transformed,cumulative_daily_difference,daily_cumulative_difference,daily_first_difference,
13,2388,0.04161998114278709,middle_stable_2009_2016,mid_R,mid_P2,transformed,cumulative_daily_difference,daily_cumulative_difference,daily_first_difference,
14,2386,0.07884037967315045,middle_stable_2009_2016,mid_R,mid_P2,transformed,cumulative_daily_difference,daily_cumulative_difference,daily_first_difference,
15,2384,0.06739663706707932,middle_stable_2009_2016,mid_R,mid_P2,transformed,cumulative_daily_difference,daily_cumulative_difference,daily_first_difference,
16,2382,0.04346467553171576,middle_stable_2009_2016,mid_R,mid_P2,transformed,cumulative_daily_difference,daily_cumulative_difference,daily_first_difference,
17,2380,0.07647922887356658,middle_stable_2009_2016,mid_R,mid_P2,transformed,cumulative_daily_difference,daily_cumulative_difference,daily_first_difference,
18,2378,0.0545583010893929,middle_stable_2009_2016,mid_R,mid_P2,transformed,cumulative_daily_difference,daily_cumulative_difference,daily_first_difference,
19,2376,0.06459181106857473,middle_stable_2009_2016,mid_R,mid_P2,transformed,cumulative_daily_difference,daily_cumulative_difference,daily_first_difference,
20,2374,0.03880680445980765,middle_stable_2009_2016,mid_R,mid_P2,transformed,cumulative_daily_difference,daily_cumulative_difference,daily_first_difference,
21,2372,0.02493934091589204,middle_stable_2009_2016,mid_R,mid_P2,transformed,cumulative_daily_difference,daily_cumulative_difference,daily_first_difference,
22,2370,0.11121082682179122,middle_stable_2009_2016,mid_R,mid_P2,transformed,cumulative_daily_difference,daily_cumulative_difference,daily_first_difference,
23,2368,0.09547506687225336,middle_stable_2009_2016,mid_R,mid_P2,transformed,cumulative_daily_difference,daily_cumulative_difference,daily_first_difference,
24,2366,0.11664425175867371,middle_stable_2009_2016,mid_R,mid_P2,transformed,cumulative_daily_difference,daily_cumulative_difference,daily_first_difference,
25,2364,0.09644563904859794,middle_stable_2009_2016,mid_R,mid_P2,transformed,cumulative_daily_difference,daily_cumulative_difference,daily_first_difference,
26,2362,0.10434118815310632,middle_stable_2009_2016,mid_R,mid_P2,transformed,cumulative_daily_difference,daily_cumulative_difference,daily_first_difference,
27,2360,0.06832656438133838,middle_stable_2009_2016,mid_R,mid_P2,transformed,cumulative_daily_difference,daily_cumulative_difference,daily_first_difference,
28,2358,0.06275425059513712,middle_stable_2009_2016,mid_R,mid_P2,transformed,cumulative_daily_difference,daily_cumulative_difference,daily_first_difference,
29,2356,0.024684854756781473,middle_stable_2009_2016,mid_R,mid_P2,transformed,cumulative_daily_difference,daily_cumulative_difference,daily_first_difference,
30,2354,0.03946407666486642,middle_stable_2009_2016,mid_R,mid_P2,transformed,cumulative_daily_difference,daily_cumulative_difference,daily_first_difference,
0,2425,0.16334057769049998,middle_stable_2009_2016,mid_R,mid_P2,transformed,15_minute_interval_sum,daily_interval_sum,daily_first_difference,
1,2425,0.22681542218944895,middle_stable_2009_2016,mid_R,mid_P2,transformed,15_minute_interval_sum,daily_interval_sum,daily_first_difference,
2,2417,0.14379879966607767,middle_stable_2009_2016,mid_R,mid_P2,transformed,15_minute_interval_sum,daily_interval_sum,daily_first_difference,
3,2409,0.15103087608950042,middle_stable_2009_2016,mid_R,mid_P2,transformed,15_minute_interval_sum,daily_interval_sum,daily_first_difference,
4,2402,0.11307575705456903,middle_stable_2009_2016,mid_R,mid_P2,transformed,15_minute_interval_sum,daily_interval_sum,daily_first_difference,
5,2396,0.09858009838068284,middle_stable_2009_2016,mid_R,mid_P2,transformed,15_minute_interval_sum,daily_interval_sum,daily_first_difference,
6,2391,0.07829789114184814,middle_stable_2009_2016,mid_R,mid_P2,transformed,15_minute_interval_sum,daily_interval_sum,daily_first_difference,
7,2388,0.07277705602761274,middle_stable_2009_2016,mid_R,mid_P2,transformed,15_minute_interval_sum,daily_interval_sum,daily_first_difference,
8,2385,0.06575764299540192,middle_stable_2009_2016,mid_R,mid_P2,transformed,15_minute_interval_sum,daily_interval_sum,daily_first_difference,
9,2383,0.10298411817141671,middle_stable_2009_2016,mid_R,mid_P2,transformed,15_minute_interval_sum,daily_interval_sum,daily_first_difference,
10,2382,0.11587473780734231,middle_stable_2009_2016,mid_R,mid_P2,transformed,15_minute_interval_sum,daily_interval_sum,daily_first_difference,
11,2380,0.0835853435466344,middle_stable_2009_2016,mid_R,mid_P2,transformed,15_minute_interval_sum,daily_interval_sum,daily_first_difference,
12,2377,0.08161044243998225,middle_stable_2009_2016,mid_R,mid_P2,transformed,15_minute_interval_sum,daily_interval_sum,daily_first_difference,
13,2375,0.029007996769018194,middle_stable_2009_2016,mid_R,mid_P2,transformed,15_minute_interval_sum,daily_interval_sum,daily_first_difference,
14,2373,0.07085964398674471,middle_stable_2009_2016,mid_R,mid_P2,transformed,15_minute_interval_sum,daily_interval_sum,daily_first_difference,
15,2372,0.057291113965490886,middle_stable_2009_2016,mid_R,mid_P2,transformed,15_minute_interval_sum,daily_interval_sum,daily_first_difference,
16,2371,0.03998109009784592,middle_stable_2009_2016,mid_R,mid_P2,transformed,15_minute_interval_sum,daily_interval_sum,daily_first_difference,
17,2369,0.05847406257056129,middle_stable_2009_2016,mid_R,mid_P2,transformed,15_minute_interval_sum,daily_interval_sum,daily_first_difference,
18,2367,0.04210377122987126,middle_stable_2009_2016,mid_R,mid_P2,transformed,15_minute_interval_sum,daily_interval_sum,daily_first_difference,
19,2366,0.05992657144979886,middle_stable_2009_2016,mid_R,mid_P2,transformed,15_minute_interval_sum,daily_interval_sum,daily_first_difference,
20,2365,0.03307797905368668,middle_stable_2009_2016,mid_R,mid_P2,transformed,15_minute_interval_sum,daily_interval_sum,daily_first_difference,
21,2362,0.028174184617956642,middle_stable_2009_2016,mid_R,mid_P2,transformed,15_minute_interval_sum,daily_interval_sum,daily_first_difference,
22,2359,0.112482810496875,middle_stable_2009_2016,mid_R,mid_P2,transformed,15_minute_interval_sum,daily_interval_sum,daily_first_difference,
23,2357,0.09619245831587545,middle_stable_2009_2016,mid_R,mid_P2,transformed,15_minute_interval_sum,daily_interval_sum,daily_first_difference,
24,2355,0.11581729792392056,middle_stable_2009_2016,mid_R,mid_P2,transformed,15_minute_interval_sum,daily_interval_sum,daily_first_difference,
25,2353,0.09578766340921079,middle_stable_2009_2016,mid_R,mid_P2,transformed,15_minute_interval_sum,daily_interval_sum,daily_first_difference,
26,2351,0.10702574695231092,middle_stable_2009_2016,mid_R,mid_P2,transformed,15_minute_interval_sum,daily_interval_sum,daily_first_difference,
27,2349,0.07037699542676579,middle_stable_2009_2016,mid_R,mid_P2,transformed,15_minute_interval_sum,daily_interval_sum,daily_first_difference,
28,2347,0.04339637066428655,middle_stable_2009_2016,mid_R,mid_P2,transformed,15_minute_interval_sum,daily_interval_sum,daily_first_difference,
29,2345,0.015895135705432707,middle_stable_2009_2016,mid_R,mid_P2,transformed,15_minute_interval_sum,daily_interval_sum,daily_first_difference,
30,2344,0.03868500849477495,middle_stable_2009_2016,mid_R,mid_P2,transformed,15_minute_interval_sum,daily_interval_sum,daily_first_difference,
0,2427,0.06776886560268269,middle_stable_2009_2016,mid_R,mid_P2,prewhitened,cumulative_daily_difference,daily_cumulative_difference,daily_first_difference,0.3878109567019985
1,2419,0.167150890720171,middle_stable_2009_2016,mid_R,mid_P2,prewhitened,cumulative_daily_difference,daily_cumulative_difference,daily_first_difference,0.3878109567019985
2,2411,0.022260393044419846,middle_stable_2009_2016,mid_R,mid_P2,prewhitened,cumulative_daily_difference,daily_cumulative_difference,daily_first_difference,0.3878109567019985
3,2403,0.08983988674170025,middle_stable_2009_2016,mid_R,mid_P2,prewhitened,cumulative_daily_difference,daily_cumulative_difference,daily_first_difference,0.3878109567019985
4,2396,0.03545285148085861,middle_stable_2009_2016,mid_R,mid_P2,prewhitened,cumulative_daily_difference,daily_cumulative_difference,daily_first_difference,0.3878109567019985
5,2390,0.049849284735888746,middle_stable_2009_2016,mid_R,mid_P2,prewhitened,cumulative_daily_difference,daily_cumulative_difference,daily_first_difference,0.3878109567019985
6,2385,0.013594564841526295,middle_stable_2009_2016,mid_R,mid_P2,prewhitened,cumulative_daily_difference,daily_cumulative_difference,daily_first_difference,0.3878109567019985
7,2382,0.06866156476970575,middle_stable_2009_2016,mid_R,mid_P2,prewhitened,cumulative_daily_difference,daily_cumulative_difference,daily_first_difference,0.3878109567019985
8,2379,0.017928870555661204,middle_stable_2009_2016,mid_R,mid_P2,prewhitened,cumulative_daily_difference,daily_cumulative_difference,daily_first_difference,0.3878109567019985
9,2377,0.05563828013404859,middle_stable_2009_2016,mid_R,mid_P2,prewhitened,cumulative_daily_difference,daily_cumulative_difference,daily_first_difference,0.3878109567019985
10,2375,0.0660671455529023,middle_stable_2009_2016,mid_R,mid_P2,prewhitened,cumulative_daily_difference,daily_cumulative_difference,daily_first_difference,0.3878109567019985
11,2373,0.025802773974564305,middle_stable_2009_2016,mid_R,mid_P2,prewhitened,cumulative_daily_difference,daily_cumulative_difference,daily_first_difference,0.3878109567019985
12,2371,0.055568715042368134,middle_stable_2009_2016,mid_R,mid_P2,prewhitened,cumulative_daily_difference,daily_cumulative_difference,daily_first_difference,0.3878109567019985
13,2369,-0.019680569915572918,middle_stable_2009_2016,mid_R,mid_P2,prewhitened,cumulative_daily_difference,daily_cumulative_difference,daily_first_difference,0.3878109567019985
14,2367,0.05771152903838188,middle_stable_2009_2016,mid_R,mid_P2,prewhitened,cumulative_daily_difference,daily_cumulative_difference,daily_first_difference,0.3878109567019985
15,2365,0.036476904149646064,middle_stable_2009_2016,mid_R,mid_P2,prewhitened,cumulative_daily_difference,daily_cumulative_difference,daily_first_difference,0.3878109567019985
16,2363,-0.005908324590821114,middle_stable_2009_2016,mid_R,mid_P2,prewhitened,cumulative_daily_difference,daily_cumulative_difference,daily_first_difference,0.3878109567019985
17,2361,0.06011846385356826,middle_stable_2009_2016,mid_R,mid_P2,prewhitened,cumulative_daily_difference,daily_cumulative_difference,daily_first_difference,0.3878109567019985
18,2359,0.009768472468951479,middle_stable_2009_2016,mid_R,mid_P2,prewhitened,cumulative_daily_difference,daily_cumulative_difference,daily_first_difference,0.3878109567019985
19,2357,0.04514780962657049,middle_stable_2009_2016,mid_R,mid_P2,prewhitened,cumulative_daily_difference,daily_cumulative_difference,daily_first_difference,0.3878109567019985
20,2355,0.01162079241119416,middle_stable_2009_2016,mid_R,mid_P2,prewhitened,cumulative_daily_difference,daily_cumulative_difference,daily_first_difference,0.3878109567019985
21,2353,-0.0350629493663336,middle_stable_2009_2016,mid_R,mid_P2,prewhitened,cumulative_daily_difference,daily_cumulative_difference,daily_first_difference,0.3878109567019985
22,2351,0.09720406481630474,middle_stable_2009_2016,mid_R,mid_P2,prewhitened,cumulative_daily_difference,daily_cumulative_difference,daily_first_difference,0.3878109567019985
23,2349,0.02618916163855313,middle_stable_2009_2016,mid_R,mid_P2,prewhitened,cumulative_daily_difference,daily_cumulative_difference,daily_first_difference,0.3878109567019985
24,2347,0.07172001470140603,middle_stable_2009_2016,mid_R,mid_P2,prewhitened,cumulative_daily_difference,daily_cumulative_difference,daily_first_difference,0.3878109567019985
25,2345,0.03059057851617425,middle_stable_2009_2016,mid_R,mid_P2,prewhitened,cumulative_daily_difference,daily_cumulative_difference,daily_first_difference,0.3878109567019985
26,2343,0.06750305023278275,middle_stable_2009_2016,mid_R,mid_P2,prewhitened,cumulative_daily_difference,daily_cumulative_difference,daily_first_difference,0.3878109567019985
27,2341,0.01663736118109014,middle_stable_2009_2016,mid_R,mid_P2,prewhitened,cumulative_daily_difference,daily_cumulative_difference,daily_first_difference,0.3878109567019985
28,2339,0.0435454854738193,middle_stable_2009_2016,mid_R,mid_P2,prewhitened,cumulative_daily_difference,daily_cumulative_difference,daily_first_difference,0.3878109567019985
29,2337,-0.012844963659763276,middle_stable_2009_2016,mid_R,mid_P2,prewhitened,cumulative_daily_difference,daily_cumulative_difference,daily_first_difference,0.3878109567019985
30,2335,0.02585025932690851,middle_stable_2009_2016,mid_R,mid_P2,prewhitened,cumulative_daily_difference,daily_cumulative_difference,daily_first_difference,0.3878109567019985
0,2395,0.07298220682322205,middle_stable_2009_2016,mid_R,mid_P2,prewhitened,15_minute_interval_sum,daily_interval_sum,daily_first_difference,0.37658929352759324
1,2395,0.1716784448222917,middle_stable_2009_2016,mid_R,mid_P2,prewhitened,15_minute_interval_sum,daily_interval_sum,daily_first_difference,0.37658929352759324
2,2387,0.026280201841524537,middle_stable_2009_2016,mid_R,mid_P2,prewhitened,15_minute_interval_sum,daily_interval_sum,daily_first_difference,0.37658929352759324
3,2379,0.09143443258143578,middle_stable_2009_2016,mid_R,mid_P2,prewhitened,15_minute_interval_sum,daily_interval_sum,daily_first_difference,0.37658929352759324
4,2371,0.0426077709479173,middle_stable_2009_2016,mid_R,mid_P2,prewhitened,15_minute_interval_sum,daily_interval_sum,daily_first_difference,0.37658929352759324
5,2364,0.048564113884455466,middle_stable_2009_2016,mid_R,mid_P2,prewhitened,15_minute_interval_sum,daily_interval_sum,daily_first_difference,0.37658929352759324
6,2358,0.02336891688187803,middle_stable_2009_2016,mid_R,mid_P2,prewhitened,15_minute_interval_sum,daily_interval_sum,daily_first_difference,0.37658929352759324
7,2353,0.036305448697443204,middle_stable_2009_2016,mid_R,mid_P2,prewhitened,15_minute_interval_sum,daily_interval_sum,daily_first_difference,0.37658929352759324
8,2350,0.012294536840192601,middle_stable_2009_2016,mid_R,mid_P2,prewhitened,15_minute_interval_sum,daily_interval_sum,daily_first_difference,0.37658929352759324
9,2348,0.060023855695546066,middle_stable_2009_2016,mid_R,mid_P2,prewhitened,15_minute_interval_sum,daily_interval_sum,daily_first_difference,0.37658929352759324
10,2347,0.07379340002487832,middle_stable_2009_2016,mid_R,mid_P2,prewhitened,15_minute_interval_sum,daily_interval_sum,daily_first_difference,0.37658929352759324
11,2345,0.02315655145623131,middle_stable_2009_2016,mid_R,mid_P2,prewhitened,15_minute_interval_sum,daily_interval_sum,daily_first_difference,0.37658929352759324
12,2342,0.058494089555382,middle_stable_2009_2016,mid_R,mid_P2,prewhitened,15_minute_interval_sum,daily_interval_sum,daily_first_difference,0.37658929352759324
13,2339,-0.03072515786136885,middle_stable_2009_2016,mid_R,mid_P2,prewhitened,15_minute_interval_sum,daily_interval_sum,daily_first_difference,0.37658929352759324
14,2338,0.05780014967011152,middle_stable_2009_2016,mid_R,mid_P2,prewhitened,15_minute_interval_sum,daily_interval_sum,daily_first_difference,0.37658929352759324
15,2337,0.03024524593732108,middle_stable_2009_2016,mid_R,mid_P2,prewhitened,15_minute_interval_sum,daily_interval_sum,daily_first_difference,0.37658929352759324
16,2336,-0.0004780825430493264,middle_stable_2009_2016,mid_R,mid_P2,prewhitened,15_minute_interval_sum,daily_interval_sum,daily_first_difference,0.37658929352759324
17,2334,0.04444107631764133,middle_stable_2009_2016,mid_R,mid_P2,prewhitened,15_minute_interval_sum,daily_interval_sum,daily_first_difference,0.37658929352759324
18,2333,0.00473597981354344,middle_stable_2009_2016,mid_R,mid_P2,prewhitened,15_minute_interval_sum,daily_interval_sum,daily_first_difference,0.37658929352759324
19,2332,0.047198820064794256,middle_stable_2009_2016,mid_R,mid_P2,prewhitened,15_minute_interval_sum,daily_interval_sum,daily_first_difference,0.37658929352759324
20,2331,0.006038256574444977,middle_stable_2009_2016,mid_R,mid_P2,prewhitened,15_minute_interval_sum,daily_interval_sum,daily_first_difference,0.37658929352759324
21,2328,-0.027951324462884904,middle_stable_2009_2016,mid_R,mid_P2,prewhitened,15_minute_interval_sum,daily_interval_sum,daily_first_difference,0.37658929352759324
22,2325,0.09788534074853181,middle_stable_2009_2016,mid_R,mid_P2,prewhitened,15_minute_interval_sum,daily_interval_sum,daily_first_difference,0.37658929352759324
23,2322,0.02866359329273451,middle_stable_2009_2016,mid_R,mid_P2,prewhitened,15_minute_interval_sum,daily_interval_sum,daily_first_difference,0.37658929352759324
24,2320,0.0722259972707556,middle_stable_2009_2016,mid_R,mid_P2,prewhitened,15_minute_interval_sum,daily_interval_sum,daily_first_difference,0.37658929352759324
25,2318,0.031236076112391934,middle_stable_2009_2016,mid_R,mid_P2,prewhitened,15_minute_interval_sum,daily_interval_sum,daily_first_difference,0.37658929352759324
26,2316,0.07224773712292575,middle_stable_2009_2016,mid_R,mid_P2,prewhitened,15_minute_interval_sum,daily_interval_sum,daily_first_difference,0.37658929352759324
27,2314,0.0243341848068263,middle_stable_2009_2016,mid_R,mid_P2,prewhitened,15_minute_interval_sum,daily_interval_sum,daily_first_difference,0.37658929352759324
28,2312,0.022409005367639283,middle_stable_2009_2016,mid_R,mid_P2,prewhitened,15_minute_interval_sum,daily_interval_sum,daily_first_difference,0.37658929352759324
29,2311,-0.013708307540729504,middle_stable_2009_2016,mid_R,mid_P2,prewhitened,15_minute_interval_sum,daily_interval_sum,daily_first_difference,0.37658929352759324
30,2310,0.03011011834131795,middle_stable_2009_2016,mid_R,mid_P2,prewhitened,15_minute_interval_sum,daily_interval_sum,daily_first_difference,0.37658929352759324
0,2414,0.19103478703294538,middle_stable_2009_2016,mid_P1,mid_E2_B,naive_levels,not_applicable,daily_level,daily_level,
1,2405,0.19341777958024867,middle_stable_2009_2016,mid_P1,mid_E2_B,naive_levels,not_applicable,daily_level,daily_level,
2,2399,0.19902284075306675,middle_stable_2009_2016,mid_P1,mid_E2_B,naive_levels,not_applicable,daily_level,daily_level,
3,2394,0.20476156708495888,middle_stable_2009_2016,mid_P1,mid_E2_B,naive_levels,not_applicable,daily_level,daily_level,
4,2389,0.21040255646624956,middle_stable_2009_2016,mid_P1,mid_E2_B,naive_levels,not_applicable,daily_level,daily_level,
5,2386,0.21629486528449507,middle_stable_2009_2016,mid_P1,mid_E2_B,naive_levels,not_applicable,daily_level,daily_level,
6,2384,0.22246453950010817,middle_stable_2009_2016,mid_P1,mid_E2_B,naive_levels,not_applicable,daily_level,daily_level,
7,2382,0.2270166866128379,middle_stable_2009_2016,mid_P1,mid_E2_B,naive_levels,not_applicable,daily_level,daily_level,
8,2380,0.23168291514065104,middle_stable_2009_2016,mid_P1,mid_E2_B,naive_levels,not_applicable,daily_level,daily_level,
9,2378,0.23615266077954,middle_stable_2009_2016,mid_P1,mid_E2_B,naive_levels,not_applicable,daily_level,daily_level,
10,2376,0.24124202388967358,middle_stable_2009_2016,mid_P1,mid_E2_B,naive_levels,not_applicable,daily_level,daily_level,
11,2374,0.2479830395294133,middle_stable_2009_2016,mid_P1,mid_E2_B,naive_levels,not_applicable,daily_level,daily_level,
12,2372,0.2538124734474603,middle_stable_2009_2016,mid_P1,mid_E2_B,naive_levels,not_applicable,daily_level,daily_level,
13,2370,0.2591232584344486,middle_stable_2009_2016,mid_P1,mid_E2_B,naive_levels,not_applicable,daily_level,daily_level,
14,2368,0.26444801862976114,middle_stable_2009_2016,mid_P1,mid_E2_B,naive_levels,not_applicable,daily_level,daily_level,
15,2366,0.26959502986640177,middle_stable_2009_2016,mid_P1,mid_E2_B,naive_levels,not_applicable,daily_level,daily_level,
16,2364,0.2747190580577626,middle_stable_2009_2016,mid_P1,mid_E2_B,naive_levels,not_applicable,daily_level,daily_level,
17,2362,0.27975451578168464,middle_stable_2009_2016,mid_P1,mid_E2_B,naive_levels,not_applicable,daily_level,daily_level,
18,2360,0.2847221840588692,middle_stable_2009_2016,mid_P1,mid_E2_B,naive_levels,not_applicable,daily_level,daily_level,
19,2358,0.2893180222941148,middle_stable_2009_2016,mid_P1,mid_E2_B,naive_levels,not_applicable,daily_level,daily_level,
20,2356,0.2939443858340935,middle_stable_2009_2016,mid_P1,mid_E2_B,naive_levels,not_applicable,daily_level,daily_level,
21,2354,0.2983238968880822,middle_stable_2009_2016,mid_P1,mid_E2_B,naive_levels,not_applicable,daily_level,daily_level,
22,2352,0.30235163455670155,middle_stable_2009_2016,mid_P1,mid_E2_B,naive_levels,not_applicable,daily_level,daily_level,
23,2350,0.3065943344553533,middle_stable_2009_2016,mid_P1,mid_E2_B,naive_levels,not_applicable,daily_level,daily_level,
24,2348,0.31224259801488696,middle_stable_2009_2016,mid_P1,mid_E2_B,naive_levels,not_applicable,daily_level,daily_level,
25,2346,0.318369926209483,middle_stable_2009_2016,mid_P1,mid_E2_B,naive_levels,not_applicable,daily_level,daily_level,
26,2344,0.3245199584190226,middle_stable_2009_2016,mid_P1,mid_E2_B,naive_levels,not_applicable,daily_level,daily_level,
27,2342,0.33066125134783503,middle_stable_2009_2016,mid_P1,mid_E2_B,naive_levels,not_applicable,daily_level,daily_level,
28,2340,0.33773479537671175,middle_stable_2009_2016,mid_P1,mid_E2_B,naive_levels,not_applicable,daily_level,daily_level,
29,2338,0.3451018877079805,middle_stable_2009_2016,mid_P1,mid_E2_B,naive_levels,not_applicable,daily_level,daily_level,
30,2336,0.35238756135145627,middle_stable_2009_2016,mid_P1,mid_E2_B,naive_levels,not_applicable,daily_level,daily_level,
0,2389,0.016447006149073278,middle_stable_2009_2016,mid_P1,mid_E2_B,transformed,not_applicable,daily_first_difference,daily_first_difference,
1,2383,-0.015640789218598187,middle_stable_2009_2016,mid_P1,mid_E2_B,transformed,not_applicable,daily_first_difference,daily_first_difference,
2,2375,0.008340631230974883,middle_stable_2009_2016,mid_P1,mid_E2_B,transformed,not_applicable,daily_first_difference,daily_first_difference,
3,2368,0.02250141714722404,middle_stable_2009_2016,mid_P1,mid_E2_B,transformed,not_applicable,daily_first_difference,daily_first_difference,
4,2362,-0.02020137576601732,middle_stable_2009_2016,mid_P1,mid_E2_B,transformed,not_applicable,daily_first_difference,daily_first_difference,
5,2357,0.007426915645075834,middle_stable_2009_2016,mid_P1,mid_E2_B,transformed,not_applicable,daily_first_difference,daily_first_difference,
6,2354,0.014111388565230799,middle_stable_2009_2016,mid_P1,mid_E2_B,transformed,not_applicable,daily_first_difference,daily_first_difference,
7,2352,0.00022535774812525955,middle_stable_2009_2016,mid_P1,mid_E2_B,transformed,not_applicable,daily_first_difference,daily_first_difference,
8,2350,-0.006153808392638767,middle_stable_2009_2016,mid_P1,mid_E2_B,transformed,not_applicable,daily_first_difference,daily_first_difference,
9,2348,-0.0020016142850190224,middle_stable_2009_2016,mid_P1,mid_E2_B,transformed,not_applicable,daily_first_difference,daily_first_difference,
10,2346,-0.004083193238471458,middle_stable_2009_2016,mid_P1,mid_E2_B,transformed,not_applicable,daily_first_difference,daily_first_difference,
11,2344,0.008645556257725912,middle_stable_2009_2016,mid_P1,mid_E2_B,transformed,not_applicable,daily_first_difference,daily_first_difference,
12,2342,-0.007610291458755077,middle_stable_2009_2016,mid_P1,mid_E2_B,transformed,not_applicable,daily_first_difference,daily_first_difference,
13,2340,-0.005659010985171324,middle_stable_2009_2016,mid_P1,mid_E2_B,transformed,not_applicable,daily_first_difference,daily_first_difference,
14,2338,0.008378607464949723,middle_stable_2009_2016,mid_P1,mid_E2_B,transformed,not_applicable,daily_first_difference,daily_first_difference,
15,2336,-0.0030683766159195366,middle_stable_2009_2016,mid_P1,mid_E2_B,transformed,not_applicable,daily_first_difference,daily_first_difference,
16,2334,-0.006787084160303517,middle_stable_2009_2016,mid_P1,mid_E2_B,transformed,not_applicable,daily_first_difference,daily_first_difference,
17,2332,-0.018523251805273946,middle_stable_2009_2016,mid_P1,mid_E2_B,transformed,not_applicable,daily_first_difference,daily_first_difference,
18,2330,-0.003030798151093334,middle_stable_2009_2016,mid_P1,mid_E2_B,transformed,not_applicable,daily_first_difference,daily_first_difference,
19,2328,0.007343570099655788,middle_stable_2009_2016,mid_P1,mid_E2_B,transformed,not_applicable,daily_first_difference,daily_first_difference,
20,2327,0.004642068909996467,middle_stable_2009_2016,mid_P1,mid_E2_B,transformed,not_applicable,daily_first_difference,daily_first_difference,
21,2325,0.0037799696043979976,middle_stable_2009_2016,mid_P1,mid_E2_B,transformed,not_applicable,daily_first_difference,daily_first_difference,
22,2323,-0.023794798144323368,middle_stable_2009_2016,mid_P1,mid_E2_B,transformed,not_applicable,daily_first_difference,daily_first_difference,
23,2320,-0.005458644952877657,middle_stable_2009_2016,mid_P1,mid_E2_B,transformed,not_applicable,daily_first_difference,daily_first_difference,
24,2318,0.006907633188691815,middle_stable_2009_2016,mid_P1,mid_E2_B,transformed,not_applicable,daily_first_difference,daily_first_difference,
25,2316,-0.0098831401516613,middle_stable_2009_2016,mid_P1,mid_E2_B,transformed,not_applicable,daily_first_difference,daily_first_difference,
26,2314,0.002034238775720724,middle_stable_2009_2016,mid_P1,mid_E2_B,transformed,not_applicable,daily_first_difference,daily_first_difference,
27,2312,-0.005597240374604779,middle_stable_2009_2016,mid_P1,mid_E2_B,transformed,not_applicable,daily_first_difference,daily_first_difference,
28,2310,-0.0025107574606611223,middle_stable_2009_2016,mid_P1,mid_E2_B,transformed,not_applicable,daily_first_difference,daily_first_difference,
29,2308,-0.004050073547318128,middle_stable_2009_2016,mid_P1,mid_E2_B,transformed,not_applicable,daily_first_difference,daily_first_difference,
30,2306,-0.0005259213902242125,middle_stable_2009_2016,mid_P1,mid_E2_B,transformed,not_applicable,daily_first_difference,daily_first_difference,
0,2366,0.0185990948032106,middle_stable_2009_2016,mid_P1,mid_E2_B,prewhitened,not_applicable,daily_first_difference,daily_first_difference,0.0662045150131885
1,2360,-0.016128307618641917,middle_stable_2009_2016,mid_P1,mid_E2_B,prewhitened,not_applicable,daily_first_difference,daily_first_difference,0.0662045150131885
2,2352,0.008095372516480459,middle_stable_2009_2016,mid_P1,mid_E2_B,prewhitened,not_applicable,daily_first_difference,daily_first_difference,0.0662045150131885
3,2344,0.023759752915704528,middle_stable_2009_2016,mid_P1,mid_E2_B,prewhitened,not_applicable,daily_first_difference,daily_first_difference,0.0662045150131885
4,2337,-0.023642975818558697,middle_stable_2009_2016,mid_P1,mid_E2_B,prewhitened,not_applicable,daily_first_difference,daily_first_difference,0.0662045150131885
5,2332,0.007385200995092836,middle_stable_2009_2016,mid_P1,mid_E2_B,prewhitened,not_applicable,daily_first_difference,daily_first_difference,0.0662045150131885
6,2328,0.015603469317392414,middle_stable_2009_2016,mid_P1,mid_E2_B,prewhitened,not_applicable,daily_first_difference,daily_first_difference,0.0662045150131885
7,2325,-0.00028923699062473356,middle_stable_2009_2016,mid_P1,mid_E2_B,prewhitened,not_applicable,daily_first_difference,daily_first_difference,0.0662045150131885
8,2322,-0.006685742167502702,middle_stable_2009_2016,mid_P1,mid_E2_B,prewhitened,not_applicable,daily_first_difference,daily_first_difference,0.0662045150131885
9,2320,-0.0009091718067381523,middle_stable_2009_2016,mid_P1,mid_E2_B,prewhitened,not_applicable,daily_first_difference,daily_first_difference,0.0662045150131885
10,2318,-0.004773952642012669,middle_stable_2009_2016,mid_P1,mid_E2_B,prewhitened,not_applicable,daily_first_difference,daily_first_difference,0.0662045150131885
11,2316,0.010440684408500767,middle_stable_2009_2016,mid_P1,mid_E2_B,prewhitened,not_applicable,daily_first_difference,daily_first_difference,0.0662045150131885
12,2314,-0.010278073531434614,middle_stable_2009_2016,mid_P1,mid_E2_B,prewhitened,not_applicable,daily_first_difference,daily_first_difference,0.0662045150131885
13,2312,-0.0070322474723693434,middle_stable_2009_2016,mid_P1,mid_E2_B,prewhitened,not_applicable,daily_first_difference,daily_first_difference,0.0662045150131885
14,2310,0.00954188307754083,middle_stable_2009_2016,mid_P1,mid_E2_B,prewhitened,not_applicable,daily_first_difference,daily_first_difference,0.0662045150131885
15,2308,-0.0033570199063221793,middle_stable_2009_2016,mid_P1,mid_E2_B,prewhitened,not_applicable,daily_first_difference,daily_first_difference,0.0662045150131885
16,2306,-0.005460956616893347,middle_stable_2009_2016,mid_P1,mid_E2_B,prewhitened,not_applicable,daily_first_difference,daily_first_difference,0.0662045150131885
17,2304,-0.018585495495341147,middle_stable_2009_2016,mid_P1,mid_E2_B,prewhitened,not_applicable,daily_first_difference,daily_first_difference,0.0662045150131885
18,2302,-0.003042381139974327,middle_stable_2009_2016,mid_P1,mid_E2_B,prewhitened,not_applicable,daily_first_difference,daily_first_difference,0.0662045150131885
19,2301,0.008271547113134275,middle_stable_2009_2016,mid_P1,mid_E2_B,prewhitened,not_applicable,daily_first_difference,daily_first_difference,0.0662045150131885
20,2300,0.0037398006031374733,middle_stable_2009_2016,mid_P1,mid_E2_B,prewhitened,not_applicable,daily_first_difference,daily_first_difference,0.0662045150131885
21,2298,0.005606266858808823,middle_stable_2009_2016,mid_P1,mid_E2_B,prewhitened,not_applicable,daily_first_difference,daily_first_difference,0.0662045150131885
22,2296,-0.025014900753474605,middle_stable_2009_2016,mid_P1,mid_E2_B,prewhitened,not_applicable,daily_first_difference,daily_first_difference,0.0662045150131885
23,2293,-0.004094413899992215,middle_stable_2009_2016,mid_P1,mid_E2_B,prewhitened,not_applicable,daily_first_difference,daily_first_difference,0.0662045150131885
24,2290,0.008488324021811045,middle_stable_2009_2016,mid_P1,mid_E2_B,prewhitened,not_applicable,daily_first_difference,daily_first_difference,0.0662045150131885
25,2288,-0.011232560840131836,middle_stable_2009_2016,mid_P1,mid_E2_B,prewhitened,not_applicable,daily_first_difference,daily_first_difference,0.0662045150131885
26,2286,0.0035375656290529095,middle_stable_2009_2016,mid_P1,mid_E2_B,prewhitened,not_applicable,daily_first_difference,daily_first_difference,0.0662045150131885
27,2284,-0.005637649619604671,middle_stable_2009_2016,mid_P1,mid_E2_B,prewhitened,not_applicable,daily_first_difference,daily_first_difference,0.0662045150131885
28,2282,-0.0022925833970808044,middle_stable_2009_2016,mid_P1,mid_E2_B,prewhitened,not_applicable,daily_first_difference,daily_first_difference,0.0662045150131885
29,2280,-0.004088305726120233,middle_stable_2009_2016,mid_P1,mid_E2_B,prewhitened,not_applicable,daily_first_difference,daily_first_difference,0.0662045150131885
30,2278,-0.000730522705010781,middle_stable_2009_2016,mid_P1,mid_E2_B,prewhitened,not_applicable,daily_first_difference,daily_first_difference,0.0662045150131885
0,2413,0.3093129759663066,middle_stable_2009_2016,mid_P2,mid_E2_B,naive_levels,not_applicable,daily_level,daily_level,
1,2404,0.31251077049124787,middle_stable_2009_2016,mid_P2,mid_E2_B,naive_levels,not_applicable,daily_level,daily_level,
2,2398,0.31862055136065076,middle_stable_2009_2016,mid_P2,mid_E2_B,naive_levels,not_applicable,daily_level,daily_level,
3,2393,0.3247854013454004,middle_stable_2009_2016,mid_P2,mid_E2_B,naive_levels,not_applicable,daily_level,daily_level,
4,2388,0.331056606483155,middle_stable_2009_2016,mid_P2,mid_E2_B,naive_levels,not_applicable,daily_level,daily_level,
5,2385,0.3375030624203373,middle_stable_2009_2016,mid_P2,mid_E2_B,naive_levels,not_applicable,daily_level,daily_level,
6,2383,0.3439893962719187,middle_stable_2009_2016,mid_P2,mid_E2_B,naive_levels,not_applicable,daily_level,daily_level,
7,2381,0.3490953346640676,middle_stable_2009_2016,mid_P2,mid_E2_B,naive_levels,not_applicable,daily_level,daily_level,
8,2379,0.35422405479343,middle_stable_2009_2016,mid_P2,mid_E2_B,naive_levels,not_applicable,daily_level,daily_level,
9,2377,0.35952087821132356,middle_stable_2009_2016,mid_P2,mid_E2_B,naive_levels,not_applicable,daily_level,daily_level,
10,2375,0.3647862186285599,middle_stable_2009_2016,mid_P2,mid_E2_B,naive_levels,not_applicable,daily_level,daily_level,
11,2373,0.36995872220463455,middle_stable_2009_2016,mid_P2,mid_E2_B,naive_levels,not_applicable,daily_level,daily_level,
12,2371,0.3748374502353382,middle_stable_2009_2016,mid_P2,mid_E2_B,naive_levels,not_applicable,daily_level,daily_level,
13,2369,0.3798166501181934,middle_stable_2009_2016,mid_P2,mid_E2_B,naive_levels,not_applicable,daily_level,daily_level,
14,2367,0.38485340263756007,middle_stable_2009_2016,mid_P2,mid_E2_B,naive_levels,not_applicable,daily_level,daily_level,
15,2365,0.38995356391658553,middle_stable_2009_2016,mid_P2,mid_E2_B,naive_levels,not_applicable,daily_level,daily_level,
16,2363,0.3951473237131018,middle_stable_2009_2016,mid_P2,mid_E2_B,naive_levels,not_applicable,daily_level,daily_level,
17,2361,0.4003234736816664,middle_stable_2009_2016,mid_P2,mid_E2_B,naive_levels,not_applicable,daily_level,daily_level,
18,2359,0.4054726869886612,middle_stable_2009_2016,mid_P2,mid_E2_B,naive_levels,not_applicable,daily_level,daily_level,
19,2357,0.41087523864912007,middle_stable_2009_2016,mid_P2,mid_E2_B,naive_levels,not_applicable,daily_level,daily_level,
20,2355,0.41637503319007024,middle_stable_2009_2016,mid_P2,mid_E2_B,naive_levels,not_applicable,daily_level,daily_level,
21,2353,0.4217206201110828,middle_stable_2009_2016,mid_P2,mid_E2_B,naive_levels,not_applicable,daily_level,daily_level,
22,2351,0.42697964881101397,middle_stable_2009_2016,mid_P2,mid_E2_B,naive_levels,not_applicable,daily_level,daily_level,
23,2349,0.43230908963941156,middle_stable_2009_2016,mid_P2,mid_E2_B,naive_levels,not_applicable,daily_level,daily_level,
24,2347,0.4378218459755391,middle_stable_2009_2016,mid_P2,mid_E2_B,naive_levels,not_applicable,daily_level,daily_level,
25,2345,0.44326628243216554,middle_stable_2009_2016,mid_P2,mid_E2_B,naive_levels,not_applicable,daily_level,daily_level,
26,2343,0.448732184909473,middle_stable_2009_2016,mid_P2,mid_E2_B,naive_levels,not_applicable,daily_level,daily_level,
27,2341,0.4541833667725128,middle_stable_2009_2016,mid_P2,mid_E2_B,naive_levels,not_applicable,daily_level,daily_level,
28,2339,0.4597980175872974,middle_stable_2009_2016,mid_P2,mid_E2_B,naive_levels,not_applicable,daily_level,daily_level,
29,2337,0.4655620294829329,middle_stable_2009_2016,mid_P2,mid_E2_B,naive_levels,not_applicable,daily_level,daily_level,
30,2335,0.47124752851652174,middle_stable_2009_2016,mid_P2,mid_E2_B,naive_levels,not_applicable,daily_level,daily_level,
0,2387,-0.025411779385649504,middle_stable_2009_2016,mid_P2,mid_E2_B,transformed,not_applicable,daily_first_difference,daily_first_difference,
1,2381,-0.010138263962840779,middle_stable_2009_2016,mid_P2,mid_E2_B,transformed,not_applicable,daily_first_difference,daily_first_difference,
2,2373,-0.015482842661410132,middle_stable_2009_2016,mid_P2,mid_E2_B,transformed,not_applicable,daily_first_difference,daily_first_difference,
3,2366,-0.07801120087760251,middle_stable_2009_2016,mid_P2,mid_E2_B,transformed,not_applicable,daily_first_difference,daily_first_difference,
4,2360,-0.05616401629585845,middle_stable_2009_2016,mid_P2,mid_E2_B,transformed,not_applicable,daily_first_difference,daily_first_difference,
5,2355,-0.012237904839200063,middle_stable_2009_2016,mid_P2,mid_E2_B,transformed,not_applicable,daily_first_difference,daily_first_difference,
6,2352,-0.03194657590518852,middle_stable_2009_2016,mid_P2,mid_E2_B,transformed,not_applicable,daily_first_difference,daily_first_difference,
7,2350,-0.019156959687532615,middle_stable_2009_2016,mid_P2,mid_E2_B,transformed,not_applicable,daily_first_difference,daily_first_difference,
8,2348,-0.016703607409957938,middle_stable_2009_2016,mid_P2,mid_E2_B,transformed,not_applicable,daily_first_difference,daily_first_difference,
9,2346,0.0023509584670128223,middle_stable_2009_2016,mid_P2,mid_E2_B,transformed,not_applicable,daily_first_difference,daily_first_difference,
10,2344,-0.001303773113147897,middle_stable_2009_2016,mid_P2,mid_E2_B,transformed,not_applicable,daily_first_difference,daily_first_difference,
11,2342,0.0032173025714079145,middle_stable_2009_2016,mid_P2,mid_E2_B,transformed,not_applicable,daily_first_difference,daily_first_difference,
12,2340,-0.0003143203196128278,middle_stable_2009_2016,mid_P2,mid_E2_B,transformed,not_applicable,daily_first_difference,daily_first_difference,
13,2338,-0.0026397351654213093,middle_stable_2009_2016,mid_P2,mid_E2_B,transformed,not_applicable,daily_first_difference,daily_first_difference,
14,2336,-0.006986599372237643,middle_stable_2009_2016,mid_P2,mid_E2_B,transformed,not_applicable,daily_first_difference,daily_first_difference,
15,2334,-0.005711160701190414,middle_stable_2009_2016,mid_P2,mid_E2_B,transformed,not_applicable,daily_first_difference,daily_first_difference,
16,2332,-0.016708886391916082,middle_stable_2009_2016,mid_P2,mid_E2_B,transformed,not_applicable,daily_first_difference,daily_first_difference,
17,2330,-0.010270445199547635,middle_stable_2009_2016,mid_P2,mid_E2_B,transformed,not_applicable,daily_first_difference,daily_first_difference,
18,2328,0.007023554787974187,middle_stable_2009_2016,mid_P2,mid_E2_B,transformed,not_applicable,daily_first_difference,daily_first_difference,
19,2326,0.00671794343550248,middle_stable_2009_2016,mid_P2,mid_E2_B,transformed,not_applicable,daily_first_difference,daily_first_difference,
20,2325,-0.002140425032758901,middle_stable_2009_2016,mid_P2,mid_E2_B,transformed,not_applicable,daily_first_difference,daily_first_difference,
21,2323,0.006964906838637947,middle_stable_2009_2016,mid_P2,mid_E2_B,transformed,not_applicable,daily_first_difference,daily_first_difference,
22,2321,0.0031252274383324345,middle_stable_2009_2016,mid_P2,mid_E2_B,transformed,not_applicable,daily_first_difference,daily_first_difference,
23,2318,0.011553095426449262,middle_stable_2009_2016,mid_P2,mid_E2_B,transformed,not_applicable,daily_first_difference,daily_first_difference,
24,2316,-0.008672624655296399,middle_stable_2009_2016,mid_P2,mid_E2_B,transformed,not_applicable,daily_first_difference,daily_first_difference,
25,2314,-0.026501775554397346,middle_stable_2009_2016,mid_P2,mid_E2_B,transformed,not_applicable,daily_first_difference,daily_first_difference,
26,2312,-0.020630010974787106,middle_stable_2009_2016,mid_P2,mid_E2_B,transformed,not_applicable,daily_first_difference,daily_first_difference,
27,2310,-0.0071088387664656185,middle_stable_2009_2016,mid_P2,mid_E2_B,transformed,not_applicable,daily_first_difference,daily_first_difference,
28,2308,-0.010086322718786558,middle_stable_2009_2016,mid_P2,mid_E2_B,transformed,not_applicable,daily_first_difference,daily_first_difference,
29,2306,-0.026485805153753404,middle_stable_2009_2016,mid_P2,mid_E2_B,transformed,not_applicable,daily_first_difference,daily_first_difference,
30,2304,-0.024163519039202334,middle_stable_2009_2016,mid_P2,mid_E2_B,transformed,not_applicable,daily_first_difference,daily_first_difference,
0,2363,-0.022275859805455992,middle_stable_2009_2016,mid_P2,mid_E2_B,prewhitened,not_applicable,daily_first_difference,daily_first_difference,0.41537194770594904
1,2357,0.007409191634468288,middle_stable_2009_2016,mid_P2,mid_E2_B,prewhitened,not_applicable,daily_first_difference,daily_first_difference,0.41537194770594904
2,2349,0.029284850127070553,middle_stable_2009_2016,mid_P2,mid_E2_B,prewhitened,not_applicable,daily_first_difference,daily_first_difference,0.41537194770594904
3,2341,-0.09481084430753717,middle_stable_2009_2016,mid_P2,mid_E2_B,prewhitened,not_applicable,daily_first_difference,daily_first_difference,0.41537194770594904
4,2334,-0.04367801511125664,middle_stable_2009_2016,mid_P2,mid_E2_B,prewhitened,not_applicable,daily_first_difference,daily_first_difference,0.41537194770594904
5,2329,0.03427586406677794,middle_stable_2009_2016,mid_P2,mid_E2_B,prewhitened,not_applicable,daily_first_difference,daily_first_difference,0.41537194770594904
6,2325,-0.03917370471915959,middle_stable_2009_2016,mid_P2,mid_E2_B,prewhitened,not_applicable,daily_first_difference,daily_first_difference,0.41537194770594904
7,2322,-0.005023747191745286,middle_stable_2009_2016,mid_P2,mid_E2_B,prewhitened,not_applicable,daily_first_difference,daily_first_difference,0.41537194770594904
8,2319,-0.01981287241024727,middle_stable_2009_2016,mid_P2,mid_E2_B,prewhitened,not_applicable,daily_first_difference,daily_first_difference,0.41537194770594904
9,2317,0.015649289772351294,middle_stable_2009_2016,mid_P2,mid_E2_B,prewhitened,not_applicable,daily_first_difference,daily_first_difference,0.41537194770594904
10,2315,-0.006942548129475432,middle_stable_2009_2016,mid_P2,mid_E2_B,prewhitened,not_applicable,daily_first_difference,daily_first_difference,0.41537194770594904
11,2313,0.0027748530094613066,middle_stable_2009_2016,mid_P2,mid_E2_B,prewhitened,not_applicable,daily_first_difference,daily_first_difference,0.41537194770594904
12,2311,-0.002674540495755667,middle_stable_2009_2016,mid_P2,mid_E2_B,prewhitened,not_applicable,daily_first_difference,daily_first_difference,0.41537194770594904
13,2309,0.0008360097188215216,middle_stable_2009_2016,mid_P2,mid_E2_B,prewhitened,not_applicable,daily_first_difference,daily_first_difference,0.41537194770594904
14,2307,-0.006756611026977502,middle_stable_2009_2016,mid_P2,mid_E2_B,prewhitened,not_applicable,daily_first_difference,daily_first_difference,0.41537194770594904
15,2305,0.006347846068643697,middle_stable_2009_2016,mid_P2,mid_E2_B,prewhitened,not_applicable,daily_first_difference,daily_first_difference,0.41537194770594904
16,2303,-0.020937223672975305,middle_stable_2009_2016,mid_P2,mid_E2_B,prewhitened,not_applicable,daily_first_difference,daily_first_difference,0.41537194770594904
17,2301,-0.01420493417508478,middle_stable_2009_2016,mid_P2,mid_E2_B,prewhitened,not_applicable,daily_first_difference,daily_first_difference,0.41537194770594904
18,2299,0.016741454994001058,middle_stable_2009_2016,mid_P2,mid_E2_B,prewhitened,not_applicable,daily_first_difference,daily_first_difference,0.41537194770594904
19,2298,0.011401293717280981,middle_stable_2009_2016,mid_P2,mid_E2_B,prewhitened,not_applicable,daily_first_difference,daily_first_difference,0.41537194770594904
20,2297,-0.014010102254692416,middle_stable_2009_2016,mid_P2,mid_E2_B,prewhitened,not_applicable,daily_first_difference,daily_first_difference,0.41537194770594904
21,2295,0.009666883386660923,middle_stable_2009_2016,mid_P2,mid_E2_B,prewhitened,not_applicable,daily_first_difference,daily_first_difference,0.41537194770594904
22,2293,-0.007468304244108157,middle_stable_2009_2016,mid_P2,mid_E2_B,prewhitened,not_applicable,daily_first_difference,daily_first_difference,0.41537194770594904
23,2290,0.026582781372537063,middle_stable_2009_2016,mid_P2,mid_E2_B,prewhitened,not_applicable,daily_first_difference,daily_first_difference,0.41537194770594904
24,2287,-0.006343737201029905,middle_stable_2009_2016,mid_P2,mid_E2_B,prewhitened,not_applicable,daily_first_difference,daily_first_difference,0.41537194770594904
25,2285,-0.026018496896728926,middle_stable_2009_2016,mid_P2,mid_E2_B,prewhitened,not_applicable,daily_first_difference,daily_first_difference,0.41537194770594904
26,2283,-0.015823638159478022,middle_stable_2009_2016,mid_P2,mid_E2_B,prewhitened,not_applicable,daily_first_difference,daily_first_difference,0.41537194770594904
27,2281,0.004361868737149567,middle_stable_2009_2016,mid_P2,mid_E2_B,prewhitened,not_applicable,daily_first_difference,daily_first_difference,0.41537194770594904
28,2279,0.0032285324723825073,middle_stable_2009_2016,mid_P2,mid_E2_B,prewhitened,not_applicable,daily_first_difference,daily_first_difference,0.41537194770594904
29,2277,-0.025438422419897945,middle_stable_2009_2016,mid_P2,mid_E2_B,prewhitened,not_applicable,daily_first_difference,daily_first_difference,0.41537194770594904
30,2275,-0.017244967168439897,middle_stable_2009_2016,mid_P2,mid_E2_B,prewhitened,not_applicable,daily_first_difference,daily_first_difference,0.41537194770594904
0,2414,0.6026231599959467,middle_stable_2009_2016,mid_R,mid_E2_B,naive_levels,published_cumulative,daily_cumulative_level,daily_level,
1,2405,0.5996251125185983,middle_stable_2009_2016,mid_R,mid_E2_B,naive_levels,published_cumulative,daily_cumulative_level,daily_level,
2,2399,0.5974716324248626,middle_stable_2009_2016,mid_R,mid_E2_B,naive_levels,published_cumulative,daily_cumulative_level,daily_level,
3,2394,0.5951759021579349,middle_stable_2009_2016,mid_R,mid_E2_B,naive_levels,published_cumulative,daily_cumulative_level,daily_level,
4,2389,0.5929317721436719,middle_stable_2009_2016,mid_R,mid_E2_B,naive_levels,published_cumulative,daily_cumulative_level,daily_level,
5,2386,0.5903850169241753,middle_stable_2009_2016,mid_R,mid_E2_B,naive_levels,published_cumulative,daily_cumulative_level,daily_level,
6,2384,0.5878085173692691,middle_stable_2009_2016,mid_R,mid_E2_B,naive_levels,published_cumulative,daily_cumulative_level,daily_level,
7,2382,0.5866536196215697,middle_stable_2009_2016,mid_R,mid_E2_B,naive_levels,published_cumulative,daily_cumulative_level,daily_level,
8,2380,0.5854128059627981,middle_stable_2009_2016,mid_R,mid_E2_B,naive_levels,published_cumulative,daily_cumulative_level,daily_level,
9,2378,0.5841336672857704,middle_stable_2009_2016,mid_R,mid_E2_B,naive_levels,published_cumulative,daily_cumulative_level,daily_level,
10,2376,0.5829059746451869,middle_stable_2009_2016,mid_R,mid_E2_B,naive_levels,published_cumulative,daily_cumulative_level,daily_level,
11,2374,0.5816369007621144,middle_stable_2009_2016,mid_R,mid_E2_B,naive_levels,published_cumulative,daily_cumulative_level,daily_level,
12,2372,0.5803912576038357,middle_stable_2009_2016,mid_R,mid_E2_B,naive_levels,published_cumulative,daily_cumulative_level,daily_level,
13,2370,0.5790605115592001,middle_stable_2009_2016,mid_R,mid_E2_B,naive_levels,published_cumulative,daily_cumulative_level,daily_level,
14,2368,0.5777075117605177,middle_stable_2009_2016,mid_R,mid_E2_B,naive_levels,published_cumulative,daily_cumulative_level,daily_level,
15,2366,0.5762888012733743,middle_stable_2009_2016,mid_R,mid_E2_B,naive_levels,published_cumulative,daily_cumulative_level,daily_level,
16,2364,0.5747970143564745,middle_stable_2009_2016,mid_R,mid_E2_B,naive_levels,published_cumulative,daily_cumulative_level,daily_level,
17,2362,0.5732831856672259,middle_stable_2009_2016,mid_R,mid_E2_B,naive_levels,published_cumulative,daily_cumulative_level,daily_level,
18,2360,0.5717523932332698,middle_stable_2009_2016,mid_R,mid_E2_B,naive_levels,published_cumulative,daily_cumulative_level,daily_level,
19,2358,0.5701338088528629,middle_stable_2009_2016,mid_R,mid_E2_B,naive_levels,published_cumulative,daily_cumulative_level,daily_level,
20,2356,0.568437373381584,middle_stable_2009_2016,mid_R,mid_E2_B,naive_levels,published_cumulative,daily_cumulative_level,daily_level,
21,2354,0.5668548506785911,middle_stable_2009_2016,mid_R,mid_E2_B,naive_levels,published_cumulative,daily_cumulative_level,daily_level,
22,2352,0.5652327021907773,middle_stable_2009_2016,mid_R,mid_E2_B,naive_levels,published_cumulative,daily_cumulative_level,daily_level,
23,2350,0.563620407678611,middle_stable_2009_2016,mid_R,mid_E2_B,naive_levels,published_cumulative,daily_cumulative_level,daily_level,
24,2348,0.5620272100692444,middle_stable_2009_2016,mid_R,mid_E2_B,naive_levels,published_cumulative,daily_cumulative_level,daily_level,
25,2346,0.5604352822971497,middle_stable_2009_2016,mid_R,mid_E2_B,naive_levels,published_cumulative,daily_cumulative_level,daily_level,
26,2344,0.558837265978215,middle_stable_2009_2016,mid_R,mid_E2_B,naive_levels,published_cumulative,daily_cumulative_level,daily_level,
27,2342,0.5571880635690593,middle_stable_2009_2016,mid_R,mid_E2_B,naive_levels,published_cumulative,daily_cumulative_level,daily_level,
28,2340,0.5555473150297645,middle_stable_2009_2016,mid_R,mid_E2_B,naive_levels,published_cumulative,daily_cumulative_level,daily_level,
29,2338,0.5539030481131038,middle_stable_2009_2016,mid_R,mid_E2_B,naive_levels,published_cumulative,daily_cumulative_level,daily_level,
30,2336,0.5522126721003293,middle_stable_2009_2016,mid_R,mid_E2_B,naive_levels,published_cumulative,daily_cumulative_level,daily_level,
0,2370,0.08082243202464542,middle_stable_2009_2016,mid_R,mid_E2_B,transformed,cumulative_daily_difference,daily_cumulative_difference,daily_first_difference,
1,2359,0.05642403752711775,middle_stable_2009_2016,mid_R,mid_E2_B,transformed,cumulative_daily_difference,daily_cumulative_difference,daily_first_difference,
2,2351,0.04012350482587625,middle_stable_2009_2016,mid_R,mid_E2_B,transformed,cumulative_daily_difference,daily_cumulative_difference,daily_first_difference,
3,2344,0.05389991365833907,middle_stable_2009_2016,mid_R,mid_E2_B,transformed,cumulative_daily_difference,daily_cumulative_difference,daily_first_difference,
4,2338,0.05095501947362517,middle_stable_2009_2016,mid_R,mid_E2_B,transformed,cumulative_daily_difference,daily_cumulative_difference,daily_first_difference,
5,2333,0.05617924288853801,middle_stable_2009_2016,mid_R,mid_E2_B,transformed,cumulative_daily_difference,daily_cumulative_difference,daily_first_difference,
6,2330,0.05420627149981078,middle_stable_2009_2016,mid_R,mid_E2_B,transformed,cumulative_daily_difference,daily_cumulative_difference,daily_first_difference,
7,2328,0.04122030322757932,middle_stable_2009_2016,mid_R,mid_E2_B,transformed,cumulative_daily_difference,daily_cumulative_difference,daily_first_difference,
8,2326,0.05202162425731221,middle_stable_2009_2016,mid_R,mid_E2_B,transformed,cumulative_daily_difference,daily_cumulative_difference,daily_first_difference,
9,2324,0.07046667738611151,middle_stable_2009_2016,mid_R,mid_E2_B,transformed,cumulative_daily_difference,daily_cumulative_difference,daily_first_difference,
10,2322,0.059969901405419385,middle_stable_2009_2016,mid_R,mid_E2_B,transformed,cumulative_daily_difference,daily_cumulative_difference,daily_first_difference,
11,2320,0.03728524529821782,middle_stable_2009_2016,mid_R,mid_E2_B,transformed,cumulative_daily_difference,daily_cumulative_difference,daily_first_difference,
12,2318,0.05220898128852276,middle_stable_2009_2016,mid_R,mid_E2_B,transformed,cumulative_daily_difference,daily_cumulative_difference,daily_first_difference,
13,2316,0.06225402077107858,middle_stable_2009_2016,mid_R,mid_E2_B,transformed,cumulative_daily_difference,daily_cumulative_difference,daily_first_difference,
14,2314,0.08168705127183888,middle_stable_2009_2016,mid_R,mid_E2_B,transformed,cumulative_daily_difference,daily_cumulative_difference,daily_first_difference,
15,2312,0.07796737475967887,middle_stable_2009_2016,mid_R,mid_E2_B,transformed,cumulative_daily_difference,daily_cumulative_difference,daily_first_difference,
16,2310,0.0483304616321613,middle_stable_2009_2016,mid_R,mid_E2_B,transformed,cumulative_daily_difference,daily_cumulative_difference,daily_first_difference,
17,2308,0.057132974257048524,middle_stable_2009_2016,mid_R,mid_E2_B,transformed,cumulative_daily_difference,daily_cumulative_difference,daily_first_difference,
18,2306,0.06991789205603723,middle_stable_2009_2016,mid_R,mid_E2_B,transformed,cumulative_daily_difference,daily_cumulative_difference,daily_first_difference,
19,2304,0.07358286622121304,middle_stable_2009_2016,mid_R,mid_E2_B,transformed,cumulative_daily_difference,daily_cumulative_difference,daily_first_difference,
20,2302,0.028933436250920107,middle_stable_2009_2016,mid_R,mid_E2_B,transformed,cumulative_daily_difference,daily_cumulative_difference,daily_first_difference,
21,2300,0.04089605680668176,middle_stable_2009_2016,mid_R,mid_E2_B,transformed,cumulative_daily_difference,daily_cumulative_difference,daily_first_difference,
22,2298,0.04688842526696996,middle_stable_2009_2016,mid_R,mid_E2_B,transformed,cumulative_daily_difference,daily_cumulative_difference,daily_first_difference,
23,2295,0.06118240720806398,middle_stable_2009_2016,mid_R,mid_E2_B,transformed,cumulative_daily_difference,daily_cumulative_difference,daily_first_difference,
24,2293,0.06883398676906874,middle_stable_2009_2016,mid_R,mid_E2_B,transformed,cumulative_daily_difference,daily_cumulative_difference,daily_first_difference,
25,2291,0.05500585406808665,middle_stable_2009_2016,mid_R,mid_E2_B,transformed,cumulative_daily_difference,daily_cumulative_difference,daily_first_difference,
26,2289,0.07813516446206413,middle_stable_2009_2016,mid_R,mid_E2_B,transformed,cumulative_daily_difference,daily_cumulative_difference,daily_first_difference,
27,2287,0.0801176264938447,middle_stable_2009_2016,mid_R,mid_E2_B,transformed,cumulative_daily_difference,daily_cumulative_difference,daily_first_difference,
28,2285,0.08502219261059017,middle_stable_2009_2016,mid_R,mid_E2_B,transformed,cumulative_daily_difference,daily_cumulative_difference,daily_first_difference,
29,2283,0.09019797787190072,middle_stable_2009_2016,mid_R,mid_E2_B,transformed,cumulative_daily_difference,daily_cumulative_difference,daily_first_difference,
30,2281,0.0936079590919118,middle_stable_2009_2016,mid_R,mid_E2_B,transformed,cumulative_daily_difference,daily_cumulative_difference,daily_first_difference,
0,2352,0.08286200249042484,middle_stable_2009_2016,mid_R,mid_E2_B,transformed,15_minute_interval_sum,daily_interval_sum,daily_first_difference,
1,2353,0.05253072541388042,middle_stable_2009_2016,mid_R,mid_E2_B,transformed,15_minute_interval_sum,daily_interval_sum,daily_first_difference,
2,2345,0.04124190479722298,middle_stable_2009_2016,mid_R,mid_E2_B,transformed,15_minute_interval_sum,daily_interval_sum,daily_first_difference,
3,2336,0.05638555568854452,middle_stable_2009_2016,mid_R,mid_E2_B,transformed,15_minute_interval_sum,daily_interval_sum,daily_first_difference,
4,2328,0.054573640268137345,middle_stable_2009_2016,mid_R,mid_E2_B,transformed,15_minute_interval_sum,daily_interval_sum,daily_first_difference,
5,2322,0.06156287149776003,middle_stable_2009_2016,mid_R,mid_E2_B,transformed,15_minute_interval_sum,daily_interval_sum,daily_first_difference,
6,2318,0.054600989622995214,middle_stable_2009_2016,mid_R,mid_E2_B,transformed,15_minute_interval_sum,daily_interval_sum,daily_first_difference,
7,2315,0.041112603572899246,middle_stable_2009_2016,mid_R,mid_E2_B,transformed,15_minute_interval_sum,daily_interval_sum,daily_first_difference,
8,2312,0.05340330192755595,middle_stable_2009_2016,mid_R,mid_E2_B,transformed,15_minute_interval_sum,daily_interval_sum,daily_first_difference,
9,2310,0.07098854583628385,middle_stable_2009_2016,mid_R,mid_E2_B,transformed,15_minute_interval_sum,daily_interval_sum,daily_first_difference,
10,2309,0.06291231910054021,middle_stable_2009_2016,mid_R,mid_E2_B,transformed,15_minute_interval_sum,daily_interval_sum,daily_first_difference,
11,2307,0.03905600209811277,middle_stable_2009_2016,mid_R,mid_E2_B,transformed,15_minute_interval_sum,daily_interval_sum,daily_first_difference,
12,2304,0.05370482034784828,middle_stable_2009_2016,mid_R,mid_E2_B,transformed,15_minute_interval_sum,daily_interval_sum,daily_first_difference,
13,2302,0.0660154332618356,middle_stable_2009_2016,mid_R,mid_E2_B,transformed,15_minute_interval_sum,daily_interval_sum,daily_first_difference,
14,2300,0.08494047315578927,middle_stable_2009_2016,mid_R,mid_E2_B,transformed,15_minute_interval_sum,daily_interval_sum,daily_first_difference,
15,2299,0.07818802274341805,middle_stable_2009_2016,mid_R,mid_E2_B,transformed,15_minute_interval_sum,daily_interval_sum,daily_first_difference,
16,2298,0.04829690963930739,middle_stable_2009_2016,mid_R,mid_E2_B,transformed,15_minute_interval_sum,daily_interval_sum,daily_first_difference,
17,2296,0.06199517304352453,middle_stable_2009_2016,mid_R,mid_E2_B,transformed,15_minute_interval_sum,daily_interval_sum,daily_first_difference,
18,2294,0.07418293744641327,middle_stable_2009_2016,mid_R,mid_E2_B,transformed,15_minute_interval_sum,daily_interval_sum,daily_first_difference,
19,2293,0.07438287488796834,middle_stable_2009_2016,mid_R,mid_E2_B,transformed,15_minute_interval_sum,daily_interval_sum,daily_first_difference,
20,2293,0.028603961728784683,middle_stable_2009_2016,mid_R,mid_E2_B,transformed,15_minute_interval_sum,daily_interval_sum,daily_first_difference,
21,2291,0.04105360165406272,middle_stable_2009_2016,mid_R,mid_E2_B,transformed,15_minute_interval_sum,daily_interval_sum,daily_first_difference,
22,2287,0.048640499894863326,middle_stable_2009_2016,mid_R,mid_E2_B,transformed,15_minute_interval_sum,daily_interval_sum,daily_first_difference,
23,2285,0.06486673229316858,middle_stable_2009_2016,mid_R,mid_E2_B,transformed,15_minute_interval_sum,daily_interval_sum,daily_first_difference,
24,2282,0.06903001041663126,middle_stable_2009_2016,mid_R,mid_E2_B,transformed,15_minute_interval_sum,daily_interval_sum,daily_first_difference,
25,2281,0.05532292290420554,middle_stable_2009_2016,mid_R,mid_E2_B,transformed,15_minute_interval_sum,daily_interval_sum,daily_first_difference,
26,2278,0.07741666747836194,middle_stable_2009_2016,mid_R,mid_E2_B,transformed,15_minute_interval_sum,daily_interval_sum,daily_first_difference,
27,2276,0.08186288875143043,middle_stable_2009_2016,mid_R,mid_E2_B,transformed,15_minute_interval_sum,daily_interval_sum,daily_first_difference,
28,2274,0.08313608012339986,middle_stable_2009_2016,mid_R,mid_E2_B,transformed,15_minute_interval_sum,daily_interval_sum,daily_first_difference,
29,2272,0.09223105246081341,middle_stable_2009_2016,mid_R,mid_E2_B,transformed,15_minute_interval_sum,daily_interval_sum,daily_first_difference,
30,2271,0.10388600985899103,middle_stable_2009_2016,mid_R,mid_E2_B,transformed,15_minute_interval_sum,daily_interval_sum,daily_first_difference,
0,2348,0.07251276321984192,middle_stable_2009_2016,mid_R,mid_E2_B,prewhitened,cumulative_daily_difference,daily_cumulative_difference,daily_first_difference,0.3878109567019985
1,2337,0.02670341240471805,middle_stable_2009_2016,mid_R,mid_E2_B,prewhitened,cumulative_daily_difference,daily_cumulative_difference,daily_first_difference,0.3878109567019985
2,2325,0.005369036129449001,middle_stable_2009_2016,mid_R,mid_E2_B,prewhitened,cumulative_daily_difference,daily_cumulative_difference,daily_first_difference,0.3878109567019985
3,2317,0.03952567417590252,middle_stable_2009_2016,mid_R,mid_E2_B,prewhitened,cumulative_daily_difference,daily_cumulative_difference,daily_first_difference,0.3878109567019985
4,2310,0.021939966220127668,middle_stable_2009_2016,mid_R,mid_E2_B,prewhitened,cumulative_daily_difference,daily_cumulative_difference,daily_first_difference,0.3878109567019985
5,2305,0.036452973166035116,middle_stable_2009_2016,mid_R,mid_E2_B,prewhitened,cumulative_daily_difference,daily_cumulative_difference,daily_first_difference,0.3878109567019985
6,2301,0.03695069575844472,middle_stable_2009_2016,mid_R,mid_E2_B,prewhitened,cumulative_daily_difference,daily_cumulative_difference,daily_first_difference,0.3878109567019985
7,2298,0.008676902528735176,middle_stable_2009_2016,mid_R,mid_E2_B,prewhitened,cumulative_daily_difference,daily_cumulative_difference,daily_first_difference,0.3878109567019985
8,2295,0.024262633197238155,middle_stable_2009_2016,mid_R,mid_E2_B,prewhitened,cumulative_daily_difference,daily_cumulative_difference,daily_first_difference,0.3878109567019985
9,2293,0.05876732385893212,middle_stable_2009_2016,mid_R,mid_E2_B,prewhitened,cumulative_daily_difference,daily_cumulative_difference,daily_first_difference,0.3878109567019985
10,2291,0.04145798758741768,middle_stable_2009_2016,mid_R,mid_E2_B,prewhitened,cumulative_daily_difference,daily_cumulative_difference,daily_first_difference,0.3878109567019985
11,2289,-0.004405730126929363,middle_stable_2009_2016,mid_R,mid_E2_B,prewhitened,cumulative_daily_difference,daily_cumulative_difference,daily_first_difference,0.3878109567019985
12,2287,0.033064817053314786,middle_stable_2009_2016,mid_R,mid_E2_B,prewhitened,cumulative_daily_difference,daily_cumulative_difference,daily_first_difference,0.3878109567019985
13,2285,0.026695110979793685,middle_stable_2009_2016,mid_R,mid_E2_B,prewhitened,cumulative_daily_difference,daily_cumulative_difference,daily_first_difference,0.3878109567019985
14,2283,0.0586938696150086,middle_stable_2009_2016,mid_R,mid_E2_B,prewhitened,cumulative_daily_difference,daily_cumulative_difference,daily_first_difference,0.3878109567019985
15,2281,0.05908310826933843,middle_stable_2009_2016,mid_R,mid_E2_B,prewhitened,cumulative_daily_difference,daily_cumulative_difference,daily_first_difference,0.3878109567019985
16,2279,0.0043971966632217335,middle_stable_2009_2016,mid_R,mid_E2_B,prewhitened,cumulative_daily_difference,daily_cumulative_difference,daily_first_difference,0.3878109567019985
17,2277,0.029857884192956676,middle_stable_2009_2016,mid_R,mid_E2_B,prewhitened,cumulative_daily_difference,daily_cumulative_difference,daily_first_difference,0.3878109567019985
18,2275,0.04423588741930113,middle_stable_2009_2016,mid_R,mid_E2_B,prewhitened,cumulative_daily_difference,daily_cumulative_difference,daily_first_difference,0.3878109567019985
19,2273,0.07018039432583217,middle_stable_2009_2016,mid_R,mid_E2_B,prewhitened,cumulative_daily_difference,daily_cumulative_difference,daily_first_difference,0.3878109567019985
20,2271,-0.017516067947330675,middle_stable_2009_2016,mid_R,mid_E2_B,prewhitened,cumulative_daily_difference,daily_cumulative_difference,daily_first_difference,0.3878109567019985
21,2269,0.025085751156138182,middle_stable_2009_2016,mid_R,mid_E2_B,prewhitened,cumulative_daily_difference,daily_cumulative_difference,daily_first_difference,0.3878109567019985
22,2267,0.023198856952264327,middle_stable_2009_2016,mid_R,mid_E2_B,prewhitened,cumulative_daily_difference,daily_cumulative_difference,daily_first_difference,0.3878109567019985
23,2264,0.03914374028892975,middle_stable_2009_2016,mid_R,mid_E2_B,prewhitened,cumulative_daily_difference,daily_cumulative_difference,daily_first_difference,0.3878109567019985
24,2261,0.05079084365692879,middle_stable_2009_2016,mid_R,mid_E2_B,prewhitened,cumulative_daily_difference,daily_cumulative_difference,daily_first_difference,0.3878109567019985
25,2259,0.009365235711790189,middle_stable_2009_2016,mid_R,mid_E2_B,prewhitened,cumulative_daily_difference,daily_cumulative_difference,daily_first_difference,0.3878109567019985
26,2257,0.058550305989940155,middle_stable_2009_2016,mid_R,mid_E2_B,prewhitened,cumulative_daily_difference,daily_cumulative_difference,daily_first_difference,0.3878109567019985
27,2255,0.04065304297542527,middle_stable_2009_2016,mid_R,mid_E2_B,prewhitened,cumulative_daily_difference,daily_cumulative_difference,daily_first_difference,0.3878109567019985
28,2253,0.04742750718205092,middle_stable_2009_2016,mid_R,mid_E2_B,prewhitened,cumulative_daily_difference,daily_cumulative_difference,daily_first_difference,0.3878109567019985
29,2251,0.05173603956703032,middle_stable_2009_2016,mid_R,mid_E2_B,prewhitened,cumulative_daily_difference,daily_cumulative_difference,daily_first_difference,0.3878109567019985
30,2249,0.04522097573177235,middle_stable_2009_2016,mid_R,mid_E2_B,prewhitened,cumulative_daily_difference,daily_cumulative_difference,daily_first_difference,0.3878109567019985
0,2309,0.07687745082643013,middle_stable_2009_2016,mid_R,mid_E2_B,prewhitened,15_minute_interval_sum,daily_interval_sum,daily_first_difference,0.37658929352759324
1,2310,0.02180377183242543,middle_stable_2009_2016,mid_R,mid_E2_B,prewhitened,15_minute_interval_sum,daily_interval_sum,daily_first_difference,0.37658929352759324
2,2302,0.009549123756391886,middle_stable_2009_2016,mid_R,mid_E2_B,prewhitened,15_minute_interval_sum,daily_interval_sum,daily_first_difference,0.37658929352759324
3,2293,0.04255950035708319,middle_stable_2009_2016,mid_R,mid_E2_B,prewhitened,15_minute_interval_sum,daily_interval_sum,daily_first_difference,0.37658929352759324
4,2284,0.025047929481657707,middle_stable_2009_2016,mid_R,mid_E2_B,prewhitened,15_minute_interval_sum,daily_interval_sum,daily_first_difference,0.37658929352759324
5,2277,0.04444927338942497,middle_stable_2009_2016,mid_R,mid_E2_B,prewhitened,15_minute_interval_sum,daily_interval_sum,daily_first_difference,0.37658929352759324
6,2272,0.03644132481618431,middle_stable_2009_2016,mid_R,mid_E2_B,prewhitened,15_minute_interval_sum,daily_interval_sum,daily_first_difference,0.37658929352759324
7,2268,0.00933196874230856,middle_stable_2009_2016,mid_R,mid_E2_B,prewhitened,15_minute_interval_sum,daily_interval_sum,daily_first_difference,0.37658929352759324
8,2264,0.027270607112141725,middle_stable_2009_2016,mid_R,mid_E2_B,prewhitened,15_minute_interval_sum,daily_interval_sum,daily_first_difference,0.37658929352759324
9,2262,0.0587502261524816,middle_stable_2009_2016,mid_R,mid_E2_B,prewhitened,15_minute_interval_sum,daily_interval_sum,daily_first_difference,0.37658929352759324
10,2261,0.04582477839217598,middle_stable_2009_2016,mid_R,mid_E2_B,prewhitened,15_minute_interval_sum,daily_interval_sum,daily_first_difference,0.37658929352759324
11,2259,-0.00020440509067060533,middle_stable_2009_2016,mid_R,mid_E2_B,prewhitened,15_minute_interval_sum,daily_interval_sum,daily_first_difference,0.37658929352759324
12,2256,0.03421765483466419,middle_stable_2009_2016,mid_R,mid_E2_B,prewhitened,15_minute_interval_sum,daily_interval_sum,daily_first_difference,0.37658929352759324
13,2253,0.03091835662721857,middle_stable_2009_2016,mid_R,mid_E2_B,prewhitened,15_minute_interval_sum,daily_interval_sum,daily_first_difference,0.37658929352759324
14,2252,0.062051743729650374,middle_stable_2009_2016,mid_R,mid_E2_B,prewhitened,15_minute_interval_sum,daily_interval_sum,daily_first_difference,0.37658929352759324
15,2251,0.05890190599085797,middle_stable_2009_2016,mid_R,mid_E2_B,prewhitened,15_minute_interval_sum,daily_interval_sum,daily_first_difference,0.37658929352759324
16,2250,0.0036795163417783776,middle_stable_2009_2016,mid_R,mid_E2_B,prewhitened,15_minute_interval_sum,daily_interval_sum,daily_first_difference,0.37658929352759324
17,2248,0.037648092089413505,middle_stable_2009_2016,mid_R,mid_E2_B,prewhitened,15_minute_interval_sum,daily_interval_sum,daily_first_difference,0.37658929352759324
18,2247,0.0488040757295675,middle_stable_2009_2016,mid_R,mid_E2_B,prewhitened,15_minute_interval_sum,daily_interval_sum,daily_first_difference,0.37658929352759324
19,2247,0.07007512923263785,middle_stable_2009_2016,mid_R,mid_E2_B,prewhitened,15_minute_interval_sum,daily_interval_sum,daily_first_difference,0.37658929352759324
20,2248,-0.0178637496404887,middle_stable_2009_2016,mid_R,mid_E2_B,prewhitened,15_minute_interval_sum,daily_interval_sum,daily_first_difference,0.37658929352759324
21,2246,0.02506179772742619,middle_stable_2009_2016,mid_R,mid_E2_B,prewhitened,15_minute_interval_sum,daily_interval_sum,daily_first_difference,0.37658929352759324
22,2242,0.026430516455188516,middle_stable_2009_2016,mid_R,mid_E2_B,prewhitened,15_minute_interval_sum,daily_interval_sum,daily_first_difference,0.37658929352759324
23,2238,0.04321320956803513,middle_stable_2009_2016,mid_R,mid_E2_B,prewhitened,15_minute_interval_sum,daily_interval_sum,daily_first_difference,0.37658929352759324
24,2236,0.050583043994687375,middle_stable_2009_2016,mid_R,mid_E2_B,prewhitened,15_minute_interval_sum,daily_interval_sum,daily_first_difference,0.37658929352759324
25,2234,0.011869880503058991,middle_stable_2009_2016,mid_R,mid_E2_B,prewhitened,15_minute_interval_sum,daily_interval_sum,daily_first_difference,0.37658929352759324
26,2231,0.05912921289270298,middle_stable_2009_2016,mid_R,mid_E2_B,prewhitened,15_minute_interval_sum,daily_interval_sum,daily_first_difference,0.37658929352759324
27,2228,0.045815003798803176,middle_stable_2009_2016,mid_R,mid_E2_B,prewhitened,15_minute_interval_sum,daily_interval_sum,daily_first_difference,0.37658929352759324
28,2226,0.04501707425646741,middle_stable_2009_2016,mid_R,mid_E2_B,prewhitened,15_minute_interval_sum,daily_interval_sum,daily_first_difference,0.37658929352759324
29,2225,0.05233391341605155,middle_stable_2009_2016,mid_R,mid_E2_B,prewhitened,15_minute_interval_sum,daily_interval_sum,daily_first_difference,0.37658929352759324
30,2224,0.06267582938330965,middle_stable_2009_2016,mid_R,mid_E2_B,prewhitened,15_minute_interval_sum,daily_interval_sum,daily_first_difference,0.37658929352759324
0,3247,-0.1882924543348243,toe_pre_topple_long,mid_R,toe_M1_A,naive_levels,published_cumulative,daily_cumulative_level,daily_level,
1,3242,-0.20088169567663935,toe_pre_topple_long,mid_R,toe_M1_A,naive_levels,published_cumulative,daily_cumulative_level,daily_level,
2,3240,-0.21435513777936718,toe_pre_topple_long,mid_R,toe_M1_A,naive_levels,published_cumulative,daily_cumulative_level,daily_level,
3,3237,-0.22772975041818705,toe_pre_topple_long,mid_R,toe_M1_A,naive_levels,published_cumulative,daily_cumulative_level,daily_level,
4,3233,-0.23935977254805244,toe_pre_topple_long,mid_R,toe_M1_A,naive_levels,published_cumulative,daily_cumulative_level,daily_level,
5,3229,-0.24732929875528104,toe_pre_topple_long,mid_R,toe_M1_A,naive_levels,published_cumulative,daily_cumulative_level,daily_level,
6,3225,-0.25520658381845396,toe_pre_topple_long,mid_R,toe_M1_A,naive_levels,published_cumulative,daily_cumulative_level,daily_level,
7,3223,-0.2645775930679535,toe_pre_topple_long,mid_R,toe_M1_A,naive_levels,published_cumulative,daily_cumulative_level,daily_level,
8,3221,-0.27394773895732727,toe_pre_topple_long,mid_R,toe_M1_A,naive_levels,published_cumulative,daily_cumulative_level,daily_level,
9,3219,-0.2835516267236788,toe_pre_topple_long,mid_R,toe_M1_A,naive_levels,published_cumulative,daily_cumulative_level,daily_level,
10,3217,-0.2932829513241199,toe_pre_topple_long,mid_R,toe_M1_A,naive_levels,published_cumulative,daily_cumulative_level,daily_level,
11,3215,-0.30221503350126705,toe_pre_topple_long,mid_R,toe_M1_A,naive_levels,published_cumulative,daily_cumulative_level,daily_level,
12,3213,-0.310766272812138,toe_pre_topple_long,mid_R,toe_M1_A,naive_levels,published_cumulative,daily_cumulative_level,daily_level,
13,3211,-0.31968902004135263,toe_pre_topple_long,mid_R,toe_M1_A,naive_levels,published_cumulative,daily_cumulative_level,daily_level,
14,3209,-0.32706004921964105,toe_pre_topple_long,mid_R,toe_M1_A,naive_levels,published_cumulative,daily_cumulative_level,daily_level,
15,3207,-0.33527573800710314,toe_pre_topple_long,mid_R,toe_M1_A,naive_levels,published_cumulative,daily_cumulative_level,daily_level,
16,3205,-0.3435909672939876,toe_pre_topple_long,mid_R,toe_M1_A,naive_levels,published_cumulative,daily_cumulative_level,daily_level,
17,3203,-0.3509373747275064,toe_pre_topple_long,mid_R,toe_M1_A,naive_levels,published_cumulative,daily_cumulative_level,daily_level,
18,3201,-0.35804040010416277,toe_pre_topple_long,mid_R,toe_M1_A,naive_levels,published_cumulative,daily_cumulative_level,daily_level,
19,3199,-0.36480911330214044,toe_pre_topple_long,mid_R,toe_M1_A,naive_levels,published_cumulative,daily_cumulative_level,daily_level,
20,3197,-0.3732556362101492,toe_pre_topple_long,mid_R,toe_M1_A,naive_levels,published_cumulative,daily_cumulative_level,daily_level,
21,3195,-0.38092423009658927,toe_pre_topple_long,mid_R,toe_M1_A,naive_levels,published_cumulative,daily_cumulative_level,daily_level,
22,3193,-0.38834993884437097,toe_pre_topple_long,mid_R,toe_M1_A,naive_levels,published_cumulative,daily_cumulative_level,daily_level,
23,3191,-0.3958750307532673,toe_pre_topple_long,mid_R,toe_M1_A,naive_levels,published_cumulative,daily_cumulative_level,daily_level,
24,3189,-0.40173044065818747,toe_pre_topple_long,mid_R,toe_M1_A,naive_levels,published_cumulative,daily_cumulative_level,daily_level,
25,3187,-0.40825990945508617,toe_pre_topple_long,mid_R,toe_M1_A,naive_levels,published_cumulative,daily_cumulative_level,daily_level,
26,3185,-0.4142177283513162,toe_pre_topple_long,mid_R,toe_M1_A,naive_levels,published_cumulative,daily_cumulative_level,daily_level,
27,3183,-0.42027296320773605,toe_pre_topple_long,mid_R,toe_M1_A,naive_levels,published_cumulative,daily_cumulative_level,daily_level,
28,3181,-0.4265433990292221,toe_pre_topple_long,mid_R,toe_M1_A,naive_levels,published_cumulative,daily_cumulative_level,daily_level,
29,3179,-0.43322093296989445,toe_pre_topple_long,mid_R,toe_M1_A,naive_levels,published_cumulative,daily_cumulative_level,daily_level,
30,3177,-0.4399730429573208,toe_pre_topple_long,mid_R,toe_M1_A,naive_levels,published_cumulative,daily_cumulative_level,daily_level,
0,2931,0.43178521861919117,toe_pre_topple_long,mid_R,toe_M1_A,transformed,cumulative_daily_difference,daily_cumulative_difference,daily_first_difference,
1,2928,0.27168439744299305,toe_pre_topple_long,mid_R,toe_M1_A,transformed,cumulative_daily_difference,daily_cumulative_difference,daily_first_difference,
2,2925,-0.09968209026537711,toe_pre_topple_long,mid_R,toe_M1_A,transformed,cumulative_daily_difference,daily_cumulative_difference,daily_first_difference,
3,2921,-0.0579583592860062,toe_pre_topple_long,mid_R,toe_M1_A,transformed,cumulative_daily_difference,daily_cumulative_difference,daily_first_difference,
4,2916,-0.05747441536632599,toe_pre_topple_long,mid_R,toe_M1_A,transformed,cumulative_daily_difference,daily_cumulative_difference,daily_first_difference,
5,2911,-0.05069405550788544,toe_pre_topple_long,mid_R,toe_M1_A,transformed,cumulative_daily_difference,daily_cumulative_difference,daily_first_difference,
6,2907,-0.058887955359590176,toe_pre_topple_long,mid_R,toe_M1_A,transformed,cumulative_daily_difference,daily_cumulative_difference,daily_first_difference,
7,2903,-0.025878469855504203,toe_pre_topple_long,mid_R,toe_M1_A,transformed,cumulative_daily_difference,daily_cumulative_difference,daily_first_difference,
8,2901,-0.028248990867196195,toe_pre_topple_long,mid_R,toe_M1_A,transformed,cumulative_daily_difference,daily_cumulative_difference,daily_first_difference,
9,2899,-0.024128708348394878,toe_pre_topple_long,mid_R,toe_M1_A,transformed,cumulative_daily_difference,daily_cumulative_difference,daily_first_difference,
10,2897,-0.016993084346097195,toe_pre_topple_long,mid_R,toe_M1_A,transformed,cumulative_daily_difference,daily_cumulative_difference,daily_first_difference,
11,2895,-0.04973767036786605,toe_pre_topple_long,mid_R,toe_M1_A,transformed,cumulative_daily_difference,daily_cumulative_difference,daily_first_difference,
12,2893,-0.02617604617601424,toe_pre_topple_long,mid_R,toe_M1_A,transformed,cumulative_daily_difference,daily_cumulative_difference,daily_first_difference,
13,2891,-0.02121194163311028,toe_pre_topple_long,mid_R,toe_M1_A,transformed,cumulative_daily_difference,daily_cumulative_difference,daily_first_difference,
14,2889,-0.013856723917104446,toe_pre_topple_long,mid_R,toe_M1_A,transformed,cumulative_daily_difference,daily_cumulative_difference,daily_first_difference,
15,2887,-0.021343373150794466,toe_pre_topple_long,mid_R,toe_M1_A,transformed,cumulative_daily_difference,daily_cumulative_difference,daily_first_difference,
16,2885,-0.000737726690004323,toe_pre_topple_long,mid_R,toe_M1_A,transformed,cumulative_daily_difference,daily_cumulative_difference,daily_first_difference,
17,2883,0.010164343133149773,toe_pre_topple_long,mid_R,toe_M1_A,transformed,cumulative_daily_difference,daily_cumulative_difference,daily_first_difference,
18,2881,-0.018693920032608252,toe_pre_topple_long,mid_R,toe_M1_A,transformed,cumulative_daily_difference,daily_cumulative_difference,daily_first_difference,
19,2879,-0.02481296212285312,toe_pre_topple_long,mid_R,toe_M1_A,transformed,cumulative_daily_difference,daily_cumulative_difference,daily_first_difference,
20,2877,-0.005788819027330522,toe_pre_topple_long,mid_R,toe_M1_A,transformed,cumulative_daily_difference,daily_cumulative_difference,daily_first_difference,
21,2875,-0.011139843923332499,toe_pre_topple_long,mid_R,toe_M1_A,transformed,cumulative_daily_difference,daily_cumulative_difference,daily_first_difference,
22,2873,-0.02028244617621758,toe_pre_topple_long,mid_R,toe_M1_A,transformed,cumulative_daily_difference,daily_cumulative_difference,daily_first_difference,
23,2871,0.007364049202492298,toe_pre_topple_long,mid_R,toe_M1_A,transformed,cumulative_daily_difference,daily_cumulative_difference,daily_first_difference,
24,2869,0.03336258220488517,toe_pre_topple_long,mid_R,toe_M1_A,transformed,cumulative_daily_difference,daily_cumulative_difference,daily_first_difference,
25,2867,0.00041434474195284137,toe_pre_topple_long,mid_R,toe_M1_A,transformed,cumulative_daily_difference,daily_cumulative_difference,daily_first_difference,
26,2865,0.010354864844020211,toe_pre_topple_long,mid_R,toe_M1_A,transformed,cumulative_daily_difference,daily_cumulative_difference,daily_first_difference,
27,2863,-0.0153810127909062,toe_pre_topple_long,mid_R,toe_M1_A,transformed,cumulative_daily_difference,daily_cumulative_difference,daily_first_difference,
28,2861,0.009507206739983067,toe_pre_topple_long,mid_R,toe_M1_A,transformed,cumulative_daily_difference,daily_cumulative_difference,daily_first_difference,
29,2859,0.005593756766090939,toe_pre_topple_long,mid_R,toe_M1_A,transformed,cumulative_daily_difference,daily_cumulative_difference,daily_first_difference,
30,2857,0.011476530976669543,toe_pre_topple_long,mid_R,toe_M1_A,transformed,cumulative_daily_difference,daily_cumulative_difference,daily_first_difference,
0,3188,0.4341598872901374,toe_pre_topple_long,mid_R,toe_M1_A,transformed,15_minute_interval_sum,daily_interval_sum,daily_first_difference,
1,3189,0.26816701727076775,toe_pre_topple_long,mid_R,toe_M1_A,transformed,15_minute_interval_sum,daily_interval_sum,daily_first_difference,
2,3184,-0.09684856430873477,toe_pre_topple_long,mid_R,toe_M1_A,transformed,15_minute_interval_sum,daily_interval_sum,daily_first_difference,
3,3180,-0.06425463236941031,toe_pre_topple_long,mid_R,toe_M1_A,transformed,15_minute_interval_sum,daily_interval_sum,daily_first_difference,
4,3175,-0.05413030147119621,toe_pre_topple_long,mid_R,toe_M1_A,transformed,15_minute_interval_sum,daily_interval_sum,daily_first_difference,
5,3170,-0.04978289539988273,toe_pre_topple_long,mid_R,toe_M1_A,transformed,15_minute_interval_sum,daily_interval_sum,daily_first_difference,
6,3165,-0.05694933223223957,toe_pre_topple_long,mid_R,toe_M1_A,transformed,15_minute_interval_sum,daily_interval_sum,daily_first_difference,
7,3161,-0.026047045146400917,toe_pre_topple_long,mid_R,toe_M1_A,transformed,15_minute_interval_sum,daily_interval_sum,daily_first_difference,
8,3157,-0.027154173790464576,toe_pre_topple_long,mid_R,toe_M1_A,transformed,15_minute_interval_sum,daily_interval_sum,daily_first_difference,
9,3155,-0.023697706442640937,toe_pre_topple_long,mid_R,toe_M1_A,transformed,15_minute_interval_sum,daily_interval_sum,daily_first_difference,
10,3153,-0.01823573578748385,toe_pre_topple_long,mid_R,toe_M1_A,transformed,15_minute_interval_sum,daily_interval_sum,daily_first_difference,
11,3152,-0.04632280043256649,toe_pre_topple_long,mid_R,toe_M1_A,transformed,15_minute_interval_sum,daily_interval_sum,daily_first_difference,
12,3150,-0.029312893875687564,toe_pre_topple_long,mid_R,toe_M1_A,transformed,15_minute_interval_sum,daily_interval_sum,daily_first_difference,
13,3147,-0.01796521818278559,toe_pre_topple_long,mid_R,toe_M1_A,transformed,15_minute_interval_sum,daily_interval_sum,daily_first_difference,
14,3145,-0.011444499922635583,toe_pre_topple_long,mid_R,toe_M1_A,transformed,15_minute_interval_sum,daily_interval_sum,daily_first_difference,
15,3144,-0.019501795626641207,toe_pre_topple_long,mid_R,toe_M1_A,transformed,15_minute_interval_sum,daily_interval_sum,daily_first_difference,
16,3143,0.004626923854075902,toe_pre_topple_long,mid_R,toe_M1_A,transformed,15_minute_interval_sum,daily_interval_sum,daily_first_difference,
17,3141,0.010414744669577659,toe_pre_topple_long,mid_R,toe_M1_A,transformed,15_minute_interval_sum,daily_interval_sum,daily_first_difference,
18,3139,-0.01834369924418249,toe_pre_topple_long,mid_R,toe_M1_A,transformed,15_minute_interval_sum,daily_interval_sum,daily_first_difference,
19,3138,-0.02615492932653125,toe_pre_topple_long,mid_R,toe_M1_A,transformed,15_minute_interval_sum,daily_interval_sum,daily_first_difference,
20,3137,-0.005678000046806409,toe_pre_topple_long,mid_R,toe_M1_A,transformed,15_minute_interval_sum,daily_interval_sum,daily_first_difference,
21,3134,-0.010552198413639148,toe_pre_topple_long,mid_R,toe_M1_A,transformed,15_minute_interval_sum,daily_interval_sum,daily_first_difference,
22,3131,-0.020197539641208982,toe_pre_topple_long,mid_R,toe_M1_A,transformed,15_minute_interval_sum,daily_interval_sum,daily_first_difference,
23,3129,0.005701882319947351,toe_pre_topple_long,mid_R,toe_M1_A,transformed,15_minute_interval_sum,daily_interval_sum,daily_first_difference,
24,3127,0.03408261980716023,toe_pre_topple_long,mid_R,toe_M1_A,transformed,15_minute_interval_sum,daily_interval_sum,daily_first_difference,
25,3125,0.0011559215557515393,toe_pre_topple_long,mid_R,toe_M1_A,transformed,15_minute_interval_sum,daily_interval_sum,daily_first_difference,
26,3123,0.00577883567838612,toe_pre_topple_long,mid_R,toe_M1_A,transformed,15_minute_interval_sum,daily_interval_sum,daily_first_difference,
27,3121,-0.016103969445941266,toe_pre_topple_long,mid_R,toe_M1_A,transformed,15_minute_interval_sum,daily_interval_sum,daily_first_difference,
28,3119,0.007483030982693965,toe_pre_topple_long,mid_R,toe_M1_A,transformed,15_minute_interval_sum,daily_interval_sum,daily_first_difference,
29,3117,0.002290196106478724,toe_pre_topple_long,mid_R,toe_M1_A,transformed,15_minute_interval_sum,daily_interval_sum,daily_first_difference,
30,3116,0.01447173078706638,toe_pre_topple_long,mid_R,toe_M1_A,transformed,15_minute_interval_sum,daily_interval_sum,daily_first_difference,
0,2911,0.34158950001760086,toe_pre_topple_long,mid_R,toe_M1_A,prewhitened,cumulative_daily_difference,daily_cumulative_difference,daily_first_difference,0.37303090879141854
1,2908,0.18355265310386112,toe_pre_topple_long,mid_R,toe_M1_A,prewhitened,cumulative_daily_difference,daily_cumulative_difference,daily_first_difference,0.37303090879141854
2,2905,-0.19254239750476573,toe_pre_topple_long,mid_R,toe_M1_A,prewhitened,cumulative_daily_difference,daily_cumulative_difference,daily_first_difference,0.37303090879141854
3,2900,-0.006844964561614804,toe_pre_topple_long,mid_R,toe_M1_A,prewhitened,cumulative_daily_difference,daily_cumulative_difference,daily_first_difference,0.37303090879141854
4,2895,-0.02508106430628119,toe_pre_topple_long,mid_R,toe_M1_A,prewhitened,cumulative_daily_difference,daily_cumulative_difference,daily_first_difference,0.37303090879141854
5,2890,-0.015286095980275643,toe_pre_topple_long,mid_R,toe_M1_A,prewhitened,cumulative_daily_difference,daily_cumulative_difference,daily_first_difference,0.37303090879141854
6,2885,-0.03778508208123428,toe_pre_topple_long,mid_R,toe_M1_A,prewhitened,cumulative_daily_difference,daily_cumulative_difference,daily_first_difference,0.37303090879141854
7,2881,0.002841971044955279,toe_pre_topple_long,mid_R,toe_M1_A,prewhitened,cumulative_daily_difference,daily_cumulative_difference,daily_first_difference,0.37303090879141854
8,2877,-0.013508032666243163,toe_pre_topple_long,mid_R,toe_M1_A,prewhitened,cumulative_daily_difference,daily_cumulative_difference,daily_first_difference,0.37303090879141854
9,2875,-0.011605362151130902,toe_pre_topple_long,mid_R,toe_M1_A,prewhitened,cumulative_daily_difference,daily_cumulative_difference,daily_first_difference,0.37303090879141854
10,2873,0.008896453256177744,toe_pre_topple_long,mid_R,toe_M1_A,prewhitened,cumulative_daily_difference,daily_cumulative_difference,daily_first_difference,0.37303090879141854
11,2871,-0.040576445629658356,toe_pre_topple_long,mid_R,toe_M1_A,prewhitened,cumulative_daily_difference,daily_cumulative_difference,daily_first_difference,0.37303090879141854
12,2869,-0.001970108175935042,toe_pre_topple_long,mid_R,toe_M1_A,prewhitened,cumulative_daily_difference,daily_cumulative_difference,daily_first_difference,0.37303090879141854
13,2867,-0.009680429071173178,toe_pre_topple_long,mid_R,toe_M1_A,prewhitened,cumulative_daily_difference,daily_cumulative_difference,daily_first_difference,0.37303090879141854
14,2865,0.00013970178998377997,toe_pre_topple_long,mid_R,toe_M1_A,prewhitened,cumulative_daily_difference,daily_cumulative_difference,daily_first_difference,0.37303090879141854
15,2863,-0.01789363028827624,toe_pre_topple_long,mid_R,toe_M1_A,prewhitened,cumulative_daily_difference,daily_cumulative_difference,daily_first_difference,0.37303090879141854
16,2861,0.0040201563417995734,toe_pre_topple_long,mid_R,toe_M1_A,prewhitened,cumulative_daily_difference,daily_cumulative_difference,daily_first_difference,0.37303090879141854
17,2859,0.018043561243191127,toe_pre_topple_long,mid_R,toe_M1_A,prewhitened,cumulative_daily_difference,daily_cumulative_difference,daily_first_difference,0.37303090879141854
18,2857,-0.015602521863450739,toe_pre_topple_long,mid_R,toe_M1_A,prewhitened,cumulative_daily_difference,daily_cumulative_difference,daily_first_difference,0.37303090879141854
19,2855,-0.019283826374892135,toe_pre_topple_long,mid_R,toe_M1_A,prewhitened,cumulative_daily_difference,daily_cumulative_difference,daily_first_difference,0.37303090879141854
20,2853,0.007701614170227628,toe_pre_topple_long,mid_R,toe_M1_A,prewhitened,cumulative_daily_difference,daily_cumulative_difference,daily_first_difference,0.37303090879141854
21,2851,-0.003956750115922155,toe_pre_topple_long,mid_R,toe_M1_A,prewhitened,cumulative_daily_difference,daily_cumulative_difference,daily_first_difference,0.37303090879141854
22,2849,-0.020232900342755888,toe_pre_topple_long,mid_R,toe_M1_A,prewhitened,cumulative_daily_difference,daily_cumulative_difference,daily_first_difference,0.37303090879141854
23,2847,0.0021552398009950222,toe_pre_topple_long,mid_R,toe_M1_A,prewhitened,cumulative_daily_difference,daily_cumulative_difference,daily_first_difference,0.37303090879141854
24,2845,0.035445872480793825,toe_pre_topple_long,mid_R,toe_M1_A,prewhitened,cumulative_daily_difference,daily_cumulative_difference,daily_first_difference,0.37303090879141854
25,2843,-0.015464100655887787,toe_pre_topple_long,mid_R,toe_M1_A,prewhitened,cumulative_daily_difference,daily_cumulative_difference,daily_first_difference,0.37303090879141854
26,2841,0.01709643017125347,toe_pre_topple_long,mid_R,toe_M1_A,prewhitened,cumulative_daily_difference,daily_cumulative_difference,daily_first_difference,0.37303090879141854
27,2839,-0.024709400992683414,toe_pre_topple_long,mid_R,toe_M1_A,prewhitened,cumulative_daily_difference,daily_cumulative_difference,daily_first_difference,0.37303090879141854
28,2837,0.014058571803851632,toe_pre_topple_long,mid_R,toe_M1_A,prewhitened,cumulative_daily_difference,daily_cumulative_difference,daily_first_difference,0.37303090879141854
29,2835,-0.0010024210555316679,toe_pre_topple_long,mid_R,toe_M1_A,prewhitened,cumulative_daily_difference,daily_cumulative_difference,daily_first_difference,0.37303090879141854
30,2833,0.026500385980053845,toe_pre_topple_long,mid_R,toe_M1_A,prewhitened,cumulative_daily_difference,daily_cumulative_difference,daily_first_difference,0.37303090879141854
0,3151,0.33716362066284833,toe_pre_topple_long,mid_R,toe_M1_A,prewhitened,15_minute_interval_sum,daily_interval_sum,daily_first_difference,0.37014556968975326
1,3152,0.1801260832375785,toe_pre_topple_long,mid_R,toe_M1_A,prewhitened,15_minute_interval_sum,daily_interval_sum,daily_first_difference,0.37014556968975326
2,3147,-0.191411598017548,toe_pre_topple_long,mid_R,toe_M1_A,prewhitened,15_minute_interval_sum,daily_interval_sum,daily_first_difference,0.37014556968975326
3,3142,-0.010981873404844028,toe_pre_topple_long,mid_R,toe_M1_A,prewhitened,15_minute_interval_sum,daily_interval_sum,daily_first_difference,0.37014556968975326
4,3135,-0.01954072274928632,toe_pre_topple_long,mid_R,toe_M1_A,prewhitened,15_minute_interval_sum,daily_interval_sum,daily_first_difference,0.37014556968975326
5,3130,-0.015127027596978078,toe_pre_topple_long,mid_R,toe_M1_A,prewhitened,15_minute_interval_sum,daily_interval_sum,daily_first_difference,0.37014556968975326
6,3125,-0.03689245703843973,toe_pre_topple_long,mid_R,toe_M1_A,prewhitened,15_minute_interval_sum,daily_interval_sum,daily_first_difference,0.37014556968975326
7,3120,0.0025000689795497202,toe_pre_topple_long,mid_R,toe_M1_A,prewhitened,15_minute_interval_sum,daily_interval_sum,daily_first_difference,0.37014556968975326
8,3116,-0.011426307219033477,toe_pre_topple_long,mid_R,toe_M1_A,prewhitened,15_minute_interval_sum,daily_interval_sum,daily_first_difference,0.37014556968975326
9,3112,-0.011657170867591753,toe_pre_topple_long,mid_R,toe_M1_A,prewhitened,15_minute_interval_sum,daily_interval_sum,daily_first_difference,0.37014556968975326
10,3111,0.0075531824640971195,toe_pre_topple_long,mid_R,toe_M1_A,prewhitened,15_minute_interval_sum,daily_interval_sum,daily_first_difference,0.37014556968975326
11,3110,-0.03630456334757069,toe_pre_topple_long,mid_R,toe_M1_A,prewhitened,15_minute_interval_sum,daily_interval_sum,daily_first_difference,0.37014556968975326
12,3108,-0.007628502601608243,toe_pre_topple_long,mid_R,toe_M1_A,prewhitened,15_minute_interval_sum,daily_interval_sum,daily_first_difference,0.37014556968975326
13,3105,-0.0039031669937317098,toe_pre_topple_long,mid_R,toe_M1_A,prewhitened,15_minute_interval_sum,daily_interval_sum,daily_first_difference,0.37014556968975326
14,3103,0.0006047972783329643,toe_pre_topple_long,mid_R,toe_M1_A,prewhitened,15_minute_interval_sum,daily_interval_sum,daily_first_difference,0.37014556968975326
15,3102,-0.01943331110148785,toe_pre_topple_long,mid_R,toe_M1_A,prewhitened,15_minute_interval_sum,daily_interval_sum,daily_first_difference,0.37014556968975326
16,3101,0.008529344304893395,toe_pre_topple_long,mid_R,toe_M1_A,prewhitened,15_minute_interval_sum,daily_interval_sum,daily_first_difference,0.37014556968975326
17,3099,0.016643262256810756,toe_pre_topple_long,mid_R,toe_M1_A,prewhitened,15_minute_interval_sum,daily_interval_sum,daily_first_difference,0.37014556968975326
18,3098,-0.01686288235204799,toe_pre_topple_long,mid_R,toe_M1_A,prewhitened,15_minute_interval_sum,daily_interval_sum,daily_first_difference,0.37014556968975326
19,3097,-0.019949764236907922,toe_pre_topple_long,mid_R,toe_M1_A,prewhitened,15_minute_interval_sum,daily_interval_sum,daily_first_difference,0.37014556968975326
20,3096,0.008552049714639302,toe_pre_topple_long,mid_R,toe_M1_A,prewhitened,15_minute_interval_sum,daily_interval_sum,daily_first_difference,0.37014556968975326
21,3093,-0.0036362641524378563,toe_pre_topple_long,mid_R,toe_M1_A,prewhitened,15_minute_interval_sum,daily_interval_sum,daily_first_difference,0.37014556968975326
22,3090,-0.02179053977200951,toe_pre_topple_long,mid_R,toe_M1_A,prewhitened,15_minute_interval_sum,daily_interval_sum,daily_first_difference,0.37014556968975326
23,3087,0.0017258109928592002,toe_pre_topple_long,mid_R,toe_M1_A,prewhitened,15_minute_interval_sum,daily_interval_sum,daily_first_difference,0.37014556968975326
24,3085,0.032635995014517194,toe_pre_topple_long,mid_R,toe_M1_A,prewhitened,15_minute_interval_sum,daily_interval_sum,daily_first_difference,0.37014556968975326
25,3083,-0.014646418084698066,toe_pre_topple_long,mid_R,toe_M1_A,prewhitened,15_minute_interval_sum,daily_interval_sum,daily_first_difference,0.37014556968975326
26,3081,0.013770902300448393,toe_pre_topple_long,mid_R,toe_M1_A,prewhitened,15_minute_interval_sum,daily_interval_sum,daily_first_difference,0.37014556968975326
27,3079,-0.022333592544145613,toe_pre_topple_long,mid_R,toe_M1_A,prewhitened,15_minute_interval_sum,daily_interval_sum,daily_first_difference,0.37014556968975326
28,3077,0.01563293404329778,toe_pre_topple_long,mid_R,toe_M1_A,prewhitened,15_minute_interval_sum,daily_interval_sum,daily_first_difference,0.37014556968975326
29,3076,-0.003957939702935967,toe_pre_topple_long,mid_R,toe_M1_A,prewhitened,15_minute_interval_sum,daily_interval_sum,daily_first_difference,0.37014556968975326
30,3075,0.02934693304580082,toe_pre_topple_long,mid_R,toe_M1_A,prewhitened,15_minute_interval_sum,daily_interval_sum,daily_first_difference,0.37014556968975326
0,3247,0.1932184674324515,toe_pre_topple_long,mid_R,toe_P7_B,naive_levels,published_cumulative,daily_cumulative_level,daily_level,
1,3242,0.18530343286542703,toe_pre_topple_long,mid_R,toe_P7_B,naive_levels,published_cumulative,daily_cumulative_level,daily_level,
2,3240,0.17498529062122253,toe_pre_topple_long,mid_R,toe_P7_B,naive_levels,published_cumulative,daily_cumulative_level,daily_level,
3,3237,0.16501269701309865,toe_pre_topple_long,mid_R,toe_P7_B,naive_levels,published_cumulative,daily_cumulative_level,daily_level,
4,3233,0.15533443108785971,toe_pre_topple_long,mid_R,toe_P7_B,naive_levels,published_cumulative,daily_cumulative_level,daily_level,
5,3229,0.14653793792955275,toe_pre_topple_long,mid_R,toe_P7_B,naive_levels,published_cumulative,daily_cumulative_level,daily_level,
6,3225,0.13812942163780131,toe_pre_topple_long,mid_R,toe_P7_B,naive_levels,published_cumulative,daily_cumulative_level,daily_level,
7,3223,0.12963143297048302,toe_pre_topple_long,mid_R,toe_P7_B,naive_levels,published_cumulative,daily_cumulative_level,daily_level,
8,3221,0.12148652473713396,toe_pre_topple_long,mid_R,toe_P7_B,naive_levels,published_cumulative,daily_cumulative_level,daily_level,
9,3219,0.11378314456139323,toe_pre_topple_long,mid_R,toe_P7_B,naive_levels,published_cumulative,daily_cumulative_level,daily_level,
10,3217,0.10632218595440379,toe_pre_topple_long,mid_R,toe_P7_B,naive_levels,published_cumulative,daily_cumulative_level,daily_level,
11,3215,0.09705369426554798,toe_pre_topple_long,mid_R,toe_P7_B,naive_levels,published_cumulative,daily_cumulative_level,daily_level,
12,3213,0.09079786091337236,toe_pre_topple_long,mid_R,toe_P7_B,naive_levels,published_cumulative,daily_cumulative_level,daily_level,
13,3211,0.084772337701876,toe_pre_topple_long,mid_R,toe_P7_B,naive_levels,published_cumulative,daily_cumulative_level,daily_level,
14,3209,0.07895655371511717,toe_pre_topple_long,mid_R,toe_P7_B,naive_levels,published_cumulative,daily_cumulative_level,daily_level,
15,3207,0.07287218983266656,toe_pre_topple_long,mid_R,toe_P7_B,naive_levels,published_cumulative,daily_cumulative_level,daily_level,
16,3205,0.06679889779736983,toe_pre_topple_long,mid_R,toe_P7_B,naive_levels,published_cumulative,daily_cumulative_level,daily_level,
17,3203,0.06061207768822012,toe_pre_topple_long,mid_R,toe_P7_B,naive_levels,published_cumulative,daily_cumulative_level,daily_level,
18,3201,0.05433248093292497,toe_pre_topple_long,mid_R,toe_P7_B,naive_levels,published_cumulative,daily_cumulative_level,daily_level,
19,3199,0.04809818493121908,toe_pre_topple_long,mid_R,toe_P7_B,naive_levels,published_cumulative,daily_cumulative_level,daily_level,
20,3197,0.041921113723980274,toe_pre_topple_long,mid_R,toe_P7_B,naive_levels,published_cumulative,daily_cumulative_level,daily_level,
21,3195,0.03538820785913363,toe_pre_topple_long,mid_R,toe_P7_B,naive_levels,published_cumulative,daily_cumulative_level,daily_level,
22,3193,0.028413895571750954,toe_pre_topple_long,mid_R,toe_P7_B,naive_levels,published_cumulative,daily_cumulative_level,daily_level,
23,3191,0.02230507995607213,toe_pre_topple_long,mid_R,toe_P7_B,naive_levels,published_cumulative,daily_cumulative_level,daily_level,
24,3189,0.017374068359844633,toe_pre_topple_long,mid_R,toe_P7_B,naive_levels,published_cumulative,daily_cumulative_level,daily_level,
25,3187,0.011072716792265229,toe_pre_topple_long,mid_R,toe_P7_B,naive_levels,published_cumulative,daily_cumulative_level,daily_level,
26,3185,0.004427268534791127,toe_pre_topple_long,mid_R,toe_P7_B,naive_levels,published_cumulative,daily_cumulative_level,daily_level,
27,3183,-0.002601684805660549,toe_pre_topple_long,mid_R,toe_P7_B,naive_levels,published_cumulative,daily_cumulative_level,daily_level,
28,3181,-0.008069317779095385,toe_pre_topple_long,mid_R,toe_P7_B,naive_levels,published_cumulative,daily_cumulative_level,daily_level,
29,3179,-0.01394741548383694,toe_pre_topple_long,mid_R,toe_P7_B,naive_levels,published_cumulative,daily_cumulative_level,daily_level,
30,3177,-0.020991505967778643,toe_pre_topple_long,mid_R,toe_P7_B,naive_levels,published_cumulative,daily_cumulative_level,daily_level,
0,2931,0.3736806186427857,toe_pre_topple_long,mid_R,toe_P7_B,transformed,cumulative_daily_difference,daily_cumulative_difference,daily_first_difference,
1,2928,0.30733146005313544,toe_pre_topple_long,mid_R,toe_P7_B,transformed,cumulative_daily_difference,daily_cumulative_difference,daily_first_difference,
2,2925,-0.06193095884295463,toe_pre_topple_long,mid_R,toe_P7_B,transformed,cumulative_daily_difference,daily_cumulative_difference,daily_first_difference,
3,2921,-0.07720520418123057,toe_pre_topple_long,mid_R,toe_P7_B,transformed,cumulative_daily_difference,daily_cumulative_difference,daily_first_difference,
4,2916,-0.08750496324262944,toe_pre_topple_long,mid_R,toe_P7_B,transformed,cumulative_daily_difference,daily_cumulative_difference,daily_first_difference,
5,2911,-0.057403724266115654,toe_pre_topple_long,mid_R,toe_P7_B,transformed,cumulative_daily_difference,daily_cumulative_difference,daily_first_difference,
6,2907,-0.07292261674653283,toe_pre_topple_long,mid_R,toe_P7_B,transformed,cumulative_daily_difference,daily_cumulative_difference,daily_first_difference,
7,2903,-0.05927285215148725,toe_pre_topple_long,mid_R,toe_P7_B,transformed,cumulative_daily_difference,daily_cumulative_difference,daily_first_difference,
8,2901,-0.03776521005022362,toe_pre_topple_long,mid_R,toe_P7_B,transformed,cumulative_daily_difference,daily_cumulative_difference,daily_first_difference,
9,2899,-0.036564186775197946,toe_pre_topple_long,mid_R,toe_P7_B,transformed,cumulative_daily_difference,daily_cumulative_difference,daily_first_difference,
10,2897,-0.06883018936360445,toe_pre_topple_long,mid_R,toe_P7_B,transformed,cumulative_daily_difference,daily_cumulative_difference,daily_first_difference,
11,2895,-0.05978942243137636,toe_pre_topple_long,mid_R,toe_P7_B,transformed,cumulative_daily_difference,daily_cumulative_difference,daily_first_difference,
12,2893,-0.02438568570970746,toe_pre_topple_long,mid_R,toe_P7_B,transformed,cumulative_daily_difference,daily_cumulative_difference,daily_first_difference,
13,2891,-0.006336287098242364,toe_pre_topple_long,mid_R,toe_P7_B,transformed,cumulative_daily_difference,daily_cumulative_difference,daily_first_difference,
14,2889,-0.02380050256832586,toe_pre_topple_long,mid_R,toe_P7_B,transformed,cumulative_daily_difference,daily_cumulative_difference,daily_first_difference,
15,2887,0.0013370254156023845,toe_pre_topple_long,mid_R,toe_P7_B,transformed,cumulative_daily_difference,daily_cumulative_difference,daily_first_difference,
16,2885,0.016154069218593203,toe_pre_topple_long,mid_R,toe_P7_B,transformed,cumulative_daily_difference,daily_cumulative_difference,daily_first_difference,
17,2883,0.013020756635027159,toe_pre_topple_long,mid_R,toe_P7_B,transformed,cumulative_daily_difference,daily_cumulative_difference,daily_first_difference,
18,2881,0.011724160778871756,toe_pre_topple_long,mid_R,toe_P7_B,transformed,cumulative_daily_difference,daily_cumulative_difference,daily_first_difference,
19,2879,-0.011772771784549269,toe_pre_topple_long,mid_R,toe_P7_B,transformed,cumulative_daily_difference,daily_cumulative_difference,daily_first_difference,
20,2877,0.02487371377342609,toe_pre_topple_long,mid_R,toe_P7_B,transformed,cumulative_daily_difference,daily_cumulative_difference,daily_first_difference,
21,2875,-0.003352870586271125,toe_pre_topple_long,mid_R,toe_P7_B,transformed,cumulative_daily_difference,daily_cumulative_difference,daily_first_difference,
22,2873,0.014387118158179389,toe_pre_topple_long,mid_R,toe_P7_B,transformed,cumulative_daily_difference,daily_cumulative_difference,daily_first_difference,
23,2871,0.00760217451468434,toe_pre_topple_long,mid_R,toe_P7_B,transformed,cumulative_daily_difference,daily_cumulative_difference,daily_first_difference,
24,2869,0.03211409719921507,toe_pre_topple_long,mid_R,toe_P7_B,transformed,cumulative_daily_difference,daily_cumulative_difference,daily_first_difference,
25,2867,0.002867968878007123,toe_pre_topple_long,mid_R,toe_P7_B,transformed,cumulative_daily_difference,daily_cumulative_difference,daily_first_difference,
26,2865,0.025569409366705032,toe_pre_topple_long,mid_R,toe_P7_B,transformed,cumulative_daily_difference,daily_cumulative_difference,daily_first_difference,
27,2863,-0.010245441280741811,toe_pre_topple_long,mid_R,toe_P7_B,transformed,cumulative_daily_difference,daily_cumulative_difference,daily_first_difference,
28,2861,-0.00654049766777538,toe_pre_topple_long,mid_R,toe_P7_B,transformed,cumulative_daily_difference,daily_cumulative_difference,daily_first_difference,
29,2859,-0.005713988976883134,toe_pre_topple_long,mid_R,toe_P7_B,transformed,cumulative_daily_difference,daily_cumulative_difference,daily_first_difference,
30,2857,0.038659691509765795,toe_pre_topple_long,mid_R,toe_P7_B,transformed,cumulative_daily_difference,daily_cumulative_difference,daily_first_difference,
0,3188,0.3760322377301413,toe_pre_topple_long,mid_R,toe_P7_B,transformed,15_minute_interval_sum,daily_interval_sum,daily_first_difference,
1,3189,0.3182504042160636,toe_pre_topple_long,mid_R,toe_P7_B,transformed,15_minute_interval_sum,daily_interval_sum,daily_first_difference,
2,3184,-0.05050698033984226,toe_pre_topple_long,mid_R,toe_P7_B,transformed,15_minute_interval_sum,daily_interval_sum,daily_first_difference,
3,3180,-0.07680413072687765,toe_pre_topple_long,mid_R,toe_P7_B,transformed,15_minute_interval_sum,daily_interval_sum,daily_first_difference,
4,3175,-0.08748262327175524,toe_pre_topple_long,mid_R,toe_P7_B,transformed,15_minute_interval_sum,daily_interval_sum,daily_first_difference,
5,3170,-0.057734938989110265,toe_pre_topple_long,mid_R,toe_P7_B,transformed,15_minute_interval_sum,daily_interval_sum,daily_first_difference,
6,3165,-0.07328906950826425,toe_pre_topple_long,mid_R,toe_P7_B,transformed,15_minute_interval_sum,daily_interval_sum,daily_first_difference,
7,3161,-0.06060334005529242,toe_pre_topple_long,mid_R,toe_P7_B,transformed,15_minute_interval_sum,daily_interval_sum,daily_first_difference,
8,3157,-0.03796080725936113,toe_pre_topple_long,mid_R,toe_P7_B,transformed,15_minute_interval_sum,daily_interval_sum,daily_first_difference,
9,3155,-0.03597896898024854,toe_pre_topple_long,mid_R,toe_P7_B,transformed,15_minute_interval_sum,daily_interval_sum,daily_first_difference,
10,3153,-0.07132047185178318,toe_pre_topple_long,mid_R,toe_P7_B,transformed,15_minute_interval_sum,daily_interval_sum,daily_first_difference,
11,3152,-0.05963309871870921,toe_pre_topple_long,mid_R,toe_P7_B,transformed,15_minute_interval_sum,daily_interval_sum,daily_first_difference,
12,3150,-0.02778169742908249,toe_pre_topple_long,mid_R,toe_P7_B,transformed,15_minute_interval_sum,daily_interval_sum,daily_first_difference,
13,3147,-0.010451488320273377,toe_pre_topple_long,mid_R,toe_P7_B,transformed,15_minute_interval_sum,daily_interval_sum,daily_first_difference,
14,3145,-0.016772534259141963,toe_pre_topple_long,mid_R,toe_P7_B,transformed,15_minute_interval_sum,daily_interval_sum,daily_first_difference,
15,3144,0.0002866839848784343,toe_pre_topple_long,mid_R,toe_P7_B,transformed,15_minute_interval_sum,daily_interval_sum,daily_first_difference,
16,3143,0.00871375389903285,toe_pre_topple_long,mid_R,toe_P7_B,transformed,15_minute_interval_sum,daily_interval_sum,daily_first_difference,
17,3141,0.00872755742020184,toe_pre_topple_long,mid_R,toe_P7_B,transformed,15_minute_interval_sum,daily_interval_sum,daily_first_difference,
18,3139,0.00910373852941421,toe_pre_topple_long,mid_R,toe_P7_B,transformed,15_minute_interval_sum,daily_interval_sum,daily_first_difference,
19,3138,-0.01780873431778189,toe_pre_topple_long,mid_R,toe_P7_B,transformed,15_minute_interval_sum,daily_interval_sum,daily_first_difference,
20,3137,0.025204661949594153,toe_pre_topple_long,mid_R,toe_P7_B,transformed,15_minute_interval_sum,daily_interval_sum,daily_first_difference,
21,3134,-0.0013524236774939257,toe_pre_topple_long,mid_R,toe_P7_B,transformed,15_minute_interval_sum,daily_interval_sum,daily_first_difference,
22,3131,0.009448557151918103,toe_pre_topple_long,mid_R,toe_P7_B,transformed,15_minute_interval_sum,daily_interval_sum,daily_first_difference,
23,3129,0.0059418235977179495,toe_pre_topple_long,mid_R,toe_P7_B,transformed,15_minute_interval_sum,daily_interval_sum,daily_first_difference,
24,3127,0.030389441637617778,toe_pre_topple_long,mid_R,toe_P7_B,transformed,15_minute_interval_sum,daily_interval_sum,daily_first_difference,
25,3125,0.002893866232961663,toe_pre_topple_long,mid_R,toe_P7_B,transformed,15_minute_interval_sum,daily_interval_sum,daily_first_difference,
26,3123,0.024720942403298,toe_pre_topple_long,mid_R,toe_P7_B,transformed,15_minute_interval_sum,daily_interval_sum,daily_first_difference,
27,3121,-0.018882567640040607,toe_pre_topple_long,mid_R,toe_P7_B,transformed,15_minute_interval_sum,daily_interval_sum,daily_first_difference,
28,3119,-0.007588061495166202,toe_pre_topple_long,mid_R,toe_P7_B,transformed,15_minute_interval_sum,daily_interval_sum,daily_first_difference,
29,3117,-0.010268388537843839,toe_pre_topple_long,mid_R,toe_P7_B,transformed,15_minute_interval_sum,daily_interval_sum,daily_first_difference,
30,3116,0.043005083609753296,toe_pre_topple_long,mid_R,toe_P7_B,transformed,15_minute_interval_sum,daily_interval_sum,daily_first_difference,
0,2911,0.27245151363098336,toe_pre_topple_long,mid_R,toe_P7_B,prewhitened,cumulative_daily_difference,daily_cumulative_difference,daily_first_difference,0.37303090879141854
1,2908,0.23960434731277577,toe_pre_topple_long,mid_R,toe_P7_B,prewhitened,cumulative_daily_difference,daily_cumulative_difference,daily_first_difference,0.37303090879141854
2,2905,-0.160025058283558,toe_pre_topple_long,mid_R,toe_P7_B,prewhitened,cumulative_daily_difference,daily_cumulative_difference,daily_first_difference,0.37303090879141854
3,2900,-0.03305438093490595,toe_pre_topple_long,mid_R,toe_P7_B,prewhitened,cumulative_daily_difference,daily_cumulative_difference,daily_first_difference,0.37303090879141854
4,2895,-0.051039929073646656,toe_pre_topple_long,mid_R,toe_P7_B,prewhitened,cumulative_daily_difference,daily_cumulative_difference,daily_first_difference,0.37303090879141854
5,2890,-0.005617390364465892,toe_pre_topple_long,mid_R,toe_P7_B,prewhitened,cumulative_daily_difference,daily_cumulative_difference,daily_first_difference,0.37303090879141854
6,2885,-0.04054069588395706,toe_pre_topple_long,mid_R,toe_P7_B,prewhitened,cumulative_daily_difference,daily_cumulative_difference,daily_first_difference,0.37303090879141854
7,2881,-0.026828759050890976,toe_pre_topple_long,mid_R,toe_P7_B,prewhitened,cumulative_daily_difference,daily_cumulative_difference,daily_first_difference,0.37303090879141854
8,2877,-0.007488162913255469,toe_pre_topple_long,mid_R,toe_P7_B,prewhitened,cumulative_daily_difference,daily_cumulative_difference,daily_first_difference,0.37303090879141854
9,2875,-0.005769466033465793,toe_pre_topple_long,mid_R,toe_P7_B,prewhitened,cumulative_daily_difference,daily_cumulative_difference,daily_first_difference,0.37303090879141854
10,2873,-0.04158150961151298,toe_pre_topple_long,mid_R,toe_P7_B,prewhitened,cumulative_daily_difference,daily_cumulative_difference,daily_first_difference,0.37303090879141854
11,2871,-0.034320788786158,toe_pre_topple_long,mid_R,toe_P7_B,prewhitened,cumulative_daily_difference,daily_cumulative_difference,daily_first_difference,0.37303090879141854
12,2869,-0.003125376683569564,toe_pre_topple_long,mid_R,toe_P7_B,prewhitened,cumulative_daily_difference,daily_cumulative_difference,daily_first_difference,0.37303090879141854
13,2867,0.011194340295489465,toe_pre_topple_long,mid_R,toe_P7_B,prewhitened,cumulative_daily_difference,daily_cumulative_difference,daily_first_difference,0.37303090879141854
14,2865,-0.025637559722480822,toe_pre_topple_long,mid_R,toe_P7_B,prewhitened,cumulative_daily_difference,daily_cumulative_difference,daily_first_difference,0.37303090879141854
15,2863,0.004565951008196367,toe_pre_topple_long,mid_R,toe_P7_B,prewhitened,cumulative_daily_difference,daily_cumulative_difference,daily_first_difference,0.37303090879141854
16,2861,0.013213236878669248,toe_pre_topple_long,mid_R,toe_P7_B,prewhitened,cumulative_daily_difference,daily_cumulative_difference,daily_first_difference,0.37303090879141854
17,2859,0.004644139124215379,toe_pre_topple_long,mid_R,toe_P7_B,prewhitened,cumulative_daily_difference,daily_cumulative_difference,daily_first_difference,0.37303090879141854
18,2857,0.0135587328344412,toe_pre_topple_long,mid_R,toe_P7_B,prewhitened,cumulative_daily_difference,daily_cumulative_difference,daily_first_difference,0.37303090879141854
19,2855,-0.02768279451043294,toe_pre_topple_long,mid_R,toe_P7_B,prewhitened,cumulative_daily_difference,daily_cumulative_difference,daily_first_difference,0.37303090879141854
20,2853,0.0344053614623547,toe_pre_topple_long,mid_R,toe_P7_B,prewhitened,cumulative_daily_difference,daily_cumulative_difference,daily_first_difference,0.37303090879141854
21,2851,-0.01867793056320049,toe_pre_topple_long,mid_R,toe_P7_B,prewhitened,cumulative_daily_difference,daily_cumulative_difference,daily_first_difference,0.37303090879141854
22,2849,0.016551648002944046,toe_pre_topple_long,mid_R,toe_P7_B,prewhitened,cumulative_daily_difference,daily_cumulative_difference,daily_first_difference,0.37303090879141854
23,2847,-0.010372930850022284,toe_pre_topple_long,mid_R,toe_P7_B,prewhitened,cumulative_daily_difference,daily_cumulative_difference,daily_first_difference,0.37303090879141854
24,2845,0.033961477907138445,toe_pre_topple_long,mid_R,toe_P7_B,prewhitened,cumulative_daily_difference,daily_cumulative_difference,daily_first_difference,0.37303090879141854
25,2843,-0.018815484797072703,toe_pre_topple_long,mid_R,toe_P7_B,prewhitened,cumulative_daily_difference,daily_cumulative_difference,daily_first_difference,0.37303090879141854
26,2841,0.03294976655816682,toe_pre_topple_long,mid_R,toe_P7_B,prewhitened,cumulative_daily_difference,daily_cumulative_difference,daily_first_difference,0.37303090879141854
27,2839,-0.019365910402185937,toe_pre_topple_long,mid_R,toe_P7_B,prewhitened,cumulative_daily_difference,daily_cumulative_difference,daily_first_difference,0.37303090879141854
28,2837,-0.0018621934348899219,toe_pre_topple_long,mid_R,toe_P7_B,prewhitened,cumulative_daily_difference,daily_cumulative_difference,daily_first_difference,0.37303090879141854
29,2835,-0.01896014061792291,toe_pre_topple_long,mid_R,toe_P7_B,prewhitened,cumulative_daily_difference,daily_cumulative_difference,daily_first_difference,0.37303090879141854
30,2833,0.05452582529916937,toe_pre_topple_long,mid_R,toe_P7_B,prewhitened,cumulative_daily_difference,daily_cumulative_difference,daily_first_difference,0.37303090879141854
0,3151,0.27206493252083147,toe_pre_topple_long,mid_R,toe_P7_B,prewhitened,15_minute_interval_sum,daily_interval_sum,daily_first_difference,0.37014556968975326
1,3152,0.24745799423016,toe_pre_topple_long,mid_R,toe_P7_B,prewhitened,15_minute_interval_sum,daily_interval_sum,daily_first_difference,0.37014556968975326
2,3147,-0.1502781089303992,toe_pre_topple_long,mid_R,toe_P7_B,prewhitened,15_minute_interval_sum,daily_interval_sum,daily_first_difference,0.37014556968975326
3,3142,-0.03461855586874377,toe_pre_topple_long,mid_R,toe_P7_B,prewhitened,15_minute_interval_sum,daily_interval_sum,daily_first_difference,0.37014556968975326
4,3135,-0.050801108209455714,toe_pre_topple_long,mid_R,toe_P7_B,prewhitened,15_minute_interval_sum,daily_interval_sum,daily_first_difference,0.37014556968975326
5,3130,-0.004749576663123943,toe_pre_topple_long,mid_R,toe_P7_B,prewhitened,15_minute_interval_sum,daily_interval_sum,daily_first_difference,0.37014556968975326
6,3125,-0.039183273802425186,toe_pre_topple_long,mid_R,toe_P7_B,prewhitened,15_minute_interval_sum,daily_interval_sum,daily_first_difference,0.37014556968975326
7,3120,-0.027611431563031502,toe_pre_topple_long,mid_R,toe_P7_B,prewhitened,15_minute_interval_sum,daily_interval_sum,daily_first_difference,0.37014556968975326
8,3116,-0.005994814460892114,toe_pre_topple_long,mid_R,toe_P7_B,prewhitened,15_minute_interval_sum,daily_interval_sum,daily_first_difference,0.37014556968975326
9,3112,-0.0038622955436687025,toe_pre_topple_long,mid_R,toe_P7_B,prewhitened,15_minute_interval_sum,daily_interval_sum,daily_first_difference,0.37014556968975326
10,3111,-0.044096429532112784,toe_pre_topple_long,mid_R,toe_P7_B,prewhitened,15_minute_interval_sum,daily_interval_sum,daily_first_difference,0.37014556968975326
11,3110,-0.03272345631235918,toe_pre_topple_long,mid_R,toe_P7_B,prewhitened,15_minute_interval_sum,daily_interval_sum,daily_first_difference,0.37014556968975326
12,3108,-0.006271904224131129,toe_pre_topple_long,mid_R,toe_P7_B,prewhitened,15_minute_interval_sum,daily_interval_sum,daily_first_difference,0.37014556968975326
13,3105,0.006266278460298651,toe_pre_topple_long,mid_R,toe_P7_B,prewhitened,15_minute_interval_sum,daily_interval_sum,daily_first_difference,0.37014556968975326
14,3103,-0.017025402119512475,toe_pre_topple_long,mid_R,toe_P7_B,prewhitened,15_minute_interval_sum,daily_interval_sum,daily_first_difference,0.37014556968975326
15,3102,0.003711299111219014,toe_pre_topple_long,mid_R,toe_P7_B,prewhitened,15_minute_interval_sum,daily_interval_sum,daily_first_difference,0.37014556968975326
16,3101,0.006296144397643369,toe_pre_topple_long,mid_R,toe_P7_B,prewhitened,15_minute_interval_sum,daily_interval_sum,daily_first_difference,0.37014556968975326
17,3099,0.004120851281560067,toe_pre_topple_long,mid_R,toe_P7_B,prewhitened,15_minute_interval_sum,daily_interval_sum,daily_first_difference,0.37014556968975326
18,3098,0.004711766800642022,toe_pre_topple_long,mid_R,toe_P7_B,prewhitened,15_minute_interval_sum,daily_interval_sum,daily_first_difference,0.37014556968975326
19,3097,-0.028478118074046665,toe_pre_topple_long,mid_R,toe_P7_B,prewhitened,15_minute_interval_sum,daily_interval_sum,daily_first_difference,0.37014556968975326
20,3096,0.03649819860328674,toe_pre_topple_long,mid_R,toe_P7_B,prewhitened,15_minute_interval_sum,daily_interval_sum,daily_first_difference,0.37014556968975326
21,3093,-0.01524551238874422,toe_pre_topple_long,mid_R,toe_P7_B,prewhitened,15_minute_interval_sum,daily_interval_sum,daily_first_difference,0.37014556968975326
22,3090,0.009017266524467278,toe_pre_topple_long,mid_R,toe_P7_B,prewhitened,15_minute_interval_sum,daily_interval_sum,daily_first_difference,0.37014556968975326
23,3087,-0.008005192736810308,toe_pre_topple_long,mid_R,toe_P7_B,prewhitened,15_minute_interval_sum,daily_interval_sum,daily_first_difference,0.37014556968975326
24,3085,0.032776923602542495,toe_pre_topple_long,mid_R,toe_P7_B,prewhitened,15_minute_interval_sum,daily_interval_sum,daily_first_difference,0.37014556968975326
25,3083,-0.018887637530649308,toe_pre_topple_long,mid_R,toe_P7_B,prewhitened,15_minute_interval_sum,daily_interval_sum,daily_first_difference,0.37014556968975326
26,3081,0.0323498766033083,toe_pre_topple_long,mid_R,toe_P7_B,prewhitened,15_minute_interval_sum,daily_interval_sum,daily_first_difference,0.37014556968975326
27,3079,-0.02663825577890923,toe_pre_topple_long,mid_R,toe_P7_B,prewhitened,15_minute_interval_sum,daily_interval_sum,daily_first_difference,0.37014556968975326
28,3077,0.0021935217709083965,toe_pre_topple_long,mid_R,toe_P7_B,prewhitened,15_minute_interval_sum,daily_interval_sum,daily_first_difference,0.37014556968975326
29,3076,-0.023901862280925296,toe_pre_topple_long,mid_R,toe_P7_B,prewhitened,15_minute_interval_sum,daily_interval_sum,daily_first_difference,0.37014556968975326
30,3075,0.06233678817271208,toe_pre_topple_long,mid_R,toe_P7_B,prewhitened,15_minute_interval_sum,daily_interval_sum,daily_first_difference,0.37014556968975326
0,3240,-0.17084741167573111,toe_pre_topple_long,toe_M1_A,toe_E5_C,naive_levels,not_applicable,daily_level,daily_level,
1,3226,-0.16740480874996144,toe_pre_topple_long,toe_M1_A,toe_E5_C,naive_levels,not_applicable,daily_level,daily_level,
2,3221,-0.16329352969467045,toe_pre_topple_long,toe_M1_A,toe_E5_C,naive_levels,not_applicable,daily_level,daily_level,
3,3216,-0.1592538920914387,toe_pre_topple_long,toe_M1_A,toe_E5_C,naive_levels,not_applicable,daily_level,daily_level,
4,3211,-0.15531347290323574,toe_pre_topple_long,toe_M1_A,toe_E5_C,naive_levels,not_applicable,daily_level,daily_level,
5,3207,-0.1512584275739892,toe_pre_topple_long,toe_M1_A,toe_E5_C,naive_levels,not_applicable,daily_level,daily_level,
6,3203,-0.14721047449658778,toe_pre_topple_long,toe_M1_A,toe_E5_C,naive_levels,not_applicable,daily_level,daily_level,
7,3201,-0.144462825866149,toe_pre_topple_long,toe_M1_A,toe_E5_C,naive_levels,not_applicable,daily_level,daily_level,
8,3199,-0.14176233136541,toe_pre_topple_long,toe_M1_A,toe_E5_C,naive_levels,not_applicable,daily_level,daily_level,
9,3197,-0.13837719896163264,toe_pre_topple_long,toe_M1_A,toe_E5_C,naive_levels,not_applicable,daily_level,daily_level,
10,3194,-0.13543077310664473,toe_pre_topple_long,toe_M1_A,toe_E5_C,naive_levels,not_applicable,daily_level,daily_level,
11,3191,-0.13128706482830535,toe_pre_topple_long,toe_M1_A,toe_E5_C,naive_levels,not_applicable,daily_level,daily_level,
12,3188,-0.12824351276377208,toe_pre_topple_long,toe_M1_A,toe_E5_C,naive_levels,not_applicable,daily_level,daily_level,
13,3186,-0.1252519504855338,toe_pre_topple_long,toe_M1_A,toe_E5_C,naive_levels,not_applicable,daily_level,daily_level,
14,3182,-0.12220458751673395,toe_pre_topple_long,toe_M1_A,toe_E5_C,naive_levels,not_applicable,daily_level,daily_level,
15,3179,-0.11927187835137584,toe_pre_topple_long,toe_M1_A,toe_E5_C,naive_levels,not_applicable,daily_level,daily_level,
16,3176,-0.11635495919831639,toe_pre_topple_long,toe_M1_A,toe_E5_C,naive_levels,not_applicable,daily_level,daily_level,
17,3173,-0.11350392890294744,toe_pre_topple_long,toe_M1_A,toe_E5_C,naive_levels,not_applicable,daily_level,daily_level,
18,3170,-0.1108381969658594,toe_pre_topple_long,toe_M1_A,toe_E5_C,naive_levels,not_applicable,daily_level,daily_level,
19,3167,-0.10852543351613504,toe_pre_topple_long,toe_M1_A,toe_E5_C,naive_levels,not_applicable,daily_level,daily_level,
20,3164,-0.10496944003964831,toe_pre_topple_long,toe_M1_A,toe_E5_C,naive_levels,not_applicable,daily_level,daily_level,
21,3161,-0.10134620765733983,toe_pre_topple_long,toe_M1_A,toe_E5_C,naive_levels,not_applicable,daily_level,daily_level,
22,3158,-0.09766733907093472,toe_pre_topple_long,toe_M1_A,toe_E5_C,naive_levels,not_applicable,daily_level,daily_level,
23,3156,-0.09378869574807595,toe_pre_topple_long,toe_M1_A,toe_E5_C,naive_levels,not_applicable,daily_level,daily_level,
24,3154,-0.08983570460724537,toe_pre_topple_long,toe_M1_A,toe_E5_C,naive_levels,not_applicable,daily_level,daily_level,
25,3152,-0.08583875958926236,toe_pre_topple_long,toe_M1_A,toe_E5_C,naive_levels,not_applicable,daily_level,daily_level,
26,3149,-0.08194404427308934,toe_pre_topple_long,toe_M1_A,toe_E5_C,naive_levels,not_applicable,daily_level,daily_level,
27,3147,-0.07807179772964556,toe_pre_topple_long,toe_M1_A,toe_E5_C,naive_levels,not_applicable,daily_level,daily_level,
28,3144,-0.0739392586591608,toe_pre_topple_long,toe_M1_A,toe_E5_C,naive_levels,not_applicable,daily_level,daily_level,
29,3141,-0.07003107383795944,toe_pre_topple_long,toe_M1_A,toe_E5_C,naive_levels,not_applicable,daily_level,daily_level,
30,3139,-0.066401735583952,toe_pre_topple_long,toe_M1_A,toe_E5_C,naive_levels,not_applicable,daily_level,daily_level,
0,3211,-0.11664438886764818,toe_pre_topple_long,toe_M1_A,toe_E5_C,transformed,not_applicable,daily_first_difference,daily_first_difference,
1,3200,0.019143736282921094,toe_pre_topple_long,toe_M1_A,toe_E5_C,transformed,not_applicable,daily_first_difference,daily_first_difference,
2,3188,0.0013816915326590343,toe_pre_topple_long,toe_M1_A,toe_E5_C,transformed,not_applicable,daily_first_difference,daily_first_difference,
3,3182,0.02355213907784537,toe_pre_topple_long,toe_M1_A,toe_E5_C,transformed,not_applicable,daily_first_difference,daily_first_difference,
4,3177,0.007227600807898963,toe_pre_topple_long,toe_M1_A,toe_E5_C,transformed,not_applicable,daily_first_difference,daily_first_difference,
5,3172,0.011936950074670279,toe_pre_topple_long,toe_M1_A,toe_E5_C,transformed,not_applicable,daily_first_difference,daily_first_difference,
6,3168,-0.004226111820549044,toe_pre_topple_long,toe_M1_A,toe_E5_C,transformed,not_applicable,daily_first_difference,daily_first_difference,
7,3164,-0.024692563309477954,toe_pre_topple_long,toe_M1_A,toe_E5_C,transformed,not_applicable,daily_first_difference,daily_first_difference,
8,3162,-0.022665290496192876,toe_pre_topple_long,toe_M1_A,toe_E5_C,transformed,not_applicable,daily_first_difference,daily_first_difference,
9,3160,-0.0069615697431997265,toe_pre_topple_long,toe_M1_A,toe_E5_C,transformed,not_applicable,daily_first_difference,daily_first_difference,
10,3157,-0.015051794427475458,toe_pre_topple_long,toe_M1_A,toe_E5_C,transformed,not_applicable,daily_first_difference,daily_first_difference,
11,3154,-0.0074641084268016996,toe_pre_topple_long,toe_M1_A,toe_E5_C,transformed,not_applicable,daily_first_difference,daily_first_difference,
12,3152,-0.020941593238475567,toe_pre_topple_long,toe_M1_A,toe_E5_C,transformed,not_applicable,daily_first_difference,daily_first_difference,
13,3150,-0.023532197503424813,toe_pre_topple_long,toe_M1_A,toe_E5_C,transformed,not_applicable,daily_first_difference,daily_first_difference,
14,3146,-0.010080103173340484,toe_pre_topple_long,toe_M1_A,toe_E5_C,transformed,not_applicable,daily_first_difference,daily_first_difference,
15,3142,-0.021761177046932468,toe_pre_topple_long,toe_M1_A,toe_E5_C,transformed,not_applicable,daily_first_difference,daily_first_difference,
16,3139,-0.02836939743714834,toe_pre_topple_long,toe_M1_A,toe_E5_C,transformed,not_applicable,daily_first_difference,daily_first_difference,
17,3136,-0.021637289069010003,toe_pre_topple_long,toe_M1_A,toe_E5_C,transformed,not_applicable,daily_first_difference,daily_first_difference,
18,3133,0.00717313158037842,toe_pre_topple_long,toe_M1_A,toe_E5_C,transformed,not_applicable,daily_first_difference,daily_first_difference,
19,3130,-0.01337978801529176,toe_pre_topple_long,toe_M1_A,toe_E5_C,transformed,not_applicable,daily_first_difference,daily_first_difference,
20,3127,-0.005211781945246852,toe_pre_topple_long,toe_M1_A,toe_E5_C,transformed,not_applicable,daily_first_difference,daily_first_difference,
21,3124,-0.012253679421696292,toe_pre_topple_long,toe_M1_A,toe_E5_C,transformed,not_applicable,daily_first_difference,daily_first_difference,
22,3121,-0.006471215902245089,toe_pre_topple_long,toe_M1_A,toe_E5_C,transformed,not_applicable,daily_first_difference,daily_first_difference,
23,3118,-0.012052265127877965,toe_pre_topple_long,toe_M1_A,toe_E5_C,transformed,not_applicable,daily_first_difference,daily_first_difference,
24,3116,-0.01723503645818387,toe_pre_topple_long,toe_M1_A,toe_E5_C,transformed,not_applicable,daily_first_difference,daily_first_difference,
25,3114,-0.004897225183309708,toe_pre_topple_long,toe_M1_A,toe_E5_C,transformed,not_applicable,daily_first_difference,daily_first_difference,
26,3111,-0.005193219043560132,toe_pre_topple_long,toe_M1_A,toe_E5_C,transformed,not_applicable,daily_first_difference,daily_first_difference,
27,3108,-0.007055715784279698,toe_pre_topple_long,toe_M1_A,toe_E5_C,transformed,not_applicable,daily_first_difference,daily_first_difference,
28,3105,-0.009402908446053581,toe_pre_topple_long,toe_M1_A,toe_E5_C,transformed,not_applicable,daily_first_difference,daily_first_difference,
29,3103,0.0020317804003175885,toe_pre_topple_long,toe_M1_A,toe_E5_C,transformed,not_applicable,daily_first_difference,daily_first_difference,
30,3101,0.005240630465672281,toe_pre_topple_long,toe_M1_A,toe_E5_C,transformed,not_applicable,daily_first_difference,daily_first_difference,
0,3184,-0.11511305398024421,toe_pre_topple_long,toe_M1_A,toe_E5_C,prewhitened,not_applicable,daily_first_difference,daily_first_difference,-0.05343428491338296
1,3173,0.01258850294808042,toe_pre_topple_long,toe_M1_A,toe_E5_C,prewhitened,not_applicable,daily_first_difference,daily_first_difference,-0.05343428491338296
2,3162,0.0036323082019004927,toe_pre_topple_long,toe_M1_A,toe_E5_C,prewhitened,not_applicable,daily_first_difference,daily_first_difference,-0.05343428491338296
3,3151,0.022978855172997137,toe_pre_topple_long,toe_M1_A,toe_E5_C,prewhitened,not_applicable,daily_first_difference,daily_first_difference,-0.05343428491338296
4,3145,0.008639031595214314,toe_pre_topple_long,toe_M1_A,toe_E5_C,prewhitened,not_applicable,daily_first_difference,daily_first_difference,-0.05343428491338296
5,3140,0.011641777797062184,toe_pre_topple_long,toe_M1_A,toe_E5_C,prewhitened,not_applicable,daily_first_difference,daily_first_difference,-0.05343428491338296
6,3135,-0.0047592724103910815,toe_pre_topple_long,toe_M1_A,toe_E5_C,prewhitened,not_applicable,daily_first_difference,daily_first_difference,-0.05343428491338296
7,3131,-0.025466957394466413,toe_pre_topple_long,toe_M1_A,toe_E5_C,prewhitened,not_applicable,daily_first_difference,daily_first_difference,-0.05343428491338296
8,3127,-0.023674641690709156,toe_pre_topple_long,toe_M1_A,toe_E5_C,prewhitened,not_applicable,daily_first_difference,daily_first_difference,-0.05343428491338296
9,3125,-0.008828560984047377,toe_pre_topple_long,toe_M1_A,toe_E5_C,prewhitened,not_applicable,daily_first_difference,daily_first_difference,-0.05343428491338296
10,3122,-0.014994175591721923,toe_pre_topple_long,toe_M1_A,toe_E5_C,prewhitened,not_applicable,daily_first_difference,daily_first_difference,-0.05343428491338296
11,3120,-0.008729637665305526,toe_pre_topple_long,toe_M1_A,toe_E5_C,prewhitened,not_applicable,daily_first_difference,daily_first_difference,-0.05343428491338296
12,3118,-0.021088894292301943,toe_pre_topple_long,toe_M1_A,toe_E5_C,prewhitened,not_applicable,daily_first_difference,daily_first_difference,-0.05343428491338296
13,3116,-0.02447075514624089,toe_pre_topple_long,toe_M1_A,toe_E5_C,prewhitened,not_applicable,daily_first_difference,daily_first_difference,-0.05343428491338296
14,3112,-0.012132118733031435,toe_pre_topple_long,toe_M1_A,toe_E5_C,prewhitened,not_applicable,daily_first_difference,daily_first_difference,-0.05343428491338296
15,3108,-0.02313282815753231,toe_pre_topple_long,toe_M1_A,toe_E5_C,prewhitened,not_applicable,daily_first_difference,daily_first_difference,-0.05343428491338296
16,3104,-0.029563050831512106,toe_pre_topple_long,toe_M1_A,toe_E5_C,prewhitened,not_applicable,daily_first_difference,daily_first_difference,-0.05343428491338296
17,3101,-0.022115791168113446,toe_pre_topple_long,toe_M1_A,toe_E5_C,prewhitened,not_applicable,daily_first_difference,daily_first_difference,-0.05343428491338296
18,3098,0.004836933006440563,toe_pre_topple_long,toe_M1_A,toe_E5_C,prewhitened,not_applicable,daily_first_difference,daily_first_difference,-0.05343428491338296
19,3095,-0.012924657778061475,toe_pre_topple_long,toe_M1_A,toe_E5_C,prewhitened,not_applicable,daily_first_difference,daily_first_difference,-0.05343428491338296
20,3092,-0.00619661351676105,toe_pre_topple_long,toe_M1_A,toe_E5_C,prewhitened,not_applicable,daily_first_difference,daily_first_difference,-0.05343428491338296
21,3089,-0.012384123797462905,toe_pre_topple_long,toe_M1_A,toe_E5_C,prewhitened,not_applicable,daily_first_difference,daily_first_difference,-0.05343428491338296
22,3086,-0.007273929646293979,toe_pre_topple_long,toe_M1_A,toe_E5_C,prewhitened,not_applicable,daily_first_difference,daily_first_difference,-0.05343428491338296
23,3083,-0.012870221245145147,toe_pre_topple_long,toe_M1_A,toe_E5_C,prewhitened,not_applicable,daily_first_difference,daily_first_difference,-0.05343428491338296
24,3080,-0.01751212075956091,toe_pre_topple_long,toe_M1_A,toe_E5_C,prewhitened,not_applicable,daily_first_difference,daily_first_difference,-0.05343428491338296
25,3078,-0.005875510485758876,toe_pre_topple_long,toe_M1_A,toe_E5_C,prewhitened,not_applicable,daily_first_difference,daily_first_difference,-0.05343428491338296
26,3075,-0.005625765114689938,toe_pre_topple_long,toe_M1_A,toe_E5_C,prewhitened,not_applicable,daily_first_difference,daily_first_difference,-0.05343428491338296
27,3072,-0.0074037034194897626,toe_pre_topple_long,toe_M1_A,toe_E5_C,prewhitened,not_applicable,daily_first_difference,daily_first_difference,-0.05343428491338296
28,3070,-0.010438803470659452,toe_pre_topple_long,toe_M1_A,toe_E5_C,prewhitened,not_applicable,daily_first_difference,daily_first_difference,-0.05343428491338296
29,3068,0.0019073161707902693,toe_pre_topple_long,toe_M1_A,toe_E5_C,prewhitened,not_applicable,daily_first_difference,daily_first_difference,-0.05343428491338296
30,3066,0.005985523928738436,toe_pre_topple_long,toe_M1_A,toe_E5_C,prewhitened,not_applicable,daily_first_difference,daily_first_difference,-0.05343428491338296
0,3240,0.08716734516972947,toe_pre_topple_long,toe_P7_B,toe_E5_C,naive_levels,not_applicable,daily_level,daily_level,
1,3226,0.09200302746616584,toe_pre_topple_long,toe_P7_B,toe_E5_C,naive_levels,not_applicable,daily_level,daily_level,
2,3221,0.09701888963541348,toe_pre_topple_long,toe_P7_B,toe_E5_C,naive_levels,not_applicable,daily_level,daily_level,
3,3216,0.10126576982375719,toe_pre_topple_long,toe_P7_B,toe_E5_C,naive_levels,not_applicable,daily_level,daily_level,
4,3211,0.10590099163494725,toe_pre_topple_long,toe_P7_B,toe_E5_C,naive_levels,not_applicable,daily_level,daily_level,
5,3207,0.11037523679480887,toe_pre_topple_long,toe_P7_B,toe_E5_C,naive_levels,not_applicable,daily_level,daily_level,
6,3203,0.11516941746277151,toe_pre_topple_long,toe_P7_B,toe_E5_C,naive_levels,not_applicable,daily_level,daily_level,
7,3201,0.11963316674330732,toe_pre_topple_long,toe_P7_B,toe_E5_C,naive_levels,not_applicable,daily_level,daily_level,
8,3199,0.12369784131426582,toe_pre_topple_long,toe_P7_B,toe_E5_C,naive_levels,not_applicable,daily_level,daily_level,
9,3197,0.13161577391202733,toe_pre_topple_long,toe_P7_B,toe_E5_C,naive_levels,not_applicable,daily_level,daily_level,
10,3194,0.13593173657812482,toe_pre_topple_long,toe_P7_B,toe_E5_C,naive_levels,not_applicable,daily_level,daily_level,
11,3191,0.14046260202800165,toe_pre_topple_long,toe_P7_B,toe_E5_C,naive_levels,not_applicable,daily_level,daily_level,
12,3188,0.14481760852599723,toe_pre_topple_long,toe_P7_B,toe_E5_C,naive_levels,not_applicable,daily_level,daily_level,
13,3186,0.149490392873127,toe_pre_topple_long,toe_P7_B,toe_E5_C,naive_levels,not_applicable,daily_level,daily_level,
14,3182,0.15427044241220647,toe_pre_topple_long,toe_P7_B,toe_E5_C,naive_levels,not_applicable,daily_level,daily_level,
15,3179,0.1593319272627591,toe_pre_topple_long,toe_P7_B,toe_E5_C,naive_levels,not_applicable,daily_level,daily_level,
16,3176,0.16473611087219833,toe_pre_topple_long,toe_P7_B,toe_E5_C,naive_levels,not_applicable,daily_level,daily_level,
17,3173,0.16844149092276256,toe_pre_topple_long,toe_P7_B,toe_E5_C,naive_levels,not_applicable,daily_level,daily_level,
18,3170,0.1724998510855224,toe_pre_topple_long,toe_P7_B,toe_E5_C,naive_levels,not_applicable,daily_level,daily_level,
19,3167,0.1761495805220723,toe_pre_topple_long,toe_P7_B,toe_E5_C,naive_levels,not_applicable,daily_level,daily_level,
20,3164,0.17969763175487938,toe_pre_topple_long,toe_P7_B,toe_E5_C,naive_levels,not_applicable,daily_level,daily_level,
21,3161,0.18341428052422032,toe_pre_topple_long,toe_P7_B,toe_E5_C,naive_levels,not_applicable,daily_level,daily_level,
22,3158,0.18715521674651342,toe_pre_topple_long,toe_P7_B,toe_E5_C,naive_levels,not_applicable,daily_level,daily_level,
23,3156,0.19128684790913417,toe_pre_topple_long,toe_P7_B,toe_E5_C,naive_levels,not_applicable,daily_level,daily_level,
24,3154,0.19550779357567194,toe_pre_topple_long,toe_P7_B,toe_E5_C,naive_levels,not_applicable,daily_level,daily_level,
25,3152,0.1988680087971388,toe_pre_topple_long,toe_P7_B,toe_E5_C,naive_levels,not_applicable,daily_level,daily_level,
26,3149,0.20287388246226432,toe_pre_topple_long,toe_P7_B,toe_E5_C,naive_levels,not_applicable,daily_level,daily_level,
27,3147,0.2056703413322575,toe_pre_topple_long,toe_P7_B,toe_E5_C,naive_levels,not_applicable,daily_level,daily_level,
28,3144,0.2093644018738984,toe_pre_topple_long,toe_P7_B,toe_E5_C,naive_levels,not_applicable,daily_level,daily_level,
29,3141,0.2125858422886027,toe_pre_topple_long,toe_P7_B,toe_E5_C,naive_levels,not_applicable,daily_level,daily_level,
30,3139,0.21568808219638597,toe_pre_topple_long,toe_P7_B,toe_E5_C,naive_levels,not_applicable,daily_level,daily_level,
0,3211,-0.06663931224143882,toe_pre_topple_long,toe_P7_B,toe_E5_C,transformed,not_applicable,daily_first_difference,daily_first_difference,
1,3200,0.054721242686337386,toe_pre_topple_long,toe_P7_B,toe_E5_C,transformed,not_applicable,daily_first_difference,daily_first_difference,
2,3188,0.057195151391850545,toe_pre_topple_long,toe_P7_B,toe_E5_C,transformed,not_applicable,daily_first_difference,daily_first_difference,
3,3182,0.043352128712577896,toe_pre_topple_long,toe_P7_B,toe_E5_C,transformed,not_applicable,daily_first_difference,daily_first_difference,
4,3177,0.01485301724580602,toe_pre_topple_long,toe_P7_B,toe_E5_C,transformed,not_applicable,daily_first_difference,daily_first_difference,
5,3172,0.020512349605028415,toe_pre_topple_long,toe_P7_B,toe_E5_C,transformed,not_applicable,daily_first_difference,daily_first_difference,
6,3168,0.01280613672411977,toe_pre_topple_long,toe_P7_B,toe_E5_C,transformed,not_applicable,daily_first_difference,daily_first_difference,
7,3164,-0.02265904821476308,toe_pre_topple_long,toe_P7_B,toe_E5_C,transformed,not_applicable,daily_first_difference,daily_first_difference,
8,3162,-0.0034520530912851787,toe_pre_topple_long,toe_P7_B,toe_E5_C,transformed,not_applicable,daily_first_difference,daily_first_difference,
9,3160,0.008922343109277862,toe_pre_topple_long,toe_P7_B,toe_E5_C,transformed,not_applicable,daily_first_difference,daily_first_difference,
10,3157,0.013034500541733633,toe_pre_topple_long,toe_P7_B,toe_E5_C,transformed,not_applicable,daily_first_difference,daily_first_difference,
11,3154,0.00857541924829966,toe_pre_topple_long,toe_P7_B,toe_E5_C,transformed,not_applicable,daily_first_difference,daily_first_difference,
12,3152,-0.011144280567530375,toe_pre_topple_long,toe_P7_B,toe_E5_C,transformed,not_applicable,daily_first_difference,daily_first_difference,
13,3150,-0.006966608830813024,toe_pre_topple_long,toe_P7_B,toe_E5_C,transformed,not_applicable,daily_first_difference,daily_first_difference,
14,3146,-0.0013249324195316599,toe_pre_topple_long,toe_P7_B,toe_E5_C,transformed,not_applicable,daily_first_difference,daily_first_difference,
15,3142,-0.01883730384615551,toe_pre_topple_long,toe_P7_B,toe_E5_C,transformed,not_applicable,daily_first_difference,daily_first_difference,
16,3139,0.005202751332356584,toe_pre_topple_long,toe_P7_B,toe_E5_C,transformed,not_applicable,daily_first_difference,daily_first_difference,
17,3136,0.03084009268441342,toe_pre_topple_long,toe_P7_B,toe_E5_C,transformed,not_applicable,daily_first_difference,daily_first_difference,
18,3133,0.026222190243600348,toe_pre_topple_long,toe_P7_B,toe_E5_C,transformed,not_applicable,daily_first_difference,daily_first_difference,
19,3130,0.00364853455576304,toe_pre_topple_long,toe_P7_B,toe_E5_C,transformed,not_applicable,daily_first_difference,daily_first_difference,
20,3127,-0.0072954341538013796,toe_pre_topple_long,toe_P7_B,toe_E5_C,transformed,not_applicable,daily_first_difference,daily_first_difference,
21,3124,-0.00887841438683613,toe_pre_topple_long,toe_P7_B,toe_E5_C,transformed,not_applicable,daily_first_difference,daily_first_difference,
22,3121,-0.005017776236801311,toe_pre_topple_long,toe_P7_B,toe_E5_C,transformed,not_applicable,daily_first_difference,daily_first_difference,
23,3118,-0.010315616890349742,toe_pre_topple_long,toe_P7_B,toe_E5_C,transformed,not_applicable,daily_first_difference,daily_first_difference,
24,3116,0.007387446058341981,toe_pre_topple_long,toe_P7_B,toe_E5_C,transformed,not_applicable,daily_first_difference,daily_first_difference,
25,3114,0.027007759406786756,toe_pre_topple_long,toe_P7_B,toe_E5_C,transformed,not_applicable,daily_first_difference,daily_first_difference,
26,3111,0.030915373519865497,toe_pre_topple_long,toe_P7_B,toe_E5_C,transformed,not_applicable,daily_first_difference,daily_first_difference,
27,3108,0.010307882576931065,toe_pre_topple_long,toe_P7_B,toe_E5_C,transformed,not_applicable,daily_first_difference,daily_first_difference,
28,3105,0.029539127392644648,toe_pre_topple_long,toe_P7_B,toe_E5_C,transformed,not_applicable,daily_first_difference,daily_first_difference,
29,3103,0.037850315938971146,toe_pre_topple_long,toe_P7_B,toe_E5_C,transformed,not_applicable,daily_first_difference,daily_first_difference,
30,3101,0.05701187536941041,toe_pre_topple_long,toe_P7_B,toe_E5_C,transformed,not_applicable,daily_first_difference,daily_first_difference,
0,3184,-0.06814005143834878,toe_pre_topple_long,toe_P7_B,toe_E5_C,prewhitened,not_applicable,daily_first_difference,daily_first_difference,0.05626626591314699
1,3173,0.058054239688628405,toe_pre_topple_long,toe_P7_B,toe_E5_C,prewhitened,not_applicable,daily_first_difference,daily_first_difference,0.05626626591314699
2,3162,0.054444145394962166,toe_pre_topple_long,toe_P7_B,toe_E5_C,prewhitened,not_applicable,daily_first_difference,daily_first_difference,0.05626626591314699
3,3151,0.04075106921834029,toe_pre_topple_long,toe_P7_B,toe_E5_C,prewhitened,not_applicable,daily_first_difference,daily_first_difference,0.05626626591314699
4,3145,0.011472819228592288,toe_pre_topple_long,toe_P7_B,toe_E5_C,prewhitened,not_applicable,daily_first_difference,daily_first_difference,0.05626626591314699
5,3140,0.020040349100657738,toe_pre_topple_long,toe_P7_B,toe_E5_C,prewhitened,not_applicable,daily_first_difference,daily_first_difference,0.05626626591314699
6,3135,0.013497744568703087,toe_pre_topple_long,toe_P7_B,toe_E5_C,prewhitened,not_applicable,daily_first_difference,daily_first_difference,0.05626626591314699
7,3131,-0.024769521674690823,toe_pre_topple_long,toe_P7_B,toe_E5_C,prewhitened,not_applicable,daily_first_difference,daily_first_difference,0.05626626591314699
8,3127,-0.002848069373058695,toe_pre_topple_long,toe_P7_B,toe_E5_C,prewhitened,not_applicable,daily_first_difference,daily_first_difference,0.05626626591314699
9,3125,0.00885494171954174,toe_pre_topple_long,toe_P7_B,toe_E5_C,prewhitened,not_applicable,daily_first_difference,daily_first_difference,0.05626626591314699
10,3122,0.013768967367739587,toe_pre_topple_long,toe_P7_B,toe_E5_C,prewhitened,not_applicable,daily_first_difference,daily_first_difference,0.05626626591314699
11,3120,0.0092178975529114,toe_pre_topple_long,toe_P7_B,toe_E5_C,prewhitened,not_applicable,daily_first_difference,daily_first_difference,0.05626626591314699
12,3118,-0.011722537179940786,toe_pre_topple_long,toe_P7_B,toe_E5_C,prewhitened,not_applicable,daily_first_difference,daily_first_difference,0.05626626591314699
13,3116,-0.006799460723010756,toe_pre_topple_long,toe_P7_B,toe_E5_C,prewhitened,not_applicable,daily_first_difference,daily_first_difference,0.05626626591314699
14,3112,6.812736631105477e-05,toe_pre_topple_long,toe_P7_B,toe_E5_C,prewhitened,not_applicable,daily_first_difference,daily_first_difference,0.05626626591314699
15,3108,-0.01989502798224259,toe_pre_topple_long,toe_P7_B,toe_E5_C,prewhitened,not_applicable,daily_first_difference,daily_first_difference,0.05626626591314699
16,3104,0.005044744836515483,toe_pre_topple_long,toe_P7_B,toe_E5_C,prewhitened,not_applicable,daily_first_difference,daily_first_difference,0.05626626591314699
17,3101,0.03073055227236533,toe_pre_topple_long,toe_P7_B,toe_E5_C,prewhitened,not_applicable,daily_first_difference,daily_first_difference,0.05626626591314699
18,3098,0.0255230050899769,toe_pre_topple_long,toe_P7_B,toe_E5_C,prewhitened,not_applicable,daily_first_difference,daily_first_difference,0.05626626591314699
19,3095,0.002711651547038144,toe_pre_topple_long,toe_P7_B,toe_E5_C,prewhitened,not_applicable,daily_first_difference,daily_first_difference,0.05626626591314699
20,3092,-0.007579627883700455,toe_pre_topple_long,toe_P7_B,toe_E5_C,prewhitened,not_applicable,daily_first_difference,daily_first_difference,0.05626626591314699
21,3089,-0.008576216667359783,toe_pre_topple_long,toe_P7_B,toe_E5_C,prewhitened,not_applicable,daily_first_difference,daily_first_difference,0.05626626591314699
22,3086,-0.0037517033637284826,toe_pre_topple_long,toe_P7_B,toe_E5_C,prewhitened,not_applicable,daily_first_difference,daily_first_difference,0.05626626591314699
23,3083,-0.010599538394388553,toe_pre_topple_long,toe_P7_B,toe_E5_C,prewhitened,not_applicable,daily_first_difference,daily_first_difference,0.05626626591314699
24,3080,0.007097069250656969,toe_pre_topple_long,toe_P7_B,toe_E5_C,prewhitened,not_applicable,daily_first_difference,daily_first_difference,0.05626626591314699
25,3078,0.026100601476416876,toe_pre_topple_long,toe_P7_B,toe_E5_C,prewhitened,not_applicable,daily_first_difference,daily_first_difference,0.05626626591314699
26,3075,0.029215457994923685,toe_pre_topple_long,toe_P7_B,toe_E5_C,prewhitened,not_applicable,daily_first_difference,daily_first_difference,0.05626626591314699
27,3072,0.007178015528043165,toe_pre_topple_long,toe_P7_B,toe_E5_C,prewhitened,not_applicable,daily_first_difference,daily_first_difference,0.05626626591314699
28,3070,0.028405789657026018,toe_pre_topple_long,toe_P7_B,toe_E5_C,prewhitened,not_applicable,daily_first_difference,daily_first_difference,0.05626626591314699
29,3068,0.03446734855072774,toe_pre_topple_long,toe_P7_B,toe_E5_C,prewhitened,not_applicable,daily_first_difference,daily_first_difference,0.05626626591314699
30,3066,0.05472214764862419,toe_pre_topple_long,toe_P7_B,toe_E5_C,prewhitened,not_applicable,daily_first_difference,daily_first_difference,0.05626626591314699
0,3231,0.6610994881153087,toe_pre_topple_long,mid_R,toe_E5_C,naive_levels,published_cumulative,daily_cumulative_level,daily_level,
1,3226,0.6581581006942622,toe_pre_topple_long,mid_R,toe_E5_C,naive_levels,published_cumulative,daily_cumulative_level,daily_level,
2,3224,0.655807494896447,toe_pre_topple_long,mid_R,toe_E5_C,naive_levels,published_cumulative,daily_cumulative_level,daily_level,
3,3221,0.6534192568063631,toe_pre_topple_long,mid_R,toe_E5_C,naive_levels,published_cumulative,daily_cumulative_level,daily_level,
4,3217,0.6509689556654369,toe_pre_topple_long,mid_R,toe_E5_C,naive_levels,published_cumulative,daily_cumulative_level,daily_level,
5,3213,0.6484066504455973,toe_pre_topple_long,mid_R,toe_E5_C,naive_levels,published_cumulative,daily_cumulative_level,daily_level,
6,3209,0.6457652000797043,toe_pre_topple_long,mid_R,toe_E5_C,naive_levels,published_cumulative,daily_cumulative_level,daily_level,
7,3207,0.644046016770018,toe_pre_topple_long,mid_R,toe_E5_C,naive_levels,published_cumulative,daily_cumulative_level,daily_level,
8,3205,0.6422759987268356,toe_pre_topple_long,mid_R,toe_E5_C,naive_levels,published_cumulative,daily_cumulative_level,daily_level,
9,3203,0.640474266128818,toe_pre_topple_long,mid_R,toe_E5_C,naive_levels,published_cumulative,daily_cumulative_level,daily_level,
10,3201,0.6386547042511009,toe_pre_topple_long,mid_R,toe_E5_C,naive_levels,published_cumulative,daily_cumulative_level,daily_level,
11,3199,0.6367611556092286,toe_pre_topple_long,mid_R,toe_E5_C,naive_levels,published_cumulative,daily_cumulative_level,daily_level,
12,3197,0.6348595811446345,toe_pre_topple_long,mid_R,toe_E5_C,naive_levels,published_cumulative,daily_cumulative_level,daily_level,
13,3195,0.6328548274368678,toe_pre_topple_long,mid_R,toe_E5_C,naive_levels,published_cumulative,daily_cumulative_level,daily_level,
14,3193,0.6308071923357865,toe_pre_topple_long,mid_R,toe_E5_C,naive_levels,published_cumulative,daily_cumulative_level,daily_level,
15,3191,0.6287461963344193,toe_pre_topple_long,mid_R,toe_E5_C,naive_levels,published_cumulative,daily_cumulative_level,daily_level,
16,3189,0.6266328922677543,toe_pre_topple_long,mid_R,toe_E5_C,naive_levels,published_cumulative,daily_cumulative_level,daily_level,
17,3187,0.6244738170324584,toe_pre_topple_long,mid_R,toe_E5_C,naive_levels,published_cumulative,daily_cumulative_level,daily_level,
18,3185,0.6222897473668052,toe_pre_topple_long,mid_R,toe_E5_C,naive_levels,published_cumulative,daily_cumulative_level,daily_level,
19,3183,0.6200561561561566,toe_pre_topple_long,mid_R,toe_E5_C,naive_levels,published_cumulative,daily_cumulative_level,daily_level,
20,3181,0.6177663869915815,toe_pre_topple_long,mid_R,toe_E5_C,naive_levels,published_cumulative,daily_cumulative_level,daily_level,
21,3179,0.6154883263921229,toe_pre_topple_long,mid_R,toe_E5_C,naive_levels,published_cumulative,daily_cumulative_level,daily_level,
22,3177,0.6132286409401854,toe_pre_topple_long,mid_R,toe_E5_C,naive_levels,published_cumulative,daily_cumulative_level,daily_level,
23,3175,0.6109387582031826,toe_pre_topple_long,mid_R,toe_E5_C,naive_levels,published_cumulative,daily_cumulative_level,daily_level,
24,3173,0.608628891372993,toe_pre_topple_long,mid_R,toe_E5_C,naive_levels,published_cumulative,daily_cumulative_level,daily_level,
25,3171,0.6062893432561293,toe_pre_topple_long,mid_R,toe_E5_C,naive_levels,published_cumulative,daily_cumulative_level,daily_level,
26,3169,0.6038997050239798,toe_pre_topple_long,mid_R,toe_E5_C,naive_levels,published_cumulative,daily_cumulative_level,daily_level,
27,3167,0.6015307177921997,toe_pre_topple_long,mid_R,toe_E5_C,naive_levels,published_cumulative,daily_cumulative_level,daily_level,
28,3165,0.5991137546116776,toe_pre_topple_long,mid_R,toe_E5_C,naive_levels,published_cumulative,daily_cumulative_level,daily_level,
29,3163,0.5967005514971443,toe_pre_topple_long,mid_R,toe_E5_C,naive_levels,published_cumulative,daily_cumulative_level,daily_level,
30,3161,0.5942803455996113,toe_pre_topple_long,mid_R,toe_E5_C,naive_levels,published_cumulative,daily_cumulative_level,daily_level,
0,2907,0.03493032987734323,toe_pre_topple_long,mid_R,toe_E5_C,transformed,cumulative_daily_difference,daily_cumulative_difference,daily_first_difference,
1,2900,0.12842408387861554,toe_pre_topple_long,mid_R,toe_E5_C,transformed,cumulative_daily_difference,daily_cumulative_difference,daily_first_difference,
2,2897,0.1886959955409638,toe_pre_topple_long,mid_R,toe_E5_C,transformed,cumulative_daily_difference,daily_cumulative_difference,daily_first_difference,
3,2893,0.16947609866374883,toe_pre_topple_long,mid_R,toe_E5_C,transformed,cumulative_daily_difference,daily_cumulative_difference,daily_first_difference,
4,2888,0.18191044351973898,toe_pre_topple_long,mid_R,toe_E5_C,transformed,cumulative_daily_difference,daily_cumulative_difference,daily_first_difference,
5,2883,0.1702606329505122,toe_pre_topple_long,mid_R,toe_E5_C,transformed,cumulative_daily_difference,daily_cumulative_difference,daily_first_difference,
6,2878,0.1315355800588468,toe_pre_topple_long,mid_R,toe_E5_C,transformed,cumulative_daily_difference,daily_cumulative_difference,daily_first_difference,
7,2874,0.10638930686428003,toe_pre_topple_long,mid_R,toe_E5_C,transformed,cumulative_daily_difference,daily_cumulative_difference,daily_first_difference,
8,2872,0.10513491403833314,toe_pre_topple_long,mid_R,toe_E5_C,transformed,cumulative_daily_difference,daily_cumulative_difference,daily_first_difference,
9,2870,0.12065672446170445,toe_pre_topple_long,mid_R,toe_E5_C,transformed,cumulative_daily_difference,daily_cumulative_difference,daily_first_difference,
10,2868,0.11103468711896868,toe_pre_topple_long,mid_R,toe_E5_C,transformed,cumulative_daily_difference,daily_cumulative_difference,daily_first_difference,
11,2866,0.11294784757674028,toe_pre_topple_long,mid_R,toe_E5_C,transformed,cumulative_daily_difference,daily_cumulative_difference,daily_first_difference,
12,2864,0.09697349678315965,toe_pre_topple_long,mid_R,toe_E5_C,transformed,cumulative_daily_difference,daily_cumulative_difference,daily_first_difference,
13,2862,0.09118503243838347,toe_pre_topple_long,mid_R,toe_E5_C,transformed,cumulative_daily_difference,daily_cumulative_difference,daily_first_difference,
14,2860,0.08891202681213789,toe_pre_topple_long,mid_R,toe_E5_C,transformed,cumulative_daily_difference,daily_cumulative_difference,daily_first_difference,
15,2858,0.07106121316509588,toe_pre_topple_long,mid_R,toe_E5_C,transformed,cumulative_daily_difference,daily_cumulative_difference,daily_first_difference,
16,2856,0.059023392254407406,toe_pre_topple_long,mid_R,toe_E5_C,transformed,cumulative_daily_difference,daily_cumulative_difference,daily_first_difference,
17,2854,0.080489872545616,toe_pre_topple_long,mid_R,toe_E5_C,transformed,cumulative_daily_difference,daily_cumulative_difference,daily_first_difference,
18,2852,0.08635334383075902,toe_pre_topple_long,mid_R,toe_E5_C,transformed,cumulative_daily_difference,daily_cumulative_difference,daily_first_difference,
19,2850,0.07738401523778093,toe_pre_topple_long,mid_R,toe_E5_C,transformed,cumulative_daily_difference,daily_cumulative_difference,daily_first_difference,
20,2848,0.04633852213210643,toe_pre_topple_long,mid_R,toe_E5_C,transformed,cumulative_daily_difference,daily_cumulative_difference,daily_first_difference,
21,2846,0.049900746647690876,toe_pre_topple_long,mid_R,toe_E5_C,transformed,cumulative_daily_difference,daily_cumulative_difference,daily_first_difference,
22,2844,0.059209777927032886,toe_pre_topple_long,mid_R,toe_E5_C,transformed,cumulative_daily_difference,daily_cumulative_difference,daily_first_difference,
23,2841,0.03623811121021973,toe_pre_topple_long,mid_R,toe_E5_C,transformed,cumulative_daily_difference,daily_cumulative_difference,daily_first_difference,
24,2839,0.03961131304980968,toe_pre_topple_long,mid_R,toe_E5_C,transformed,cumulative_daily_difference,daily_cumulative_difference,daily_first_difference,
25,2837,0.04567487894682054,toe_pre_topple_long,mid_R,toe_E5_C,transformed,cumulative_daily_difference,daily_cumulative_difference,daily_first_difference,
26,2835,0.0533793582977728,toe_pre_topple_long,mid_R,toe_E5_C,transformed,cumulative_daily_difference,daily_cumulative_difference,daily_first_difference,
27,2833,0.03599556657419272,toe_pre_topple_long,mid_R,toe_E5_C,transformed,cumulative_daily_difference,daily_cumulative_difference,daily_first_difference,
28,2831,0.03607329948100805,toe_pre_topple_long,mid_R,toe_E5_C,transformed,cumulative_daily_difference,daily_cumulative_difference,daily_first_difference,
29,2829,0.06323230591095565,toe_pre_topple_long,mid_R,toe_E5_C,transformed,cumulative_daily_difference,daily_cumulative_difference,daily_first_difference,
30,2827,0.06724366499641188,toe_pre_topple_long,mid_R,toe_E5_C,transformed,cumulative_daily_difference,daily_cumulative_difference,daily_first_difference,
0,3157,0.028516081383406812,toe_pre_topple_long,mid_R,toe_E5_C,transformed,15_minute_interval_sum,daily_interval_sum,daily_first_difference,
1,3159,0.13003073603806153,toe_pre_topple_long,mid_R,toe_E5_C,transformed,15_minute_interval_sum,daily_interval_sum,daily_first_difference,
2,3155,0.19291029150882752,toe_pre_topple_long,mid_R,toe_E5_C,transformed,15_minute_interval_sum,daily_interval_sum,daily_first_difference,
3,3152,0.1701219464288422,toe_pre_topple_long,mid_R,toe_E5_C,transformed,15_minute_interval_sum,daily_interval_sum,daily_first_difference,
4,3146,0.18288311158610132,toe_pre_topple_long,mid_R,toe_E5_C,transformed,15_minute_interval_sum,daily_interval_sum,daily_first_difference,
5,3140,0.17239146902240113,toe_pre_topple_long,mid_R,toe_E5_C,transformed,15_minute_interval_sum,daily_interval_sum,daily_first_difference,
6,3135,0.13300249659643593,toe_pre_topple_long,mid_R,toe_E5_C,transformed,15_minute_interval_sum,daily_interval_sum,daily_first_difference,
7,3130,0.10792454129774988,toe_pre_topple_long,mid_R,toe_E5_C,transformed,15_minute_interval_sum,daily_interval_sum,daily_first_difference,
8,3126,0.10588940112713757,toe_pre_topple_long,mid_R,toe_E5_C,transformed,15_minute_interval_sum,daily_interval_sum,daily_first_difference,
9,3124,0.12170774145635871,toe_pre_topple_long,mid_R,toe_E5_C,transformed,15_minute_interval_sum,daily_interval_sum,daily_first_difference,
10,3122,0.10953524799525,toe_pre_topple_long,mid_R,toe_E5_C,transformed,15_minute_interval_sum,daily_interval_sum,daily_first_difference,
11,3121,0.11164250468227113,toe_pre_topple_long,mid_R,toe_E5_C,transformed,15_minute_interval_sum,daily_interval_sum,daily_first_difference,
12,3120,0.09522553464197897,toe_pre_topple_long,mid_R,toe_E5_C,transformed,15_minute_interval_sum,daily_interval_sum,daily_first_difference,
13,3118,0.08722492192156954,toe_pre_topple_long,mid_R,toe_E5_C,transformed,15_minute_interval_sum,daily_interval_sum,daily_first_difference,
14,3115,0.08931587047207819,toe_pre_topple_long,mid_R,toe_E5_C,transformed,15_minute_interval_sum,daily_interval_sum,daily_first_difference,
15,3113,0.07196285806538223,toe_pre_topple_long,mid_R,toe_E5_C,transformed,15_minute_interval_sum,daily_interval_sum,daily_first_difference,
16,3112,0.06070471482879413,toe_pre_topple_long,mid_R,toe_E5_C,transformed,15_minute_interval_sum,daily_interval_sum,daily_first_difference,
17,3110,0.08116422424844831,toe_pre_topple_long,mid_R,toe_E5_C,transformed,15_minute_interval_sum,daily_interval_sum,daily_first_difference,
18,3108,0.08767772546535874,toe_pre_topple_long,mid_R,toe_E5_C,transformed,15_minute_interval_sum,daily_interval_sum,daily_first_difference,
19,3107,0.08008005172981118,toe_pre_topple_long,mid_R,toe_E5_C,transformed,15_minute_interval_sum,daily_interval_sum,daily_first_difference,
20,3107,0.04895141228425434,toe_pre_topple_long,mid_R,toe_E5_C,transformed,15_minute_interval_sum,daily_interval_sum,daily_first_difference,
21,3105,0.050721764784486575,toe_pre_topple_long,mid_R,toe_E5_C,transformed,15_minute_interval_sum,daily_interval_sum,daily_first_difference,
22,3101,0.05961088479682868,toe_pre_topple_long,mid_R,toe_E5_C,transformed,15_minute_interval_sum,daily_interval_sum,daily_first_difference,
23,3099,0.0355966649876821,toe_pre_topple_long,mid_R,toe_E5_C,transformed,15_minute_interval_sum,daily_interval_sum,daily_first_difference,
24,3096,0.04145833951102204,toe_pre_topple_long,mid_R,toe_E5_C,transformed,15_minute_interval_sum,daily_interval_sum,daily_first_difference,
25,3095,0.047175138974325126,toe_pre_topple_long,mid_R,toe_E5_C,transformed,15_minute_interval_sum,daily_interval_sum,daily_first_difference,
26,3092,0.056046837356367285,toe_pre_topple_long,mid_R,toe_E5_C,transformed,15_minute_interval_sum,daily_interval_sum,daily_first_difference,
27,3090,0.03822438701233006,toe_pre_topple_long,mid_R,toe_E5_C,transformed,15_minute_interval_sum,daily_interval_sum,daily_first_difference,
28,3088,0.0387446283080132,toe_pre_topple_long,mid_R,toe_E5_C,transformed,15_minute_interval_sum,daily_interval_sum,daily_first_difference,
29,3086,0.06175179228547736,toe_pre_topple_long,mid_R,toe_E5_C,transformed,15_minute_interval_sum,daily_interval_sum,daily_first_difference,
30,3085,0.0666067226297045,toe_pre_topple_long,mid_R,toe_E5_C,transformed,15_minute_interval_sum,daily_interval_sum,daily_first_difference,
0,2880,-0.050743957505942634,toe_pre_topple_long,mid_R,toe_E5_C,prewhitened,cumulative_daily_difference,daily_cumulative_difference,daily_first_difference,0.37303090879141854
1,2873,0.0893311636529794,toe_pre_topple_long,mid_R,toe_E5_C,prewhitened,cumulative_daily_difference,daily_cumulative_difference,daily_first_difference,0.37303090879141854
2,2865,0.14798012930708612,toe_pre_topple_long,mid_R,toe_E5_C,prewhitened,cumulative_daily_difference,daily_cumulative_difference,daily_first_difference,0.37303090879141854
3,2860,0.0779133346790036,toe_pre_topple_long,mid_R,toe_E5_C,prewhitened,cumulative_daily_difference,daily_cumulative_difference,daily_first_difference,0.37303090879141854
4,2855,0.11389024858591908,toe_pre_topple_long,mid_R,toe_E5_C,prewhitened,cumulative_daily_difference,daily_cumulative_difference,daily_first_difference,0.37303090879141854
5,2850,0.11134930836294629,toe_pre_topple_long,mid_R,toe_E5_C,prewhitened,cumulative_daily_difference,daily_cumulative_difference,daily_first_difference,0.37303090879141854
6,2844,0.06679540309676632,toe_pre_topple_long,mid_R,toe_E5_C,prewhitened,cumulative_daily_difference,daily_cumulative_difference,daily_first_difference,0.37303090879141854
7,2839,0.04741608621541762,toe_pre_topple_long,mid_R,toe_E5_C,prewhitened,cumulative_daily_difference,daily_cumulative_difference,daily_first_difference,0.37303090879141854
8,2835,0.04911606868190582,toe_pre_topple_long,mid_R,toe_E5_C,prewhitened,cumulative_daily_difference,daily_cumulative_difference,daily_first_difference,0.37303090879141854
9,2833,0.08103126479601086,toe_pre_topple_long,mid_R,toe_E5_C,prewhitened,cumulative_daily_difference,daily_cumulative_difference,daily_first_difference,0.37303090879141854
10,2831,0.054553102401762775,toe_pre_topple_long,mid_R,toe_E5_C,prewhitened,cumulative_daily_difference,daily_cumulative_difference,daily_first_difference,0.37303090879141854
11,2829,0.07456049524284407,toe_pre_topple_long,mid_R,toe_E5_C,prewhitened,cumulative_daily_difference,daily_cumulative_difference,daily_first_difference,0.37303090879141854
12,2827,0.04938117765622523,toe_pre_topple_long,mid_R,toe_E5_C,prewhitened,cumulative_daily_difference,daily_cumulative_difference,daily_first_difference,0.37303090879141854
13,2825,0.05049205438338388,toe_pre_topple_long,mid_R,toe_E5_C,prewhitened,cumulative_daily_difference,daily_cumulative_difference,daily_first_difference,0.37303090879141854
14,2823,0.05810159591597652,toe_pre_topple_long,mid_R,toe_E5_C,prewhitened,cumulative_daily_difference,daily_cumulative_difference,daily_first_difference,0.37303090879141854
15,2821,0.03579356857282817,toe_pre_topple_long,mid_R,toe_E5_C,prewhitened,cumulative_daily_difference,daily_cumulative_difference,daily_first_difference,0.37303090879141854
16,2819,0.01551284079030757,toe_pre_topple_long,mid_R,toe_E5_C,prewhitened,cumulative_daily_difference,daily_cumulative_difference,daily_first_difference,0.37303090879141854
17,2817,0.05288920146388107,toe_pre_topple_long,mid_R,toe_E5_C,prewhitened,cumulative_daily_difference,daily_cumulative_difference,daily_first_difference,0.37303090879141854
18,2815,0.05604618855239544,toe_pre_topple_long,mid_R,toe_E5_C,prewhitened,cumulative_daily_difference,daily_cumulative_difference,daily_first_difference,0.37303090879141854
19,2813,0.055423877036484506,toe_pre_topple_long,mid_R,toe_E5_C,prewhitened,cumulative_daily_difference,daily_cumulative_difference,daily_first_difference,0.37303090879141854
20,2811,0.0069835633619073564,toe_pre_topple_long,mid_R,toe_E5_C,prewhitened,cumulative_daily_difference,daily_cumulative_difference,daily_first_difference,0.37303090879141854
21,2809,0.02437630164354366,toe_pre_topple_long,mid_R,toe_E5_C,prewhitened,cumulative_daily_difference,daily_cumulative_difference,daily_first_difference,0.37303090879141854
22,2807,0.05075526800533833,toe_pre_topple_long,mid_R,toe_E5_C,prewhitened,cumulative_daily_difference,daily_cumulative_difference,daily_first_difference,0.37303090879141854
23,2804,0.006944794427012668,toe_pre_topple_long,mid_R,toe_E5_C,prewhitened,cumulative_daily_difference,daily_cumulative_difference,daily_first_difference,0.37303090879141854
24,2801,0.020142375665441387,toe_pre_topple_long,mid_R,toe_E5_C,prewhitened,cumulative_daily_difference,daily_cumulative_difference,daily_first_difference,0.37303090879141854
25,2799,0.026473926389300857,toe_pre_topple_long,mid_R,toe_E5_C,prewhitened,cumulative_daily_difference,daily_cumulative_difference,daily_first_difference,0.37303090879141854
26,2797,0.04271177404070089,toe_pre_topple_long,mid_R,toe_E5_C,prewhitened,cumulative_daily_difference,daily_cumulative_difference,daily_first_difference,0.37303090879141854
27,2795,0.009333598448268952,toe_pre_topple_long,mid_R,toe_E5_C,prewhitened,cumulative_daily_difference,daily_cumulative_difference,daily_first_difference,0.37303090879141854
28,2793,0.007817682380648588,toe_pre_topple_long,mid_R,toe_E5_C,prewhitened,cumulative_daily_difference,daily_cumulative_difference,daily_first_difference,0.37303090879141854
29,2791,0.04508183666176131,toe_pre_topple_long,mid_R,toe_E5_C,prewhitened,cumulative_daily_difference,daily_cumulative_difference,daily_first_difference,0.37303090879141854
30,2789,0.04310836054228039,toe_pre_topple_long,mid_R,toe_E5_C,prewhitened,cumulative_daily_difference,daily_cumulative_difference,daily_first_difference,0.37303090879141854
0,3106,-0.05744926818170743,toe_pre_topple_long,mid_R,toe_E5_C,prewhitened,15_minute_interval_sum,daily_interval_sum,daily_first_difference,0.37014556968975326
1,3109,0.0934732649940593,toe_pre_topple_long,mid_R,toe_E5_C,prewhitened,15_minute_interval_sum,daily_interval_sum,daily_first_difference,0.37014556968975326
2,3105,0.15504660923058242,toe_pre_topple_long,mid_R,toe_E5_C,prewhitened,15_minute_interval_sum,daily_interval_sum,daily_first_difference,0.37014556968975326
3,3101,0.07589721322604272,toe_pre_topple_long,mid_R,toe_E5_C,prewhitened,15_minute_interval_sum,daily_interval_sum,daily_first_difference,0.37014556968975326
4,3093,0.11593378651462473,toe_pre_topple_long,mid_R,toe_E5_C,prewhitened,15_minute_interval_sum,daily_interval_sum,daily_first_difference,0.37014556968975326
5,3087,0.11383744103608597,toe_pre_topple_long,mid_R,toe_E5_C,prewhitened,15_minute_interval_sum,daily_interval_sum,daily_first_difference,0.37014556968975326
6,3081,0.068368508821714,toe_pre_topple_long,mid_R,toe_E5_C,prewhitened,15_minute_interval_sum,daily_interval_sum,daily_first_difference,0.37014556968975326
7,3075,0.04954177570985191,toe_pre_topple_long,mid_R,toe_E5_C,prewhitened,15_minute_interval_sum,daily_interval_sum,daily_first_difference,0.37014556968975326
8,3070,0.05026873775822836,toe_pre_topple_long,mid_R,toe_E5_C,prewhitened,15_minute_interval_sum,daily_interval_sum,daily_first_difference,0.37014556968975326
9,3066,0.08279846177089853,toe_pre_topple_long,mid_R,toe_E5_C,prewhitened,15_minute_interval_sum,daily_interval_sum,daily_first_difference,0.37014556968975326
10,3065,0.05406286696069323,toe_pre_topple_long,mid_R,toe_E5_C,prewhitened,15_minute_interval_sum,daily_interval_sum,daily_first_difference,0.37014556968975326
11,3065,0.07476405958298514,toe_pre_topple_long,mid_R,toe_E5_C,prewhitened,15_minute_interval_sum,daily_interval_sum,daily_first_difference,0.37014556968975326
12,3064,0.04916293491856736,toe_pre_topple_long,mid_R,toe_E5_C,prewhitened,15_minute_interval_sum,daily_interval_sum,daily_first_difference,0.37014556968975326
13,3062,0.04570931315864372,toe_pre_topple_long,mid_R,toe_E5_C,prewhitened,15_minute_interval_sum,daily_interval_sum,daily_first_difference,0.37014556968975326
14,3059,0.06010329511928635,toe_pre_topple_long,mid_R,toe_E5_C,prewhitened,15_minute_interval_sum,daily_interval_sum,daily_first_difference,0.37014556968975326
15,3057,0.03943534630149481,toe_pre_topple_long,mid_R,toe_E5_C,prewhitened,15_minute_interval_sum,daily_interval_sum,daily_first_difference,0.37014556968975326
16,3055,0.0174602853071286,toe_pre_topple_long,mid_R,toe_E5_C,prewhitened,15_minute_interval_sum,daily_interval_sum,daily_first_difference,0.37014556968975326
17,3053,0.05301180532310888,toe_pre_topple_long,mid_R,toe_E5_C,prewhitened,15_minute_interval_sum,daily_interval_sum,daily_first_difference,0.37014556968975326
18,3052,0.05786987864785749,toe_pre_topple_long,mid_R,toe_E5_C,prewhitened,15_minute_interval_sum,daily_interval_sum,daily_first_difference,0.37014556968975326
19,3052,0.05881352638536576,toe_pre_topple_long,mid_R,toe_E5_C,prewhitened,15_minute_interval_sum,daily_interval_sum,daily_first_difference,0.37014556968975326
20,3053,0.008348950743565583,toe_pre_topple_long,mid_R,toe_E5_C,prewhitened,15_minute_interval_sum,daily_interval_sum,daily_first_difference,0.37014556968975326
21,3051,0.02553376400894776,toe_pre_topple_long,mid_R,toe_E5_C,prewhitened,15_minute_interval_sum,daily_interval_sum,daily_first_difference,0.37014556968975326
22,3047,0.05176252178509378,toe_pre_topple_long,mid_R,toe_E5_C,prewhitened,15_minute_interval_sum,daily_interval_sum,daily_first_difference,0.37014556968975326
23,3043,0.0035477267252996504,toe_pre_topple_long,mid_R,toe_E5_C,prewhitened,15_minute_interval_sum,daily_interval_sum,daily_first_difference,0.37014556968975326
24,3041,0.024101261053911197,toe_pre_topple_long,mid_R,toe_E5_C,prewhitened,15_minute_interval_sum,daily_interval_sum,daily_first_difference,0.37014556968975326
25,3039,0.02759479577453565,toe_pre_topple_long,mid_R,toe_E5_C,prewhitened,15_minute_interval_sum,daily_interval_sum,daily_first_difference,0.37014556968975326
26,3036,0.04458460230890611,toe_pre_topple_long,mid_R,toe_E5_C,prewhitened,15_minute_interval_sum,daily_interval_sum,daily_first_difference,0.37014556968975326
27,3033,0.011407886762076245,toe_pre_topple_long,mid_R,toe_E5_C,prewhitened,15_minute_interval_sum,daily_interval_sum,daily_first_difference,0.37014556968975326
28,3031,0.010626572791897075,toe_pre_topple_long,mid_R,toe_E5_C,prewhitened,15_minute_interval_sum,daily_interval_sum,daily_first_difference,0.37014556968975326
29,3030,0.041910031483500754,toe_pre_topple_long,mid_R,toe_E5_C,prewhitened,15_minute_interval_sum,daily_interval_sum,daily_first_difference,0.37014556968975326
30,3029,0.04274037287841182,toe_pre_topple_long,mid_R,toe_E5_C,prewhitened,15_minute_interval_sum,daily_interval_sum,daily_first_difference,0.37014556968975326
0,372,0.038074237072593525,toe_pre_topple_post_rain_resume,mid_R,toe_M1_A,naive_levels,published_cumulative,daily_cumulative_level,daily_level,
1,371,0.01602151671571613,toe_pre_topple_post_rain_resume,mid_R,toe_M1_A,naive_levels,published_cumulative,daily_cumulative_level,daily_level,
2,370,-0.005928789234996294,toe_pre_topple_post_rain_resume,mid_R,toe_M1_A,naive_levels,published_cumulative,daily_cumulative_level,daily_level,
3,369,-0.027505497173327547,toe_pre_topple_post_rain_resume,mid_R,toe_M1_A,naive_levels,published_cumulative,daily_cumulative_level,daily_level,
4,368,-0.049186984824853404,toe_pre_topple_post_rain_resume,mid_R,toe_M1_A,naive_levels,published_cumulative,daily_cumulative_level,daily_level,
5,367,-0.07082801632112258,toe_pre_topple_post_rain_resume,mid_R,toe_M1_A,naive_levels,published_cumulative,daily_cumulative_level,daily_level,
6,366,-0.0926825077273236,toe_pre_topple_post_rain_resume,mid_R,toe_M1_A,naive_levels,published_cumulative,daily_cumulative_level,daily_level,
7,365,-0.11475223342562632,toe_pre_topple_post_rain_resume,mid_R,toe_M1_A,naive_levels,published_cumulative,daily_cumulative_level,daily_level,
8,364,-0.13719887212379,toe_pre_topple_post_rain_resume,mid_R,toe_M1_A,naive_levels,published_cumulative,daily_cumulative_level,daily_level,
9,363,-0.16014349227765665,toe_pre_topple_post_rain_resume,mid_R,toe_M1_A,naive_levels,published_cumulative,daily_cumulative_level,daily_level,
10,362,-0.1836130816600323,toe_pre_topple_post_rain_resume,mid_R,toe_M1_A,naive_levels,published_cumulative,daily_cumulative_level,daily_level,
11,361,-0.20754528982599496,toe_pre_topple_post_rain_resume,mid_R,toe_M1_A,naive_levels,published_cumulative,daily_cumulative_level,daily_level,
12,360,-0.23188189942638116,toe_pre_topple_post_rain_resume,mid_R,toe_M1_A,naive_levels,published_cumulative,daily_cumulative_level,daily_level,
13,359,-0.2573428812324511,toe_pre_topple_post_rain_resume,mid_R,toe_M1_A,naive_levels,published_cumulative,daily_cumulative_level,daily_level,
14,358,-0.28378563081585073,toe_pre_topple_post_rain_resume,mid_R,toe_M1_A,naive_levels,published_cumulative,daily_cumulative_level,daily_level,
15,357,-0.2969513475091427,toe_pre_topple_post_rain_resume,mid_R,toe_M1_A,naive_levels,published_cumulative,daily_cumulative_level,daily_level,
16,356,-0.3026178362965672,toe_pre_topple_post_rain_resume,mid_R,toe_M1_A,naive_levels,published_cumulative,daily_cumulative_level,daily_level,
17,355,-0.31166793798140846,toe_pre_topple_post_rain_resume,mid_R,toe_M1_A,naive_levels,published_cumulative,daily_cumulative_level,daily_level,
18,354,-0.32254465778637553,toe_pre_topple_post_rain_resume,mid_R,toe_M1_A,naive_levels,published_cumulative,daily_cumulative_level,daily_level,
19,353,-0.33424547251243075,toe_pre_topple_post_rain_resume,mid_R,toe_M1_A,naive_levels,published_cumulative,daily_cumulative_level,daily_level,
20,352,-0.34690261182547594,toe_pre_topple_post_rain_resume,mid_R,toe_M1_A,naive_levels,published_cumulative,daily_cumulative_level,daily_level,
21,351,-0.36058532270525706,toe_pre_topple_post_rain_resume,mid_R,toe_M1_A,naive_levels,published_cumulative,daily_cumulative_level,daily_level,
22,350,-0.37306950519983845,toe_pre_topple_post_rain_resume,mid_R,toe_M1_A,naive_levels,published_cumulative,daily_cumulative_level,daily_level,
23,349,-0.38558448639574233,toe_pre_topple_post_rain_resume,mid_R,toe_M1_A,naive_levels,published_cumulative,daily_cumulative_level,daily_level,
24,348,-0.3985151800820838,toe_pre_topple_post_rain_resume,mid_R,toe_M1_A,naive_levels,published_cumulative,daily_cumulative_level,daily_level,
25,347,-0.41095195681871033,toe_pre_topple_post_rain_resume,mid_R,toe_M1_A,naive_levels,published_cumulative,daily_cumulative_level,daily_level,
26,346,-0.4241804666009807,toe_pre_topple_post_rain_resume,mid_R,toe_M1_A,naive_levels,published_cumulative,daily_cumulative_level,daily_level,
27,345,-0.43701730871881084,toe_pre_topple_post_rain_resume,mid_R,toe_M1_A,naive_levels,published_cumulative,daily_cumulative_level,daily_level,
28,344,-0.4431665257007328,toe_pre_topple_post_rain_resume,mid_R,toe_M1_A,naive_levels,published_cumulative,daily_cumulative_level,daily_level,
29,343,-0.45229152711069853,toe_pre_topple_post_rain_resume,mid_R,toe_M1_A,naive_levels,published_cumulative,daily_cumulative_level,daily_level,
30,342,-0.4588462096908813,toe_pre_topple_post_rain_resume,mid_R,toe_M1_A,naive_levels,published_cumulative,daily_cumulative_level,daily_level,
0,369,0.5175538276300813,toe_pre_topple_post_rain_resume,mid_R,toe_M1_A,transformed,cumulative_daily_difference,daily_cumulative_difference,daily_first_difference,
1,368,0.09859077491173371,toe_pre_topple_post_rain_resume,mid_R,toe_M1_A,transformed,cumulative_daily_difference,daily_cumulative_difference,daily_first_difference,
2,367,-0.1471974757112996,toe_pre_topple_post_rain_resume,mid_R,toe_M1_A,transformed,cumulative_daily_difference,daily_cumulative_difference,daily_first_difference,
3,366,-0.09276660625022859,toe_pre_topple_post_rain_resume,mid_R,toe_M1_A,transformed,cumulative_daily_difference,daily_cumulative_difference,daily_first_difference,
4,365,-0.07826512338396185,toe_pre_topple_post_rain_resume,mid_R,toe_M1_A,transformed,cumulative_daily_difference,daily_cumulative_difference,daily_first_difference,
5,364,-0.0920478898413198,toe_pre_topple_post_rain_resume,mid_R,toe_M1_A,transformed,cumulative_daily_difference,daily_cumulative_difference,daily_first_difference,
6,363,-0.04829007955486017,toe_pre_topple_post_rain_resume,mid_R,toe_M1_A,transformed,cumulative_daily_difference,daily_cumulative_difference,daily_first_difference,
7,362,-0.02628468447475419,toe_pre_topple_post_rain_resume,mid_R,toe_M1_A,transformed,cumulative_daily_difference,daily_cumulative_difference,daily_first_difference,
8,361,-0.025552242078733325,toe_pre_topple_post_rain_resume,mid_R,toe_M1_A,transformed,cumulative_daily_difference,daily_cumulative_difference,daily_first_difference,
9,360,-0.022415958137831888,toe_pre_topple_post_rain_resume,mid_R,toe_M1_A,transformed,cumulative_daily_difference,daily_cumulative_difference,daily_first_difference,
10,359,-0.02650349141056214,toe_pre_topple_post_rain_resume,mid_R,toe_M1_A,transformed,cumulative_daily_difference,daily_cumulative_difference,daily_first_difference,
11,358,-0.012709106324170324,toe_pre_topple_post_rain_resume,mid_R,toe_M1_A,transformed,cumulative_daily_difference,daily_cumulative_difference,daily_first_difference,
12,357,0.07095076545701874,toe_pre_topple_post_rain_resume,mid_R,toe_M1_A,transformed,cumulative_daily_difference,daily_cumulative_difference,daily_first_difference,
13,356,0.015625511545697,toe_pre_topple_post_rain_resume,mid_R,toe_M1_A,transformed,cumulative_daily_difference,daily_cumulative_difference,daily_first_difference,
14,355,0.05459849085951037,toe_pre_topple_post_rain_resume,mid_R,toe_M1_A,transformed,cumulative_daily_difference,daily_cumulative_difference,daily_first_difference,
15,354,-0.001907018910196445,toe_pre_topple_post_rain_resume,mid_R,toe_M1_A,transformed,cumulative_daily_difference,daily_cumulative_difference,daily_first_difference,
16,353,0.02370479112566745,toe_pre_topple_post_rain_resume,mid_R,toe_M1_A,transformed,cumulative_daily_difference,daily_cumulative_difference,daily_first_difference,
17,352,-0.023928590737736122,toe_pre_topple_post_rain_resume,mid_R,toe_M1_A,transformed,cumulative_daily_difference,daily_cumulative_difference,daily_first_difference,
18,351,-0.05321355397516576,toe_pre_topple_post_rain_resume,mid_R,toe_M1_A,transformed,cumulative_daily_difference,daily_cumulative_difference,daily_first_difference,
19,350,-0.004475824142692261,toe_pre_topple_post_rain_resume,mid_R,toe_M1_A,transformed,cumulative_daily_difference,daily_cumulative_difference,daily_first_difference,
20,349,0.027930934783686214,toe_pre_topple_post_rain_resume,mid_R,toe_M1_A,transformed,cumulative_daily_difference,daily_cumulative_difference,daily_first_difference,
21,348,-0.05542867983203175,toe_pre_topple_post_rain_resume,mid_R,toe_M1_A,transformed,cumulative_daily_difference,daily_cumulative_difference,daily_first_difference,
22,347,-0.08074989956191814,toe_pre_topple_post_rain_resume,mid_R,toe_M1_A,transformed,cumulative_daily_difference,daily_cumulative_difference,daily_first_difference,
23,346,0.005836285140185238,toe_pre_topple_post_rain_resume,mid_R,toe_M1_A,transformed,cumulative_daily_difference,daily_cumulative_difference,daily_first_difference,
24,345,0.02044180207092718,toe_pre_topple_post_rain_resume,mid_R,toe_M1_A,transformed,cumulative_daily_difference,daily_cumulative_difference,daily_first_difference,
25,344,0.04256771446648459,toe_pre_topple_post_rain_resume,mid_R,toe_M1_A,transformed,cumulative_daily_difference,daily_cumulative_difference,daily_first_difference,
26,343,-0.0216040227055665,toe_pre_topple_post_rain_resume,mid_R,toe_M1_A,transformed,cumulative_daily_difference,daily_cumulative_difference,daily_first_difference,
27,342,0.03336260857741589,toe_pre_topple_post_rain_resume,mid_R,toe_M1_A,transformed,cumulative_daily_difference,daily_cumulative_difference,daily_first_difference,
28,341,-0.012269528754465827,toe_pre_topple_post_rain_resume,mid_R,toe_M1_A,transformed,cumulative_daily_difference,daily_cumulative_difference,daily_first_difference,
29,340,-0.0012332846729687333,toe_pre_topple_post_rain_resume,mid_R,toe_M1_A,transformed,cumulative_daily_difference,daily_cumulative_difference,daily_first_difference,
30,339,-0.020084701376836826,toe_pre_topple_post_rain_resume,mid_R,toe_M1_A,transformed,cumulative_daily_difference,daily_cumulative_difference,daily_first_difference,
0,369,0.47473628650914484,toe_pre_topple_post_rain_resume,mid_R,toe_M1_A,transformed,15_minute_interval_sum,daily_interval_sum,daily_first_difference,
1,368,0.13224262930727396,toe_pre_topple_post_rain_resume,mid_R,toe_M1_A,transformed,15_minute_interval_sum,daily_interval_sum,daily_first_difference,
2,367,-0.13646320404612677,toe_pre_topple_post_rain_resume,mid_R,toe_M1_A,transformed,15_minute_interval_sum,daily_interval_sum,daily_first_difference,
3,366,-0.08755718564782332,toe_pre_topple_post_rain_resume,mid_R,toe_M1_A,transformed,15_minute_interval_sum,daily_interval_sum,daily_first_difference,
4,365,-0.07550462650972915,toe_pre_topple_post_rain_resume,mid_R,toe_M1_A,transformed,15_minute_interval_sum,daily_interval_sum,daily_first_difference,
5,364,-0.09103984773070385,toe_pre_topple_post_rain_resume,mid_R,toe_M1_A,transformed,15_minute_interval_sum,daily_interval_sum,daily_first_difference,
6,363,-0.04642351316330878,toe_pre_topple_post_rain_resume,mid_R,toe_M1_A,transformed,15_minute_interval_sum,daily_interval_sum,daily_first_difference,
7,362,-0.023983470191746573,toe_pre_topple_post_rain_resume,mid_R,toe_M1_A,transformed,15_minute_interval_sum,daily_interval_sum,daily_first_difference,
8,361,-0.02261086004470105,toe_pre_topple_post_rain_resume,mid_R,toe_M1_A,transformed,15_minute_interval_sum,daily_interval_sum,daily_first_difference,
9,360,-0.020924565540631743,toe_pre_topple_post_rain_resume,mid_R,toe_M1_A,transformed,15_minute_interval_sum,daily_interval_sum,daily_first_difference,
10,359,-0.0264626320641731,toe_pre_topple_post_rain_resume,mid_R,toe_M1_A,transformed,15_minute_interval_sum,daily_interval_sum,daily_first_difference,
11,358,-0.01911599259293685,toe_pre_topple_post_rain_resume,mid_R,toe_M1_A,transformed,15_minute_interval_sum,daily_interval_sum,daily_first_difference,
12,357,0.0045925173414785424,toe_pre_topple_post_rain_resume,mid_R,toe_M1_A,transformed,15_minute_interval_sum,daily_interval_sum,daily_first_difference,
13,356,0.04456903214257394,toe_pre_topple_post_rain_resume,mid_R,toe_M1_A,transformed,15_minute_interval_sum,daily_interval_sum,daily_first_difference,
14,355,0.009002675080329895,toe_pre_topple_post_rain_resume,mid_R,toe_M1_A,transformed,15_minute_interval_sum,daily_interval_sum,daily_first_difference,
15,354,0.01420335230509114,toe_pre_topple_post_rain_resume,mid_R,toe_M1_A,transformed,15_minute_interval_sum,daily_interval_sum,daily_first_difference,
16,353,0.02494632491769284,toe_pre_topple_post_rain_resume,mid_R,toe_M1_A,transformed,15_minute_interval_sum,daily_interval_sum,daily_first_difference,
17,352,-0.012213829316386182,toe_pre_topple_post_rain_resume,mid_R,toe_M1_A,transformed,15_minute_interval_sum,daily_interval_sum,daily_first_difference,
18,351,-0.04747495628868914,toe_pre_topple_post_rain_resume,mid_R,toe_M1_A,transformed,15_minute_interval_sum,daily_interval_sum,daily_first_difference,
19,350,0.0007667886563856717,toe_pre_topple_post_rain_resume,mid_R,toe_M1_A,transformed,15_minute_interval_sum,daily_interval_sum,daily_first_difference,
20,349,0.033282350159095205,toe_pre_topple_post_rain_resume,mid_R,toe_M1_A,transformed,15_minute_interval_sum,daily_interval_sum,daily_first_difference,
21,348,-0.05479117050447768,toe_pre_topple_post_rain_resume,mid_R,toe_M1_A,transformed,15_minute_interval_sum,daily_interval_sum,daily_first_difference,
22,347,-0.08104027653055099,toe_pre_topple_post_rain_resume,mid_R,toe_M1_A,transformed,15_minute_interval_sum,daily_interval_sum,daily_first_difference,
23,346,0.008534274010147318,toe_pre_topple_post_rain_resume,mid_R,toe_M1_A,transformed,15_minute_interval_sum,daily_interval_sum,daily_first_difference,
24,345,0.024200712479507964,toe_pre_topple_post_rain_resume,mid_R,toe_M1_A,transformed,15_minute_interval_sum,daily_interval_sum,daily_first_difference,
25,344,0.04682953206445659,toe_pre_topple_post_rain_resume,mid_R,toe_M1_A,transformed,15_minute_interval_sum,daily_interval_sum,daily_first_difference,
26,343,-0.01930415011082268,toe_pre_topple_post_rain_resume,mid_R,toe_M1_A,transformed,15_minute_interval_sum,daily_interval_sum,daily_first_difference,
27,342,0.031143451732267492,toe_pre_topple_post_rain_resume,mid_R,toe_M1_A,transformed,15_minute_interval_sum,daily_interval_sum,daily_first_difference,
28,341,-0.007675228740190869,toe_pre_topple_post_rain_resume,mid_R,toe_M1_A,transformed,15_minute_interval_sum,daily_interval_sum,daily_first_difference,
29,340,-0.0012583553039470167,toe_pre_topple_post_rain_resume,mid_R,toe_M1_A,transformed,15_minute_interval_sum,daily_interval_sum,daily_first_difference,
30,339,-0.01679095617372055,toe_pre_topple_post_rain_resume,mid_R,toe_M1_A,transformed,15_minute_interval_sum,daily_interval_sum,daily_first_difference,
0,366,0.5193938876786282,toe_pre_topple_post_rain_resume,mid_R,toe_M1_A,prewhitened,cumulative_daily_difference,daily_cumulative_difference,daily_first_difference,0.45593605303459955
1,365,-0.04493198948238197,toe_pre_topple_post_rain_resume,mid_R,toe_M1_A,prewhitened,cumulative_daily_difference,daily_cumulative_difference,daily_first_difference,0.45593605303459955
2,364,-0.1965462403391303,toe_pre_topple_post_rain_resume,mid_R,toe_M1_A,prewhitened,cumulative_daily_difference,daily_cumulative_difference,daily_first_difference,0.45593605303459955
3,363,-0.012641611396165956,toe_pre_topple_post_rain_resume,mid_R,toe_M1_A,prewhitened,cumulative_daily_difference,daily_cumulative_difference,daily_first_difference,0.45593605303459955
4,362,-0.00620390915647357,toe_pre_topple_post_rain_resume,mid_R,toe_M1_A,prewhitened,cumulative_daily_difference,daily_cumulative_difference,daily_first_difference,0.45593605303459955
5,361,-0.06310042728676953,toe_pre_topple_post_rain_resume,mid_R,toe_M1_A,prewhitened,cumulative_daily_difference,daily_cumulative_difference,daily_first_difference,0.45593605303459955
6,360,-0.0023928387965522152,toe_pre_topple_post_rain_resume,mid_R,toe_M1_A,prewhitened,cumulative_daily_difference,daily_cumulative_difference,daily_first_difference,0.45593605303459955
7,359,0.002786884638522555,toe_pre_topple_post_rain_resume,mid_R,toe_M1_A,prewhitened,cumulative_daily_difference,daily_cumulative_difference,daily_first_difference,0.45593605303459955
8,358,-0.009966605897290228,toe_pre_topple_post_rain_resume,mid_R,toe_M1_A,prewhitened,cumulative_daily_difference,daily_cumulative_difference,daily_first_difference,0.45593605303459955
9,357,-0.003910939203233977,toe_pre_topple_post_rain_resume,mid_R,toe_M1_A,prewhitened,cumulative_daily_difference,daily_cumulative_difference,daily_first_difference,0.45593605303459955
10,356,-0.017831079551910854,toe_pre_topple_post_rain_resume,mid_R,toe_M1_A,prewhitened,cumulative_daily_difference,daily_cumulative_difference,daily_first_difference,0.45593605303459955
11,355,-0.04004347241693746,toe_pre_topple_post_rain_resume,mid_R,toe_M1_A,prewhitened,cumulative_daily_difference,daily_cumulative_difference,daily_first_difference,0.45593605303459955
12,354,0.0968434377440808,toe_pre_topple_post_rain_resume,mid_R,toe_M1_A,prewhitened,cumulative_daily_difference,daily_cumulative_difference,daily_first_difference,0.45593605303459955
13,353,-0.0509036064900886,toe_pre_topple_post_rain_resume,mid_R,toe_M1_A,prewhitened,cumulative_daily_difference,daily_cumulative_difference,daily_first_difference,0.45593605303459955
14,352,0.05767605545338754,toe_pre_topple_post_rain_resume,mid_R,toe_M1_A,prewhitened,cumulative_daily_difference,daily_cumulative_difference,daily_first_difference,0.45593605303459955
15,351,-0.03842517885862806,toe_pre_topple_post_rain_resume,mid_R,toe_M1_A,prewhitened,cumulative_daily_difference,daily_cumulative_difference,daily_first_difference,0.45593605303459955
16,350,0.05023958137679542,toe_pre_topple_post_rain_resume,mid_R,toe_M1_A,prewhitened,cumulative_daily_difference,daily_cumulative_difference,daily_first_difference,0.45593605303459955
17,349,-0.017747638252509797,toe_pre_topple_post_rain_resume,mid_R,toe_M1_A,prewhitened,cumulative_daily_difference,daily_cumulative_difference,daily_first_difference,0.45593605303459955
18,348,-0.05819947045917718,toe_pre_topple_post_rain_resume,mid_R,toe_M1_A,prewhitened,cumulative_daily_difference,daily_cumulative_difference,daily_first_difference,0.45593605303459955
19,347,0.006309375238169204,toe_pre_topple_post_rain_resume,mid_R,toe_M1_A,prewhitened,cumulative_daily_difference,daily_cumulative_difference,daily_first_difference,0.45593605303459955
20,346,0.02838096158652715,toe_pre_topple_post_rain_resume,mid_R,toe_M1_A,prewhitened,cumulative_daily_difference,daily_cumulative_difference,daily_first_difference,0.45593605303459955
21,345,-0.032686485610088,toe_pre_topple_post_rain_resume,mid_R,toe_M1_A,prewhitened,cumulative_daily_difference,daily_cumulative_difference,daily_first_difference,0.45593605303459955
22,344,-0.06733816377509444,toe_pre_topple_post_rain_resume,mid_R,toe_M1_A,prewhitened,cumulative_daily_difference,daily_cumulative_difference,daily_first_difference,0.45593605303459955
23,343,0.03589531950435643,toe_pre_topple_post_rain_resume,mid_R,toe_M1_A,prewhitened,cumulative_daily_difference,daily_cumulative_difference,daily_first_difference,0.45593605303459955
24,342,0.008948247532218154,toe_pre_topple_post_rain_resume,mid_R,toe_M1_A,prewhitened,cumulative_daily_difference,daily_cumulative_difference,daily_first_difference,0.45593605303459955
25,341,0.06825763875096047,toe_pre_topple_post_rain_resume,mid_R,toe_M1_A,prewhitened,cumulative_daily_difference,daily_cumulative_difference,daily_first_difference,0.45593605303459955
26,340,-0.07023869789693346,toe_pre_topple_post_rain_resume,mid_R,toe_M1_A,prewhitened,cumulative_daily_difference,daily_cumulative_difference,daily_first_difference,0.45593605303459955
27,339,0.06339897879284004,toe_pre_topple_post_rain_resume,mid_R,toe_M1_A,prewhitened,cumulative_daily_difference,daily_cumulative_difference,daily_first_difference,0.45593605303459955
28,338,-0.03130928968165327,toe_pre_topple_post_rain_resume,mid_R,toe_M1_A,prewhitened,cumulative_daily_difference,daily_cumulative_difference,daily_first_difference,0.45593605303459955
29,337,0.01487295698766162,toe_pre_topple_post_rain_resume,mid_R,toe_M1_A,prewhitened,cumulative_daily_difference,daily_cumulative_difference,daily_first_difference,0.45593605303459955
30,336,-0.0026605794018474105,toe_pre_topple_post_rain_resume,mid_R,toe_M1_A,prewhitened,cumulative_daily_difference,daily_cumulative_difference,daily_first_difference,0.45593605303459955
0,365,0.5231876073499507,toe_pre_topple_post_rain_resume,mid_R,toe_M1_A,prewhitened,15_minute_interval_sum,daily_interval_sum,daily_first_difference,0.46649354461481973
1,364,-0.0006805831185936552,toe_pre_topple_post_rain_resume,mid_R,toe_M1_A,prewhitened,15_minute_interval_sum,daily_interval_sum,daily_first_difference,0.46649354461481973
2,363,-0.20944904908467651,toe_pre_topple_post_rain_resume,mid_R,toe_M1_A,prewhitened,15_minute_interval_sum,daily_interval_sum,daily_first_difference,0.46649354461481973
3,362,-0.010506665310490618,toe_pre_topple_post_rain_resume,mid_R,toe_M1_A,prewhitened,15_minute_interval_sum,daily_interval_sum,daily_first_difference,0.46649354461481973
4,361,-0.011508156954940263,toe_pre_topple_post_rain_resume,mid_R,toe_M1_A,prewhitened,15_minute_interval_sum,daily_interval_sum,daily_first_difference,0.46649354461481973
5,360,-0.06256181999554733,toe_pre_topple_post_rain_resume,mid_R,toe_M1_A,prewhitened,15_minute_interval_sum,daily_interval_sum,daily_first_difference,0.46649354461481973
6,359,-0.0029672691587750324,toe_pre_topple_post_rain_resume,mid_R,toe_M1_A,prewhitened,15_minute_interval_sum,daily_interval_sum,daily_first_difference,0.46649354461481973
7,358,0.001694609469608047,toe_pre_topple_post_rain_resume,mid_R,toe_M1_A,prewhitened,15_minute_interval_sum,daily_interval_sum,daily_first_difference,0.46649354461481973
8,357,-0.008907486955507965,toe_pre_topple_post_rain_resume,mid_R,toe_M1_A,prewhitened,15_minute_interval_sum,daily_interval_sum,daily_first_difference,0.46649354461481973
9,356,-0.00445367708530457,toe_pre_topple_post_rain_resume,mid_R,toe_M1_A,prewhitened,15_minute_interval_sum,daily_interval_sum,daily_first_difference,0.46649354461481973
10,355,-0.015366267646108262,toe_pre_topple_post_rain_resume,mid_R,toe_M1_A,prewhitened,15_minute_interval_sum,daily_interval_sum,daily_first_difference,0.46649354461481973
11,354,-0.010059577935078255,toe_pre_topple_post_rain_resume,mid_R,toe_M1_A,prewhitened,15_minute_interval_sum,daily_interval_sum,daily_first_difference,0.46649354461481973
12,353,0.00273562623964656,toe_pre_topple_post_rain_resume,mid_R,toe_M1_A,prewhitened,15_minute_interval_sum,daily_interval_sum,daily_first_difference,0.46649354461481973
13,352,0.042808012184771586,toe_pre_topple_post_rain_resume,mid_R,toe_M1_A,prewhitened,15_minute_interval_sum,daily_interval_sum,daily_first_difference,0.46649354461481973
14,351,-0.012885429039360996,toe_pre_topple_post_rain_resume,mid_R,toe_M1_A,prewhitened,15_minute_interval_sum,daily_interval_sum,daily_first_difference,0.46649354461481973
15,350,-0.006701985548033057,toe_pre_topple_post_rain_resume,mid_R,toe_M1_A,prewhitened,15_minute_interval_sum,daily_interval_sum,daily_first_difference,0.46649354461481973
16,349,0.034126524940470374,toe_pre_topple_post_rain_resume,mid_R,toe_M1_A,prewhitened,15_minute_interval_sum,daily_interval_sum,daily_first_difference,0.46649354461481973
17,348,-0.009185339366730605,toe_pre_topple_post_rain_resume,mid_R,toe_M1_A,prewhitened,15_minute_interval_sum,daily_interval_sum,daily_first_difference,0.46649354461481973
18,347,-0.06055772651269657,toe_pre_topple_post_rain_resume,mid_R,toe_M1_A,prewhitened,15_minute_interval_sum,daily_interval_sum,daily_first_difference,0.46649354461481973
19,346,0.0059469505073422415,toe_pre_topple_post_rain_resume,mid_R,toe_M1_A,prewhitened,15_minute_interval_sum,daily_interval_sum,daily_first_difference,0.46649354461481973
20,345,0.07270707690479952,toe_pre_topple_post_rain_resume,mid_R,toe_M1_A,prewhitened,15_minute_interval_sum,daily_interval_sum,daily_first_difference,0.46649354461481973
21,344,-0.05710195759674464,toe_pre_topple_post_rain_resume,mid_R,toe_M1_A,prewhitened,15_minute_interval_sum,daily_interval_sum,daily_first_difference,0.46649354461481973
22,343,-0.07478091319759239,toe_pre_topple_post_rain_resume,mid_R,toe_M1_A,prewhitened,15_minute_interval_sum,daily_interval_sum,daily_first_difference,0.46649354461481973
23,342,0.035445566124559826,toe_pre_topple_post_rain_resume,mid_R,toe_M1_A,prewhitened,15_minute_interval_sum,daily_interval_sum,daily_first_difference,0.46649354461481973
24,341,0.00776242326750801,toe_pre_topple_post_rain_resume,mid_R,toe_M1_A,prewhitened,15_minute_interval_sum,daily_interval_sum,daily_first_difference,0.46649354461481973
25,340,0.06888367231483268,toe_pre_topple_post_rain_resume,mid_R,toe_M1_A,prewhitened,15_minute_interval_sum,daily_interval_sum,daily_first_difference,0.46649354461481973
26,339,-0.06741202676261786,toe_pre_topple_post_rain_resume,mid_R,toe_M1_A,prewhitened,15_minute_interval_sum,daily_interval_sum,daily_first_difference,0.46649354461481973
27,338,0.05404810397486604,toe_pre_topple_post_rain_resume,mid_R,toe_M1_A,prewhitened,15_minute_interval_sum,daily_interval_sum,daily_first_difference,0.46649354461481973
28,337,-0.02678032445392614,toe_pre_topple_post_rain_resume,mid_R,toe_M1_A,prewhitened,15_minute_interval_sum,daily_interval_sum,daily_first_difference,0.46649354461481973
29,336,0.009492322286684637,toe_pre_topple_post_rain_resume,mid_R,toe_M1_A,prewhitened,15_minute_interval_sum,daily_interval_sum,daily_first_difference,0.46649354461481973
30,335,6.10859097533289e-05,toe_pre_topple_post_rain_resume,mid_R,toe_M1_A,prewhitened,15_minute_interval_sum,daily_interval_sum,daily_first_difference,0.46649354461481973
0,372,0.397734726601554,toe_pre_topple_post_rain_resume,mid_R,toe_P7_B,naive_levels,published_cumulative,daily_cumulative_level,daily_level,
1,371,0.38243317703362634,toe_pre_topple_post_rain_resume,mid_R,toe_P7_B,naive_levels,published_cumulative,daily_cumulative_level,daily_level,
2,370,0.3676756271591116,toe_pre_topple_post_rain_resume,mid_R,toe_P7_B,naive_levels,published_cumulative,daily_cumulative_level,daily_level,
3,369,0.35570744172780333,toe_pre_topple_post_rain_resume,mid_R,toe_P7_B,naive_levels,published_cumulative,daily_cumulative_level,daily_level,
4,368,0.3436237004745285,toe_pre_topple_post_rain_resume,mid_R,toe_P7_B,naive_levels,published_cumulative,daily_cumulative_level,daily_level,
5,367,0.331582933157772,toe_pre_topple_post_rain_resume,mid_R,toe_P7_B,naive_levels,published_cumulative,daily_cumulative_level,daily_level,
6,366,0.31944377431969484,toe_pre_topple_post_rain_resume,mid_R,toe_P7_B,naive_levels,published_cumulative,daily_cumulative_level,daily_level,
7,365,0.30689030015685864,toe_pre_topple_post_rain_resume,mid_R,toe_P7_B,naive_levels,published_cumulative,daily_cumulative_level,daily_level,
8,364,0.29354803967122023,toe_pre_topple_post_rain_resume,mid_R,toe_P7_B,naive_levels,published_cumulative,daily_cumulative_level,daily_level,
9,363,0.2793803402990649,toe_pre_topple_post_rain_resume,mid_R,toe_P7_B,naive_levels,published_cumulative,daily_cumulative_level,daily_level,
10,362,0.26444027857219865,toe_pre_topple_post_rain_resume,mid_R,toe_P7_B,naive_levels,published_cumulative,daily_cumulative_level,daily_level,
11,361,0.249033674105218,toe_pre_topple_post_rain_resume,mid_R,toe_P7_B,naive_levels,published_cumulative,daily_cumulative_level,daily_level,
12,360,0.23300696635986962,toe_pre_topple_post_rain_resume,mid_R,toe_P7_B,naive_levels,published_cumulative,daily_cumulative_level,daily_level,
13,359,0.21614140417537206,toe_pre_topple_post_rain_resume,mid_R,toe_P7_B,naive_levels,published_cumulative,daily_cumulative_level,daily_level,
14,358,0.19917631699504768,toe_pre_topple_post_rain_resume,mid_R,toe_P7_B,naive_levels,published_cumulative,daily_cumulative_level,daily_level,
15,357,0.18195870728237248,toe_pre_topple_post_rain_resume,mid_R,toe_P7_B,naive_levels,published_cumulative,daily_cumulative_level,daily_level,
16,356,0.1623557123853686,toe_pre_topple_post_rain_resume,mid_R,toe_P7_B,naive_levels,published_cumulative,daily_cumulative_level,daily_level,
17,355,0.14155685476416804,toe_pre_topple_post_rain_resume,mid_R,toe_P7_B,naive_levels,published_cumulative,daily_cumulative_level,daily_level,
18,354,0.11936096416082094,toe_pre_topple_post_rain_resume,mid_R,toe_P7_B,naive_levels,published_cumulative,daily_cumulative_level,daily_level,
19,353,0.0967170486712613,toe_pre_topple_post_rain_resume,mid_R,toe_P7_B,naive_levels,published_cumulative,daily_cumulative_level,daily_level,
20,352,0.07370075072742137,toe_pre_topple_post_rain_resume,mid_R,toe_P7_B,naive_levels,published_cumulative,daily_cumulative_level,daily_level,
21,351,0.0490205557094597,toe_pre_topple_post_rain_resume,mid_R,toe_P7_B,naive_levels,published_cumulative,daily_cumulative_level,daily_level,
22,350,0.02985741580925719,toe_pre_topple_post_rain_resume,mid_R,toe_P7_B,naive_levels,published_cumulative,daily_cumulative_level,daily_level,
23,349,0.013162653097856533,toe_pre_topple_post_rain_resume,mid_R,toe_P7_B,naive_levels,published_cumulative,daily_cumulative_level,daily_level,
24,348,-0.003830291593405889,toe_pre_topple_post_rain_resume,mid_R,toe_P7_B,naive_levels,published_cumulative,daily_cumulative_level,daily_level,
25,347,-0.021639806689819383,toe_pre_topple_post_rain_resume,mid_R,toe_P7_B,naive_levels,published_cumulative,daily_cumulative_level,daily_level,
26,346,-0.042169210768109325,toe_pre_topple_post_rain_resume,mid_R,toe_P7_B,naive_levels,published_cumulative,daily_cumulative_level,daily_level,
27,345,-0.06383061768861628,toe_pre_topple_post_rain_resume,mid_R,toe_P7_B,naive_levels,published_cumulative,daily_cumulative_level,daily_level,
28,344,-0.08458781925792752,toe_pre_topple_post_rain_resume,mid_R,toe_P7_B,naive_levels,published_cumulative,daily_cumulative_level,daily_level,
29,343,-0.10796628722530913,toe_pre_topple_post_rain_resume,mid_R,toe_P7_B,naive_levels,published_cumulative,daily_cumulative_level,daily_level,
30,342,-0.1313716361889466,toe_pre_topple_post_rain_resume,mid_R,toe_P7_B,naive_levels,published_cumulative,daily_cumulative_level,daily_level,
0,369,0.4580665343572063,toe_pre_topple_post_rain_resume,mid_R,toe_P7_B,transformed,cumulative_daily_difference,daily_cumulative_difference,daily_first_difference,
1,368,0.18542356488338893,toe_pre_topple_post_rain_resume,mid_R,toe_P7_B,transformed,cumulative_daily_difference,daily_cumulative_difference,daily_first_difference,
2,367,-0.1038533129038672,toe_pre_topple_post_rain_resume,mid_R,toe_P7_B,transformed,cumulative_daily_difference,daily_cumulative_difference,daily_first_difference,
3,366,-0.07063204600975355,toe_pre_topple_post_rain_resume,mid_R,toe_P7_B,transformed,cumulative_daily_difference,daily_cumulative_difference,daily_first_difference,
4,365,-0.06785559040020189,toe_pre_topple_post_rain_resume,mid_R,toe_P7_B,transformed,cumulative_daily_difference,daily_cumulative_difference,daily_first_difference,
5,364,-0.1321913807903733,toe_pre_topple_post_rain_resume,mid_R,toe_P7_B,transformed,cumulative_daily_difference,daily_cumulative_difference,daily_first_difference,
6,363,-0.05767006428365856,toe_pre_topple_post_rain_resume,mid_R,toe_P7_B,transformed,cumulative_daily_difference,daily_cumulative_difference,daily_first_difference,
7,362,-0.029472662312806177,toe_pre_topple_post_rain_resume,mid_R,toe_P7_B,transformed,cumulative_daily_difference,daily_cumulative_difference,daily_first_difference,
8,361,-0.009473961560145704,toe_pre_topple_post_rain_resume,mid_R,toe_P7_B,transformed,cumulative_daily_difference,daily_cumulative_difference,daily_first_difference,
9,360,-0.008461237084914246,toe_pre_topple_post_rain_resume,mid_R,toe_P7_B,transformed,cumulative_daily_difference,daily_cumulative_difference,daily_first_difference,
10,359,-0.0224843135214743,toe_pre_topple_post_rain_resume,mid_R,toe_P7_B,transformed,cumulative_daily_difference,daily_cumulative_difference,daily_first_difference,
11,358,-0.01781033699249514,toe_pre_topple_post_rain_resume,mid_R,toe_P7_B,transformed,cumulative_daily_difference,daily_cumulative_difference,daily_first_difference,
12,357,0.008298346309909213,toe_pre_topple_post_rain_resume,mid_R,toe_P7_B,transformed,cumulative_daily_difference,daily_cumulative_difference,daily_first_difference,
13,356,-0.06675747407228699,toe_pre_topple_post_rain_resume,mid_R,toe_P7_B,transformed,cumulative_daily_difference,daily_cumulative_difference,daily_first_difference,
14,355,-0.036949344555122624,toe_pre_topple_post_rain_resume,mid_R,toe_P7_B,transformed,cumulative_daily_difference,daily_cumulative_difference,daily_first_difference,
15,354,0.12614363508717455,toe_pre_topple_post_rain_resume,mid_R,toe_P7_B,transformed,cumulative_daily_difference,daily_cumulative_difference,daily_first_difference,
16,353,0.022850987168179484,toe_pre_topple_post_rain_resume,mid_R,toe_P7_B,transformed,cumulative_daily_difference,daily_cumulative_difference,daily_first_difference,
17,352,0.034408264607726835,toe_pre_topple_post_rain_resume,mid_R,toe_P7_B,transformed,cumulative_daily_difference,daily_cumulative_difference,daily_first_difference,
18,351,-0.04535598764468589,toe_pre_topple_post_rain_resume,mid_R,toe_P7_B,transformed,cumulative_daily_difference,daily_cumulative_difference,daily_first_difference,
19,350,-0.02461432825704887,toe_pre_topple_post_rain_resume,mid_R,toe_P7_B,transformed,cumulative_daily_difference,daily_cumulative_difference,daily_first_difference,
20,349,0.08686461577841048,toe_pre_topple_post_rain_resume,mid_R,toe_P7_B,transformed,cumulative_daily_difference,daily_cumulative_difference,daily_first_difference,
21,348,-0.07173983185044937,toe_pre_topple_post_rain_resume,mid_R,toe_P7_B,transformed,cumulative_daily_difference,daily_cumulative_difference,daily_first_difference,
22,347,-0.10270759417054204,toe_pre_topple_post_rain_resume,mid_R,toe_P7_B,transformed,cumulative_daily_difference,daily_cumulative_difference,daily_first_difference,
23,346,-0.03344871075880879,toe_pre_topple_post_rain_resume,mid_R,toe_P7_B,transformed,cumulative_daily_difference,daily_cumulative_difference,daily_first_difference,
24,345,0.027847065188343796,toe_pre_topple_post_rain_resume,mid_R,toe_P7_B,transformed,cumulative_daily_difference,daily_cumulative_difference,daily_first_difference,
25,344,0.1241170334590669,toe_pre_topple_post_rain_resume,mid_R,toe_P7_B,transformed,cumulative_daily_difference,daily_cumulative_difference,daily_first_difference,
26,343,-0.0072461740284106785,toe_pre_topple_post_rain_resume,mid_R,toe_P7_B,transformed,cumulative_daily_difference,daily_cumulative_difference,daily_first_difference,
27,342,-0.009780996667509824,toe_pre_topple_post_rain_resume,mid_R,toe_P7_B,transformed,cumulative_daily_difference,daily_cumulative_difference,daily_first_difference,
28,341,-0.05127350726955391,toe_pre_topple_post_rain_resume,mid_R,toe_P7_B,transformed,cumulative_daily_difference,daily_cumulative_difference,daily_first_difference,
29,340,0.01154638167979921,toe_pre_topple_post_rain_resume,mid_R,toe_P7_B,transformed,cumulative_daily_difference,daily_cumulative_difference,daily_first_difference,
30,339,-0.026299079462365677,toe_pre_topple_post_rain_resume,mid_R,toe_P7_B,transformed,cumulative_daily_difference,daily_cumulative_difference,daily_first_difference,
0,369,0.47737796212570105,toe_pre_topple_post_rain_resume,mid_R,toe_P7_B,transformed,15_minute_interval_sum,daily_interval_sum,daily_first_difference,
1,368,0.1901331192760681,toe_pre_topple_post_rain_resume,mid_R,toe_P7_B,transformed,15_minute_interval_sum,daily_interval_sum,daily_first_difference,
2,367,-0.10786239036269064,toe_pre_topple_post_rain_resume,mid_R,toe_P7_B,transformed,15_minute_interval_sum,daily_interval_sum,daily_first_difference,
3,366,-0.07235591131241653,toe_pre_topple_post_rain_resume,mid_R,toe_P7_B,transformed,15_minute_interval_sum,daily_interval_sum,daily_first_difference,
4,365,-0.07113967046715104,toe_pre_topple_post_rain_resume,mid_R,toe_P7_B,transformed,15_minute_interval_sum,daily_interval_sum,daily_first_difference,
5,364,-0.1365946233835642,toe_pre_topple_post_rain_resume,mid_R,toe_P7_B,transformed,15_minute_interval_sum,daily_interval_sum,daily_first_difference,
6,363,-0.059813236619393355,toe_pre_topple_post_rain_resume,mid_R,toe_P7_B,transformed,15_minute_interval_sum,daily_interval_sum,daily_first_difference,
7,362,-0.030416672900672896,toe_pre_topple_post_rain_resume,mid_R,toe_P7_B,transformed,15_minute_interval_sum,daily_interval_sum,daily_first_difference,
8,361,-0.009638718610221702,toe_pre_topple_post_rain_resume,mid_R,toe_P7_B,transformed,15_minute_interval_sum,daily_interval_sum,daily_first_difference,
9,360,-0.00855551420657023,toe_pre_topple_post_rain_resume,mid_R,toe_P7_B,transformed,15_minute_interval_sum,daily_interval_sum,daily_first_difference,
10,359,-0.02317371070060163,toe_pre_topple_post_rain_resume,mid_R,toe_P7_B,transformed,15_minute_interval_sum,daily_interval_sum,daily_first_difference,
11,358,-0.017818187228114978,toe_pre_topple_post_rain_resume,mid_R,toe_P7_B,transformed,15_minute_interval_sum,daily_interval_sum,daily_first_difference,
12,357,-0.0029990116102464413,toe_pre_topple_post_rain_resume,mid_R,toe_P7_B,transformed,15_minute_interval_sum,daily_interval_sum,daily_first_difference,
13,356,-0.05562039394735631,toe_pre_topple_post_rain_resume,mid_R,toe_P7_B,transformed,15_minute_interval_sum,daily_interval_sum,daily_first_difference,
14,355,-0.04496848442724665,toe_pre_topple_post_rain_resume,mid_R,toe_P7_B,transformed,15_minute_interval_sum,daily_interval_sum,daily_first_difference,
15,354,0.06372559073602112,toe_pre_topple_post_rain_resume,mid_R,toe_P7_B,transformed,15_minute_interval_sum,daily_interval_sum,daily_first_difference,
16,353,0.09478220883906904,toe_pre_topple_post_rain_resume,mid_R,toe_P7_B,transformed,15_minute_interval_sum,daily_interval_sum,daily_first_difference,
17,352,0.04399693967256811,toe_pre_topple_post_rain_resume,mid_R,toe_P7_B,transformed,15_minute_interval_sum,daily_interval_sum,daily_first_difference,
18,351,-0.046180058653423985,toe_pre_topple_post_rain_resume,mid_R,toe_P7_B,transformed,15_minute_interval_sum,daily_interval_sum,daily_first_difference,
19,350,-0.025281935002729912,toe_pre_topple_post_rain_resume,mid_R,toe_P7_B,transformed,15_minute_interval_sum,daily_interval_sum,daily_first_difference,
20,349,0.09083366774305737,toe_pre_topple_post_rain_resume,mid_R,toe_P7_B,transformed,15_minute_interval_sum,daily_interval_sum,daily_first_difference,
21,348,-0.07341538325319258,toe_pre_topple_post_rain_resume,mid_R,toe_P7_B,transformed,15_minute_interval_sum,daily_interval_sum,daily_first_difference,
22,347,-0.10709082146397539,toe_pre_topple_post_rain_resume,mid_R,toe_P7_B,transformed,15_minute_interval_sum,daily_interval_sum,daily_first_difference,
23,346,-0.03444899979231233,toe_pre_topple_post_rain_resume,mid_R,toe_P7_B,transformed,15_minute_interval_sum,daily_interval_sum,daily_first_difference,
24,345,0.02965255188271738,toe_pre_topple_post_rain_resume,mid_R,toe_P7_B,transformed,15_minute_interval_sum,daily_interval_sum,daily_first_difference,
25,344,0.12876254918412267,toe_pre_topple_post_rain_resume,mid_R,toe_P7_B,transformed,15_minute_interval_sum,daily_interval_sum,daily_first_difference,
26,343,-0.0076539260427159715,toe_pre_topple_post_rain_resume,mid_R,toe_P7_B,transformed,15_minute_interval_sum,daily_interval_sum,daily_first_difference,
27,342,-0.01001666638136815,toe_pre_topple_post_rain_resume,mid_R,toe_P7_B,transformed,15_minute_interval_sum,daily_interval_sum,daily_first_difference,
28,341,-0.05146084278789937,toe_pre_topple_post_rain_resume,mid_R,toe_P7_B,transformed,15_minute_interval_sum,daily_interval_sum,daily_first_difference,
29,340,0.011871709490276815,toe_pre_topple_post_rain_resume,mid_R,toe_P7_B,transformed,15_minute_interval_sum,daily_interval_sum,daily_first_difference,
30,339,-0.03116734989136915,toe_pre_topple_post_rain_resume,mid_R,toe_P7_B,transformed,15_minute_interval_sum,daily_interval_sum,daily_first_difference,
0,366,0.4541519221876114,toe_pre_topple_post_rain_resume,mid_R,toe_P7_B,prewhitened,cumulative_daily_difference,daily_cumulative_difference,daily_first_difference,0.45593605303459955
1,365,0.05938836313636675,toe_pre_topple_post_rain_resume,mid_R,toe_P7_B,prewhitened,cumulative_daily_difference,daily_cumulative_difference,daily_first_difference,0.45593605303459955
2,364,-0.18516046544559486,toe_pre_topple_post_rain_resume,mid_R,toe_P7_B,prewhitened,cumulative_daily_difference,daily_cumulative_difference,daily_first_difference,0.45593605303459955
3,363,-0.007525761261346915,toe_pre_topple_post_rain_resume,mid_R,toe_P7_B,prewhitened,cumulative_daily_difference,daily_cumulative_difference,daily_first_difference,0.45593605303459955
4,362,0.020099505765594407,toe_pre_topple_post_rain_resume,mid_R,toe_P7_B,prewhitened,cumulative_daily_difference,daily_cumulative_difference,daily_first_difference,0.45593605303459955
5,361,-0.11151268980888515,toe_pre_topple_post_rain_resume,mid_R,toe_P7_B,prewhitened,cumulative_daily_difference,daily_cumulative_difference,daily_first_difference,0.45593605303459955
6,360,0.008788845754795228,toe_pre_topple_post_rain_resume,mid_R,toe_P7_B,prewhitened,cumulative_daily_difference,daily_cumulative_difference,daily_first_difference,0.45593605303459955
7,359,-0.0023868352939516013,toe_pre_topple_post_rain_resume,mid_R,toe_P7_B,prewhitened,cumulative_daily_difference,daily_cumulative_difference,daily_first_difference,0.45593605303459955
8,358,0.008983915381535654,toe_pre_topple_post_rain_resume,mid_R,toe_P7_B,prewhitened,cumulative_daily_difference,daily_cumulative_difference,daily_first_difference,0.45593605303459955
9,357,0.0057986908820728605,toe_pre_topple_post_rain_resume,mid_R,toe_P7_B,prewhitened,cumulative_daily_difference,daily_cumulative_difference,daily_first_difference,0.45593605303459955
10,356,-0.00967961117834915,toe_pre_topple_post_rain_resume,mid_R,toe_P7_B,prewhitened,cumulative_daily_difference,daily_cumulative_difference,daily_first_difference,0.45593605303459955
11,355,-0.014947526744528934,toe_pre_topple_post_rain_resume,mid_R,toe_P7_B,prewhitened,cumulative_daily_difference,daily_cumulative_difference,daily_first_difference,0.45593605303459955
12,354,0.055727758331177574,toe_pre_topple_post_rain_resume,mid_R,toe_P7_B,prewhitened,cumulative_daily_difference,daily_cumulative_difference,daily_first_difference,0.45593605303459955
13,353,-0.07258810323348908,toe_pre_topple_post_rain_resume,mid_R,toe_P7_B,prewhitened,cumulative_daily_difference,daily_cumulative_difference,daily_first_difference,0.45593605303459955
14,352,-0.07572614742821576,toe_pre_topple_post_rain_resume,mid_R,toe_P7_B,prewhitened,cumulative_daily_difference,daily_cumulative_difference,daily_first_difference,0.45593605303459955
15,351,0.17838152542426355,toe_pre_topple_post_rain_resume,mid_R,toe_P7_B,prewhitened,cumulative_daily_difference,daily_cumulative_difference,daily_first_difference,0.45593605303459955
16,350,-0.04689705158860138,toe_pre_topple_post_rain_resume,mid_R,toe_P7_B,prewhitened,cumulative_daily_difference,daily_cumulative_difference,daily_first_difference,0.45593605303459955
17,349,0.055305734138171345,toe_pre_topple_post_rain_resume,mid_R,toe_P7_B,prewhitened,cumulative_daily_difference,daily_cumulative_difference,daily_first_difference,0.45593605303459955
18,348,-0.05565632146405291,toe_pre_topple_post_rain_resume,mid_R,toe_P7_B,prewhitened,cumulative_daily_difference,daily_cumulative_difference,daily_first_difference,0.45593605303459955
19,347,-0.05472527256600015,toe_pre_topple_post_rain_resume,mid_R,toe_P7_B,prewhitened,cumulative_daily_difference,daily_cumulative_difference,daily_first_difference,0.45593605303459955
20,346,0.10472014452701411,toe_pre_topple_post_rain_resume,mid_R,toe_P7_B,prewhitened,cumulative_daily_difference,daily_cumulative_difference,daily_first_difference,0.45593605303459955
21,345,-0.08211112589768851,toe_pre_topple_post_rain_resume,mid_R,toe_P7_B,prewhitened,cumulative_daily_difference,daily_cumulative_difference,daily_first_difference,0.45593605303459955
22,344,-0.06957555744488551,toe_pre_topple_post_rain_resume,mid_R,toe_P7_B,prewhitened,cumulative_daily_difference,daily_cumulative_difference,daily_first_difference,0.45593605303459955
23,343,0.008790835723831457,toe_pre_topple_post_rain_resume,mid_R,toe_P7_B,prewhitened,cumulative_daily_difference,daily_cumulative_difference,daily_first_difference,0.45593605303459955
24,342,-0.007371007550688288,toe_pre_topple_post_rain_resume,mid_R,toe_P7_B,prewhitened,cumulative_daily_difference,daily_cumulative_difference,daily_first_difference,0.45593605303459955
25,341,0.15483057298594394,toe_pre_topple_post_rain_resume,mid_R,toe_P7_B,prewhitened,cumulative_daily_difference,daily_cumulative_difference,daily_first_difference,0.45593605303459955
26,340,-0.058142470598522226,toe_pre_topple_post_rain_resume,mid_R,toe_P7_B,prewhitened,cumulative_daily_difference,daily_cumulative_difference,daily_first_difference,0.45593605303459955
27,339,0.01713876326332644,toe_pre_topple_post_rain_resume,mid_R,toe_P7_B,prewhitened,cumulative_daily_difference,daily_cumulative_difference,daily_first_difference,0.45593605303459955
28,338,-0.06290179720787017,toe_pre_topple_post_rain_resume,mid_R,toe_P7_B,prewhitened,cumulative_daily_difference,daily_cumulative_difference,daily_first_difference,0.45593605303459955
29,337,0.05441831809219087,toe_pre_topple_post_rain_resume,mid_R,toe_P7_B,prewhitened,cumulative_daily_difference,daily_cumulative_difference,daily_first_difference,0.45593605303459955
30,336,-0.02422599491866306,toe_pre_topple_post_rain_resume,mid_R,toe_P7_B,prewhitened,cumulative_daily_difference,daily_cumulative_difference,daily_first_difference,0.45593605303459955
0,365,0.494933374559045,toe_pre_topple_post_rain_resume,mid_R,toe_P7_B,prewhitened,15_minute_interval_sum,daily_interval_sum,daily_first_difference,0.46649354461481973
1,364,0.066136576034649,toe_pre_topple_post_rain_resume,mid_R,toe_P7_B,prewhitened,15_minute_interval_sum,daily_interval_sum,daily_first_difference,0.46649354461481973
2,363,-0.2067482265323342,toe_pre_topple_post_rain_resume,mid_R,toe_P7_B,prewhitened,15_minute_interval_sum,daily_interval_sum,daily_first_difference,0.46649354461481973
3,362,-0.005657942864383071,toe_pre_topple_post_rain_resume,mid_R,toe_P7_B,prewhitened,15_minute_interval_sum,daily_interval_sum,daily_first_difference,0.46649354461481973
4,361,0.011936537880252531,toe_pre_topple_post_rain_resume,mid_R,toe_P7_B,prewhitened,15_minute_interval_sum,daily_interval_sum,daily_first_difference,0.46649354461481973
5,360,-0.11651011207242493,toe_pre_topple_post_rain_resume,mid_R,toe_P7_B,prewhitened,15_minute_interval_sum,daily_interval_sum,daily_first_difference,0.46649354461481973
6,359,0.00535816875853954,toe_pre_topple_post_rain_resume,mid_R,toe_P7_B,prewhitened,15_minute_interval_sum,daily_interval_sum,daily_first_difference,0.46649354461481973
7,358,-0.005479891274316624,toe_pre_topple_post_rain_resume,mid_R,toe_P7_B,prewhitened,15_minute_interval_sum,daily_interval_sum,daily_first_difference,0.46649354461481973
8,357,0.006897426584660619,toe_pre_topple_post_rain_resume,mid_R,toe_P7_B,prewhitened,15_minute_interval_sum,daily_interval_sum,daily_first_difference,0.46649354461481973
9,356,0.0039563236845738614,toe_pre_topple_post_rain_resume,mid_R,toe_P7_B,prewhitened,15_minute_interval_sum,daily_interval_sum,daily_first_difference,0.46649354461481973
10,355,-0.01499125006860472,toe_pre_topple_post_rain_resume,mid_R,toe_P7_B,prewhitened,15_minute_interval_sum,daily_interval_sum,daily_first_difference,0.46649354461481973
11,354,-0.01076618887650702,toe_pre_topple_post_rain_resume,mid_R,toe_P7_B,prewhitened,15_minute_interval_sum,daily_interval_sum,daily_first_difference,0.46649354461481973
12,353,0.03416262056515954,toe_pre_topple_post_rain_resume,mid_R,toe_P7_B,prewhitened,15_minute_interval_sum,daily_interval_sum,daily_first_difference,0.46649354461481973
13,352,-0.05346589819862568,toe_pre_topple_post_rain_resume,mid_R,toe_P7_B,prewhitened,15_minute_interval_sum,daily_interval_sum,daily_first_difference,0.46649354461481973
14,351,-0.05713905250968016,toe_pre_topple_post_rain_resume,mid_R,toe_P7_B,prewhitened,15_minute_interval_sum,daily_interval_sum,daily_first_difference,0.46649354461481973
15,350,0.07109392857935591,toe_pre_topple_post_rain_resume,mid_R,toe_P7_B,prewhitened,15_minute_interval_sum,daily_interval_sum,daily_first_difference,0.46649354461481973
16,349,0.05035415354758324,toe_pre_topple_post_rain_resume,mid_R,toe_P7_B,prewhitened,15_minute_interval_sum,daily_interval_sum,daily_first_difference,0.46649354461481973
17,348,0.036894244688550695,toe_pre_topple_post_rain_resume,mid_R,toe_P7_B,prewhitened,15_minute_interval_sum,daily_interval_sum,daily_first_difference,0.46649354461481973
18,347,-0.06127645448159417,toe_pre_topple_post_rain_resume,mid_R,toe_P7_B,prewhitened,15_minute_interval_sum,daily_interval_sum,daily_first_difference,0.46649354461481973
19,346,-0.055614179187469415,toe_pre_topple_post_rain_resume,mid_R,toe_P7_B,prewhitened,15_minute_interval_sum,daily_interval_sum,daily_first_difference,0.46649354461481973
20,345,0.16812082641132894,toe_pre_topple_post_rain_resume,mid_R,toe_P7_B,prewhitened,15_minute_interval_sum,daily_interval_sum,daily_first_difference,0.46649354461481973
21,344,-0.09344544012304348,toe_pre_topple_post_rain_resume,mid_R,toe_P7_B,prewhitened,15_minute_interval_sum,daily_interval_sum,daily_first_difference,0.46649354461481973
22,343,-0.08928762578326982,toe_pre_topple_post_rain_resume,mid_R,toe_P7_B,prewhitened,15_minute_interval_sum,daily_interval_sum,daily_first_difference,0.46649354461481973
23,342,0.0041319942946352875,toe_pre_topple_post_rain_resume,mid_R,toe_P7_B,prewhitened,15_minute_interval_sum,daily_interval_sum,daily_first_difference,0.46649354461481973
24,341,-0.012888427234414865,toe_pre_topple_post_rain_resume,mid_R,toe_P7_B,prewhitened,15_minute_interval_sum,daily_interval_sum,daily_first_difference,0.46649354461481973
25,340,0.15344802743245725,toe_pre_topple_post_rain_resume,mid_R,toe_P7_B,prewhitened,15_minute_interval_sum,daily_interval_sum,daily_first_difference,0.46649354461481973
26,339,-0.06785067918837805,toe_pre_topple_post_rain_resume,mid_R,toe_P7_B,prewhitened,15_minute_interval_sum,daily_interval_sum,daily_first_difference,0.46649354461481973
27,338,0.015015451574153446,toe_pre_topple_post_rain_resume,mid_R,toe_P7_B,prewhitened,15_minute_interval_sum,daily_interval_sum,daily_first_difference,0.46649354461481973
28,337,-0.0670623362828333,toe_pre_topple_post_rain_resume,mid_R,toe_P7_B,prewhitened,15_minute_interval_sum,daily_interval_sum,daily_first_difference,0.46649354461481973
29,336,0.054717943808267965,toe_pre_topple_post_rain_resume,mid_R,toe_P7_B,prewhitened,15_minute_interval_sum,daily_interval_sum,daily_first_difference,0.46649354461481973
30,335,-0.03647714207421024,toe_pre_topple_post_rain_resume,mid_R,toe_P7_B,prewhitened,15_minute_interval_sum,daily_interval_sum,daily_first_difference,0.46649354461481973
0,370,0.25636028909229297,toe_pre_topple_post_rain_resume,toe_M1_A,toe_E5_C,naive_levels,not_applicable,daily_level,daily_level,
1,368,0.2633479089066637,toe_pre_topple_post_rain_resume,toe_M1_A,toe_E5_C,naive_levels,not_applicable,daily_level,daily_level,
2,366,0.26839430429799954,toe_pre_topple_post_rain_resume,toe_M1_A,toe_E5_C,naive_levels,not_applicable,daily_level,daily_level,
3,364,0.2760294027250269,toe_pre_topple_post_rain_resume,toe_M1_A,toe_E5_C,naive_levels,not_applicable,daily_level,daily_level,
4,362,0.28325773235242657,toe_pre_topple_post_rain_resume,toe_M1_A,toe_E5_C,naive_levels,not_applicable,daily_level,daily_level,
5,360,0.2859635329541933,toe_pre_topple_post_rain_resume,toe_M1_A,toe_E5_C,naive_levels,not_applicable,daily_level,daily_level,
6,358,0.28793949372904537,toe_pre_topple_post_rain_resume,toe_M1_A,toe_E5_C,naive_levels,not_applicable,daily_level,daily_level,
7,356,0.2887899248950574,toe_pre_topple_post_rain_resume,toe_M1_A,toe_E5_C,naive_levels,not_applicable,daily_level,daily_level,
8,354,0.2898322889224284,toe_pre_topple_post_rain_resume,toe_M1_A,toe_E5_C,naive_levels,not_applicable,daily_level,daily_level,
9,352,0.29138957465439347,toe_pre_topple_post_rain_resume,toe_M1_A,toe_E5_C,naive_levels,not_applicable,daily_level,daily_level,
10,350,0.29247875016498526,toe_pre_topple_post_rain_resume,toe_M1_A,toe_E5_C,naive_levels,not_applicable,daily_level,daily_level,
11,348,0.2930652683307213,toe_pre_topple_post_rain_resume,toe_M1_A,toe_E5_C,naive_levels,not_applicable,daily_level,daily_level,
12,346,0.29802655759381363,toe_pre_topple_post_rain_resume,toe_M1_A,toe_E5_C,naive_levels,not_applicable,daily_level,daily_level,
13,344,0.3021196672765794,toe_pre_topple_post_rain_resume,toe_M1_A,toe_E5_C,naive_levels,not_applicable,daily_level,daily_level,
14,342,0.30425956698874,toe_pre_topple_post_rain_resume,toe_M1_A,toe_E5_C,naive_levels,not_applicable,daily_level,daily_level,
15,340,0.3069269520662039,toe_pre_topple_post_rain_resume,toe_M1_A,toe_E5_C,naive_levels,not_applicable,daily_level,daily_level,
16,338,0.3138025523910108,toe_pre_topple_post_rain_resume,toe_M1_A,toe_E5_C,naive_levels,not_applicable,daily_level,daily_level,
17,336,0.32074401482770487,toe_pre_topple_post_rain_resume,toe_M1_A,toe_E5_C,naive_levels,not_applicable,daily_level,daily_level,
18,334,0.32495053419246805,toe_pre_topple_post_rain_resume,toe_M1_A,toe_E5_C,naive_levels,not_applicable,daily_level,daily_level,
19,332,0.3291920476139974,toe_pre_topple_post_rain_resume,toe_M1_A,toe_E5_C,naive_levels,not_applicable,daily_level,daily_level,
20,330,0.3351210799714178,toe_pre_topple_post_rain_resume,toe_M1_A,toe_E5_C,naive_levels,not_applicable,daily_level,daily_level,
21,328,0.339943660548622,toe_pre_topple_post_rain_resume,toe_M1_A,toe_E5_C,naive_levels,not_applicable,daily_level,daily_level,
22,326,0.34151948261178555,toe_pre_topple_post_rain_resume,toe_M1_A,toe_E5_C,naive_levels,not_applicable,daily_level,daily_level,
23,324,0.33967812624643745,toe_pre_topple_post_rain_resume,toe_M1_A,toe_E5_C,naive_levels,not_applicable,daily_level,daily_level,
24,322,0.33916718395784434,toe_pre_topple_post_rain_resume,toe_M1_A,toe_E5_C,naive_levels,not_applicable,daily_level,daily_level,
25,320,0.3383114668171014,toe_pre_topple_post_rain_resume,toe_M1_A,toe_E5_C,naive_levels,not_applicable,daily_level,daily_level,
26,318,0.33998192671562555,toe_pre_topple_post_rain_resume,toe_M1_A,toe_E5_C,naive_levels,not_applicable,daily_level,daily_level,
27,316,0.3433618059161695,toe_pre_topple_post_rain_resume,toe_M1_A,toe_E5_C,naive_levels,not_applicable,daily_level,daily_level,
28,314,0.3428928842156798,toe_pre_topple_post_rain_resume,toe_M1_A,toe_E5_C,naive_levels,not_applicable,daily_level,daily_level,
29,312,0.3486538341602738,toe_pre_topple_post_rain_resume,toe_M1_A,toe_E5_C,naive_levels,not_applicable,daily_level,daily_level,
30,310,0.3568288539330185,toe_pre_topple_post_rain_resume,toe_M1_A,toe_E5_C,naive_levels,not_applicable,daily_level,daily_level,
0,367,-0.04878322650507147,toe_pre_topple_post_rain_resume,toe_M1_A,toe_E5_C,transformed,not_applicable,daily_first_difference,daily_first_difference,
1,365,0.012078322009246672,toe_pre_topple_post_rain_resume,toe_M1_A,toe_E5_C,transformed,not_applicable,daily_first_difference,daily_first_difference,
2,363,0.012036144068394799,toe_pre_topple_post_rain_resume,toe_M1_A,toe_E5_C,transformed,not_applicable,daily_first_difference,daily_first_difference,
3,361,-0.002324163974838553,toe_pre_topple_post_rain_resume,toe_M1_A,toe_E5_C,transformed,not_applicable,daily_first_difference,daily_first_difference,
4,359,0.006045270417188049,toe_pre_topple_post_rain_resume,toe_M1_A,toe_E5_C,transformed,not_applicable,daily_first_difference,daily_first_difference,
5,357,0.016269295502194803,toe_pre_topple_post_rain_resume,toe_M1_A,toe_E5_C,transformed,not_applicable,daily_first_difference,daily_first_difference,
6,355,0.046236091180657725,toe_pre_topple_post_rain_resume,toe_M1_A,toe_E5_C,transformed,not_applicable,daily_first_difference,daily_first_difference,
7,353,0.006995851459772841,toe_pre_topple_post_rain_resume,toe_M1_A,toe_E5_C,transformed,not_applicable,daily_first_difference,daily_first_difference,
8,351,0.004537067228404028,toe_pre_topple_post_rain_resume,toe_M1_A,toe_E5_C,transformed,not_applicable,daily_first_difference,daily_first_difference,
9,349,-0.04463161945398974,toe_pre_topple_post_rain_resume,toe_M1_A,toe_E5_C,transformed,not_applicable,daily_first_difference,daily_first_difference,
10,347,-0.016983584111267765,toe_pre_topple_post_rain_resume,toe_M1_A,toe_E5_C,transformed,not_applicable,daily_first_difference,daily_first_difference,
11,345,-0.013851483022551089,toe_pre_topple_post_rain_resume,toe_M1_A,toe_E5_C,transformed,not_applicable,daily_first_difference,daily_first_difference,
12,343,-0.004836719392279205,toe_pre_topple_post_rain_resume,toe_M1_A,toe_E5_C,transformed,not_applicable,daily_first_difference,daily_first_difference,
13,341,-0.013920745604069126,toe_pre_topple_post_rain_resume,toe_M1_A,toe_E5_C,transformed,not_applicable,daily_first_difference,daily_first_difference,
14,339,0.011414007491178583,toe_pre_topple_post_rain_resume,toe_M1_A,toe_E5_C,transformed,not_applicable,daily_first_difference,daily_first_difference,
15,337,0.008142873292357867,toe_pre_topple_post_rain_resume,toe_M1_A,toe_E5_C,transformed,not_applicable,daily_first_difference,daily_first_difference,
16,335,-0.022430403985394566,toe_pre_topple_post_rain_resume,toe_M1_A,toe_E5_C,transformed,not_applicable,daily_first_difference,daily_first_difference,
17,333,-0.04639449672781855,toe_pre_topple_post_rain_resume,toe_M1_A,toe_E5_C,transformed,not_applicable,daily_first_difference,daily_first_difference,
18,331,0.02180423086141785,toe_pre_topple_post_rain_resume,toe_M1_A,toe_E5_C,transformed,not_applicable,daily_first_difference,daily_first_difference,
19,329,0.02595278443387956,toe_pre_topple_post_rain_resume,toe_M1_A,toe_E5_C,transformed,not_applicable,daily_first_difference,daily_first_difference,
20,327,0.005824828923602915,toe_pre_topple_post_rain_resume,toe_M1_A,toe_E5_C,transformed,not_applicable,daily_first_difference,daily_first_difference,
21,325,0.029569702703935514,toe_pre_topple_post_rain_resume,toe_M1_A,toe_E5_C,transformed,not_applicable,daily_first_difference,daily_first_difference,
22,323,0.036178670695863335,toe_pre_topple_post_rain_resume,toe_M1_A,toe_E5_C,transformed,not_applicable,daily_first_difference,daily_first_difference,
23,321,0.0057498165044344365,toe_pre_topple_post_rain_resume,toe_M1_A,toe_E5_C,transformed,not_applicable,daily_first_difference,daily_first_difference,
24,319,0.02098134755122604,toe_pre_topple_post_rain_resume,toe_M1_A,toe_E5_C,transformed,not_applicable,daily_first_difference,daily_first_difference,
25,317,-0.0009736054213373107,toe_pre_topple_post_rain_resume,toe_M1_A,toe_E5_C,transformed,not_applicable,daily_first_difference,daily_first_difference,
26,315,-0.013652232593855628,toe_pre_topple_post_rain_resume,toe_M1_A,toe_E5_C,transformed,not_applicable,daily_first_difference,daily_first_difference,
27,313,-0.00836351215780071,toe_pre_topple_post_rain_resume,toe_M1_A,toe_E5_C,transformed,not_applicable,daily_first_difference,daily_first_difference,
28,311,0.011576936511545713,toe_pre_topple_post_rain_resume,toe_M1_A,toe_E5_C,transformed,not_applicable,daily_first_difference,daily_first_difference,
29,309,-0.008648799215636348,toe_pre_topple_post_rain_resume,toe_M1_A,toe_E5_C,transformed,not_applicable,daily_first_difference,daily_first_difference,
30,307,-0.010730435926651181,toe_pre_topple_post_rain_resume,toe_M1_A,toe_E5_C,transformed,not_applicable,daily_first_difference,daily_first_difference,
0,363,-0.044005298750283056,toe_pre_topple_post_rain_resume,toe_M1_A,toe_E5_C,prewhitened,not_applicable,daily_first_difference,daily_first_difference,0.11815447963563319
1,361,0.01958166141815022,toe_pre_topple_post_rain_resume,toe_M1_A,toe_E5_C,prewhitened,not_applicable,daily_first_difference,daily_first_difference,0.11815447963563319
2,359,0.01496244904062642,toe_pre_topple_post_rain_resume,toe_M1_A,toe_E5_C,prewhitened,not_applicable,daily_first_difference,daily_first_difference,0.11815447963563319
3,357,-0.005480856285625013,toe_pre_topple_post_rain_resume,toe_M1_A,toe_E5_C,prewhitened,not_applicable,daily_first_difference,daily_first_difference,0.11815447963563319
4,355,0.010374985652745175,toe_pre_topple_post_rain_resume,toe_M1_A,toe_E5_C,prewhitened,not_applicable,daily_first_difference,daily_first_difference,0.11815447963563319
5,353,-0.010650093086204338,toe_pre_topple_post_rain_resume,toe_M1_A,toe_E5_C,prewhitened,not_applicable,daily_first_difference,daily_first_difference,0.11815447963563319
6,351,0.051849080274780114,toe_pre_topple_post_rain_resume,toe_M1_A,toe_E5_C,prewhitened,not_applicable,daily_first_difference,daily_first_difference,0.11815447963563319
7,349,0.0038997948550818515,toe_pre_topple_post_rain_resume,toe_M1_A,toe_E5_C,prewhitened,not_applicable,daily_first_difference,daily_first_difference,0.11815447963563319
8,347,0.012823562589503403,toe_pre_topple_post_rain_resume,toe_M1_A,toe_E5_C,prewhitened,not_applicable,daily_first_difference,daily_first_difference,0.11815447963563319
9,345,-0.04610070929662714,toe_pre_topple_post_rain_resume,toe_M1_A,toe_E5_C,prewhitened,not_applicable,daily_first_difference,daily_first_difference,0.11815447963563319
10,343,-0.015627785493640033,toe_pre_topple_post_rain_resume,toe_M1_A,toe_E5_C,prewhitened,not_applicable,daily_first_difference,daily_first_difference,0.11815447963563319
11,341,-0.012771571543246154,toe_pre_topple_post_rain_resume,toe_M1_A,toe_E5_C,prewhitened,not_applicable,daily_first_difference,daily_first_difference,0.11815447963563319
12,339,-0.000640474570713655,toe_pre_topple_post_rain_resume,toe_M1_A,toe_E5_C,prewhitened,not_applicable,daily_first_difference,daily_first_difference,0.11815447963563319
13,337,-0.018349875992558943,toe_pre_topple_post_rain_resume,toe_M1_A,toe_E5_C,prewhitened,not_applicable,daily_first_difference,daily_first_difference,0.11815447963563319
14,335,0.01606913474413305,toe_pre_topple_post_rain_resume,toe_M1_A,toe_E5_C,prewhitened,not_applicable,daily_first_difference,daily_first_difference,0.11815447963563319
15,333,0.016172962871258724,toe_pre_topple_post_rain_resume,toe_M1_A,toe_E5_C,prewhitened,not_applicable,daily_first_difference,daily_first_difference,0.11815447963563319
16,331,-0.005555249011151707,toe_pre_topple_post_rain_resume,toe_M1_A,toe_E5_C,prewhitened,not_applicable,daily_first_difference,daily_first_difference,0.11815447963563319
17,329,-0.05495903456385359,toe_pre_topple_post_rain_resume,toe_M1_A,toe_E5_C,prewhitened,not_applicable,daily_first_difference,daily_first_difference,0.11815447963563319
18,327,0.008020084751295542,toe_pre_topple_post_rain_resume,toe_M1_A,toe_E5_C,prewhitened,not_applicable,daily_first_difference,daily_first_difference,0.11815447963563319
19,325,0.030214316609251984,toe_pre_topple_post_rain_resume,toe_M1_A,toe_E5_C,prewhitened,not_applicable,daily_first_difference,daily_first_difference,0.11815447963563319
20,323,-0.0010256050559474944,toe_pre_topple_post_rain_resume,toe_M1_A,toe_E5_C,prewhitened,not_applicable,daily_first_difference,daily_first_difference,0.11815447963563319
21,321,0.029486107164516207,toe_pre_topple_post_rain_resume,toe_M1_A,toe_E5_C,prewhitened,not_applicable,daily_first_difference,daily_first_difference,0.11815447963563319
22,319,0.021965363372909663,toe_pre_topple_post_rain_resume,toe_M1_A,toe_E5_C,prewhitened,not_applicable,daily_first_difference,daily_first_difference,0.11815447963563319
23,317,0.004613528347581924,toe_pre_topple_post_rain_resume,toe_M1_A,toe_E5_C,prewhitened,not_applicable,daily_first_difference,daily_first_difference,0.11815447963563319
24,315,0.023080008875919905,toe_pre_topple_post_rain_resume,toe_M1_A,toe_E5_C,prewhitened,not_applicable,daily_first_difference,daily_first_difference,0.11815447963563319
25,313,0.0017838377808577035,toe_pre_topple_post_rain_resume,toe_M1_A,toe_E5_C,prewhitened,not_applicable,daily_first_difference,daily_first_difference,0.11815447963563319
26,311,-0.01754123007449611,toe_pre_topple_post_rain_resume,toe_M1_A,toe_E5_C,prewhitened,not_applicable,daily_first_difference,daily_first_difference,0.11815447963563319
27,309,0.01578768159103068,toe_pre_topple_post_rain_resume,toe_M1_A,toe_E5_C,prewhitened,not_applicable,daily_first_difference,daily_first_difference,0.11815447963563319
28,307,-0.006825718452127925,toe_pre_topple_post_rain_resume,toe_M1_A,toe_E5_C,prewhitened,not_applicable,daily_first_difference,daily_first_difference,0.11815447963563319
29,305,0.0055606245827473,toe_pre_topple_post_rain_resume,toe_M1_A,toe_E5_C,prewhitened,not_applicable,daily_first_difference,daily_first_difference,0.11815447963563319
30,303,-0.0053605475823778215,toe_pre_topple_post_rain_resume,toe_M1_A,toe_E5_C,prewhitened,not_applicable,daily_first_difference,daily_first_difference,0.11815447963563319
0,370,0.40198541259533704,toe_pre_topple_post_rain_resume,toe_P7_B,toe_E5_C,naive_levels,not_applicable,daily_level,daily_level,
1,368,0.41598397805243004,toe_pre_topple_post_rain_resume,toe_P7_B,toe_E5_C,naive_levels,not_applicable,daily_level,daily_level,
2,366,0.4282160593539359,toe_pre_topple_post_rain_resume,toe_P7_B,toe_E5_C,naive_levels,not_applicable,daily_level,daily_level,
3,364,0.4429714406135056,toe_pre_topple_post_rain_resume,toe_P7_B,toe_E5_C,naive_levels,not_applicable,daily_level,daily_level,
4,362,0.4554465610265431,toe_pre_topple_post_rain_resume,toe_P7_B,toe_E5_C,naive_levels,not_applicable,daily_level,daily_level,
5,360,0.46030805904312705,toe_pre_topple_post_rain_resume,toe_P7_B,toe_E5_C,naive_levels,not_applicable,daily_level,daily_level,
6,358,0.4633852905538121,toe_pre_topple_post_rain_resume,toe_P7_B,toe_E5_C,naive_levels,not_applicable,daily_level,daily_level,
7,356,0.4646528659671384,toe_pre_topple_post_rain_resume,toe_P7_B,toe_E5_C,naive_levels,not_applicable,daily_level,daily_level,
8,354,0.4659346856732832,toe_pre_topple_post_rain_resume,toe_P7_B,toe_E5_C,naive_levels,not_applicable,daily_level,daily_level,
9,352,0.4685572068128209,toe_pre_topple_post_rain_resume,toe_P7_B,toe_E5_C,naive_levels,not_applicable,daily_level,daily_level,
10,350,0.4719643011167829,toe_pre_topple_post_rain_resume,toe_P7_B,toe_E5_C,naive_levels,not_applicable,daily_level,daily_level,
11,348,0.4744466793333874,toe_pre_topple_post_rain_resume,toe_P7_B,toe_E5_C,naive_levels,not_applicable,daily_level,daily_level,
12,346,0.48415351387705163,toe_pre_topple_post_rain_resume,toe_P7_B,toe_E5_C,naive_levels,not_applicable,daily_level,daily_level,
13,344,0.49209561809596064,toe_pre_topple_post_rain_resume,toe_P7_B,toe_E5_C,naive_levels,not_applicable,daily_level,daily_level,
14,342,0.4979595166210353,toe_pre_topple_post_rain_resume,toe_P7_B,toe_E5_C,naive_levels,not_applicable,daily_level,daily_level,
15,340,0.5013801857793276,toe_pre_topple_post_rain_resume,toe_P7_B,toe_E5_C,naive_levels,not_applicable,daily_level,daily_level,
16,338,0.5079252135046101,toe_pre_topple_post_rain_resume,toe_P7_B,toe_E5_C,naive_levels,not_applicable,daily_level,daily_level,
17,336,0.5145367243651183,toe_pre_topple_post_rain_resume,toe_P7_B,toe_E5_C,naive_levels,not_applicable,daily_level,daily_level,
18,334,0.5170311113589273,toe_pre_topple_post_rain_resume,toe_P7_B,toe_E5_C,naive_levels,not_applicable,daily_level,daily_level,
19,332,0.5226876265965054,toe_pre_topple_post_rain_resume,toe_P7_B,toe_E5_C,naive_levels,not_applicable,daily_level,daily_level,
20,330,0.5294342207435538,toe_pre_topple_post_rain_resume,toe_P7_B,toe_E5_C,naive_levels,not_applicable,daily_level,daily_level,
21,328,0.5321116082775962,toe_pre_topple_post_rain_resume,toe_P7_B,toe_E5_C,naive_levels,not_applicable,daily_level,daily_level,
22,326,0.528836845179057,toe_pre_topple_post_rain_resume,toe_P7_B,toe_E5_C,naive_levels,not_applicable,daily_level,daily_level,
23,324,0.5260139668258856,toe_pre_topple_post_rain_resume,toe_P7_B,toe_E5_C,naive_levels,not_applicable,daily_level,daily_level,
24,322,0.5236968626365791,toe_pre_topple_post_rain_resume,toe_P7_B,toe_E5_C,naive_levels,not_applicable,daily_level,daily_level,
25,320,0.5249629858939217,toe_pre_topple_post_rain_resume,toe_P7_B,toe_E5_C,naive_levels,not_applicable,daily_level,daily_level,
26,318,0.5281208709528764,toe_pre_topple_post_rain_resume,toe_P7_B,toe_E5_C,naive_levels,not_applicable,daily_level,daily_level,
27,316,0.5320641783001226,toe_pre_topple_post_rain_resume,toe_P7_B,toe_E5_C,naive_levels,not_applicable,daily_level,daily_level,
28,314,0.5360619280932032,toe_pre_topple_post_rain_resume,toe_P7_B,toe_E5_C,naive_levels,not_applicable,daily_level,daily_level,
29,312,0.5454626056991893,toe_pre_topple_post_rain_resume,toe_P7_B,toe_E5_C,naive_levels,not_applicable,daily_level,daily_level,
30,310,0.5552748727688339,toe_pre_topple_post_rain_resume,toe_P7_B,toe_E5_C,naive_levels,not_applicable,daily_level,daily_level,
0,367,-0.03352773444808933,toe_pre_topple_post_rain_resume,toe_P7_B,toe_E5_C,transformed,not_applicable,daily_first_difference,daily_first_difference,
1,365,-0.02423433581333979,toe_pre_topple_post_rain_resume,toe_P7_B,toe_E5_C,transformed,not_applicable,daily_first_difference,daily_first_difference,
2,363,0.0027661916985194644,toe_pre_topple_post_rain_resume,toe_P7_B,toe_E5_C,transformed,not_applicable,daily_first_difference,daily_first_difference,
3,361,-0.0048307186139903155,toe_pre_topple_post_rain_resume,toe_P7_B,toe_E5_C,transformed,not_applicable,daily_first_difference,daily_first_difference,
4,359,-0.0020359695341436064,toe_pre_topple_post_rain_resume,toe_P7_B,toe_E5_C,transformed,not_applicable,daily_first_difference,daily_first_difference,
5,357,0.02387782956308899,toe_pre_topple_post_rain_resume,toe_P7_B,toe_E5_C,transformed,not_applicable,daily_first_difference,daily_first_difference,
6,355,0.031991600798979995,toe_pre_topple_post_rain_resume,toe_P7_B,toe_E5_C,transformed,not_applicable,daily_first_difference,daily_first_difference,
7,353,0.001725270988251802,toe_pre_topple_post_rain_resume,toe_P7_B,toe_E5_C,transformed,not_applicable,daily_first_difference,daily_first_difference,
8,351,-0.014348665111892853,toe_pre_topple_post_rain_resume,toe_P7_B,toe_E5_C,transformed,not_applicable,daily_first_difference,daily_first_difference,
9,349,-0.024797307734642022,toe_pre_topple_post_rain_resume,toe_P7_B,toe_E5_C,transformed,not_applicable,daily_first_difference,daily_first_difference,
10,347,-0.010881480096382986,toe_pre_topple_post_rain_resume,toe_P7_B,toe_E5_C,transformed,not_applicable,daily_first_difference,daily_first_difference,
11,345,-0.011032751513286292,toe_pre_topple_post_rain_resume,toe_P7_B,toe_E5_C,transformed,not_applicable,daily_first_difference,daily_first_difference,
12,343,0.0010078196831967198,toe_pre_topple_post_rain_resume,toe_P7_B,toe_E5_C,transformed,not_applicable,daily_first_difference,daily_first_difference,
13,341,0.0003649197514277617,toe_pre_topple_post_rain_resume,toe_P7_B,toe_E5_C,transformed,not_applicable,daily_first_difference,daily_first_difference,
14,339,0.018964758686300907,toe_pre_topple_post_rain_resume,toe_P7_B,toe_E5_C,transformed,not_applicable,daily_first_difference,daily_first_difference,
15,337,0.01003752704189381,toe_pre_topple_post_rain_resume,toe_P7_B,toe_E5_C,transformed,not_applicable,daily_first_difference,daily_first_difference,
16,335,-0.01814874383347416,toe_pre_topple_post_rain_resume,toe_P7_B,toe_E5_C,transformed,not_applicable,daily_first_difference,daily_first_difference,
17,333,-0.018350213934737493,toe_pre_topple_post_rain_resume,toe_P7_B,toe_E5_C,transformed,not_applicable,daily_first_difference,daily_first_difference,
18,331,0.01872223998563344,toe_pre_topple_post_rain_resume,toe_P7_B,toe_E5_C,transformed,not_applicable,daily_first_difference,daily_first_difference,
19,329,0.03947795470887782,toe_pre_topple_post_rain_resume,toe_P7_B,toe_E5_C,transformed,not_applicable,daily_first_difference,daily_first_difference,
20,327,0.01825443373688116,toe_pre_topple_post_rain_resume,toe_P7_B,toe_E5_C,transformed,not_applicable,daily_first_difference,daily_first_difference,
21,325,0.052724849539252584,toe_pre_topple_post_rain_resume,toe_P7_B,toe_E5_C,transformed,not_applicable,daily_first_difference,daily_first_difference,
22,323,0.037552060136341305,toe_pre_topple_post_rain_resume,toe_P7_B,toe_E5_C,transformed,not_applicable,daily_first_difference,daily_first_difference,
23,321,0.022098164774501983,toe_pre_topple_post_rain_resume,toe_P7_B,toe_E5_C,transformed,not_applicable,daily_first_difference,daily_first_difference,
24,319,0.006076336760980832,toe_pre_topple_post_rain_resume,toe_P7_B,toe_E5_C,transformed,not_applicable,daily_first_difference,daily_first_difference,
25,317,-0.026713846251103655,toe_pre_topple_post_rain_resume,toe_P7_B,toe_E5_C,transformed,not_applicable,daily_first_difference,daily_first_difference,
26,315,-0.013148335981088092,toe_pre_topple_post_rain_resume,toe_P7_B,toe_E5_C,transformed,not_applicable,daily_first_difference,daily_first_difference,
27,313,0.015809488559242045,toe_pre_topple_post_rain_resume,toe_P7_B,toe_E5_C,transformed,not_applicable,daily_first_difference,daily_first_difference,
28,311,0.024985963787663858,toe_pre_topple_post_rain_resume,toe_P7_B,toe_E5_C,transformed,not_applicable,daily_first_difference,daily_first_difference,
29,309,0.00010373533691209482,toe_pre_topple_post_rain_resume,toe_P7_B,toe_E5_C,transformed,not_applicable,daily_first_difference,daily_first_difference,
30,307,0.0007413273426031286,toe_pre_topple_post_rain_resume,toe_P7_B,toe_E5_C,transformed,not_applicable,daily_first_difference,daily_first_difference,
0,363,-0.027950196199516445,toe_pre_topple_post_rain_resume,toe_P7_B,toe_E5_C,prewhitened,not_applicable,daily_first_difference,daily_first_difference,0.07216265054853234
1,361,-0.024172975568781126,toe_pre_topple_post_rain_resume,toe_P7_B,toe_E5_C,prewhitened,not_applicable,daily_first_difference,daily_first_difference,0.07216265054853234
2,359,0.008904236018483556,toe_pre_topple_post_rain_resume,toe_P7_B,toe_E5_C,prewhitened,not_applicable,daily_first_difference,daily_first_difference,0.07216265054853234
3,357,-0.006906250887642455,toe_pre_topple_post_rain_resume,toe_P7_B,toe_E5_C,prewhitened,not_applicable,daily_first_difference,daily_first_difference,0.07216265054853234
4,355,-0.0018347760864794544,toe_pre_topple_post_rain_resume,toe_P7_B,toe_E5_C,prewhitened,not_applicable,daily_first_difference,daily_first_difference,0.07216265054853234
5,353,0.0014606926318850594,toe_pre_topple_post_rain_resume,toe_P7_B,toe_E5_C,prewhitened,not_applicable,daily_first_difference,daily_first_difference,0.07216265054853234
6,351,0.03659583800924964,toe_pre_topple_post_rain_resume,toe_P7_B,toe_E5_C,prewhitened,not_applicable,daily_first_difference,daily_first_difference,0.07216265054853234
7,349,0.002077074407910837,toe_pre_topple_post_rain_resume,toe_P7_B,toe_E5_C,prewhitened,not_applicable,daily_first_difference,daily_first_difference,0.07216265054853234
8,347,-0.009036096638911343,toe_pre_topple_post_rain_resume,toe_P7_B,toe_E5_C,prewhitened,not_applicable,daily_first_difference,daily_first_difference,0.07216265054853234
9,345,-0.019897155905969358,toe_pre_topple_post_rain_resume,toe_P7_B,toe_E5_C,prewhitened,not_applicable,daily_first_difference,daily_first_difference,0.07216265054853234
10,343,-0.008533778281942832,toe_pre_topple_post_rain_resume,toe_P7_B,toe_E5_C,prewhitened,not_applicable,daily_first_difference,daily_first_difference,0.07216265054853234
11,341,-0.014004631748070078,toe_pre_topple_post_rain_resume,toe_P7_B,toe_E5_C,prewhitened,not_applicable,daily_first_difference,daily_first_difference,0.07216265054853234
12,339,0.0015730361950480288,toe_pre_topple_post_rain_resume,toe_P7_B,toe_E5_C,prewhitened,not_applicable,daily_first_difference,daily_first_difference,0.07216265054853234
13,337,-0.0012342722888271471,toe_pre_topple_post_rain_resume,toe_P7_B,toe_E5_C,prewhitened,not_applicable,daily_first_difference,daily_first_difference,0.07216265054853234
14,335,0.018128037293388792,toe_pre_topple_post_rain_resume,toe_P7_B,toe_E5_C,prewhitened,not_applicable,daily_first_difference,daily_first_difference,0.07216265054853234
15,333,0.012746403492711582,toe_pre_topple_post_rain_resume,toe_P7_B,toe_E5_C,prewhitened,not_applicable,daily_first_difference,daily_first_difference,0.07216265054853234
16,331,-0.01622200540511549,toe_pre_topple_post_rain_resume,toe_P7_B,toe_E5_C,prewhitened,not_applicable,daily_first_difference,daily_first_difference,0.07216265054853234
17,329,-0.01577588397216047,toe_pre_topple_post_rain_resume,toe_P7_B,toe_E5_C,prewhitened,not_applicable,daily_first_difference,daily_first_difference,0.07216265054853234
18,327,-0.0006081172829567302,toe_pre_topple_post_rain_resume,toe_P7_B,toe_E5_C,prewhitened,not_applicable,daily_first_difference,daily_first_difference,0.07216265054853234
19,325,0.042862318201806,toe_pre_topple_post_rain_resume,toe_P7_B,toe_E5_C,prewhitened,not_applicable,daily_first_difference,daily_first_difference,0.07216265054853234
20,323,0.01585554297769994,toe_pre_topple_post_rain_resume,toe_P7_B,toe_E5_C,prewhitened,not_applicable,daily_first_difference,daily_first_difference,0.07216265054853234
21,321,0.03816430976029192,toe_pre_topple_post_rain_resume,toe_P7_B,toe_E5_C,prewhitened,not_applicable,daily_first_difference,daily_first_difference,0.07216265054853234
22,319,0.02789945176520344,toe_pre_topple_post_rain_resume,toe_P7_B,toe_E5_C,prewhitened,not_applicable,daily_first_difference,daily_first_difference,0.07216265054853234
23,317,0.031727859511397956,toe_pre_topple_post_rain_resume,toe_P7_B,toe_E5_C,prewhitened,not_applicable,daily_first_difference,daily_first_difference,0.07216265054853234
24,315,0.014878838527541878,toe_pre_topple_post_rain_resume,toe_P7_B,toe_E5_C,prewhitened,not_applicable,daily_first_difference,daily_first_difference,0.07216265054853234
25,313,-0.028635074545569583,toe_pre_topple_post_rain_resume,toe_P7_B,toe_E5_C,prewhitened,not_applicable,daily_first_difference,daily_first_difference,0.07216265054853234
26,311,-0.016723708002371836,toe_pre_topple_post_rain_resume,toe_P7_B,toe_E5_C,prewhitened,not_applicable,daily_first_difference,daily_first_difference,0.07216265054853234
27,309,0.030832991281688846,toe_pre_topple_post_rain_resume,toe_P7_B,toe_E5_C,prewhitened,not_applicable,daily_first_difference,daily_first_difference,0.07216265054853234
28,307,0.01055329567115408,toe_pre_topple_post_rain_resume,toe_P7_B,toe_E5_C,prewhitened,not_applicable,daily_first_difference,daily_first_difference,0.07216265054853234
29,305,0.00959736121087494,toe_pre_topple_post_rain_resume,toe_P7_B,toe_E5_C,prewhitened,not_applicable,daily_first_difference,daily_first_difference,0.07216265054853234
30,303,0.004431681464762871,toe_pre_topple_post_rain_resume,toe_P7_B,toe_E5_C,prewhitened,not_applicable,daily_first_difference,daily_first_difference,0.07216265054853234
0,370,0.5068745736028409,toe_pre_topple_post_rain_resume,mid_R,toe_E5_C,naive_levels,published_cumulative,daily_cumulative_level,daily_level,
1,369,0.508869916442921,toe_pre_topple_post_rain_resume,mid_R,toe_E5_C,naive_levels,published_cumulative,daily_cumulative_level,daily_level,
2,368,0.5103939166415656,toe_pre_topple_post_rain_resume,mid_R,toe_E5_C,naive_levels,published_cumulative,daily_cumulative_level,daily_level,
3,367,0.5114301301356916,toe_pre_topple_post_rain_resume,mid_R,toe_E5_C,naive_levels,published_cumulative,daily_cumulative_level,daily_level,
4,366,0.5122518938606454,toe_pre_topple_post_rain_resume,mid_R,toe_E5_C,naive_levels,published_cumulative,daily_cumulative_level,daily_level,
5,365,0.5123652900925032,toe_pre_topple_post_rain_resume,mid_R,toe_E5_C,naive_levels,published_cumulative,daily_cumulative_level,daily_level,
6,364,0.51173128071818,toe_pre_topple_post_rain_resume,mid_R,toe_E5_C,naive_levels,published_cumulative,daily_cumulative_level,daily_level,
7,363,0.5105732010615097,toe_pre_topple_post_rain_resume,mid_R,toe_E5_C,naive_levels,published_cumulative,daily_cumulative_level,daily_level,
8,362,0.5089660263105962,toe_pre_topple_post_rain_resume,mid_R,toe_E5_C,naive_levels,published_cumulative,daily_cumulative_level,daily_level,
9,361,0.5071817383437174,toe_pre_topple_post_rain_resume,mid_R,toe_E5_C,naive_levels,published_cumulative,daily_cumulative_level,daily_level,
10,360,0.5052121437233058,toe_pre_topple_post_rain_resume,mid_R,toe_E5_C,naive_levels,published_cumulative,daily_cumulative_level,daily_level,
11,359,0.5023315372636453,toe_pre_topple_post_rain_resume,mid_R,toe_E5_C,naive_levels,published_cumulative,daily_cumulative_level,daily_level,
12,358,0.49939928371939135,toe_pre_topple_post_rain_resume,mid_R,toe_E5_C,naive_levels,published_cumulative,daily_cumulative_level,daily_level,
13,357,0.49612886430052106,toe_pre_topple_post_rain_resume,mid_R,toe_E5_C,naive_levels,published_cumulative,daily_cumulative_level,daily_level,
14,356,0.491879528588022,toe_pre_topple_post_rain_resume,mid_R,toe_E5_C,naive_levels,published_cumulative,daily_cumulative_level,daily_level,
15,355,0.48723402719112324,toe_pre_topple_post_rain_resume,mid_R,toe_E5_C,naive_levels,published_cumulative,daily_cumulative_level,daily_level,
16,354,0.4836227462842231,toe_pre_topple_post_rain_resume,mid_R,toe_E5_C,naive_levels,published_cumulative,daily_cumulative_level,daily_level,
17,353,0.47826299367105707,toe_pre_topple_post_rain_resume,mid_R,toe_E5_C,naive_levels,published_cumulative,daily_cumulative_level,daily_level,
18,352,0.4698392147244395,toe_pre_topple_post_rain_resume,mid_R,toe_E5_C,naive_levels,published_cumulative,daily_cumulative_level,daily_level,
19,351,0.46054244028655195,toe_pre_topple_post_rain_resume,mid_R,toe_E5_C,naive_levels,published_cumulative,daily_cumulative_level,daily_level,
20,350,0.4501463482942479,toe_pre_topple_post_rain_resume,mid_R,toe_E5_C,naive_levels,published_cumulative,daily_cumulative_level,daily_level,
21,349,0.43861193654169417,toe_pre_topple_post_rain_resume,mid_R,toe_E5_C,naive_levels,published_cumulative,daily_cumulative_level,daily_level,
22,348,0.4261619370181586,toe_pre_topple_post_rain_resume,mid_R,toe_E5_C,naive_levels,published_cumulative,daily_cumulative_level,daily_level,
23,347,0.4135435909014595,toe_pre_topple_post_rain_resume,mid_R,toe_E5_C,naive_levels,published_cumulative,daily_cumulative_level,daily_level,
24,346,0.4018227549150875,toe_pre_topple_post_rain_resume,mid_R,toe_E5_C,naive_levels,published_cumulative,daily_cumulative_level,daily_level,
25,345,0.3930713147632891,toe_pre_topple_post_rain_resume,mid_R,toe_E5_C,naive_levels,published_cumulative,daily_cumulative_level,daily_level,
26,344,0.3853876407862115,toe_pre_topple_post_rain_resume,mid_R,toe_E5_C,naive_levels,published_cumulative,daily_cumulative_level,daily_level,
27,343,0.3787582543954198,toe_pre_topple_post_rain_resume,mid_R,toe_E5_C,naive_levels,published_cumulative,daily_cumulative_level,daily_level,
28,342,0.37177248245043837,toe_pre_topple_post_rain_resume,mid_R,toe_E5_C,naive_levels,published_cumulative,daily_cumulative_level,daily_level,
29,341,0.3651062051934659,toe_pre_topple_post_rain_resume,mid_R,toe_E5_C,naive_levels,published_cumulative,daily_cumulative_level,daily_level,
30,340,0.35723591772828633,toe_pre_topple_post_rain_resume,mid_R,toe_E5_C,naive_levels,published_cumulative,daily_cumulative_level,daily_level,
0,366,0.10047167060856886,toe_pre_topple_post_rain_resume,mid_R,toe_E5_C,transformed,cumulative_daily_difference,daily_cumulative_difference,daily_first_difference,
1,364,0.1463963312875032,toe_pre_topple_post_rain_resume,mid_R,toe_E5_C,transformed,cumulative_daily_difference,daily_cumulative_difference,daily_first_difference,
2,363,0.18290155185865872,toe_pre_topple_post_rain_resume,mid_R,toe_E5_C,transformed,cumulative_daily_difference,daily_cumulative_difference,daily_first_difference,
3,362,0.1423523800181883,toe_pre_topple_post_rain_resume,mid_R,toe_E5_C,transformed,cumulative_daily_difference,daily_cumulative_difference,daily_first_difference,
4,361,0.14254825794448966,toe_pre_topple_post_rain_resume,mid_R,toe_E5_C,transformed,cumulative_daily_difference,daily_cumulative_difference,daily_first_difference,
5,360,0.15000339178449423,toe_pre_topple_post_rain_resume,mid_R,toe_E5_C,transformed,cumulative_daily_difference,daily_cumulative_difference,daily_first_difference,
6,359,0.1642217644732743,toe_pre_topple_post_rain_resume,mid_R,toe_E5_C,transformed,cumulative_daily_difference,daily_cumulative_difference,daily_first_difference,
7,358,0.15205974547502474,toe_pre_topple_post_rain_resume,mid_R,toe_E5_C,transformed,cumulative_daily_difference,daily_cumulative_difference,daily_first_difference,
8,357,0.12441488002963938,toe_pre_topple_post_rain_resume,mid_R,toe_E5_C,transformed,cumulative_daily_difference,daily_cumulative_difference,daily_first_difference,
9,356,0.10748345580169764,toe_pre_topple_post_rain_resume,mid_R,toe_E5_C,transformed,cumulative_daily_difference,daily_cumulative_difference,daily_first_difference,
10,355,0.15778616160593445,toe_pre_topple_post_rain_resume,mid_R,toe_E5_C,transformed,cumulative_daily_difference,daily_cumulative_difference,daily_first_difference,
11,354,0.20274068794236486,toe_pre_topple_post_rain_resume,mid_R,toe_E5_C,transformed,cumulative_daily_difference,daily_cumulative_difference,daily_first_difference,
12,353,0.25099999127293043,toe_pre_topple_post_rain_resume,mid_R,toe_E5_C,transformed,cumulative_daily_difference,daily_cumulative_difference,daily_first_difference,
13,352,0.2757037383564545,toe_pre_topple_post_rain_resume,mid_R,toe_E5_C,transformed,cumulative_daily_difference,daily_cumulative_difference,daily_first_difference,
14,351,0.2825117522731902,toe_pre_topple_post_rain_resume,mid_R,toe_E5_C,transformed,cumulative_daily_difference,daily_cumulative_difference,daily_first_difference,
15,350,0.247612741595477,toe_pre_topple_post_rain_resume,mid_R,toe_E5_C,transformed,cumulative_daily_difference,daily_cumulative_difference,daily_first_difference,
16,349,0.2323975804322651,toe_pre_topple_post_rain_resume,mid_R,toe_E5_C,transformed,cumulative_daily_difference,daily_cumulative_difference,daily_first_difference,
17,348,0.22945246318336104,toe_pre_topple_post_rain_resume,mid_R,toe_E5_C,transformed,cumulative_daily_difference,daily_cumulative_difference,daily_first_difference,
18,347,0.2941638950149267,toe_pre_topple_post_rain_resume,mid_R,toe_E5_C,transformed,cumulative_daily_difference,daily_cumulative_difference,daily_first_difference,
19,346,0.2831018842241864,toe_pre_topple_post_rain_resume,mid_R,toe_E5_C,transformed,cumulative_daily_difference,daily_cumulative_difference,daily_first_difference,
20,345,0.24878126843358644,toe_pre_topple_post_rain_resume,mid_R,toe_E5_C,transformed,cumulative_daily_difference,daily_cumulative_difference,daily_first_difference,
21,344,0.2026903036572854,toe_pre_topple_post_rain_resume,mid_R,toe_E5_C,transformed,cumulative_daily_difference,daily_cumulative_difference,daily_first_difference,
22,343,0.17113593106809824,toe_pre_topple_post_rain_resume,mid_R,toe_E5_C,transformed,cumulative_daily_difference,daily_cumulative_difference,daily_first_difference,
23,342,0.12184064031306034,toe_pre_topple_post_rain_resume,mid_R,toe_E5_C,transformed,cumulative_daily_difference,daily_cumulative_difference,daily_first_difference,
24,341,0.12620828645741414,toe_pre_topple_post_rain_resume,mid_R,toe_E5_C,transformed,cumulative_daily_difference,daily_cumulative_difference,daily_first_difference,
25,340,0.1361981698912107,toe_pre_topple_post_rain_resume,mid_R,toe_E5_C,transformed,cumulative_daily_difference,daily_cumulative_difference,daily_first_difference,
26,339,0.1186171235279119,toe_pre_topple_post_rain_resume,mid_R,toe_E5_C,transformed,cumulative_daily_difference,daily_cumulative_difference,daily_first_difference,
27,338,0.14020570449690006,toe_pre_topple_post_rain_resume,mid_R,toe_E5_C,transformed,cumulative_daily_difference,daily_cumulative_difference,daily_first_difference,
28,337,0.148690738915175,toe_pre_topple_post_rain_resume,mid_R,toe_E5_C,transformed,cumulative_daily_difference,daily_cumulative_difference,daily_first_difference,
29,336,0.18932097167379577,toe_pre_topple_post_rain_resume,mid_R,toe_E5_C,transformed,cumulative_daily_difference,daily_cumulative_difference,daily_first_difference,
30,335,0.24360213259945002,toe_pre_topple_post_rain_resume,mid_R,toe_E5_C,transformed,cumulative_daily_difference,daily_cumulative_difference,daily_first_difference,
0,365,0.10129412543738636,toe_pre_topple_post_rain_resume,mid_R,toe_E5_C,transformed,15_minute_interval_sum,daily_interval_sum,daily_first_difference,
1,364,0.15120357354571126,toe_pre_topple_post_rain_resume,mid_R,toe_E5_C,transformed,15_minute_interval_sum,daily_interval_sum,daily_first_difference,
2,363,0.1919090434743635,toe_pre_topple_post_rain_resume,mid_R,toe_E5_C,transformed,15_minute_interval_sum,daily_interval_sum,daily_first_difference,
3,362,0.14652117794505087,toe_pre_topple_post_rain_resume,mid_R,toe_E5_C,transformed,15_minute_interval_sum,daily_interval_sum,daily_first_difference,
4,361,0.15508392828260303,toe_pre_topple_post_rain_resume,mid_R,toe_E5_C,transformed,15_minute_interval_sum,daily_interval_sum,daily_first_difference,
5,360,0.15743813234029785,toe_pre_topple_post_rain_resume,mid_R,toe_E5_C,transformed,15_minute_interval_sum,daily_interval_sum,daily_first_difference,
6,359,0.17229404571535023,toe_pre_topple_post_rain_resume,mid_R,toe_E5_C,transformed,15_minute_interval_sum,daily_interval_sum,daily_first_difference,
7,358,0.1623243692776186,toe_pre_topple_post_rain_resume,mid_R,toe_E5_C,transformed,15_minute_interval_sum,daily_interval_sum,daily_first_difference,
8,357,0.13655831559122786,toe_pre_topple_post_rain_resume,mid_R,toe_E5_C,transformed,15_minute_interval_sum,daily_interval_sum,daily_first_difference,
9,356,0.12469888132304467,toe_pre_topple_post_rain_resume,mid_R,toe_E5_C,transformed,15_minute_interval_sum,daily_interval_sum,daily_first_difference,
10,355,0.16575486577870718,toe_pre_topple_post_rain_resume,mid_R,toe_E5_C,transformed,15_minute_interval_sum,daily_interval_sum,daily_first_difference,
11,354,0.2179492294988735,toe_pre_topple_post_rain_resume,mid_R,toe_E5_C,transformed,15_minute_interval_sum,daily_interval_sum,daily_first_difference,
12,353,0.265677078415318,toe_pre_topple_post_rain_resume,mid_R,toe_E5_C,transformed,15_minute_interval_sum,daily_interval_sum,daily_first_difference,
13,352,0.28867529145124626,toe_pre_topple_post_rain_resume,mid_R,toe_E5_C,transformed,15_minute_interval_sum,daily_interval_sum,daily_first_difference,
14,351,0.30172794028036276,toe_pre_topple_post_rain_resume,mid_R,toe_E5_C,transformed,15_minute_interval_sum,daily_interval_sum,daily_first_difference,
15,350,0.26305732020005806,toe_pre_topple_post_rain_resume,mid_R,toe_E5_C,transformed,15_minute_interval_sum,daily_interval_sum,daily_first_difference,
16,349,0.25029155261211045,toe_pre_topple_post_rain_resume,mid_R,toe_E5_C,transformed,15_minute_interval_sum,daily_interval_sum,daily_first_difference,
17,348,0.2439709543567725,toe_pre_topple_post_rain_resume,mid_R,toe_E5_C,transformed,15_minute_interval_sum,daily_interval_sum,daily_first_difference,
18,347,0.30933437038486183,toe_pre_topple_post_rain_resume,mid_R,toe_E5_C,transformed,15_minute_interval_sum,daily_interval_sum,daily_first_difference,
19,346,0.2984663267694936,toe_pre_topple_post_rain_resume,mid_R,toe_E5_C,transformed,15_minute_interval_sum,daily_interval_sum,daily_first_difference,
20,345,0.2597902206217803,toe_pre_topple_post_rain_resume,mid_R,toe_E5_C,transformed,15_minute_interval_sum,daily_interval_sum,daily_first_difference,
21,344,0.2065989545261751,toe_pre_topple_post_rain_resume,mid_R,toe_E5_C,transformed,15_minute_interval_sum,daily_interval_sum,daily_first_difference,
22,343,0.1821628580379075,toe_pre_topple_post_rain_resume,mid_R,toe_E5_C,transformed,15_minute_interval_sum,daily_interval_sum,daily_first_difference,
23,342,0.1331919091425539,toe_pre_topple_post_rain_resume,mid_R,toe_E5_C,transformed,15_minute_interval_sum,daily_interval_sum,daily_first_difference,
24,341,0.13625924302519635,toe_pre_topple_post_rain_resume,mid_R,toe_E5_C,transformed,15_minute_interval_sum,daily_interval_sum,daily_first_difference,
25,340,0.14609013276342966,toe_pre_topple_post_rain_resume,mid_R,toe_E5_C,transformed,15_minute_interval_sum,daily_interval_sum,daily_first_difference,
26,339,0.12837161293903113,toe_pre_topple_post_rain_resume,mid_R,toe_E5_C,transformed,15_minute_interval_sum,daily_interval_sum,daily_first_difference,
27,338,0.15138912053456693,toe_pre_topple_post_rain_resume,mid_R,toe_E5_C,transformed,15_minute_interval_sum,daily_interval_sum,daily_first_difference,
28,337,0.15724883818681018,toe_pre_topple_post_rain_resume,mid_R,toe_E5_C,transformed,15_minute_interval_sum,daily_interval_sum,daily_first_difference,
29,336,0.20317780527321228,toe_pre_topple_post_rain_resume,mid_R,toe_E5_C,transformed,15_minute_interval_sum,daily_interval_sum,daily_first_difference,
30,335,0.2593811356597014,toe_pre_topple_post_rain_resume,mid_R,toe_E5_C,transformed,15_minute_interval_sum,daily_interval_sum,daily_first_difference,
0,362,0.0911601186526699,toe_pre_topple_post_rain_resume,mid_R,toe_E5_C,prewhitened,cumulative_daily_difference,daily_cumulative_difference,daily_first_difference,0.45593605303459955
1,360,0.09477386862898605,toe_pre_topple_post_rain_resume,mid_R,toe_E5_C,prewhitened,cumulative_daily_difference,daily_cumulative_difference,daily_first_difference,0.45593605303459955
2,358,0.18768093504253247,toe_pre_topple_post_rain_resume,mid_R,toe_E5_C,prewhitened,cumulative_daily_difference,daily_cumulative_difference,daily_first_difference,0.45593605303459955
3,357,0.04275354294881075,toe_pre_topple_post_rain_resume,mid_R,toe_E5_C,prewhitened,cumulative_daily_difference,daily_cumulative_difference,daily_first_difference,0.45593605303459955
4,356,0.08581891236559473,toe_pre_topple_post_rain_resume,mid_R,toe_E5_C,prewhitened,cumulative_daily_difference,daily_cumulative_difference,daily_first_difference,0.45593605303459955
5,355,0.06938405162682693,toe_pre_topple_post_rain_resume,mid_R,toe_E5_C,prewhitened,cumulative_daily_difference,daily_cumulative_difference,daily_first_difference,0.45593605303459955
6,354,0.11026078557392131,toe_pre_topple_post_rain_resume,mid_R,toe_E5_C,prewhitened,cumulative_daily_difference,daily_cumulative_difference,daily_first_difference,0.45593605303459955
7,353,0.09778250765455551,toe_pre_topple_post_rain_resume,mid_R,toe_E5_C,prewhitened,cumulative_daily_difference,daily_cumulative_difference,daily_first_difference,0.45593605303459955
8,352,0.06598901702404371,toe_pre_topple_post_rain_resume,mid_R,toe_E5_C,prewhitened,cumulative_daily_difference,daily_cumulative_difference,daily_first_difference,0.45593605303459955
9,351,0.01493857322589647,toe_pre_topple_post_rain_resume,mid_R,toe_E5_C,prewhitened,cumulative_daily_difference,daily_cumulative_difference,daily_first_difference,0.45593605303459955
10,350,0.10900505198624522,toe_pre_topple_post_rain_resume,mid_R,toe_E5_C,prewhitened,cumulative_daily_difference,daily_cumulative_difference,daily_first_difference,0.45593605303459955
11,349,0.0931695562806287,toe_pre_topple_post_rain_resume,mid_R,toe_E5_C,prewhitened,cumulative_daily_difference,daily_cumulative_difference,daily_first_difference,0.45593605303459955
12,348,0.1765350990538639,toe_pre_topple_post_rain_resume,mid_R,toe_E5_C,prewhitened,cumulative_daily_difference,daily_cumulative_difference,daily_first_difference,0.45593605303459955
13,347,0.18246025496519255,toe_pre_topple_post_rain_resume,mid_R,toe_E5_C,prewhitened,cumulative_daily_difference,daily_cumulative_difference,daily_first_difference,0.45593605303459955
14,346,0.21144429984779417,toe_pre_topple_post_rain_resume,mid_R,toe_E5_C,prewhitened,cumulative_daily_difference,daily_cumulative_difference,daily_first_difference,0.45593605303459955
15,345,0.1776924540737493,toe_pre_topple_post_rain_resume,mid_R,toe_E5_C,prewhitened,cumulative_daily_difference,daily_cumulative_difference,daily_first_difference,0.45593605303459955
16,344,0.12585134900813913,toe_pre_topple_post_rain_resume,mid_R,toe_E5_C,prewhitened,cumulative_daily_difference,daily_cumulative_difference,daily_first_difference,0.45593605303459955
17,343,0.060919593690954815,toe_pre_topple_post_rain_resume,mid_R,toe_E5_C,prewhitened,cumulative_daily_difference,daily_cumulative_difference,daily_first_difference,0.45593605303459955
18,342,0.1579839442940606,toe_pre_topple_post_rain_resume,mid_R,toe_E5_C,prewhitened,cumulative_daily_difference,daily_cumulative_difference,daily_first_difference,0.45593605303459955
19,341,0.19155154981003136,toe_pre_topple_post_rain_resume,mid_R,toe_E5_C,prewhitened,cumulative_daily_difference,daily_cumulative_difference,daily_first_difference,0.45593605303459955
20,340,0.16026026235922217,toe_pre_topple_post_rain_resume,mid_R,toe_E5_C,prewhitened,cumulative_daily_difference,daily_cumulative_difference,daily_first_difference,0.45593605303459955
21,339,0.09792662199841508,toe_pre_topple_post_rain_resume,mid_R,toe_E5_C,prewhitened,cumulative_daily_difference,daily_cumulative_difference,daily_first_difference,0.45593605303459955
22,338,0.08100371296545932,toe_pre_topple_post_rain_resume,mid_R,toe_E5_C,prewhitened,cumulative_daily_difference,daily_cumulative_difference,daily_first_difference,0.45593605303459955
23,337,0.05132349851142818,toe_pre_topple_post_rain_resume,mid_R,toe_E5_C,prewhitened,cumulative_daily_difference,daily_cumulative_difference,daily_first_difference,0.45593605303459955
24,336,0.0641315356540345,toe_pre_topple_post_rain_resume,mid_R,toe_E5_C,prewhitened,cumulative_daily_difference,daily_cumulative_difference,daily_first_difference,0.45593605303459955
25,335,0.11499478100399312,toe_pre_topple_post_rain_resume,mid_R,toe_E5_C,prewhitened,cumulative_daily_difference,daily_cumulative_difference,daily_first_difference,0.45593605303459955
26,334,0.05947182593384844,toe_pre_topple_post_rain_resume,mid_R,toe_E5_C,prewhitened,cumulative_daily_difference,daily_cumulative_difference,daily_first_difference,0.45593605303459955
27,333,0.1318484212228832,toe_pre_topple_post_rain_resume,mid_R,toe_E5_C,prewhitened,cumulative_daily_difference,daily_cumulative_difference,daily_first_difference,0.45593605303459955
28,332,0.06165761306985209,toe_pre_topple_post_rain_resume,mid_R,toe_E5_C,prewhitened,cumulative_daily_difference,daily_cumulative_difference,daily_first_difference,0.45593605303459955
29,331,0.08704466254866207,toe_pre_topple_post_rain_resume,mid_R,toe_E5_C,prewhitened,cumulative_daily_difference,daily_cumulative_difference,daily_first_difference,0.45593605303459955
30,330,0.09993453559350182,toe_pre_topple_post_rain_resume,mid_R,toe_E5_C,prewhitened,cumulative_daily_difference,daily_cumulative_difference,daily_first_difference,0.45593605303459955
0,359,0.0818413853363449,toe_pre_topple_post_rain_resume,mid_R,toe_E5_C,prewhitened,15_minute_interval_sum,daily_interval_sum,daily_first_difference,0.46649354461481973
1,358,0.0864295165168771,toe_pre_topple_post_rain_resume,mid_R,toe_E5_C,prewhitened,15_minute_interval_sum,daily_interval_sum,daily_first_difference,0.46649354461481973
2,357,0.19765067956007576,toe_pre_topple_post_rain_resume,mid_R,toe_E5_C,prewhitened,15_minute_interval_sum,daily_interval_sum,daily_first_difference,0.46649354461481973
3,356,0.026442129848701187,toe_pre_topple_post_rain_resume,mid_R,toe_E5_C,prewhitened,15_minute_interval_sum,daily_interval_sum,daily_first_difference,0.46649354461481973
4,355,0.09941734014313236,toe_pre_topple_post_rain_resume,mid_R,toe_E5_C,prewhitened,15_minute_interval_sum,daily_interval_sum,daily_first_difference,0.46649354461481973
5,354,0.06081610759738417,toe_pre_topple_post_rain_resume,mid_R,toe_E5_C,prewhitened,15_minute_interval_sum,daily_interval_sum,daily_first_difference,0.46649354461481973
6,353,0.10636485013528946,toe_pre_topple_post_rain_resume,mid_R,toe_E5_C,prewhitened,15_minute_interval_sum,daily_interval_sum,daily_first_difference,0.46649354461481973
7,352,0.09884822442524721,toe_pre_topple_post_rain_resume,mid_R,toe_E5_C,prewhitened,15_minute_interval_sum,daily_interval_sum,daily_first_difference,0.46649354461481973
8,351,0.06942159366780011,toe_pre_topple_post_rain_resume,mid_R,toe_E5_C,prewhitened,15_minute_interval_sum,daily_interval_sum,daily_first_difference,0.46649354461481973
9,350,0.02036790506569876,toe_pre_topple_post_rain_resume,mid_R,toe_E5_C,prewhitened,15_minute_interval_sum,daily_interval_sum,daily_first_difference,0.46649354461481973
10,349,0.09145132663314288,toe_pre_topple_post_rain_resume,mid_R,toe_E5_C,prewhitened,15_minute_interval_sum,daily_interval_sum,daily_first_difference,0.46649354461481973
11,348,0.10615502211144616,toe_pre_topple_post_rain_resume,mid_R,toe_E5_C,prewhitened,15_minute_interval_sum,daily_interval_sum,daily_first_difference,0.46649354461481973
12,347,0.17264080062752793,toe_pre_topple_post_rain_resume,mid_R,toe_E5_C,prewhitened,15_minute_interval_sum,daily_interval_sum,daily_first_difference,0.46649354461481973
13,346,0.1738923469266042,toe_pre_topple_post_rain_resume,mid_R,toe_E5_C,prewhitened,15_minute_interval_sum,daily_interval_sum,daily_first_difference,0.46649354461481973
14,345,0.2212990245656545,toe_pre_topple_post_rain_resume,mid_R,toe_E5_C,prewhitened,15_minute_interval_sum,daily_interval_sum,daily_first_difference,0.46649354461481973
15,344,0.1734891712161804,toe_pre_topple_post_rain_resume,mid_R,toe_E5_C,prewhitened,15_minute_interval_sum,daily_interval_sum,daily_first_difference,0.46649354461481973
16,343,0.13039819992879373,toe_pre_topple_post_rain_resume,mid_R,toe_E5_C,prewhitened,15_minute_interval_sum,daily_interval_sum,daily_first_difference,0.46649354461481973
17,342,0.053916962030945766,toe_pre_topple_post_rain_resume,mid_R,toe_E5_C,prewhitened,15_minute_interval_sum,daily_interval_sum,daily_first_difference,0.46649354461481973
18,341,0.15698698525909116,toe_pre_topple_post_rain_resume,mid_R,toe_E5_C,prewhitened,15_minute_interval_sum,daily_interval_sum,daily_first_difference,0.46649354461481973
19,340,0.19181669776848437,toe_pre_topple_post_rain_resume,mid_R,toe_E5_C,prewhitened,15_minute_interval_sum,daily_interval_sum,daily_first_difference,0.46649354461481973
20,339,0.1538963893125169,toe_pre_topple_post_rain_resume,mid_R,toe_E5_C,prewhitened,15_minute_interval_sum,daily_interval_sum,daily_first_difference,0.46649354461481973
21,338,0.08824075589216386,toe_pre_topple_post_rain_resume,mid_R,toe_E5_C,prewhitened,15_minute_interval_sum,daily_interval_sum,daily_first_difference,0.46649354461481973
22,337,0.08970517274266503,toe_pre_topple_post_rain_resume,mid_R,toe_E5_C,prewhitened,15_minute_interval_sum,daily_interval_sum,daily_first_difference,0.46649354461481973
23,336,0.04791090844976456,toe_pre_topple_post_rain_resume,mid_R,toe_E5_C,prewhitened,15_minute_interval_sum,daily_interval_sum,daily_first_difference,0.46649354461481973
24,335,0.060217901882047724,toe_pre_topple_post_rain_resume,mid_R,toe_E5_C,prewhitened,15_minute_interval_sum,daily_interval_sum,daily_first_difference,0.46649354461481973
25,334,0.11376269069944789,toe_pre_topple_post_rain_resume,mid_R,toe_E5_C,prewhitened,15_minute_interval_sum,daily_interval_sum,daily_first_difference,0.46649354461481973
26,333,0.05363246000847852,toe_pre_topple_post_rain_resume,mid_R,toe_E5_C,prewhitened,15_minute_interval_sum,daily_interval_sum,daily_first_difference,0.46649354461481973
27,332,0.13767906000668403,toe_pre_topple_post_rain_resume,mid_R,toe_E5_C,prewhitened,15_minute_interval_sum,daily_interval_sum,daily_first_difference,0.46649354461481973
28,331,0.0528441193331873,toe_pre_topple_post_rain_resume,mid_R,toe_E5_C,prewhitened,15_minute_interval_sum,daily_interval_sum,daily_first_difference,0.46649354461481973
29,330,0.08807071035893657,toe_pre_topple_post_rain_resume,mid_R,toe_E5_C,prewhitened,15_minute_interval_sum,daily_interval_sum,daily_first_difference,0.46649354461481973
30,329,0.10061028739087786,toe_pre_topple_post_rain_resume,mid_R,toe_E5_C,prewhitened,15_minute_interval_sum,daily_interval_sum,daily_first_difference,0.46649354461481973
